Month,CostCenterID,Department,BusinessUnit,Region,Version,PeriodStatus,SourceSystem,AccountKey,AmountTRY
2026-01-01,CC-101,Sales,Digital Commerce,Türkiye,Forecast,Actual,Q2 2026 Rolling Forecast - Closed Actual,A4000,26780679.15
2026-01-01,CC-101,Sales,Digital Commerce,Türkiye,Forecast,Actual,Q2 2026 Rolling Forecast - Closed Actual,A5000,10158974.07
2026-01-01,CC-101,Sales,Digital Commerce,Türkiye,Forecast,Actual,Q2 2026 Rolling Forecast - Closed Actual,A5010,738417.26
2026-01-01,CC-101,Sales,Digital Commerce,Türkiye,Forecast,Actual,Q2 2026 Rolling Forecast - Closed Actual,A5020,808476.69
2026-01-01,CC-101,Sales,Digital Commerce,Türkiye,Forecast,Actual,Q2 2026 Rolling Forecast - Closed Actual,A6000,1894657.55
2026-01-01,CC-101,Sales,Digital Commerce,Türkiye,Forecast,Actual,Q2 2026 Rolling Forecast - Closed Actual,A6010,350511.65
2026-01-01,CC-101,Sales,Digital Commerce,Türkiye,Forecast,Actual,Q2 2026 Rolling Forecast - Closed Actual,A6100,1333592.31
2026-01-01,CC-101,Sales,Digital Commerce,Türkiye,Forecast,Actual,Q2 2026 Rolling Forecast - Closed Actual,A6200,474668.47
2026-01-01,CC-101,Sales,Digital Commerce,Türkiye,Forecast,Actual,Q2 2026 Rolling Forecast - Closed Actual,A6300,259859.41
2026-01-01,CC-101,Sales,Digital Commerce,Türkiye,Forecast,Actual,Q2 2026 Rolling Forecast - Closed Actual,A6400,129334.86
2026-01-01,CC-101,Sales,Digital Commerce,Türkiye,Forecast,Actual,Q2 2026 Rolling Forecast - Closed Actual,A6500,67483.5
2026-01-01,CC-101,Sales,Digital Commerce,Türkiye,Forecast,Actual,Q2 2026 Rolling Forecast - Closed Actual,A6600,44510.25
2026-01-01,CC-102,Sales,Digital Commerce,Europe,Forecast,Actual,Q2 2026 Rolling Forecast - Closed Actual,A4000,16931045.26
2026-01-01,CC-102,Sales,Digital Commerce,Europe,Forecast,Actual,Q2 2026 Rolling Forecast - Closed Actual,A5000,6755152.19
2026-01-01,CC-102,Sales,Digital Commerce,Europe,Forecast,Actual,Q2 2026 Rolling Forecast - Closed Actual,A5010,540058.49
2026-01-01,CC-102,Sales,Digital Commerce,Europe,Forecast,Actual,Q2 2026 Rolling Forecast - Closed Actual,A5020,539583.47
2026-01-01,CC-102,Sales,Digital Commerce,Europe,Forecast,Actual,Q2 2026 Rolling Forecast - Closed Actual,A6000,1568567.81
2026-01-01,CC-102,Sales,Digital Commerce,Europe,Forecast,Actual,Q2 2026 Rolling Forecast - Closed Actual,A6010,290185.04
2026-01-01,CC-102,Sales,Digital Commerce,Europe,Forecast,Actual,Q2 2026 Rolling Forecast - Closed Actual,A6100,792423.03
2026-01-01,CC-102,Sales,Digital Commerce,Europe,Forecast,Actual,Q2 2026 Rolling Forecast - Closed Actual,A6200,307060.74
2026-01-01,CC-102,Sales,Digital Commerce,Europe,Forecast,Actual,Q2 2026 Rolling Forecast - Closed Actual,A6300,155032.01
2026-01-01,CC-102,Sales,Digital Commerce,Europe,Forecast,Actual,Q2 2026 Rolling Forecast - Closed Actual,A6400,78252.03
2026-01-01,CC-102,Sales,Digital Commerce,Europe,Forecast,Actual,Q2 2026 Rolling Forecast - Closed Actual,A6500,43745.59
2026-01-01,CC-102,Sales,Digital Commerce,Europe,Forecast,Actual,Q2 2026 Rolling Forecast - Closed Actual,A6600,26780.0
2026-01-01,CC-103,Sales,Digital Commerce,MENA,Forecast,Actual,Q2 2026 Rolling Forecast - Closed Actual,A4000,10565794.25
2026-01-01,CC-103,Sales,Digital Commerce,MENA,Forecast,Actual,Q2 2026 Rolling Forecast - Closed Actual,A5000,4413879.78
2026-01-01,CC-103,Sales,Digital Commerce,MENA,Forecast,Actual,Q2 2026 Rolling Forecast - Closed Actual,A5010,547714.7
2026-01-01,CC-103,Sales,Digital Commerce,MENA,Forecast,Actual,Q2 2026 Rolling Forecast - Closed Actual,A5020,371015.05
2026-01-01,CC-103,Sales,Digital Commerce,MENA,Forecast,Actual,Q2 2026 Rolling Forecast - Closed Actual,A6000,879883.49
2026-01-01,CC-103,Sales,Digital Commerce,MENA,Forecast,Actual,Q2 2026 Rolling Forecast - Closed Actual,A6010,162778.45
2026-01-01,CC-103,Sales,Digital Commerce,MENA,Forecast,Actual,Q2 2026 Rolling Forecast - Closed Actual,A6100,534061.54
2026-01-01,CC-103,Sales,Digital Commerce,MENA,Forecast,Actual,Q2 2026 Rolling Forecast - Closed Actual,A6200,190490.74
2026-01-01,CC-103,Sales,Digital Commerce,MENA,Forecast,Actual,Q2 2026 Rolling Forecast - Closed Actual,A6300,102517.4
2026-01-01,CC-103,Sales,Digital Commerce,MENA,Forecast,Actual,Q2 2026 Rolling Forecast - Closed Actual,A6400,50745.66
2026-01-01,CC-103,Sales,Digital Commerce,MENA,Forecast,Actual,Q2 2026 Rolling Forecast - Closed Actual,A6500,27901.4
2026-01-01,CC-103,Sales,Digital Commerce,MENA,Forecast,Actual,Q2 2026 Rolling Forecast - Closed Actual,A6600,16835.54
2026-01-01,CC-201,Sales,Retail Stores,Türkiye,Forecast,Actual,Q2 2026 Rolling Forecast - Closed Actual,A4010,18491630.92
2026-01-01,CC-201,Sales,Retail Stores,Türkiye,Forecast,Actual,Q2 2026 Rolling Forecast - Closed Actual,A5000,8408378.69
2026-01-01,CC-201,Sales,Retail Stores,Türkiye,Forecast,Actual,Q2 2026 Rolling Forecast - Closed Actual,A5010,369379.05
2026-01-01,CC-201,Sales,Retail Stores,Türkiye,Forecast,Actual,Q2 2026 Rolling Forecast - Closed Actual,A5020,466928.24
2026-01-01,CC-201,Sales,Retail Stores,Türkiye,Forecast,Actual,Q2 2026 Rolling Forecast - Closed Actual,A6000,2362715.72
2026-01-01,CC-201,Sales,Retail Stores,Türkiye,Forecast,Actual,Q2 2026 Rolling Forecast - Closed Actual,A6010,437102.41
2026-01-01,CC-201,Sales,Retail Stores,Türkiye,Forecast,Actual,Q2 2026 Rolling Forecast - Closed Actual,A6100,371315.77
2026-01-01,CC-201,Sales,Retail Stores,Türkiye,Forecast,Actual,Q2 2026 Rolling Forecast - Closed Actual,A6200,335615.78
2026-01-01,CC-201,Sales,Retail Stores,Türkiye,Forecast,Actual,Q2 2026 Rolling Forecast - Closed Actual,A6300,345136.35
2026-01-01,CC-201,Sales,Retail Stores,Türkiye,Forecast,Actual,Q2 2026 Rolling Forecast - Closed Actual,A6400,443088.27
2026-01-01,CC-201,Sales,Retail Stores,Türkiye,Forecast,Actual,Q2 2026 Rolling Forecast - Closed Actual,A6500,94956.18
2026-01-01,CC-201,Sales,Retail Stores,Türkiye,Forecast,Actual,Q2 2026 Rolling Forecast - Closed Actual,A6600,53933.61
2026-01-01,CC-201,Sales,Retail Stores,Türkiye,Forecast,Actual,Q2 2026 Rolling Forecast - Closed Actual,A6700,107500.0
2026-01-01,CC-202,Sales,Retail Stores,Türkiye,Forecast,Actual,Q2 2026 Rolling Forecast - Closed Actual,A4010,11882689.41
2026-01-01,CC-202,Sales,Retail Stores,Türkiye,Forecast,Actual,Q2 2026 Rolling Forecast - Closed Actual,A5000,5559159.04
2026-01-01,CC-202,Sales,Retail Stores,Türkiye,Forecast,Actual,Q2 2026 Rolling Forecast - Closed Actual,A5010,213269.19
2026-01-01,CC-202,Sales,Retail Stores,Türkiye,Forecast,Actual,Q2 2026 Rolling Forecast - Closed Actual,A5020,318903.21
2026-01-01,CC-202,Sales,Retail Stores,Türkiye,Forecast,Actual,Q2 2026 Rolling Forecast - Closed Actual,A6000,1684844.84
2026-01-01,CC-202,Sales,Retail Stores,Türkiye,Forecast,Actual,Q2 2026 Rolling Forecast - Closed Actual,A6010,311696.3
2026-01-01,CC-202,Sales,Retail Stores,Türkiye,Forecast,Actual,Q2 2026 Rolling Forecast - Closed Actual,A6100,236318.99
2026-01-01,CC-202,Sales,Retail Stores,Türkiye,Forecast,Actual,Q2 2026 Rolling Forecast - Closed Actual,A6200,214935.73
2026-01-01,CC-202,Sales,Retail Stores,Türkiye,Forecast,Actual,Q2 2026 Rolling Forecast - Closed Actual,A6300,276050.28
2026-01-01,CC-202,Sales,Retail Stores,Türkiye,Forecast,Actual,Q2 2026 Rolling Forecast - Closed Actual,A6400,350798.79
2026-01-01,CC-202,Sales,Retail Stores,Türkiye,Forecast,Actual,Q2 2026 Rolling Forecast - Closed Actual,A6500,72279.8
2026-01-01,CC-202,Sales,Retail Stores,Türkiye,Forecast,Actual,Q2 2026 Rolling Forecast - Closed Actual,A6600,46981.74
2026-01-01,CC-202,Sales,Retail Stores,Türkiye,Forecast,Actual,Q2 2026 Rolling Forecast - Closed Actual,A6700,134166.67
2026-01-01,CC-301,Sales,Wholesale,Türkiye,Forecast,Actual,Q2 2026 Rolling Forecast - Closed Actual,A4020,17453493.22
2026-01-01,CC-301,Sales,Wholesale,Türkiye,Forecast,Actual,Q2 2026 Rolling Forecast - Closed Actual,A5000,9993755.64
2026-01-01,CC-301,Sales,Wholesale,Türkiye,Forecast,Actual,Q2 2026 Rolling Forecast - Closed Actual,A5010,174321.57
2026-01-01,CC-301,Sales,Wholesale,Türkiye,Forecast,Actual,Q2 2026 Rolling Forecast - Closed Actual,A5020,257455.49
2026-01-01,CC-301,Sales,Wholesale,Türkiye,Forecast,Actual,Q2 2026 Rolling Forecast - Closed Actual,A6000,1169105.39
2026-01-01,CC-301,Sales,Wholesale,Türkiye,Forecast,Actual,Q2 2026 Rolling Forecast - Closed Actual,A6010,216284.5
2026-01-01,CC-301,Sales,Wholesale,Türkiye,Forecast,Actual,Q2 2026 Rolling Forecast - Closed Actual,A6100,350522.58
2026-01-01,CC-301,Sales,Wholesale,Türkiye,Forecast,Actual,Q2 2026 Rolling Forecast - Closed Actual,A6200,174148.8
2026-01-01,CC-301,Sales,Wholesale,Türkiye,Forecast,Actual,Q2 2026 Rolling Forecast - Closed Actual,A6300,142925.9
2026-01-01,CC-301,Sales,Wholesale,Türkiye,Forecast,Actual,Q2 2026 Rolling Forecast - Closed Actual,A6400,71049.47
2026-01-01,CC-301,Sales,Wholesale,Türkiye,Forecast,Actual,Q2 2026 Rolling Forecast - Closed Actual,A6500,38407.33
2026-01-01,CC-301,Sales,Wholesale,Türkiye,Forecast,Actual,Q2 2026 Rolling Forecast - Closed Actual,A6600,24738.03
2026-01-01,CC-302,Sales,Wholesale,Europe,Forecast,Actual,Q2 2026 Rolling Forecast - Closed Actual,A4020,14196961.19
2026-01-01,CC-302,Sales,Wholesale,Europe,Forecast,Actual,Q2 2026 Rolling Forecast - Closed Actual,A5000,8362194.76
2026-01-01,CC-302,Sales,Wholesale,Europe,Forecast,Actual,Q2 2026 Rolling Forecast - Closed Actual,A5010,169116.43
2026-01-01,CC-302,Sales,Wholesale,Europe,Forecast,Actual,Q2 2026 Rolling Forecast - Closed Actual,A5020,251722.96
2026-01-01,CC-302,Sales,Wholesale,Europe,Forecast,Actual,Q2 2026 Rolling Forecast - Closed Actual,A6000,914416.83
2026-01-01,CC-302,Sales,Wholesale,Europe,Forecast,Actual,Q2 2026 Rolling Forecast - Closed Actual,A6010,169167.11
2026-01-01,CC-302,Sales,Wholesale,Europe,Forecast,Actual,Q2 2026 Rolling Forecast - Closed Actual,A6100,283361.6
2026-01-01,CC-302,Sales,Wholesale,Europe,Forecast,Actual,Q2 2026 Rolling Forecast - Closed Actual,A6200,141516.73
2026-01-01,CC-302,Sales,Wholesale,Europe,Forecast,Actual,Q2 2026 Rolling Forecast - Closed Actual,A6300,115676.36
2026-01-01,CC-302,Sales,Wholesale,Europe,Forecast,Actual,Q2 2026 Rolling Forecast - Closed Actual,A6400,57839.0
2026-01-01,CC-302,Sales,Wholesale,Europe,Forecast,Actual,Q2 2026 Rolling Forecast - Closed Actual,A6500,28051.88
2026-01-01,CC-302,Sales,Wholesale,Europe,Forecast,Actual,Q2 2026 Rolling Forecast - Closed Actual,A6600,17368.32
2026-01-01,CC-401,Customer Success,Subscription Services,Türkiye,Forecast,Actual,Q2 2026 Rolling Forecast - Closed Actual,A4030,7849410.62
2026-01-01,CC-401,Customer Success,Subscription Services,Türkiye,Forecast,Actual,Q2 2026 Rolling Forecast - Closed Actual,A5000,1631556.48
2026-01-01,CC-401,Customer Success,Subscription Services,Türkiye,Forecast,Actual,Q2 2026 Rolling Forecast - Closed Actual,A5010,196361.45
2026-01-01,CC-401,Customer Success,Subscription Services,Türkiye,Forecast,Actual,Q2 2026 Rolling Forecast - Closed Actual,A5020,140476.92
2026-01-01,CC-401,Customer Success,Subscription Services,Türkiye,Forecast,Actual,Q2 2026 Rolling Forecast - Closed Actual,A6000,1517498.8
2026-01-01,CC-401,Customer Success,Subscription Services,Türkiye,Forecast,Actual,Q2 2026 Rolling Forecast - Closed Actual,A6010,280737.28
2026-01-01,CC-401,Customer Success,Subscription Services,Türkiye,Forecast,Actual,Q2 2026 Rolling Forecast - Closed Actual,A6100,431872.2
2026-01-01,CC-401,Customer Success,Subscription Services,Türkiye,Forecast,Actual,Q2 2026 Rolling Forecast - Closed Actual,A6200,80033.63
2026-01-01,CC-401,Customer Success,Subscription Services,Türkiye,Forecast,Actual,Q2 2026 Rolling Forecast - Closed Actual,A6300,862200.31
2026-01-01,CC-401,Customer Success,Subscription Services,Türkiye,Forecast,Actual,Q2 2026 Rolling Forecast - Closed Actual,A6400,93646.56
2026-01-01,CC-401,Customer Success,Subscription Services,Türkiye,Forecast,Actual,Q2 2026 Rolling Forecast - Closed Actual,A6500,46542.39
2026-01-01,CC-401,Customer Success,Subscription Services,Türkiye,Forecast,Actual,Q2 2026 Rolling Forecast - Closed Actual,A6600,33145.03
2026-01-01,CC-401,Customer Success,Subscription Services,Türkiye,Forecast,Actual,Q2 2026 Rolling Forecast - Closed Actual,A6700,194791.67
2026-01-01,CC-501,Marketing,Shared Services,Global,Forecast,Actual,Q2 2026 Rolling Forecast - Closed Actual,A6000,1740762.52
2026-01-01,CC-501,Marketing,Shared Services,Global,Forecast,Actual,Q2 2026 Rolling Forecast - Closed Actual,A6010,322041.07
2026-01-01,CC-501,Marketing,Shared Services,Global,Forecast,Actual,Q2 2026 Rolling Forecast - Closed Actual,A6100,4504180.7
2026-01-01,CC-501,Marketing,Shared Services,Global,Forecast,Actual,Q2 2026 Rolling Forecast - Closed Actual,A6300,286245.9
2026-01-01,CC-501,Marketing,Shared Services,Global,Forecast,Actual,Q2 2026 Rolling Forecast - Closed Actual,A6400,105263.08
2026-01-01,CC-501,Marketing,Shared Services,Global,Forecast,Actual,Q2 2026 Rolling Forecast - Closed Actual,A6500,392339.84
2026-01-01,CC-501,Marketing,Shared Services,Global,Forecast,Actual,Q2 2026 Rolling Forecast - Closed Actual,A6600,171096.79
2026-01-01,CC-601,Operations,Shared Services,Türkiye,Forecast,Actual,Q2 2026 Rolling Forecast - Closed Actual,A6000,2455304.63
2026-01-01,CC-601,Operations,Shared Services,Türkiye,Forecast,Actual,Q2 2026 Rolling Forecast - Closed Actual,A6010,454231.36
2026-01-01,CC-601,Operations,Shared Services,Türkiye,Forecast,Actual,Q2 2026 Rolling Forecast - Closed Actual,A6200,5080477.52
2026-01-01,CC-601,Operations,Shared Services,Türkiye,Forecast,Actual,Q2 2026 Rolling Forecast - Closed Actual,A6300,499229.35
2026-01-01,CC-601,Operations,Shared Services,Türkiye,Forecast,Actual,Q2 2026 Rolling Forecast - Closed Actual,A6400,1353133.82
2026-01-01,CC-601,Operations,Shared Services,Türkiye,Forecast,Actual,Q2 2026 Rolling Forecast - Closed Actual,A6500,287943.11
2026-01-01,CC-601,Operations,Shared Services,Türkiye,Forecast,Actual,Q2 2026 Rolling Forecast - Closed Actual,A6600,138443.29
2026-01-01,CC-601,Operations,Shared Services,Türkiye,Forecast,Actual,Q2 2026 Rolling Forecast - Closed Actual,A6700,220833.33
2026-01-01,CC-701,Technology,Shared Services,Global,Forecast,Actual,Q2 2026 Rolling Forecast - Closed Actual,A6000,2511572.37
2026-01-01,CC-701,Technology,Shared Services,Global,Forecast,Actual,Q2 2026 Rolling Forecast - Closed Actual,A6010,464640.89
2026-01-01,CC-701,Technology,Shared Services,Global,Forecast,Actual,Q2 2026 Rolling Forecast - Closed Actual,A6300,4427689.58
2026-01-01,CC-701,Technology,Shared Services,Global,Forecast,Actual,Q2 2026 Rolling Forecast - Closed Actual,A6400,302125.19
2026-01-01,CC-701,Technology,Shared Services,Global,Forecast,Actual,Q2 2026 Rolling Forecast - Closed Actual,A6500,1117341.67
2026-01-01,CC-701,Technology,Shared Services,Global,Forecast,Actual,Q2 2026 Rolling Forecast - Closed Actual,A6600,218831.51
2026-01-01,CC-701,Technology,Shared Services,Global,Forecast,Actual,Q2 2026 Rolling Forecast - Closed Actual,A6700,426041.67
2026-01-01,CC-801,Finance & Corporate,Shared Services,Global,Forecast,Actual,Q2 2026 Rolling Forecast - Closed Actual,A6000,2193652.41
2026-01-01,CC-801,Finance & Corporate,Shared Services,Global,Forecast,Actual,Q2 2026 Rolling Forecast - Closed Actual,A6010,405825.7
2026-01-01,CC-801,Finance & Corporate,Shared Services,Global,Forecast,Actual,Q2 2026 Rolling Forecast - Closed Actual,A6300,777281.1
2026-01-01,CC-801,Finance & Corporate,Shared Services,Global,Forecast,Actual,Q2 2026 Rolling Forecast - Closed Actual,A6400,1581614.88
2026-01-01,CC-801,Finance & Corporate,Shared Services,Global,Forecast,Actual,Q2 2026 Rolling Forecast - Closed Actual,A6500,1531530.62
2026-01-01,CC-801,Finance & Corporate,Shared Services,Global,Forecast,Actual,Q2 2026 Rolling Forecast - Closed Actual,A6600,366877.94
2026-01-01,CC-801,Finance & Corporate,Shared Services,Global,Forecast,Actual,Q2 2026 Rolling Forecast - Closed Actual,A6800,500226.72
2026-01-01,CC-801,Finance & Corporate,Shared Services,Global,Forecast,Actual,Q2 2026 Rolling Forecast - Closed Actual,A6900,703077.81
2026-02-01,CC-101,Sales,Digital Commerce,Türkiye,Forecast,Actual,Q2 2026 Rolling Forecast - Closed Actual,A4000,27639296.61
2026-02-01,CC-101,Sales,Digital Commerce,Türkiye,Forecast,Actual,Q2 2026 Rolling Forecast - Closed Actual,A5000,10615490.37
2026-02-01,CC-101,Sales,Digital Commerce,Türkiye,Forecast,Actual,Q2 2026 Rolling Forecast - Closed Actual,A5010,778549.94
2026-02-01,CC-101,Sales,Digital Commerce,Türkiye,Forecast,Actual,Q2 2026 Rolling Forecast - Closed Actual,A5020,846808.76
2026-02-01,CC-101,Sales,Digital Commerce,Türkiye,Forecast,Actual,Q2 2026 Rolling Forecast - Closed Actual,A6000,1876813.7
2026-02-01,CC-101,Sales,Digital Commerce,Türkiye,Forecast,Actual,Q2 2026 Rolling Forecast - Closed Actual,A6010,347210.53
2026-02-01,CC-101,Sales,Digital Commerce,Türkiye,Forecast,Actual,Q2 2026 Rolling Forecast - Closed Actual,A6100,1404844.64
2026-02-01,CC-101,Sales,Digital Commerce,Türkiye,Forecast,Actual,Q2 2026 Rolling Forecast - Closed Actual,A6200,493182.97
2026-02-01,CC-101,Sales,Digital Commerce,Türkiye,Forecast,Actual,Q2 2026 Rolling Forecast - Closed Actual,A6300,262022.26
2026-02-01,CC-101,Sales,Digital Commerce,Türkiye,Forecast,Actual,Q2 2026 Rolling Forecast - Closed Actual,A6400,132176.29
2026-02-01,CC-101,Sales,Digital Commerce,Türkiye,Forecast,Actual,Q2 2026 Rolling Forecast - Closed Actual,A6500,67182.13
2026-02-01,CC-101,Sales,Digital Commerce,Türkiye,Forecast,Actual,Q2 2026 Rolling Forecast - Closed Actual,A6600,43342.48
2026-02-01,CC-102,Sales,Digital Commerce,Europe,Forecast,Actual,Q2 2026 Rolling Forecast - Closed Actual,A4000,17380298.6
2026-02-01,CC-102,Sales,Digital Commerce,Europe,Forecast,Actual,Q2 2026 Rolling Forecast - Closed Actual,A5000,7022078.85
2026-02-01,CC-102,Sales,Digital Commerce,Europe,Forecast,Actual,Q2 2026 Rolling Forecast - Closed Actual,A5010,558174.43
2026-02-01,CC-102,Sales,Digital Commerce,Europe,Forecast,Actual,Q2 2026 Rolling Forecast - Closed Actual,A5020,555379.4
2026-02-01,CC-102,Sales,Digital Commerce,Europe,Forecast,Actual,Q2 2026 Rolling Forecast - Closed Actual,A6000,1531635.44
2026-02-01,CC-102,Sales,Digital Commerce,Europe,Forecast,Actual,Q2 2026 Rolling Forecast - Closed Actual,A6010,283352.56
2026-02-01,CC-102,Sales,Digital Commerce,Europe,Forecast,Actual,Q2 2026 Rolling Forecast - Closed Actual,A6100,875071.47
2026-02-01,CC-102,Sales,Digital Commerce,Europe,Forecast,Actual,Q2 2026 Rolling Forecast - Closed Actual,A6200,314570.06
2026-02-01,CC-102,Sales,Digital Commerce,Europe,Forecast,Actual,Q2 2026 Rolling Forecast - Closed Actual,A6300,158562.52
2026-02-01,CC-102,Sales,Digital Commerce,Europe,Forecast,Actual,Q2 2026 Rolling Forecast - Closed Actual,A6400,81173.71
2026-02-01,CC-102,Sales,Digital Commerce,Europe,Forecast,Actual,Q2 2026 Rolling Forecast - Closed Actual,A6500,39050.39
2026-02-01,CC-102,Sales,Digital Commerce,Europe,Forecast,Actual,Q2 2026 Rolling Forecast - Closed Actual,A6600,27037.99
2026-02-01,CC-103,Sales,Digital Commerce,MENA,Forecast,Actual,Q2 2026 Rolling Forecast - Closed Actual,A4000,10916440.37
2026-02-01,CC-103,Sales,Digital Commerce,MENA,Forecast,Actual,Q2 2026 Rolling Forecast - Closed Actual,A5000,4572802.29
2026-02-01,CC-103,Sales,Digital Commerce,MENA,Forecast,Actual,Q2 2026 Rolling Forecast - Closed Actual,A5010,574768.27
2026-02-01,CC-103,Sales,Digital Commerce,MENA,Forecast,Actual,Q2 2026 Rolling Forecast - Closed Actual,A5020,383184.99
2026-02-01,CC-103,Sales,Digital Commerce,MENA,Forecast,Actual,Q2 2026 Rolling Forecast - Closed Actual,A6000,871098.27
2026-02-01,CC-103,Sales,Digital Commerce,MENA,Forecast,Actual,Q2 2026 Rolling Forecast - Closed Actual,A6010,161153.18
2026-02-01,CC-103,Sales,Digital Commerce,MENA,Forecast,Actual,Q2 2026 Rolling Forecast - Closed Actual,A6100,543675.2
2026-02-01,CC-103,Sales,Digital Commerce,MENA,Forecast,Actual,Q2 2026 Rolling Forecast - Closed Actual,A6200,195560.75
2026-02-01,CC-103,Sales,Digital Commerce,MENA,Forecast,Actual,Q2 2026 Rolling Forecast - Closed Actual,A6300,102821.7
2026-02-01,CC-103,Sales,Digital Commerce,MENA,Forecast,Actual,Q2 2026 Rolling Forecast - Closed Actual,A6400,51172.59
2026-02-01,CC-103,Sales,Digital Commerce,MENA,Forecast,Actual,Q2 2026 Rolling Forecast - Closed Actual,A6500,27389.54
2026-02-01,CC-103,Sales,Digital Commerce,MENA,Forecast,Actual,Q2 2026 Rolling Forecast - Closed Actual,A6600,18000.04
2026-02-01,CC-201,Sales,Retail Stores,Türkiye,Forecast,Actual,Q2 2026 Rolling Forecast - Closed Actual,A4010,17894624.82
2026-02-01,CC-201,Sales,Retail Stores,Türkiye,Forecast,Actual,Q2 2026 Rolling Forecast - Closed Actual,A5000,8186018.91
2026-02-01,CC-201,Sales,Retail Stores,Türkiye,Forecast,Actual,Q2 2026 Rolling Forecast - Closed Actual,A5010,356830.55
2026-02-01,CC-201,Sales,Retail Stores,Türkiye,Forecast,Actual,Q2 2026 Rolling Forecast - Closed Actual,A5020,447984.26
2026-02-01,CC-201,Sales,Retail Stores,Türkiye,Forecast,Actual,Q2 2026 Rolling Forecast - Closed Actual,A6000,2396882.98
2026-02-01,CC-201,Sales,Retail Stores,Türkiye,Forecast,Actual,Q2 2026 Rolling Forecast - Closed Actual,A6010,443423.35
2026-02-01,CC-201,Sales,Retail Stores,Türkiye,Forecast,Actual,Q2 2026 Rolling Forecast - Closed Actual,A6100,367836.96
2026-02-01,CC-201,Sales,Retail Stores,Türkiye,Forecast,Actual,Q2 2026 Rolling Forecast - Closed Actual,A6200,315675.53
2026-02-01,CC-201,Sales,Retail Stores,Türkiye,Forecast,Actual,Q2 2026 Rolling Forecast - Closed Actual,A6300,335209.11
2026-02-01,CC-201,Sales,Retail Stores,Türkiye,Forecast,Actual,Q2 2026 Rolling Forecast - Closed Actual,A6400,456982.3
2026-02-01,CC-201,Sales,Retail Stores,Türkiye,Forecast,Actual,Q2 2026 Rolling Forecast - Closed Actual,A6500,95034.93
2026-02-01,CC-201,Sales,Retail Stores,Türkiye,Forecast,Actual,Q2 2026 Rolling Forecast - Closed Actual,A6600,56121.8
2026-02-01,CC-201,Sales,Retail Stores,Türkiye,Forecast,Actual,Q2 2026 Rolling Forecast - Closed Actual,A6700,107500.0
2026-02-01,CC-202,Sales,Retail Stores,Türkiye,Forecast,Actual,Q2 2026 Rolling Forecast - Closed Actual,A4010,12677986.88
2026-02-01,CC-202,Sales,Retail Stores,Türkiye,Forecast,Actual,Q2 2026 Rolling Forecast - Closed Actual,A5000,6024671.19
2026-02-01,CC-202,Sales,Retail Stores,Türkiye,Forecast,Actual,Q2 2026 Rolling Forecast - Closed Actual,A5010,228701.7
2026-02-01,CC-202,Sales,Retail Stores,Türkiye,Forecast,Actual,Q2 2026 Rolling Forecast - Closed Actual,A5020,341537.24
2026-02-01,CC-202,Sales,Retail Stores,Türkiye,Forecast,Actual,Q2 2026 Rolling Forecast - Closed Actual,A6000,1719934.26
2026-02-01,CC-202,Sales,Retail Stores,Türkiye,Forecast,Actual,Q2 2026 Rolling Forecast - Closed Actual,A6010,318187.84
2026-02-01,CC-202,Sales,Retail Stores,Türkiye,Forecast,Actual,Q2 2026 Rolling Forecast - Closed Actual,A6100,253230.12
2026-02-01,CC-202,Sales,Retail Stores,Türkiye,Forecast,Actual,Q2 2026 Rolling Forecast - Closed Actual,A6200,224808.01
2026-02-01,CC-202,Sales,Retail Stores,Türkiye,Forecast,Actual,Q2 2026 Rolling Forecast - Closed Actual,A6300,274910.81
2026-02-01,CC-202,Sales,Retail Stores,Türkiye,Forecast,Actual,Q2 2026 Rolling Forecast - Closed Actual,A6400,360293.83
2026-02-01,CC-202,Sales,Retail Stores,Türkiye,Forecast,Actual,Q2 2026 Rolling Forecast - Closed Actual,A6500,80706.65
2026-02-01,CC-202,Sales,Retail Stores,Türkiye,Forecast,Actual,Q2 2026 Rolling Forecast - Closed Actual,A6600,45020.07
2026-02-01,CC-202,Sales,Retail Stores,Türkiye,Forecast,Actual,Q2 2026 Rolling Forecast - Closed Actual,A6700,134166.67
2026-02-01,CC-301,Sales,Wholesale,Türkiye,Forecast,Actual,Q2 2026 Rolling Forecast - Closed Actual,A4020,17754340.86
2026-02-01,CC-301,Sales,Wholesale,Türkiye,Forecast,Actual,Q2 2026 Rolling Forecast - Closed Actual,A5000,10021206.77
2026-02-01,CC-301,Sales,Wholesale,Türkiye,Forecast,Actual,Q2 2026 Rolling Forecast - Closed Actual,A5010,176927.04
2026-02-01,CC-301,Sales,Wholesale,Türkiye,Forecast,Actual,Q2 2026 Rolling Forecast - Closed Actual,A5020,263845.89
2026-02-01,CC-301,Sales,Wholesale,Türkiye,Forecast,Actual,Q2 2026 Rolling Forecast - Closed Actual,A6000,1154068.76
2026-02-01,CC-301,Sales,Wholesale,Türkiye,Forecast,Actual,Q2 2026 Rolling Forecast - Closed Actual,A6010,213502.72
2026-02-01,CC-301,Sales,Wholesale,Türkiye,Forecast,Actual,Q2 2026 Rolling Forecast - Closed Actual,A6100,361913.13
2026-02-01,CC-301,Sales,Wholesale,Türkiye,Forecast,Actual,Q2 2026 Rolling Forecast - Closed Actual,A6200,172877.95
2026-02-01,CC-301,Sales,Wholesale,Türkiye,Forecast,Actual,Q2 2026 Rolling Forecast - Closed Actual,A6300,148735.03
2026-02-01,CC-301,Sales,Wholesale,Türkiye,Forecast,Actual,Q2 2026 Rolling Forecast - Closed Actual,A6400,72090.76
2026-02-01,CC-301,Sales,Wholesale,Türkiye,Forecast,Actual,Q2 2026 Rolling Forecast - Closed Actual,A6500,34520.16
2026-02-01,CC-301,Sales,Wholesale,Türkiye,Forecast,Actual,Q2 2026 Rolling Forecast - Closed Actual,A6600,23964.45
2026-02-01,CC-302,Sales,Wholesale,Europe,Forecast,Actual,Q2 2026 Rolling Forecast - Closed Actual,A4020,14874409.72
2026-02-01,CC-302,Sales,Wholesale,Europe,Forecast,Actual,Q2 2026 Rolling Forecast - Closed Actual,A5000,8661036.1
2026-02-01,CC-302,Sales,Wholesale,Europe,Forecast,Actual,Q2 2026 Rolling Forecast - Closed Actual,A5010,178980.48
2026-02-01,CC-302,Sales,Wholesale,Europe,Forecast,Actual,Q2 2026 Rolling Forecast - Closed Actual,A5020,265231.23
2026-02-01,CC-302,Sales,Wholesale,Europe,Forecast,Actual,Q2 2026 Rolling Forecast - Closed Actual,A6000,896213.47
2026-02-01,CC-302,Sales,Wholesale,Europe,Forecast,Actual,Q2 2026 Rolling Forecast - Closed Actual,A6010,165799.49
2026-02-01,CC-302,Sales,Wholesale,Europe,Forecast,Actual,Q2 2026 Rolling Forecast - Closed Actual,A6100,295884.51
2026-02-01,CC-302,Sales,Wholesale,Europe,Forecast,Actual,Q2 2026 Rolling Forecast - Closed Actual,A6200,145594.09
2026-02-01,CC-302,Sales,Wholesale,Europe,Forecast,Actual,Q2 2026 Rolling Forecast - Closed Actual,A6300,117666.19
2026-02-01,CC-302,Sales,Wholesale,Europe,Forecast,Actual,Q2 2026 Rolling Forecast - Closed Actual,A6400,58866.6
2026-02-01,CC-302,Sales,Wholesale,Europe,Forecast,Actual,Q2 2026 Rolling Forecast - Closed Actual,A6500,30669.1
2026-02-01,CC-302,Sales,Wholesale,Europe,Forecast,Actual,Q2 2026 Rolling Forecast - Closed Actual,A6600,17603.83
2026-02-01,CC-401,Customer Success,Subscription Services,Türkiye,Forecast,Actual,Q2 2026 Rolling Forecast - Closed Actual,A4030,8208619.7
2026-02-01,CC-401,Customer Success,Subscription Services,Türkiye,Forecast,Actual,Q2 2026 Rolling Forecast - Closed Actual,A5000,1724941.14
2026-02-01,CC-401,Customer Success,Subscription Services,Türkiye,Forecast,Actual,Q2 2026 Rolling Forecast - Closed Actual,A5010,209393.47
2026-02-01,CC-401,Customer Success,Subscription Services,Türkiye,Forecast,Actual,Q2 2026 Rolling Forecast - Closed Actual,A5020,149425.63
2026-02-01,CC-401,Customer Success,Subscription Services,Türkiye,Forecast,Actual,Q2 2026 Rolling Forecast - Closed Actual,A6000,1507559.31
2026-02-01,CC-401,Customer Success,Subscription Services,Türkiye,Forecast,Actual,Q2 2026 Rolling Forecast - Closed Actual,A6010,278898.47
2026-02-01,CC-401,Customer Success,Subscription Services,Türkiye,Forecast,Actual,Q2 2026 Rolling Forecast - Closed Actual,A6100,470124.13
2026-02-01,CC-401,Customer Success,Subscription Services,Türkiye,Forecast,Actual,Q2 2026 Rolling Forecast - Closed Actual,A6200,83415.29
2026-02-01,CC-401,Customer Success,Subscription Services,Türkiye,Forecast,Actual,Q2 2026 Rolling Forecast - Closed Actual,A6300,881402.68
2026-02-01,CC-401,Customer Success,Subscription Services,Türkiye,Forecast,Actual,Q2 2026 Rolling Forecast - Closed Actual,A6400,95587.02
2026-02-01,CC-401,Customer Success,Subscription Services,Türkiye,Forecast,Actual,Q2 2026 Rolling Forecast - Closed Actual,A6500,45643.68
2026-02-01,CC-401,Customer Success,Subscription Services,Türkiye,Forecast,Actual,Q2 2026 Rolling Forecast - Closed Actual,A6600,33463.81
2026-02-01,CC-401,Customer Success,Subscription Services,Türkiye,Forecast,Actual,Q2 2026 Rolling Forecast - Closed Actual,A6700,194791.67
2026-02-01,CC-501,Marketing,Shared Services,Global,Forecast,Actual,Q2 2026 Rolling Forecast - Closed Actual,A6000,1733667.56
2026-02-01,CC-501,Marketing,Shared Services,Global,Forecast,Actual,Q2 2026 Rolling Forecast - Closed Actual,A6010,320728.5
2026-02-01,CC-501,Marketing,Shared Services,Global,Forecast,Actual,Q2 2026 Rolling Forecast - Closed Actual,A6100,4472213.79
2026-02-01,CC-501,Marketing,Shared Services,Global,Forecast,Actual,Q2 2026 Rolling Forecast - Closed Actual,A6300,294093.65
2026-02-01,CC-501,Marketing,Shared Services,Global,Forecast,Actual,Q2 2026 Rolling Forecast - Closed Actual,A6400,105418.85
2026-02-01,CC-501,Marketing,Shared Services,Global,Forecast,Actual,Q2 2026 Rolling Forecast - Closed Actual,A6500,427060.4
2026-02-01,CC-501,Marketing,Shared Services,Global,Forecast,Actual,Q2 2026 Rolling Forecast - Closed Actual,A6600,181505.22
2026-02-01,CC-601,Operations,Shared Services,Türkiye,Forecast,Actual,Q2 2026 Rolling Forecast - Closed Actual,A6000,2456458.73
2026-02-01,CC-601,Operations,Shared Services,Türkiye,Forecast,Actual,Q2 2026 Rolling Forecast - Closed Actual,A6010,454444.87
2026-02-01,CC-601,Operations,Shared Services,Türkiye,Forecast,Actual,Q2 2026 Rolling Forecast - Closed Actual,A6200,5143275.45
2026-02-01,CC-601,Operations,Shared Services,Türkiye,Forecast,Actual,Q2 2026 Rolling Forecast - Closed Actual,A6300,512369.68
2026-02-01,CC-601,Operations,Shared Services,Türkiye,Forecast,Actual,Q2 2026 Rolling Forecast - Closed Actual,A6400,1345392.65
2026-02-01,CC-601,Operations,Shared Services,Türkiye,Forecast,Actual,Q2 2026 Rolling Forecast - Closed Actual,A6500,277872.9
2026-02-01,CC-601,Operations,Shared Services,Türkiye,Forecast,Actual,Q2 2026 Rolling Forecast - Closed Actual,A6600,148171.72
2026-02-01,CC-601,Operations,Shared Services,Türkiye,Forecast,Actual,Q2 2026 Rolling Forecast - Closed Actual,A6700,220833.33
2026-02-01,CC-701,Technology,Shared Services,Global,Forecast,Actual,Q2 2026 Rolling Forecast - Closed Actual,A6000,2506777.36
2026-02-01,CC-701,Technology,Shared Services,Global,Forecast,Actual,Q2 2026 Rolling Forecast - Closed Actual,A6010,463753.81
2026-02-01,CC-701,Technology,Shared Services,Global,Forecast,Actual,Q2 2026 Rolling Forecast - Closed Actual,A6300,4609587.42
2026-02-01,CC-701,Technology,Shared Services,Global,Forecast,Actual,Q2 2026 Rolling Forecast - Closed Actual,A6400,308679.07
2026-02-01,CC-701,Technology,Shared Services,Global,Forecast,Actual,Q2 2026 Rolling Forecast - Closed Actual,A6500,1263083.15
2026-02-01,CC-701,Technology,Shared Services,Global,Forecast,Actual,Q2 2026 Rolling Forecast - Closed Actual,A6600,205470.24
2026-02-01,CC-701,Technology,Shared Services,Global,Forecast,Actual,Q2 2026 Rolling Forecast - Closed Actual,A6700,426041.67
2026-02-01,CC-801,Finance & Corporate,Shared Services,Global,Forecast,Actual,Q2 2026 Rolling Forecast - Closed Actual,A6000,2181935.42
2026-02-01,CC-801,Finance & Corporate,Shared Services,Global,Forecast,Actual,Q2 2026 Rolling Forecast - Closed Actual,A6010,403658.05
2026-02-01,CC-801,Finance & Corporate,Shared Services,Global,Forecast,Actual,Q2 2026 Rolling Forecast - Closed Actual,A6300,769524.8
2026-02-01,CC-801,Finance & Corporate,Shared Services,Global,Forecast,Actual,Q2 2026 Rolling Forecast - Closed Actual,A6400,1593163.85
2026-02-01,CC-801,Finance & Corporate,Shared Services,Global,Forecast,Actual,Q2 2026 Rolling Forecast - Closed Actual,A6500,1687371.9
2026-02-01,CC-801,Finance & Corporate,Shared Services,Global,Forecast,Actual,Q2 2026 Rolling Forecast - Closed Actual,A6600,383725.2
2026-02-01,CC-801,Finance & Corporate,Shared Services,Global,Forecast,Actual,Q2 2026 Rolling Forecast - Closed Actual,A6800,500226.72
2026-02-01,CC-801,Finance & Corporate,Shared Services,Global,Forecast,Actual,Q2 2026 Rolling Forecast - Closed Actual,A6900,852665.19
2026-03-01,CC-101,Sales,Digital Commerce,Türkiye,Forecast,Actual,Q2 2026 Rolling Forecast - Closed Actual,A4000,29919164.58
2026-03-01,CC-101,Sales,Digital Commerce,Türkiye,Forecast,Actual,Q2 2026 Rolling Forecast - Closed Actual,A5000,11351196.3
2026-03-01,CC-101,Sales,Digital Commerce,Türkiye,Forecast,Actual,Q2 2026 Rolling Forecast - Closed Actual,A5010,839393.7
2026-03-01,CC-101,Sales,Digital Commerce,Türkiye,Forecast,Actual,Q2 2026 Rolling Forecast - Closed Actual,A5020,903883.45
2026-03-01,CC-101,Sales,Digital Commerce,Türkiye,Forecast,Actual,Q2 2026 Rolling Forecast - Closed Actual,A6000,1830655.33
2026-03-01,CC-101,Sales,Digital Commerce,Türkiye,Forecast,Actual,Q2 2026 Rolling Forecast - Closed Actual,A6010,338671.24
2026-03-01,CC-101,Sales,Digital Commerce,Türkiye,Forecast,Actual,Q2 2026 Rolling Forecast - Closed Actual,A6100,1456432.06
2026-03-01,CC-101,Sales,Digital Commerce,Türkiye,Forecast,Actual,Q2 2026 Rolling Forecast - Closed Actual,A6200,542760.5
2026-03-01,CC-101,Sales,Digital Commerce,Türkiye,Forecast,Actual,Q2 2026 Rolling Forecast - Closed Actual,A6300,258587.94
2026-03-01,CC-101,Sales,Digital Commerce,Türkiye,Forecast,Actual,Q2 2026 Rolling Forecast - Closed Actual,A6400,135207.94
2026-03-01,CC-101,Sales,Digital Commerce,Türkiye,Forecast,Actual,Q2 2026 Rolling Forecast - Closed Actual,A6500,72688.34
2026-03-01,CC-101,Sales,Digital Commerce,Türkiye,Forecast,Actual,Q2 2026 Rolling Forecast - Closed Actual,A6600,47406.79
2026-03-01,CC-102,Sales,Digital Commerce,Europe,Forecast,Actual,Q2 2026 Rolling Forecast - Closed Actual,A4000,18278450.71
2026-03-01,CC-102,Sales,Digital Commerce,Europe,Forecast,Actual,Q2 2026 Rolling Forecast - Closed Actual,A5000,7393731.42
2026-03-01,CC-102,Sales,Digital Commerce,Europe,Forecast,Actual,Q2 2026 Rolling Forecast - Closed Actual,A5010,582233.77
2026-03-01,CC-102,Sales,Digital Commerce,Europe,Forecast,Actual,Q2 2026 Rolling Forecast - Closed Actual,A5020,582124.32
2026-03-01,CC-102,Sales,Digital Commerce,Europe,Forecast,Actual,Q2 2026 Rolling Forecast - Closed Actual,A6000,1399141.7
2026-03-01,CC-102,Sales,Digital Commerce,Europe,Forecast,Actual,Q2 2026 Rolling Forecast - Closed Actual,A6010,258841.21
2026-03-01,CC-102,Sales,Digital Commerce,Europe,Forecast,Actual,Q2 2026 Rolling Forecast - Closed Actual,A6100,933488.52
2026-03-01,CC-102,Sales,Digital Commerce,Europe,Forecast,Actual,Q2 2026 Rolling Forecast - Closed Actual,A6200,337675.67
2026-03-01,CC-102,Sales,Digital Commerce,Europe,Forecast,Actual,Q2 2026 Rolling Forecast - Closed Actual,A6300,158479.97
2026-03-01,CC-102,Sales,Digital Commerce,Europe,Forecast,Actual,Q2 2026 Rolling Forecast - Closed Actual,A6400,80388.8
2026-03-01,CC-102,Sales,Digital Commerce,Europe,Forecast,Actual,Q2 2026 Rolling Forecast - Closed Actual,A6500,47881.66
2026-03-01,CC-102,Sales,Digital Commerce,Europe,Forecast,Actual,Q2 2026 Rolling Forecast - Closed Actual,A6600,24260.28
2026-03-01,CC-103,Sales,Digital Commerce,MENA,Forecast,Actual,Q2 2026 Rolling Forecast - Closed Actual,A4000,11690003.28
2026-03-01,CC-103,Sales,Digital Commerce,MENA,Forecast,Actual,Q2 2026 Rolling Forecast - Closed Actual,A5000,4894099.25
2026-03-01,CC-103,Sales,Digital Commerce,MENA,Forecast,Actual,Q2 2026 Rolling Forecast - Closed Actual,A5010,600940.66
2026-03-01,CC-103,Sales,Digital Commerce,MENA,Forecast,Actual,Q2 2026 Rolling Forecast - Closed Actual,A5020,414448.96
2026-03-01,CC-103,Sales,Digital Commerce,MENA,Forecast,Actual,Q2 2026 Rolling Forecast - Closed Actual,A6000,887719.53
2026-03-01,CC-103,Sales,Digital Commerce,MENA,Forecast,Actual,Q2 2026 Rolling Forecast - Closed Actual,A6010,164228.11
2026-03-01,CC-103,Sales,Digital Commerce,MENA,Forecast,Actual,Q2 2026 Rolling Forecast - Closed Actual,A6100,570235.73
2026-03-01,CC-103,Sales,Digital Commerce,MENA,Forecast,Actual,Q2 2026 Rolling Forecast - Closed Actual,A6200,218212.74
2026-03-01,CC-103,Sales,Digital Commerce,MENA,Forecast,Actual,Q2 2026 Rolling Forecast - Closed Actual,A6300,100564.88
2026-03-01,CC-103,Sales,Digital Commerce,MENA,Forecast,Actual,Q2 2026 Rolling Forecast - Closed Actual,A6400,51421.82
2026-03-01,CC-103,Sales,Digital Commerce,MENA,Forecast,Actual,Q2 2026 Rolling Forecast - Closed Actual,A6500,26121.51
2026-03-01,CC-103,Sales,Digital Commerce,MENA,Forecast,Actual,Q2 2026 Rolling Forecast - Closed Actual,A6600,17673.51
2026-03-01,CC-201,Sales,Retail Stores,Türkiye,Forecast,Actual,Q2 2026 Rolling Forecast - Closed Actual,A4010,20785318.08
2026-03-01,CC-201,Sales,Retail Stores,Türkiye,Forecast,Actual,Q2 2026 Rolling Forecast - Closed Actual,A5000,9627288.19
2026-03-01,CC-201,Sales,Retail Stores,Türkiye,Forecast,Actual,Q2 2026 Rolling Forecast - Closed Actual,A5010,416044.26
2026-03-01,CC-201,Sales,Retail Stores,Türkiye,Forecast,Actual,Q2 2026 Rolling Forecast - Closed Actual,A5020,525849.49
2026-03-01,CC-201,Sales,Retail Stores,Türkiye,Forecast,Actual,Q2 2026 Rolling Forecast - Closed Actual,A6000,2389667.42
2026-03-01,CC-201,Sales,Retail Stores,Türkiye,Forecast,Actual,Q2 2026 Rolling Forecast - Closed Actual,A6010,442088.47
2026-03-01,CC-201,Sales,Retail Stores,Türkiye,Forecast,Actual,Q2 2026 Rolling Forecast - Closed Actual,A6100,414061.32
2026-03-01,CC-201,Sales,Retail Stores,Türkiye,Forecast,Actual,Q2 2026 Rolling Forecast - Closed Actual,A6200,371744.24
2026-03-01,CC-201,Sales,Retail Stores,Türkiye,Forecast,Actual,Q2 2026 Rolling Forecast - Closed Actual,A6300,349035.76
2026-03-01,CC-201,Sales,Retail Stores,Türkiye,Forecast,Actual,Q2 2026 Rolling Forecast - Closed Actual,A6400,453667.03
2026-03-01,CC-201,Sales,Retail Stores,Türkiye,Forecast,Actual,Q2 2026 Rolling Forecast - Closed Actual,A6500,97719.35
2026-03-01,CC-201,Sales,Retail Stores,Türkiye,Forecast,Actual,Q2 2026 Rolling Forecast - Closed Actual,A6600,53091.11
2026-03-01,CC-201,Sales,Retail Stores,Türkiye,Forecast,Actual,Q2 2026 Rolling Forecast - Closed Actual,A6700,107500.0
2026-03-01,CC-202,Sales,Retail Stores,Türkiye,Forecast,Actual,Q2 2026 Rolling Forecast - Closed Actual,A4010,14986911.5
2026-03-01,CC-202,Sales,Retail Stores,Türkiye,Forecast,Actual,Q2 2026 Rolling Forecast - Closed Actual,A5000,7036884.65
2026-03-01,CC-202,Sales,Retail Stores,Türkiye,Forecast,Actual,Q2 2026 Rolling Forecast - Closed Actual,A5010,265021.69
2026-03-01,CC-202,Sales,Retail Stores,Türkiye,Forecast,Actual,Q2 2026 Rolling Forecast - Closed Actual,A5020,402016.01
2026-03-01,CC-202,Sales,Retail Stores,Türkiye,Forecast,Actual,Q2 2026 Rolling Forecast - Closed Actual,A6000,1712632.85
2026-03-01,CC-202,Sales,Retail Stores,Türkiye,Forecast,Actual,Q2 2026 Rolling Forecast - Closed Actual,A6010,316837.08
2026-03-01,CC-202,Sales,Retail Stores,Türkiye,Forecast,Actual,Q2 2026 Rolling Forecast - Closed Actual,A6100,292850.09
2026-03-01,CC-202,Sales,Retail Stores,Türkiye,Forecast,Actual,Q2 2026 Rolling Forecast - Closed Actual,A6200,271546.65
2026-03-01,CC-202,Sales,Retail Stores,Türkiye,Forecast,Actual,Q2 2026 Rolling Forecast - Closed Actual,A6300,272569.79
2026-03-01,CC-202,Sales,Retail Stores,Türkiye,Forecast,Actual,Q2 2026 Rolling Forecast - Closed Actual,A6400,361618.16
2026-03-01,CC-202,Sales,Retail Stores,Türkiye,Forecast,Actual,Q2 2026 Rolling Forecast - Closed Actual,A6500,78599.55
2026-03-01,CC-202,Sales,Retail Stores,Türkiye,Forecast,Actual,Q2 2026 Rolling Forecast - Closed Actual,A6600,45998.29
2026-03-01,CC-202,Sales,Retail Stores,Türkiye,Forecast,Actual,Q2 2026 Rolling Forecast - Closed Actual,A6700,134166.67
2026-03-01,CC-301,Sales,Wholesale,Türkiye,Forecast,Actual,Q2 2026 Rolling Forecast - Closed Actual,A4020,20654596.76
2026-03-01,CC-301,Sales,Wholesale,Türkiye,Forecast,Actual,Q2 2026 Rolling Forecast - Closed Actual,A5000,11832006.25
2026-03-01,CC-301,Sales,Wholesale,Türkiye,Forecast,Actual,Q2 2026 Rolling Forecast - Closed Actual,A5010,208089.55
2026-03-01,CC-301,Sales,Wholesale,Türkiye,Forecast,Actual,Q2 2026 Rolling Forecast - Closed Actual,A5020,306767.4
2026-03-01,CC-301,Sales,Wholesale,Türkiye,Forecast,Actual,Q2 2026 Rolling Forecast - Closed Actual,A6000,1131762.17
2026-03-01,CC-301,Sales,Wholesale,Türkiye,Forecast,Actual,Q2 2026 Rolling Forecast - Closed Actual,A6010,209376.0
2026-03-01,CC-301,Sales,Wholesale,Türkiye,Forecast,Actual,Q2 2026 Rolling Forecast - Closed Actual,A6100,403359.05
2026-03-01,CC-301,Sales,Wholesale,Türkiye,Forecast,Actual,Q2 2026 Rolling Forecast - Closed Actual,A6200,209679.68
2026-03-01,CC-301,Sales,Wholesale,Türkiye,Forecast,Actual,Q2 2026 Rolling Forecast - Closed Actual,A6300,140750.18
2026-03-01,CC-301,Sales,Wholesale,Türkiye,Forecast,Actual,Q2 2026 Rolling Forecast - Closed Actual,A6400,73905.24
2026-03-01,CC-301,Sales,Wholesale,Türkiye,Forecast,Actual,Q2 2026 Rolling Forecast - Closed Actual,A6500,40714.73
2026-03-01,CC-301,Sales,Wholesale,Türkiye,Forecast,Actual,Q2 2026 Rolling Forecast - Closed Actual,A6600,24812.78
2026-03-01,CC-302,Sales,Wholesale,Europe,Forecast,Actual,Q2 2026 Rolling Forecast - Closed Actual,A4020,16460887.76
2026-03-01,CC-302,Sales,Wholesale,Europe,Forecast,Actual,Q2 2026 Rolling Forecast - Closed Actual,A5000,9697915.8
2026-03-01,CC-302,Sales,Wholesale,Europe,Forecast,Actual,Q2 2026 Rolling Forecast - Closed Actual,A5010,194712.56
2026-03-01,CC-302,Sales,Wholesale,Europe,Forecast,Actual,Q2 2026 Rolling Forecast - Closed Actual,A5020,301877.68
2026-03-01,CC-302,Sales,Wholesale,Europe,Forecast,Actual,Q2 2026 Rolling Forecast - Closed Actual,A6000,907562.23
2026-03-01,CC-302,Sales,Wholesale,Europe,Forecast,Actual,Q2 2026 Rolling Forecast - Closed Actual,A6010,167899.01
2026-03-01,CC-302,Sales,Wholesale,Europe,Forecast,Actual,Q2 2026 Rolling Forecast - Closed Actual,A6100,328312.69
2026-03-01,CC-302,Sales,Wholesale,Europe,Forecast,Actual,Q2 2026 Rolling Forecast - Closed Actual,A6200,159814.08
2026-03-01,CC-302,Sales,Wholesale,Europe,Forecast,Actual,Q2 2026 Rolling Forecast - Closed Actual,A6300,118196.36
2026-03-01,CC-302,Sales,Wholesale,Europe,Forecast,Actual,Q2 2026 Rolling Forecast - Closed Actual,A6400,58907.84
2026-03-01,CC-302,Sales,Wholesale,Europe,Forecast,Actual,Q2 2026 Rolling Forecast - Closed Actual,A6500,32299.54
2026-03-01,CC-302,Sales,Wholesale,Europe,Forecast,Actual,Q2 2026 Rolling Forecast - Closed Actual,A6600,18368.76
2026-03-01,CC-401,Customer Success,Subscription Services,Türkiye,Forecast,Actual,Q2 2026 Rolling Forecast - Closed Actual,A4030,7896588.06
2026-03-01,CC-401,Customer Success,Subscription Services,Türkiye,Forecast,Actual,Q2 2026 Rolling Forecast - Closed Actual,A5000,1672100.65
2026-03-01,CC-401,Customer Success,Subscription Services,Türkiye,Forecast,Actual,Q2 2026 Rolling Forecast - Closed Actual,A5010,196288.23
2026-03-01,CC-401,Customer Success,Subscription Services,Türkiye,Forecast,Actual,Q2 2026 Rolling Forecast - Closed Actual,A5020,144621.72
2026-03-01,CC-401,Customer Success,Subscription Services,Türkiye,Forecast,Actual,Q2 2026 Rolling Forecast - Closed Actual,A6000,1523920.19
2026-03-01,CC-401,Customer Success,Subscription Services,Türkiye,Forecast,Actual,Q2 2026 Rolling Forecast - Closed Actual,A6010,281925.23
2026-03-01,CC-401,Customer Success,Subscription Services,Türkiye,Forecast,Actual,Q2 2026 Rolling Forecast - Closed Actual,A6100,444426.78
2026-03-01,CC-401,Customer Success,Subscription Services,Türkiye,Forecast,Actual,Q2 2026 Rolling Forecast - Closed Actual,A6200,77674.69
2026-03-01,CC-401,Customer Success,Subscription Services,Türkiye,Forecast,Actual,Q2 2026 Rolling Forecast - Closed Actual,A6300,864300.55
2026-03-01,CC-401,Customer Success,Subscription Services,Türkiye,Forecast,Actual,Q2 2026 Rolling Forecast - Closed Actual,A6400,96156.86
2026-03-01,CC-401,Customer Success,Subscription Services,Türkiye,Forecast,Actual,Q2 2026 Rolling Forecast - Closed Actual,A6500,53492.34
2026-03-01,CC-401,Customer Success,Subscription Services,Türkiye,Forecast,Actual,Q2 2026 Rolling Forecast - Closed Actual,A6600,31874.69
2026-03-01,CC-401,Customer Success,Subscription Services,Türkiye,Forecast,Actual,Q2 2026 Rolling Forecast - Closed Actual,A6700,194791.67
2026-03-01,CC-501,Marketing,Shared Services,Global,Forecast,Actual,Q2 2026 Rolling Forecast - Closed Actual,A6000,1707661.04
2026-03-01,CC-501,Marketing,Shared Services,Global,Forecast,Actual,Q2 2026 Rolling Forecast - Closed Actual,A6010,315917.29
2026-03-01,CC-501,Marketing,Shared Services,Global,Forecast,Actual,Q2 2026 Rolling Forecast - Closed Actual,A6100,4494391.41
2026-03-01,CC-501,Marketing,Shared Services,Global,Forecast,Actual,Q2 2026 Rolling Forecast - Closed Actual,A6300,293979.11
2026-03-01,CC-501,Marketing,Shared Services,Global,Forecast,Actual,Q2 2026 Rolling Forecast - Closed Actual,A6400,106578.95
2026-03-01,CC-501,Marketing,Shared Services,Global,Forecast,Actual,Q2 2026 Rolling Forecast - Closed Actual,A6500,378576.02
2026-03-01,CC-501,Marketing,Shared Services,Global,Forecast,Actual,Q2 2026 Rolling Forecast - Closed Actual,A6600,186217.41
2026-03-01,CC-601,Operations,Shared Services,Türkiye,Forecast,Actual,Q2 2026 Rolling Forecast - Closed Actual,A6000,2441112.85
2026-03-01,CC-601,Operations,Shared Services,Türkiye,Forecast,Actual,Q2 2026 Rolling Forecast - Closed Actual,A6010,451605.88
2026-03-01,CC-601,Operations,Shared Services,Türkiye,Forecast,Actual,Q2 2026 Rolling Forecast - Closed Actual,A6200,5214197.54
2026-03-01,CC-601,Operations,Shared Services,Türkiye,Forecast,Actual,Q2 2026 Rolling Forecast - Closed Actual,A6300,510019.87
2026-03-01,CC-601,Operations,Shared Services,Türkiye,Forecast,Actual,Q2 2026 Rolling Forecast - Closed Actual,A6400,1403660.32
2026-03-01,CC-601,Operations,Shared Services,Türkiye,Forecast,Actual,Q2 2026 Rolling Forecast - Closed Actual,A6500,325571.82
2026-03-01,CC-601,Operations,Shared Services,Türkiye,Forecast,Actual,Q2 2026 Rolling Forecast - Closed Actual,A6600,134336.66
2026-03-01,CC-601,Operations,Shared Services,Türkiye,Forecast,Actual,Q2 2026 Rolling Forecast - Closed Actual,A6700,220833.33
2026-03-01,CC-701,Technology,Shared Services,Global,Forecast,Actual,Q2 2026 Rolling Forecast - Closed Actual,A6000,2545108.03
2026-03-01,CC-701,Technology,Shared Services,Global,Forecast,Actual,Q2 2026 Rolling Forecast - Closed Actual,A6010,470844.99
2026-03-01,CC-701,Technology,Shared Services,Global,Forecast,Actual,Q2 2026 Rolling Forecast - Closed Actual,A6300,4378336.81
2026-03-01,CC-701,Technology,Shared Services,Global,Forecast,Actual,Q2 2026 Rolling Forecast - Closed Actual,A6400,309593.4
2026-03-01,CC-701,Technology,Shared Services,Global,Forecast,Actual,Q2 2026 Rolling Forecast - Closed Actual,A6500,1169618.06
2026-03-01,CC-701,Technology,Shared Services,Global,Forecast,Actual,Q2 2026 Rolling Forecast - Closed Actual,A6600,256196.23
2026-03-01,CC-701,Technology,Shared Services,Global,Forecast,Actual,Q2 2026 Rolling Forecast - Closed Actual,A6700,426041.67
2026-03-01,CC-801,Finance & Corporate,Shared Services,Global,Forecast,Actual,Q2 2026 Rolling Forecast - Closed Actual,A6000,2202086.41
2026-03-01,CC-801,Finance & Corporate,Shared Services,Global,Forecast,Actual,Q2 2026 Rolling Forecast - Closed Actual,A6010,407385.99
2026-03-01,CC-801,Finance & Corporate,Shared Services,Global,Forecast,Actual,Q2 2026 Rolling Forecast - Closed Actual,A6300,759626.26
2026-03-01,CC-801,Finance & Corporate,Shared Services,Global,Forecast,Actual,Q2 2026 Rolling Forecast - Closed Actual,A6400,1606177.58
2026-03-01,CC-801,Finance & Corporate,Shared Services,Global,Forecast,Actual,Q2 2026 Rolling Forecast - Closed Actual,A6500,1600363.8
2026-03-01,CC-801,Finance & Corporate,Shared Services,Global,Forecast,Actual,Q2 2026 Rolling Forecast - Closed Actual,A6600,450251.75
2026-03-01,CC-801,Finance & Corporate,Shared Services,Global,Forecast,Actual,Q2 2026 Rolling Forecast - Closed Actual,A6700,170000.0
2026-03-01,CC-801,Finance & Corporate,Shared Services,Global,Forecast,Actual,Q2 2026 Rolling Forecast - Closed Actual,A6800,500226.72
2026-03-01,CC-801,Finance & Corporate,Shared Services,Global,Forecast,Actual,Q2 2026 Rolling Forecast - Closed Actual,A6900,2281861.16
2026-04-01,CC-101,Sales,Digital Commerce,Türkiye,Forecast,Actual,Q2 2026 Rolling Forecast - Closed Actual,A4000,29770982.36
2026-04-01,CC-101,Sales,Digital Commerce,Türkiye,Forecast,Actual,Q2 2026 Rolling Forecast - Closed Actual,A5000,11278117.29
2026-04-01,CC-101,Sales,Digital Commerce,Türkiye,Forecast,Actual,Q2 2026 Rolling Forecast - Closed Actual,A5010,835456.23
2026-04-01,CC-101,Sales,Digital Commerce,Türkiye,Forecast,Actual,Q2 2026 Rolling Forecast - Closed Actual,A5020,888291.93
2026-04-01,CC-101,Sales,Digital Commerce,Türkiye,Forecast,Actual,Q2 2026 Rolling Forecast - Closed Actual,A6000,1995472.42
2026-04-01,CC-101,Sales,Digital Commerce,Türkiye,Forecast,Actual,Q2 2026 Rolling Forecast - Closed Actual,A6010,369162.4
2026-04-01,CC-101,Sales,Digital Commerce,Türkiye,Forecast,Actual,Q2 2026 Rolling Forecast - Closed Actual,A6100,1508289.82
2026-04-01,CC-101,Sales,Digital Commerce,Türkiye,Forecast,Actual,Q2 2026 Rolling Forecast - Closed Actual,A6200,547631.55
2026-04-01,CC-101,Sales,Digital Commerce,Türkiye,Forecast,Actual,Q2 2026 Rolling Forecast - Closed Actual,A6300,264542.94
2026-04-01,CC-101,Sales,Digital Commerce,Türkiye,Forecast,Actual,Q2 2026 Rolling Forecast - Closed Actual,A6400,132451.26
2026-04-01,CC-101,Sales,Digital Commerce,Türkiye,Forecast,Actual,Q2 2026 Rolling Forecast - Closed Actual,A6500,68593.74
2026-04-01,CC-101,Sales,Digital Commerce,Türkiye,Forecast,Actual,Q2 2026 Rolling Forecast - Closed Actual,A6600,44030.46
2026-04-01,CC-102,Sales,Digital Commerce,Europe,Forecast,Actual,Q2 2026 Rolling Forecast - Closed Actual,A4000,20868506.23
2026-04-01,CC-102,Sales,Digital Commerce,Europe,Forecast,Actual,Q2 2026 Rolling Forecast - Closed Actual,A5000,8349270.36
2026-04-01,CC-102,Sales,Digital Commerce,Europe,Forecast,Actual,Q2 2026 Rolling Forecast - Closed Actual,A5010,675418.56
2026-04-01,CC-102,Sales,Digital Commerce,Europe,Forecast,Actual,Q2 2026 Rolling Forecast - Closed Actual,A5020,676250.58
2026-04-01,CC-102,Sales,Digital Commerce,Europe,Forecast,Actual,Q2 2026 Rolling Forecast - Closed Actual,A6000,1524254.45
2026-04-01,CC-102,Sales,Digital Commerce,Europe,Forecast,Actual,Q2 2026 Rolling Forecast - Closed Actual,A6010,281987.07
2026-04-01,CC-102,Sales,Digital Commerce,Europe,Forecast,Actual,Q2 2026 Rolling Forecast - Closed Actual,A6100,1040404.06
2026-04-01,CC-102,Sales,Digital Commerce,Europe,Forecast,Actual,Q2 2026 Rolling Forecast - Closed Actual,A6200,362135.49
2026-04-01,CC-102,Sales,Digital Commerce,Europe,Forecast,Actual,Q2 2026 Rolling Forecast - Closed Actual,A6300,162862.89
2026-04-01,CC-102,Sales,Digital Commerce,Europe,Forecast,Actual,Q2 2026 Rolling Forecast - Closed Actual,A6400,82939.91
2026-04-01,CC-102,Sales,Digital Commerce,Europe,Forecast,Actual,Q2 2026 Rolling Forecast - Closed Actual,A6500,47090.25
2026-04-01,CC-102,Sales,Digital Commerce,Europe,Forecast,Actual,Q2 2026 Rolling Forecast - Closed Actual,A6600,27251.8
2026-04-01,CC-103,Sales,Digital Commerce,MENA,Forecast,Actual,Q2 2026 Rolling Forecast - Closed Actual,A4000,12616087.87
2026-04-01,CC-103,Sales,Digital Commerce,MENA,Forecast,Actual,Q2 2026 Rolling Forecast - Closed Actual,A5000,5317827.74
2026-04-01,CC-103,Sales,Digital Commerce,MENA,Forecast,Actual,Q2 2026 Rolling Forecast - Closed Actual,A5010,662967.61
2026-04-01,CC-103,Sales,Digital Commerce,MENA,Forecast,Actual,Q2 2026 Rolling Forecast - Closed Actual,A5020,442486.52
2026-04-01,CC-103,Sales,Digital Commerce,MENA,Forecast,Actual,Q2 2026 Rolling Forecast - Closed Actual,A6000,936453.2
2026-04-01,CC-103,Sales,Digital Commerce,MENA,Forecast,Actual,Q2 2026 Rolling Forecast - Closed Actual,A6010,173243.84
2026-04-01,CC-103,Sales,Digital Commerce,MENA,Forecast,Actual,Q2 2026 Rolling Forecast - Closed Actual,A6100,639501.78
2026-04-01,CC-103,Sales,Digital Commerce,MENA,Forecast,Actual,Q2 2026 Rolling Forecast - Closed Actual,A6200,223654.02
2026-04-01,CC-103,Sales,Digital Commerce,MENA,Forecast,Actual,Q2 2026 Rolling Forecast - Closed Actual,A6300,101590.18
2026-04-01,CC-103,Sales,Digital Commerce,MENA,Forecast,Actual,Q2 2026 Rolling Forecast - Closed Actual,A6400,52166.5
2026-04-01,CC-103,Sales,Digital Commerce,MENA,Forecast,Actual,Q2 2026 Rolling Forecast - Closed Actual,A6500,29554.74
2026-04-01,CC-103,Sales,Digital Commerce,MENA,Forecast,Actual,Q2 2026 Rolling Forecast - Closed Actual,A6600,16197.86
2026-04-01,CC-201,Sales,Retail Stores,Türkiye,Forecast,Actual,Q2 2026 Rolling Forecast - Closed Actual,A4010,21416310.08
2026-04-01,CC-201,Sales,Retail Stores,Türkiye,Forecast,Actual,Q2 2026 Rolling Forecast - Closed Actual,A5000,9831773.85
2026-04-01,CC-201,Sales,Retail Stores,Türkiye,Forecast,Actual,Q2 2026 Rolling Forecast - Closed Actual,A5010,431011.07
2026-04-01,CC-201,Sales,Retail Stores,Türkiye,Forecast,Actual,Q2 2026 Rolling Forecast - Closed Actual,A5020,536320.78
2026-04-01,CC-201,Sales,Retail Stores,Türkiye,Forecast,Actual,Q2 2026 Rolling Forecast - Closed Actual,A6000,2507276.8
2026-04-01,CC-201,Sales,Retail Stores,Türkiye,Forecast,Actual,Q2 2026 Rolling Forecast - Closed Actual,A6010,463846.21
2026-04-01,CC-201,Sales,Retail Stores,Türkiye,Forecast,Actual,Q2 2026 Rolling Forecast - Closed Actual,A6100,407664.34
2026-04-01,CC-201,Sales,Retail Stores,Türkiye,Forecast,Actual,Q2 2026 Rolling Forecast - Closed Actual,A6200,393083.02
2026-04-01,CC-201,Sales,Retail Stores,Türkiye,Forecast,Actual,Q2 2026 Rolling Forecast - Closed Actual,A6300,366943.99
2026-04-01,CC-201,Sales,Retail Stores,Türkiye,Forecast,Actual,Q2 2026 Rolling Forecast - Closed Actual,A6400,461270.51
2026-04-01,CC-201,Sales,Retail Stores,Türkiye,Forecast,Actual,Q2 2026 Rolling Forecast - Closed Actual,A6500,94430.05
2026-04-01,CC-201,Sales,Retail Stores,Türkiye,Forecast,Actual,Q2 2026 Rolling Forecast - Closed Actual,A6600,63304.19
2026-04-01,CC-201,Sales,Retail Stores,Türkiye,Forecast,Actual,Q2 2026 Rolling Forecast - Closed Actual,A6700,107500.0
2026-04-01,CC-202,Sales,Retail Stores,Türkiye,Forecast,Actual,Q2 2026 Rolling Forecast - Closed Actual,A4010,15289901.14
2026-04-01,CC-202,Sales,Retail Stores,Türkiye,Forecast,Actual,Q2 2026 Rolling Forecast - Closed Actual,A5000,7224315.85
2026-04-01,CC-202,Sales,Retail Stores,Türkiye,Forecast,Actual,Q2 2026 Rolling Forecast - Closed Actual,A5010,274786.96
2026-04-01,CC-202,Sales,Retail Stores,Türkiye,Forecast,Actual,Q2 2026 Rolling Forecast - Closed Actual,A5020,417334.01
2026-04-01,CC-202,Sales,Retail Stores,Türkiye,Forecast,Actual,Q2 2026 Rolling Forecast - Closed Actual,A6000,1821857.17
2026-04-01,CC-202,Sales,Retail Stores,Türkiye,Forecast,Actual,Q2 2026 Rolling Forecast - Closed Actual,A6010,337043.58
2026-04-01,CC-202,Sales,Retail Stores,Türkiye,Forecast,Actual,Q2 2026 Rolling Forecast - Closed Actual,A6100,304519.84
2026-04-01,CC-202,Sales,Retail Stores,Türkiye,Forecast,Actual,Q2 2026 Rolling Forecast - Closed Actual,A6200,268739.82
2026-04-01,CC-202,Sales,Retail Stores,Türkiye,Forecast,Actual,Q2 2026 Rolling Forecast - Closed Actual,A6300,277278.5
2026-04-01,CC-202,Sales,Retail Stores,Türkiye,Forecast,Actual,Q2 2026 Rolling Forecast - Closed Actual,A6400,359831.65
2026-04-01,CC-202,Sales,Retail Stores,Türkiye,Forecast,Actual,Q2 2026 Rolling Forecast - Closed Actual,A6500,76069.04
2026-04-01,CC-202,Sales,Retail Stores,Türkiye,Forecast,Actual,Q2 2026 Rolling Forecast - Closed Actual,A6600,49540.38
2026-04-01,CC-202,Sales,Retail Stores,Türkiye,Forecast,Actual,Q2 2026 Rolling Forecast - Closed Actual,A6700,134166.67
2026-04-01,CC-301,Sales,Wholesale,Türkiye,Forecast,Actual,Q2 2026 Rolling Forecast - Closed Actual,A4020,20695029.19
2026-04-01,CC-301,Sales,Wholesale,Türkiye,Forecast,Actual,Q2 2026 Rolling Forecast - Closed Actual,A5000,11682516.62
2026-04-01,CC-301,Sales,Wholesale,Türkiye,Forecast,Actual,Q2 2026 Rolling Forecast - Closed Actual,A5010,207124.46
2026-04-01,CC-301,Sales,Wholesale,Türkiye,Forecast,Actual,Q2 2026 Rolling Forecast - Closed Actual,A5020,309630.46
2026-04-01,CC-301,Sales,Wholesale,Türkiye,Forecast,Actual,Q2 2026 Rolling Forecast - Closed Actual,A6000,1217002.04
2026-04-01,CC-301,Sales,Wholesale,Türkiye,Forecast,Actual,Q2 2026 Rolling Forecast - Closed Actual,A6010,225145.38
2026-04-01,CC-301,Sales,Wholesale,Türkiye,Forecast,Actual,Q2 2026 Rolling Forecast - Closed Actual,A6100,417270.61
2026-04-01,CC-301,Sales,Wholesale,Türkiye,Forecast,Actual,Q2 2026 Rolling Forecast - Closed Actual,A6200,208494.6
2026-04-01,CC-301,Sales,Wholesale,Türkiye,Forecast,Actual,Q2 2026 Rolling Forecast - Closed Actual,A6300,149834.0
2026-04-01,CC-301,Sales,Wholesale,Türkiye,Forecast,Actual,Q2 2026 Rolling Forecast - Closed Actual,A6400,75743.99
2026-04-01,CC-301,Sales,Wholesale,Türkiye,Forecast,Actual,Q2 2026 Rolling Forecast - Closed Actual,A6500,37645.01
2026-04-01,CC-301,Sales,Wholesale,Türkiye,Forecast,Actual,Q2 2026 Rolling Forecast - Closed Actual,A6600,24131.12
2026-04-01,CC-302,Sales,Wholesale,Europe,Forecast,Actual,Q2 2026 Rolling Forecast - Closed Actual,A4020,18058788.38
2026-04-01,CC-302,Sales,Wholesale,Europe,Forecast,Actual,Q2 2026 Rolling Forecast - Closed Actual,A5000,10732366.75
2026-04-01,CC-302,Sales,Wholesale,Europe,Forecast,Actual,Q2 2026 Rolling Forecast - Closed Actual,A5010,213963.31
2026-04-01,CC-302,Sales,Wholesale,Europe,Forecast,Actual,Q2 2026 Rolling Forecast - Closed Actual,A5020,324264.81
2026-04-01,CC-302,Sales,Wholesale,Europe,Forecast,Actual,Q2 2026 Rolling Forecast - Closed Actual,A6000,942910.69
2026-04-01,CC-302,Sales,Wholesale,Europe,Forecast,Actual,Q2 2026 Rolling Forecast - Closed Actual,A6010,174438.48
2026-04-01,CC-302,Sales,Wholesale,Europe,Forecast,Actual,Q2 2026 Rolling Forecast - Closed Actual,A6100,360533.85
2026-04-01,CC-302,Sales,Wholesale,Europe,Forecast,Actual,Q2 2026 Rolling Forecast - Closed Actual,A6200,181475.14
2026-04-01,CC-302,Sales,Wholesale,Europe,Forecast,Actual,Q2 2026 Rolling Forecast - Closed Actual,A6300,115478.95
2026-04-01,CC-302,Sales,Wholesale,Europe,Forecast,Actual,Q2 2026 Rolling Forecast - Closed Actual,A6400,59646.45
2026-04-01,CC-302,Sales,Wholesale,Europe,Forecast,Actual,Q2 2026 Rolling Forecast - Closed Actual,A6500,32864.1
2026-04-01,CC-302,Sales,Wholesale,Europe,Forecast,Actual,Q2 2026 Rolling Forecast - Closed Actual,A6600,20923.46
2026-04-01,CC-401,Customer Success,Subscription Services,Türkiye,Forecast,Actual,Q2 2026 Rolling Forecast - Closed Actual,A4030,8121340.74
2026-04-01,CC-401,Customer Success,Subscription Services,Türkiye,Forecast,Actual,Q2 2026 Rolling Forecast - Closed Actual,A5000,1699023.55
2026-04-01,CC-401,Customer Success,Subscription Services,Türkiye,Forecast,Actual,Q2 2026 Rolling Forecast - Closed Actual,A5010,198080.4
2026-04-01,CC-401,Customer Success,Subscription Services,Türkiye,Forecast,Actual,Q2 2026 Rolling Forecast - Closed Actual,A5020,150519.73
2026-04-01,CC-401,Customer Success,Subscription Services,Türkiye,Forecast,Actual,Q2 2026 Rolling Forecast - Closed Actual,A6000,1610935.12
2026-04-01,CC-401,Customer Success,Subscription Services,Türkiye,Forecast,Actual,Q2 2026 Rolling Forecast - Closed Actual,A6010,298023.0
2026-04-01,CC-401,Customer Success,Subscription Services,Türkiye,Forecast,Actual,Q2 2026 Rolling Forecast - Closed Actual,A6100,448791.66
2026-04-01,CC-401,Customer Success,Subscription Services,Türkiye,Forecast,Actual,Q2 2026 Rolling Forecast - Closed Actual,A6200,81629.17
2026-04-01,CC-401,Customer Success,Subscription Services,Türkiye,Forecast,Actual,Q2 2026 Rolling Forecast - Closed Actual,A6300,911044.88
2026-04-01,CC-401,Customer Success,Subscription Services,Türkiye,Forecast,Actual,Q2 2026 Rolling Forecast - Closed Actual,A6400,96221.35
2026-04-01,CC-401,Customer Success,Subscription Services,Türkiye,Forecast,Actual,Q2 2026 Rolling Forecast - Closed Actual,A6500,53393.89
2026-04-01,CC-401,Customer Success,Subscription Services,Türkiye,Forecast,Actual,Q2 2026 Rolling Forecast - Closed Actual,A6600,31990.67
2026-04-01,CC-401,Customer Success,Subscription Services,Türkiye,Forecast,Actual,Q2 2026 Rolling Forecast - Closed Actual,A6700,194791.67
2026-04-01,CC-501,Marketing,Shared Services,Global,Forecast,Actual,Q2 2026 Rolling Forecast - Closed Actual,A6000,1831913.41
2026-04-01,CC-501,Marketing,Shared Services,Global,Forecast,Actual,Q2 2026 Rolling Forecast - Closed Actual,A6010,338903.98
2026-04-01,CC-501,Marketing,Shared Services,Global,Forecast,Actual,Q2 2026 Rolling Forecast - Closed Actual,A6100,4572934.75
2026-04-01,CC-501,Marketing,Shared Services,Global,Forecast,Actual,Q2 2026 Rolling Forecast - Closed Actual,A6300,299333.61
2026-04-01,CC-501,Marketing,Shared Services,Global,Forecast,Actual,Q2 2026 Rolling Forecast - Closed Actual,A6400,107243.92
2026-04-01,CC-501,Marketing,Shared Services,Global,Forecast,Actual,Q2 2026 Rolling Forecast - Closed Actual,A6500,395472.11
2026-04-01,CC-501,Marketing,Shared Services,Global,Forecast,Actual,Q2 2026 Rolling Forecast - Closed Actual,A6600,184936.6
2026-04-01,CC-601,Operations,Shared Services,Türkiye,Forecast,Actual,Q2 2026 Rolling Forecast - Closed Actual,A6000,2616836.56
2026-04-01,CC-601,Operations,Shared Services,Türkiye,Forecast,Actual,Q2 2026 Rolling Forecast - Closed Actual,A6010,484114.76
2026-04-01,CC-601,Operations,Shared Services,Türkiye,Forecast,Actual,Q2 2026 Rolling Forecast - Closed Actual,A6200,5225822.36
2026-04-01,CC-601,Operations,Shared Services,Türkiye,Forecast,Actual,Q2 2026 Rolling Forecast - Closed Actual,A6300,513643.62
2026-04-01,CC-601,Operations,Shared Services,Türkiye,Forecast,Actual,Q2 2026 Rolling Forecast - Closed Actual,A6400,1389725.26
2026-04-01,CC-601,Operations,Shared Services,Türkiye,Forecast,Actual,Q2 2026 Rolling Forecast - Closed Actual,A6500,293578.99
2026-04-01,CC-601,Operations,Shared Services,Türkiye,Forecast,Actual,Q2 2026 Rolling Forecast - Closed Actual,A6600,145051.11
2026-04-01,CC-601,Operations,Shared Services,Türkiye,Forecast,Actual,Q2 2026 Rolling Forecast - Closed Actual,A6700,220833.33
2026-04-01,CC-701,Technology,Shared Services,Global,Forecast,Actual,Q2 2026 Rolling Forecast - Closed Actual,A6000,2697197.73
2026-04-01,CC-701,Technology,Shared Services,Global,Forecast,Actual,Q2 2026 Rolling Forecast - Closed Actual,A6010,498981.58
2026-04-01,CC-701,Technology,Shared Services,Global,Forecast,Actual,Q2 2026 Rolling Forecast - Closed Actual,A6300,4532431.87
2026-04-01,CC-701,Technology,Shared Services,Global,Forecast,Actual,Q2 2026 Rolling Forecast - Closed Actual,A6400,313341.16
2026-04-01,CC-701,Technology,Shared Services,Global,Forecast,Actual,Q2 2026 Rolling Forecast - Closed Actual,A6500,1130459.61
2026-04-01,CC-701,Technology,Shared Services,Global,Forecast,Actual,Q2 2026 Rolling Forecast - Closed Actual,A6600,242257.03
2026-04-01,CC-701,Technology,Shared Services,Global,Forecast,Actual,Q2 2026 Rolling Forecast - Closed Actual,A6700,426041.67
2026-04-01,CC-801,Finance & Corporate,Shared Services,Global,Forecast,Actual,Q2 2026 Rolling Forecast - Closed Actual,A6000,2342342.05
2026-04-01,CC-801,Finance & Corporate,Shared Services,Global,Forecast,Actual,Q2 2026 Rolling Forecast - Closed Actual,A6010,433333.28
2026-04-01,CC-801,Finance & Corporate,Shared Services,Global,Forecast,Actual,Q2 2026 Rolling Forecast - Closed Actual,A6300,793785.28
2026-04-01,CC-801,Finance & Corporate,Shared Services,Global,Forecast,Actual,Q2 2026 Rolling Forecast - Closed Actual,A6400,1616095.38
2026-04-01,CC-801,Finance & Corporate,Shared Services,Global,Forecast,Actual,Q2 2026 Rolling Forecast - Closed Actual,A6500,1697511.7
2026-04-01,CC-801,Finance & Corporate,Shared Services,Global,Forecast,Actual,Q2 2026 Rolling Forecast - Closed Actual,A6600,404589.79
2026-04-01,CC-801,Finance & Corporate,Shared Services,Global,Forecast,Actual,Q2 2026 Rolling Forecast - Closed Actual,A6700,170000.0
2026-04-01,CC-801,Finance & Corporate,Shared Services,Global,Forecast,Actual,Q2 2026 Rolling Forecast - Closed Actual,A6800,500226.72
2026-04-01,CC-801,Finance & Corporate,Shared Services,Global,Forecast,Actual,Q2 2026 Rolling Forecast - Closed Actual,A6900,2490674.92
2026-05-01,CC-101,Sales,Digital Commerce,Türkiye,Forecast,Actual,Q2 2026 Rolling Forecast - Closed Actual,A4000,30317107.87
2026-05-01,CC-101,Sales,Digital Commerce,Türkiye,Forecast,Actual,Q2 2026 Rolling Forecast - Closed Actual,A5000,11509556.45
2026-05-01,CC-101,Sales,Digital Commerce,Türkiye,Forecast,Actual,Q2 2026 Rolling Forecast - Closed Actual,A5010,851025.18
2026-05-01,CC-101,Sales,Digital Commerce,Türkiye,Forecast,Actual,Q2 2026 Rolling Forecast - Closed Actual,A5020,901424.98
2026-05-01,CC-101,Sales,Digital Commerce,Türkiye,Forecast,Actual,Q2 2026 Rolling Forecast - Closed Actual,A6000,1957092.91
2026-05-01,CC-101,Sales,Digital Commerce,Türkiye,Forecast,Actual,Q2 2026 Rolling Forecast - Closed Actual,A6010,362062.19
2026-05-01,CC-101,Sales,Digital Commerce,Türkiye,Forecast,Actual,Q2 2026 Rolling Forecast - Closed Actual,A6100,1496143.59
2026-05-01,CC-101,Sales,Digital Commerce,Türkiye,Forecast,Actual,Q2 2026 Rolling Forecast - Closed Actual,A6200,531817.43
2026-05-01,CC-101,Sales,Digital Commerce,Türkiye,Forecast,Actual,Q2 2026 Rolling Forecast - Closed Actual,A6300,274142.09
2026-05-01,CC-101,Sales,Digital Commerce,Türkiye,Forecast,Actual,Q2 2026 Rolling Forecast - Closed Actual,A6400,134473.23
2026-05-01,CC-101,Sales,Digital Commerce,Türkiye,Forecast,Actual,Q2 2026 Rolling Forecast - Closed Actual,A6500,72871.62
2026-05-01,CC-101,Sales,Digital Commerce,Türkiye,Forecast,Actual,Q2 2026 Rolling Forecast - Closed Actual,A6600,45234.83
2026-05-01,CC-102,Sales,Digital Commerce,Europe,Forecast,Actual,Q2 2026 Rolling Forecast - Closed Actual,A4000,20269867.7
2026-05-01,CC-102,Sales,Digital Commerce,Europe,Forecast,Actual,Q2 2026 Rolling Forecast - Closed Actual,A5000,8186016.36
2026-05-01,CC-102,Sales,Digital Commerce,Europe,Forecast,Actual,Q2 2026 Rolling Forecast - Closed Actual,A5010,657719.71
2026-05-01,CC-102,Sales,Digital Commerce,Europe,Forecast,Actual,Q2 2026 Rolling Forecast - Closed Actual,A5020,640549.66
2026-05-01,CC-102,Sales,Digital Commerce,Europe,Forecast,Actual,Q2 2026 Rolling Forecast - Closed Actual,A6000,1524230.11
2026-05-01,CC-102,Sales,Digital Commerce,Europe,Forecast,Actual,Q2 2026 Rolling Forecast - Closed Actual,A6010,281982.57
2026-05-01,CC-102,Sales,Digital Commerce,Europe,Forecast,Actual,Q2 2026 Rolling Forecast - Closed Actual,A6100,1019556.07
2026-05-01,CC-102,Sales,Digital Commerce,Europe,Forecast,Actual,Q2 2026 Rolling Forecast - Closed Actual,A6200,368984.84
2026-05-01,CC-102,Sales,Digital Commerce,Europe,Forecast,Actual,Q2 2026 Rolling Forecast - Closed Actual,A6300,165565.74
2026-05-01,CC-102,Sales,Digital Commerce,Europe,Forecast,Actual,Q2 2026 Rolling Forecast - Closed Actual,A6400,83180.57
2026-05-01,CC-102,Sales,Digital Commerce,Europe,Forecast,Actual,Q2 2026 Rolling Forecast - Closed Actual,A6500,41410.09
2026-05-01,CC-102,Sales,Digital Commerce,Europe,Forecast,Actual,Q2 2026 Rolling Forecast - Closed Actual,A6600,28738.18
2026-05-01,CC-103,Sales,Digital Commerce,MENA,Forecast,Actual,Q2 2026 Rolling Forecast - Closed Actual,A4000,12809271.52
2026-05-01,CC-103,Sales,Digital Commerce,MENA,Forecast,Actual,Q2 2026 Rolling Forecast - Closed Actual,A5000,5374784.04
2026-05-01,CC-103,Sales,Digital Commerce,MENA,Forecast,Actual,Q2 2026 Rolling Forecast - Closed Actual,A5010,677732.74
2026-05-01,CC-103,Sales,Digital Commerce,MENA,Forecast,Actual,Q2 2026 Rolling Forecast - Closed Actual,A5020,454898.9
2026-05-01,CC-103,Sales,Digital Commerce,MENA,Forecast,Actual,Q2 2026 Rolling Forecast - Closed Actual,A6000,933932.35
2026-05-01,CC-103,Sales,Digital Commerce,MENA,Forecast,Actual,Q2 2026 Rolling Forecast - Closed Actual,A6010,172777.49
2026-05-01,CC-103,Sales,Digital Commerce,MENA,Forecast,Actual,Q2 2026 Rolling Forecast - Closed Actual,A6100,664660.16
2026-05-01,CC-103,Sales,Digital Commerce,MENA,Forecast,Actual,Q2 2026 Rolling Forecast - Closed Actual,A6200,225462.91
2026-05-01,CC-103,Sales,Digital Commerce,MENA,Forecast,Actual,Q2 2026 Rolling Forecast - Closed Actual,A6300,106371.75
2026-05-01,CC-103,Sales,Digital Commerce,MENA,Forecast,Actual,Q2 2026 Rolling Forecast - Closed Actual,A6400,52732.95
2026-05-01,CC-103,Sales,Digital Commerce,MENA,Forecast,Actual,Q2 2026 Rolling Forecast - Closed Actual,A6500,29411.09
2026-05-01,CC-103,Sales,Digital Commerce,MENA,Forecast,Actual,Q2 2026 Rolling Forecast - Closed Actual,A6600,18330.81
2026-05-01,CC-201,Sales,Retail Stores,Türkiye,Forecast,Actual,Q2 2026 Rolling Forecast - Closed Actual,A4010,22782166.23
2026-05-01,CC-201,Sales,Retail Stores,Türkiye,Forecast,Actual,Q2 2026 Rolling Forecast - Closed Actual,A5000,10478961.91
2026-05-01,CC-201,Sales,Retail Stores,Türkiye,Forecast,Actual,Q2 2026 Rolling Forecast - Closed Actual,A5010,450886.25
2026-05-01,CC-201,Sales,Retail Stores,Türkiye,Forecast,Actual,Q2 2026 Rolling Forecast - Closed Actual,A5020,570840.63
2026-05-01,CC-201,Sales,Retail Stores,Türkiye,Forecast,Actual,Q2 2026 Rolling Forecast - Closed Actual,A6000,2539551.11
2026-05-01,CC-201,Sales,Retail Stores,Türkiye,Forecast,Actual,Q2 2026 Rolling Forecast - Closed Actual,A6010,469816.96
2026-05-01,CC-201,Sales,Retail Stores,Türkiye,Forecast,Actual,Q2 2026 Rolling Forecast - Closed Actual,A6100,454634.44
2026-05-01,CC-201,Sales,Retail Stores,Türkiye,Forecast,Actual,Q2 2026 Rolling Forecast - Closed Actual,A6200,407988.93
2026-05-01,CC-201,Sales,Retail Stores,Türkiye,Forecast,Actual,Q2 2026 Rolling Forecast - Closed Actual,A6300,361317.72
2026-05-01,CC-201,Sales,Retail Stores,Türkiye,Forecast,Actual,Q2 2026 Rolling Forecast - Closed Actual,A6400,463675.85
2026-05-01,CC-201,Sales,Retail Stores,Türkiye,Forecast,Actual,Q2 2026 Rolling Forecast - Closed Actual,A6500,105551.6
2026-05-01,CC-201,Sales,Retail Stores,Türkiye,Forecast,Actual,Q2 2026 Rolling Forecast - Closed Actual,A6600,63351.73
2026-05-01,CC-201,Sales,Retail Stores,Türkiye,Forecast,Actual,Q2 2026 Rolling Forecast - Closed Actual,A6700,107500.0
2026-05-01,CC-202,Sales,Retail Stores,Türkiye,Forecast,Actual,Q2 2026 Rolling Forecast - Closed Actual,A4010,16216788.41
2026-05-01,CC-202,Sales,Retail Stores,Türkiye,Forecast,Actual,Q2 2026 Rolling Forecast - Closed Actual,A5000,7591763.66
2026-05-01,CC-202,Sales,Retail Stores,Türkiye,Forecast,Actual,Q2 2026 Rolling Forecast - Closed Actual,A5010,296082.91
2026-05-01,CC-202,Sales,Retail Stores,Türkiye,Forecast,Actual,Q2 2026 Rolling Forecast - Closed Actual,A5020,431121.09
2026-05-01,CC-202,Sales,Retail Stores,Türkiye,Forecast,Actual,Q2 2026 Rolling Forecast - Closed Actual,A6000,1797126.77
2026-05-01,CC-202,Sales,Retail Stores,Türkiye,Forecast,Actual,Q2 2026 Rolling Forecast - Closed Actual,A6010,332468.45
2026-05-01,CC-202,Sales,Retail Stores,Türkiye,Forecast,Actual,Q2 2026 Rolling Forecast - Closed Actual,A6100,320459.98
2026-05-01,CC-202,Sales,Retail Stores,Türkiye,Forecast,Actual,Q2 2026 Rolling Forecast - Closed Actual,A6200,284798.82
2026-05-01,CC-202,Sales,Retail Stores,Türkiye,Forecast,Actual,Q2 2026 Rolling Forecast - Closed Actual,A6300,291320.21
2026-05-01,CC-202,Sales,Retail Stores,Türkiye,Forecast,Actual,Q2 2026 Rolling Forecast - Closed Actual,A6400,366260.1
2026-05-01,CC-202,Sales,Retail Stores,Türkiye,Forecast,Actual,Q2 2026 Rolling Forecast - Closed Actual,A6500,81982.78
2026-05-01,CC-202,Sales,Retail Stores,Türkiye,Forecast,Actual,Q2 2026 Rolling Forecast - Closed Actual,A6600,49362.41
2026-05-01,CC-202,Sales,Retail Stores,Türkiye,Forecast,Actual,Q2 2026 Rolling Forecast - Closed Actual,A6700,134166.67
2026-05-01,CC-301,Sales,Wholesale,Türkiye,Forecast,Actual,Q2 2026 Rolling Forecast - Closed Actual,A4020,20156869.18
2026-05-01,CC-301,Sales,Wholesale,Türkiye,Forecast,Actual,Q2 2026 Rolling Forecast - Closed Actual,A5000,11529407.46
2026-05-01,CC-301,Sales,Wholesale,Türkiye,Forecast,Actual,Q2 2026 Rolling Forecast - Closed Actual,A5010,200445.27
2026-05-01,CC-301,Sales,Wholesale,Türkiye,Forecast,Actual,Q2 2026 Rolling Forecast - Closed Actual,A5020,298721.42
2026-05-01,CC-301,Sales,Wholesale,Türkiye,Forecast,Actual,Q2 2026 Rolling Forecast - Closed Actual,A6000,1257212.1
2026-05-01,CC-301,Sales,Wholesale,Türkiye,Forecast,Actual,Q2 2026 Rolling Forecast - Closed Actual,A6010,232584.24
2026-05-01,CC-301,Sales,Wholesale,Türkiye,Forecast,Actual,Q2 2026 Rolling Forecast - Closed Actual,A6100,405459.37
2026-05-01,CC-301,Sales,Wholesale,Türkiye,Forecast,Actual,Q2 2026 Rolling Forecast - Closed Actual,A6200,201331.0
2026-05-01,CC-301,Sales,Wholesale,Türkiye,Forecast,Actual,Q2 2026 Rolling Forecast - Closed Actual,A6300,151192.54
2026-05-01,CC-301,Sales,Wholesale,Türkiye,Forecast,Actual,Q2 2026 Rolling Forecast - Closed Actual,A6400,74484.89
2026-05-01,CC-301,Sales,Wholesale,Türkiye,Forecast,Actual,Q2 2026 Rolling Forecast - Closed Actual,A6500,38995.72
2026-05-01,CC-301,Sales,Wholesale,Türkiye,Forecast,Actual,Q2 2026 Rolling Forecast - Closed Actual,A6600,25291.53
2026-05-01,CC-302,Sales,Wholesale,Europe,Forecast,Actual,Q2 2026 Rolling Forecast - Closed Actual,A4020,16512880.23
2026-05-01,CC-302,Sales,Wholesale,Europe,Forecast,Actual,Q2 2026 Rolling Forecast - Closed Actual,A5000,9824829.4
2026-05-01,CC-302,Sales,Wholesale,Europe,Forecast,Actual,Q2 2026 Rolling Forecast - Closed Actual,A5010,196779.23
2026-05-01,CC-302,Sales,Wholesale,Europe,Forecast,Actual,Q2 2026 Rolling Forecast - Closed Actual,A5020,294889.0
2026-05-01,CC-302,Sales,Wholesale,Europe,Forecast,Actual,Q2 2026 Rolling Forecast - Closed Actual,A6000,960446.54
2026-05-01,CC-302,Sales,Wholesale,Europe,Forecast,Actual,Q2 2026 Rolling Forecast - Closed Actual,A6010,177682.61
2026-05-01,CC-302,Sales,Wholesale,Europe,Forecast,Actual,Q2 2026 Rolling Forecast - Closed Actual,A6100,332133.41
2026-05-01,CC-302,Sales,Wholesale,Europe,Forecast,Actual,Q2 2026 Rolling Forecast - Closed Actual,A6200,166125.44
2026-05-01,CC-302,Sales,Wholesale,Europe,Forecast,Actual,Q2 2026 Rolling Forecast - Closed Actual,A6300,118982.02
2026-05-01,CC-302,Sales,Wholesale,Europe,Forecast,Actual,Q2 2026 Rolling Forecast - Closed Actual,A6400,60761.56
2026-05-01,CC-302,Sales,Wholesale,Europe,Forecast,Actual,Q2 2026 Rolling Forecast - Closed Actual,A6500,34066.22
2026-05-01,CC-302,Sales,Wholesale,Europe,Forecast,Actual,Q2 2026 Rolling Forecast - Closed Actual,A6600,20356.59
2026-05-01,CC-401,Customer Success,Subscription Services,Türkiye,Forecast,Actual,Q2 2026 Rolling Forecast - Closed Actual,A4030,8438863.52
2026-05-01,CC-401,Customer Success,Subscription Services,Türkiye,Forecast,Actual,Q2 2026 Rolling Forecast - Closed Actual,A5000,1781304.53
2026-05-01,CC-401,Customer Success,Subscription Services,Türkiye,Forecast,Actual,Q2 2026 Rolling Forecast - Closed Actual,A5010,213990.04
2026-05-01,CC-401,Customer Success,Subscription Services,Türkiye,Forecast,Actual,Q2 2026 Rolling Forecast - Closed Actual,A5020,151661.14
2026-05-01,CC-401,Customer Success,Subscription Services,Türkiye,Forecast,Actual,Q2 2026 Rolling Forecast - Closed Actual,A6000,1619223.05
2026-05-01,CC-401,Customer Success,Subscription Services,Türkiye,Forecast,Actual,Q2 2026 Rolling Forecast - Closed Actual,A6010,299556.26
2026-05-01,CC-401,Customer Success,Subscription Services,Türkiye,Forecast,Actual,Q2 2026 Rolling Forecast - Closed Actual,A6100,454032.0
2026-05-01,CC-401,Customer Success,Subscription Services,Türkiye,Forecast,Actual,Q2 2026 Rolling Forecast - Closed Actual,A6200,85975.75
2026-05-01,CC-401,Customer Success,Subscription Services,Türkiye,Forecast,Actual,Q2 2026 Rolling Forecast - Closed Actual,A6300,891175.0
2026-05-01,CC-401,Customer Success,Subscription Services,Türkiye,Forecast,Actual,Q2 2026 Rolling Forecast - Closed Actual,A6400,97988.35
2026-05-01,CC-401,Customer Success,Subscription Services,Türkiye,Forecast,Actual,Q2 2026 Rolling Forecast - Closed Actual,A6500,53186.23
2026-05-01,CC-401,Customer Success,Subscription Services,Türkiye,Forecast,Actual,Q2 2026 Rolling Forecast - Closed Actual,A6600,34154.08
2026-05-01,CC-401,Customer Success,Subscription Services,Türkiye,Forecast,Actual,Q2 2026 Rolling Forecast - Closed Actual,A6700,194791.67
2026-05-01,CC-501,Marketing,Shared Services,Global,Forecast,Actual,Q2 2026 Rolling Forecast - Closed Actual,A6000,1844315.55
2026-05-01,CC-501,Marketing,Shared Services,Global,Forecast,Actual,Q2 2026 Rolling Forecast - Closed Actual,A6010,341198.38
2026-05-01,CC-501,Marketing,Shared Services,Global,Forecast,Actual,Q2 2026 Rolling Forecast - Closed Actual,A6100,4527687.82
2026-05-01,CC-501,Marketing,Shared Services,Global,Forecast,Actual,Q2 2026 Rolling Forecast - Closed Actual,A6300,299767.3
2026-05-01,CC-501,Marketing,Shared Services,Global,Forecast,Actual,Q2 2026 Rolling Forecast - Closed Actual,A6400,109418.76
2026-05-01,CC-501,Marketing,Shared Services,Global,Forecast,Actual,Q2 2026 Rolling Forecast - Closed Actual,A6500,407224.17
2026-05-01,CC-501,Marketing,Shared Services,Global,Forecast,Actual,Q2 2026 Rolling Forecast - Closed Actual,A6600,176149.07
2026-05-01,CC-601,Operations,Shared Services,Türkiye,Forecast,Actual,Q2 2026 Rolling Forecast - Closed Actual,A6000,2633517.09
2026-05-01,CC-601,Operations,Shared Services,Türkiye,Forecast,Actual,Q2 2026 Rolling Forecast - Closed Actual,A6010,487200.66
2026-05-01,CC-601,Operations,Shared Services,Türkiye,Forecast,Actual,Q2 2026 Rolling Forecast - Closed Actual,A6200,5270008.37
2026-05-01,CC-601,Operations,Shared Services,Türkiye,Forecast,Actual,Q2 2026 Rolling Forecast - Closed Actual,A6300,517549.3
2026-05-01,CC-601,Operations,Shared Services,Türkiye,Forecast,Actual,Q2 2026 Rolling Forecast - Closed Actual,A6400,1397912.32
2026-05-01,CC-601,Operations,Shared Services,Türkiye,Forecast,Actual,Q2 2026 Rolling Forecast - Closed Actual,A6500,319376.52
2026-05-01,CC-601,Operations,Shared Services,Türkiye,Forecast,Actual,Q2 2026 Rolling Forecast - Closed Actual,A6600,147952.27
2026-05-01,CC-601,Operations,Shared Services,Türkiye,Forecast,Actual,Q2 2026 Rolling Forecast - Closed Actual,A6700,220833.33
2026-05-01,CC-701,Technology,Shared Services,Global,Forecast,Actual,Q2 2026 Rolling Forecast - Closed Actual,A6000,2637327.11
2026-05-01,CC-701,Technology,Shared Services,Global,Forecast,Actual,Q2 2026 Rolling Forecast - Closed Actual,A6010,487905.52
2026-05-01,CC-701,Technology,Shared Services,Global,Forecast,Actual,Q2 2026 Rolling Forecast - Closed Actual,A6300,4462392.97
2026-05-01,CC-701,Technology,Shared Services,Global,Forecast,Actual,Q2 2026 Rolling Forecast - Closed Actual,A6400,313541.49
2026-05-01,CC-701,Technology,Shared Services,Global,Forecast,Actual,Q2 2026 Rolling Forecast - Closed Actual,A6500,1224959.86
2026-05-01,CC-701,Technology,Shared Services,Global,Forecast,Actual,Q2 2026 Rolling Forecast - Closed Actual,A6600,229957.84
2026-05-01,CC-701,Technology,Shared Services,Global,Forecast,Actual,Q2 2026 Rolling Forecast - Closed Actual,A6700,426041.67
2026-05-01,CC-801,Finance & Corporate,Shared Services,Global,Forecast,Actual,Q2 2026 Rolling Forecast - Closed Actual,A6000,2322922.01
2026-05-01,CC-801,Finance & Corporate,Shared Services,Global,Forecast,Actual,Q2 2026 Rolling Forecast - Closed Actual,A6010,429740.57
2026-05-01,CC-801,Finance & Corporate,Shared Services,Global,Forecast,Actual,Q2 2026 Rolling Forecast - Closed Actual,A6300,816722.38
2026-05-01,CC-801,Finance & Corporate,Shared Services,Global,Forecast,Actual,Q2 2026 Rolling Forecast - Closed Actual,A6400,1640125.86
2026-05-01,CC-801,Finance & Corporate,Shared Services,Global,Forecast,Actual,Q2 2026 Rolling Forecast - Closed Actual,A6500,1568324.41
2026-05-01,CC-801,Finance & Corporate,Shared Services,Global,Forecast,Actual,Q2 2026 Rolling Forecast - Closed Actual,A6600,389856.17
2026-05-01,CC-801,Finance & Corporate,Shared Services,Global,Forecast,Actual,Q2 2026 Rolling Forecast - Closed Actual,A6700,170000.0
2026-05-01,CC-801,Finance & Corporate,Shared Services,Global,Forecast,Actual,Q2 2026 Rolling Forecast - Closed Actual,A6800,500226.72
2026-05-01,CC-801,Finance & Corporate,Shared Services,Global,Forecast,Actual,Q2 2026 Rolling Forecast - Closed Actual,A6900,2602144.74
2026-06-01,CC-101,Sales,Digital Commerce,Türkiye,Forecast,Actual,Q2 2026 Rolling Forecast - Closed Actual,A4000,32042432.82
2026-06-01,CC-101,Sales,Digital Commerce,Türkiye,Forecast,Actual,Q2 2026 Rolling Forecast - Closed Actual,A5000,12131564.96
2026-06-01,CC-101,Sales,Digital Commerce,Türkiye,Forecast,Actual,Q2 2026 Rolling Forecast - Closed Actual,A5010,891425.64
2026-06-01,CC-101,Sales,Digital Commerce,Türkiye,Forecast,Actual,Q2 2026 Rolling Forecast - Closed Actual,A5020,936712.35
2026-06-01,CC-101,Sales,Digital Commerce,Türkiye,Forecast,Actual,Q2 2026 Rolling Forecast - Closed Actual,A6000,1881984.95
2026-06-01,CC-101,Sales,Digital Commerce,Türkiye,Forecast,Actual,Q2 2026 Rolling Forecast - Closed Actual,A6010,348167.22
2026-06-01,CC-101,Sales,Digital Commerce,Türkiye,Forecast,Actual,Q2 2026 Rolling Forecast - Closed Actual,A6100,1619253.13
2026-06-01,CC-101,Sales,Digital Commerce,Türkiye,Forecast,Actual,Q2 2026 Rolling Forecast - Closed Actual,A6200,576590.32
2026-06-01,CC-101,Sales,Digital Commerce,Türkiye,Forecast,Actual,Q2 2026 Rolling Forecast - Closed Actual,A6300,274580.65
2026-06-01,CC-101,Sales,Digital Commerce,Türkiye,Forecast,Actual,Q2 2026 Rolling Forecast - Closed Actual,A6400,136492.14
2026-06-01,CC-101,Sales,Digital Commerce,Türkiye,Forecast,Actual,Q2 2026 Rolling Forecast - Closed Actual,A6500,72715.14
2026-06-01,CC-101,Sales,Digital Commerce,Türkiye,Forecast,Actual,Q2 2026 Rolling Forecast - Closed Actual,A6600,45268.08
2026-06-01,CC-102,Sales,Digital Commerce,Europe,Forecast,Actual,Q2 2026 Rolling Forecast - Closed Actual,A4000,20815871.21
2026-06-01,CC-102,Sales,Digital Commerce,Europe,Forecast,Actual,Q2 2026 Rolling Forecast - Closed Actual,A5000,8292660.67
2026-06-01,CC-102,Sales,Digital Commerce,Europe,Forecast,Actual,Q2 2026 Rolling Forecast - Closed Actual,A5010,659976.69
2026-06-01,CC-102,Sales,Digital Commerce,Europe,Forecast,Actual,Q2 2026 Rolling Forecast - Closed Actual,A5020,675996.1
2026-06-01,CC-102,Sales,Digital Commerce,Europe,Forecast,Actual,Q2 2026 Rolling Forecast - Closed Actual,A6000,1667472.14
2026-06-01,CC-102,Sales,Digital Commerce,Europe,Forecast,Actual,Q2 2026 Rolling Forecast - Closed Actual,A6010,308482.35
2026-06-01,CC-102,Sales,Digital Commerce,Europe,Forecast,Actual,Q2 2026 Rolling Forecast - Closed Actual,A6100,1013037.33
2026-06-01,CC-102,Sales,Digital Commerce,Europe,Forecast,Actual,Q2 2026 Rolling Forecast - Closed Actual,A6200,373847.6
2026-06-01,CC-102,Sales,Digital Commerce,Europe,Forecast,Actual,Q2 2026 Rolling Forecast - Closed Actual,A6300,169218.12
2026-06-01,CC-102,Sales,Digital Commerce,Europe,Forecast,Actual,Q2 2026 Rolling Forecast - Closed Actual,A6400,82116.08
2026-06-01,CC-102,Sales,Digital Commerce,Europe,Forecast,Actual,Q2 2026 Rolling Forecast - Closed Actual,A6500,44200.02
2026-06-01,CC-102,Sales,Digital Commerce,Europe,Forecast,Actual,Q2 2026 Rolling Forecast - Closed Actual,A6600,32492.55
2026-06-01,CC-103,Sales,Digital Commerce,MENA,Forecast,Actual,Q2 2026 Rolling Forecast - Closed Actual,A4000,13287379.38
2026-06-01,CC-103,Sales,Digital Commerce,MENA,Forecast,Actual,Q2 2026 Rolling Forecast - Closed Actual,A5000,5548403.94
2026-06-01,CC-103,Sales,Digital Commerce,MENA,Forecast,Actual,Q2 2026 Rolling Forecast - Closed Actual,A5010,697155.47
2026-06-01,CC-103,Sales,Digital Commerce,MENA,Forecast,Actual,Q2 2026 Rolling Forecast - Closed Actual,A5020,459701.01
2026-06-01,CC-103,Sales,Digital Commerce,MENA,Forecast,Actual,Q2 2026 Rolling Forecast - Closed Actual,A6000,1040226.46
2026-06-01,CC-103,Sales,Digital Commerce,MENA,Forecast,Actual,Q2 2026 Rolling Forecast - Closed Actual,A6010,192441.89
2026-06-01,CC-103,Sales,Digital Commerce,MENA,Forecast,Actual,Q2 2026 Rolling Forecast - Closed Actual,A6100,650827.32
2026-06-01,CC-103,Sales,Digital Commerce,MENA,Forecast,Actual,Q2 2026 Rolling Forecast - Closed Actual,A6200,239127.41
2026-06-01,CC-103,Sales,Digital Commerce,MENA,Forecast,Actual,Q2 2026 Rolling Forecast - Closed Actual,A6300,106524.18
2026-06-01,CC-103,Sales,Digital Commerce,MENA,Forecast,Actual,Q2 2026 Rolling Forecast - Closed Actual,A6400,52286.4
2026-06-01,CC-103,Sales,Digital Commerce,MENA,Forecast,Actual,Q2 2026 Rolling Forecast - Closed Actual,A6500,27872.85
2026-06-01,CC-103,Sales,Digital Commerce,MENA,Forecast,Actual,Q2 2026 Rolling Forecast - Closed Actual,A6600,17804.84
2026-06-01,CC-201,Sales,Retail Stores,Türkiye,Forecast,Actual,Q2 2026 Rolling Forecast - Closed Actual,A4010,24290119.87
2026-06-01,CC-201,Sales,Retail Stores,Türkiye,Forecast,Actual,Q2 2026 Rolling Forecast - Closed Actual,A5000,11206714.5
2026-06-01,CC-201,Sales,Retail Stores,Türkiye,Forecast,Actual,Q2 2026 Rolling Forecast - Closed Actual,A5010,483122.94
2026-06-01,CC-201,Sales,Retail Stores,Türkiye,Forecast,Actual,Q2 2026 Rolling Forecast - Closed Actual,A5020,608630.6
2026-06-01,CC-201,Sales,Retail Stores,Türkiye,Forecast,Actual,Q2 2026 Rolling Forecast - Closed Actual,A6000,2515727.13
2026-06-01,CC-201,Sales,Retail Stores,Türkiye,Forecast,Actual,Q2 2026 Rolling Forecast - Closed Actual,A6010,465409.52
2026-06-01,CC-201,Sales,Retail Stores,Türkiye,Forecast,Actual,Q2 2026 Rolling Forecast - Closed Actual,A6100,494307.73
2026-06-01,CC-201,Sales,Retail Stores,Türkiye,Forecast,Actual,Q2 2026 Rolling Forecast - Closed Actual,A6200,438209.32
2026-06-01,CC-201,Sales,Retail Stores,Türkiye,Forecast,Actual,Q2 2026 Rolling Forecast - Closed Actual,A6300,366040.48
2026-06-01,CC-201,Sales,Retail Stores,Türkiye,Forecast,Actual,Q2 2026 Rolling Forecast - Closed Actual,A6400,462420.36
2026-06-01,CC-201,Sales,Retail Stores,Türkiye,Forecast,Actual,Q2 2026 Rolling Forecast - Closed Actual,A6500,102910.69
2026-06-01,CC-201,Sales,Retail Stores,Türkiye,Forecast,Actual,Q2 2026 Rolling Forecast - Closed Actual,A6600,61425.41
2026-06-01,CC-201,Sales,Retail Stores,Türkiye,Forecast,Actual,Q2 2026 Rolling Forecast - Closed Actual,A6700,107500.0
2026-06-01,CC-202,Sales,Retail Stores,Türkiye,Forecast,Actual,Q2 2026 Rolling Forecast - Closed Actual,A4010,17306722.76
2026-06-01,CC-202,Sales,Retail Stores,Türkiye,Forecast,Actual,Q2 2026 Rolling Forecast - Closed Actual,A5000,8137838.65
2026-06-01,CC-202,Sales,Retail Stores,Türkiye,Forecast,Actual,Q2 2026 Rolling Forecast - Closed Actual,A5010,314193.74
2026-06-01,CC-202,Sales,Retail Stores,Türkiye,Forecast,Actual,Q2 2026 Rolling Forecast - Closed Actual,A5020,463212.7
2026-06-01,CC-202,Sales,Retail Stores,Türkiye,Forecast,Actual,Q2 2026 Rolling Forecast - Closed Actual,A6000,1817101.31
2026-06-01,CC-202,Sales,Retail Stores,Türkiye,Forecast,Actual,Q2 2026 Rolling Forecast - Closed Actual,A6010,336163.74
2026-06-01,CC-202,Sales,Retail Stores,Türkiye,Forecast,Actual,Q2 2026 Rolling Forecast - Closed Actual,A6100,354847.73
2026-06-01,CC-202,Sales,Retail Stores,Türkiye,Forecast,Actual,Q2 2026 Rolling Forecast - Closed Actual,A6200,311770.37
2026-06-01,CC-202,Sales,Retail Stores,Türkiye,Forecast,Actual,Q2 2026 Rolling Forecast - Closed Actual,A6300,290853.09
2026-06-01,CC-202,Sales,Retail Stores,Türkiye,Forecast,Actual,Q2 2026 Rolling Forecast - Closed Actual,A6400,372994.92
2026-06-01,CC-202,Sales,Retail Stores,Türkiye,Forecast,Actual,Q2 2026 Rolling Forecast - Closed Actual,A6500,76812.65
2026-06-01,CC-202,Sales,Retail Stores,Türkiye,Forecast,Actual,Q2 2026 Rolling Forecast - Closed Actual,A6600,49623.34
2026-06-01,CC-202,Sales,Retail Stores,Türkiye,Forecast,Actual,Q2 2026 Rolling Forecast - Closed Actual,A6700,134166.67
2026-06-01,CC-301,Sales,Wholesale,Türkiye,Forecast,Actual,Q2 2026 Rolling Forecast - Closed Actual,A4020,18044548.38
2026-06-01,CC-301,Sales,Wholesale,Türkiye,Forecast,Actual,Q2 2026 Rolling Forecast - Closed Actual,A5000,10368397.41
2026-06-01,CC-301,Sales,Wholesale,Türkiye,Forecast,Actual,Q2 2026 Rolling Forecast - Closed Actual,A5010,181743.25
2026-06-01,CC-301,Sales,Wholesale,Türkiye,Forecast,Actual,Q2 2026 Rolling Forecast - Closed Actual,A5020,271465.71
2026-06-01,CC-301,Sales,Wholesale,Türkiye,Forecast,Actual,Q2 2026 Rolling Forecast - Closed Actual,A6000,1255894.17
2026-06-01,CC-301,Sales,Wholesale,Türkiye,Forecast,Actual,Q2 2026 Rolling Forecast - Closed Actual,A6010,232340.42
2026-06-01,CC-301,Sales,Wholesale,Türkiye,Forecast,Actual,Q2 2026 Rolling Forecast - Closed Actual,A6100,362367.96
2026-06-01,CC-301,Sales,Wholesale,Türkiye,Forecast,Actual,Q2 2026 Rolling Forecast - Closed Actual,A6200,179769.95
2026-06-01,CC-301,Sales,Wholesale,Türkiye,Forecast,Actual,Q2 2026 Rolling Forecast - Closed Actual,A6300,150021.92
2026-06-01,CC-301,Sales,Wholesale,Türkiye,Forecast,Actual,Q2 2026 Rolling Forecast - Closed Actual,A6400,75182.82
2026-06-01,CC-301,Sales,Wholesale,Türkiye,Forecast,Actual,Q2 2026 Rolling Forecast - Closed Actual,A6500,44067.05
2026-06-01,CC-301,Sales,Wholesale,Türkiye,Forecast,Actual,Q2 2026 Rolling Forecast - Closed Actual,A6600,22320.55
2026-06-01,CC-302,Sales,Wholesale,Europe,Forecast,Actual,Q2 2026 Rolling Forecast - Closed Actual,A4020,15369019.65
2026-06-01,CC-302,Sales,Wholesale,Europe,Forecast,Actual,Q2 2026 Rolling Forecast - Closed Actual,A5000,8984151.57
2026-06-01,CC-302,Sales,Wholesale,Europe,Forecast,Actual,Q2 2026 Rolling Forecast - Closed Actual,A5010,185394.54
2026-06-01,CC-302,Sales,Wholesale,Europe,Forecast,Actual,Q2 2026 Rolling Forecast - Closed Actual,A5020,273923.09
2026-06-01,CC-302,Sales,Wholesale,Europe,Forecast,Actual,Q2 2026 Rolling Forecast - Closed Actual,A6000,975291.15
2026-06-01,CC-302,Sales,Wholesale,Europe,Forecast,Actual,Q2 2026 Rolling Forecast - Closed Actual,A6010,180428.86
2026-06-01,CC-302,Sales,Wholesale,Europe,Forecast,Actual,Q2 2026 Rolling Forecast - Closed Actual,A6100,307443.92
2026-06-01,CC-302,Sales,Wholesale,Europe,Forecast,Actual,Q2 2026 Rolling Forecast - Closed Actual,A6200,157849.61
2026-06-01,CC-302,Sales,Wholesale,Europe,Forecast,Actual,Q2 2026 Rolling Forecast - Closed Actual,A6300,121984.61
2026-06-01,CC-302,Sales,Wholesale,Europe,Forecast,Actual,Q2 2026 Rolling Forecast - Closed Actual,A6400,60587.02
2026-06-01,CC-302,Sales,Wholesale,Europe,Forecast,Actual,Q2 2026 Rolling Forecast - Closed Actual,A6500,31264.08
2026-06-01,CC-302,Sales,Wholesale,Europe,Forecast,Actual,Q2 2026 Rolling Forecast - Closed Actual,A6600,18155.6
2026-06-01,CC-401,Customer Success,Subscription Services,Türkiye,Forecast,Actual,Q2 2026 Rolling Forecast - Closed Actual,A4030,8291553.7
2026-06-01,CC-401,Customer Success,Subscription Services,Türkiye,Forecast,Actual,Q2 2026 Rolling Forecast - Closed Actual,A5000,1747491.88
2026-06-01,CC-401,Customer Success,Subscription Services,Türkiye,Forecast,Actual,Q2 2026 Rolling Forecast - Closed Actual,A5010,207152.79
2026-06-01,CC-401,Customer Success,Subscription Services,Türkiye,Forecast,Actual,Q2 2026 Rolling Forecast - Closed Actual,A5020,144625.98
2026-06-01,CC-401,Customer Success,Subscription Services,Türkiye,Forecast,Actual,Q2 2026 Rolling Forecast - Closed Actual,A6000,1630045.2
2026-06-01,CC-401,Customer Success,Subscription Services,Türkiye,Forecast,Actual,Q2 2026 Rolling Forecast - Closed Actual,A6010,301558.36
2026-06-01,CC-401,Customer Success,Subscription Services,Türkiye,Forecast,Actual,Q2 2026 Rolling Forecast - Closed Actual,A6100,465624.97
2026-06-01,CC-401,Customer Success,Subscription Services,Türkiye,Forecast,Actual,Q2 2026 Rolling Forecast - Closed Actual,A6200,82614.28
2026-06-01,CC-401,Customer Success,Subscription Services,Türkiye,Forecast,Actual,Q2 2026 Rolling Forecast - Closed Actual,A6300,892769.15
2026-06-01,CC-401,Customer Success,Subscription Services,Türkiye,Forecast,Actual,Q2 2026 Rolling Forecast - Closed Actual,A6400,100108.07
2026-06-01,CC-401,Customer Success,Subscription Services,Türkiye,Forecast,Actual,Q2 2026 Rolling Forecast - Closed Actual,A6500,52740.55
2026-06-01,CC-401,Customer Success,Subscription Services,Türkiye,Forecast,Actual,Q2 2026 Rolling Forecast - Closed Actual,A6600,32334.88
2026-06-01,CC-401,Customer Success,Subscription Services,Türkiye,Forecast,Actual,Q2 2026 Rolling Forecast - Closed Actual,A6700,194791.67
2026-06-01,CC-501,Marketing,Shared Services,Global,Forecast,Actual,Q2 2026 Rolling Forecast - Closed Actual,A6000,1824880.54
2026-06-01,CC-501,Marketing,Shared Services,Global,Forecast,Actual,Q2 2026 Rolling Forecast - Closed Actual,A6010,337602.9
2026-06-01,CC-501,Marketing,Shared Services,Global,Forecast,Actual,Q2 2026 Rolling Forecast - Closed Actual,A6100,4650271.28
2026-06-01,CC-501,Marketing,Shared Services,Global,Forecast,Actual,Q2 2026 Rolling Forecast - Closed Actual,A6300,306074.96
2026-06-01,CC-501,Marketing,Shared Services,Global,Forecast,Actual,Q2 2026 Rolling Forecast - Closed Actual,A6400,110465.31
2026-06-01,CC-501,Marketing,Shared Services,Global,Forecast,Actual,Q2 2026 Rolling Forecast - Closed Actual,A6500,400726.36
2026-06-01,CC-501,Marketing,Shared Services,Global,Forecast,Actual,Q2 2026 Rolling Forecast - Closed Actual,A6600,177620.26
2026-06-01,CC-601,Operations,Shared Services,Türkiye,Forecast,Actual,Q2 2026 Rolling Forecast - Closed Actual,A6000,2601056.36
2026-06-01,CC-601,Operations,Shared Services,Türkiye,Forecast,Actual,Q2 2026 Rolling Forecast - Closed Actual,A6010,481195.43
2026-06-01,CC-601,Operations,Shared Services,Türkiye,Forecast,Actual,Q2 2026 Rolling Forecast - Closed Actual,A6200,5279382.87
2026-06-01,CC-601,Operations,Shared Services,Türkiye,Forecast,Actual,Q2 2026 Rolling Forecast - Closed Actual,A6300,528024.23
2026-06-01,CC-601,Operations,Shared Services,Türkiye,Forecast,Actual,Q2 2026 Rolling Forecast - Closed Actual,A6400,1426261.6
2026-06-01,CC-601,Operations,Shared Services,Türkiye,Forecast,Actual,Q2 2026 Rolling Forecast - Closed Actual,A6500,293457.97
2026-06-01,CC-601,Operations,Shared Services,Türkiye,Forecast,Actual,Q2 2026 Rolling Forecast - Closed Actual,A6600,134002.69
2026-06-01,CC-601,Operations,Shared Services,Türkiye,Forecast,Actual,Q2 2026 Rolling Forecast - Closed Actual,A6700,220833.33
2026-06-01,CC-701,Technology,Shared Services,Global,Forecast,Actual,Q2 2026 Rolling Forecast - Closed Actual,A6000,2688583.98
2026-06-01,CC-701,Technology,Shared Services,Global,Forecast,Actual,Q2 2026 Rolling Forecast - Closed Actual,A6010,497388.04
2026-06-01,CC-701,Technology,Shared Services,Global,Forecast,Actual,Q2 2026 Rolling Forecast - Closed Actual,A6300,4596623.3
2026-06-01,CC-701,Technology,Shared Services,Global,Forecast,Actual,Q2 2026 Rolling Forecast - Closed Actual,A6400,318322.38
2026-06-01,CC-701,Technology,Shared Services,Global,Forecast,Actual,Q2 2026 Rolling Forecast - Closed Actual,A6500,1219858.4
2026-06-01,CC-701,Technology,Shared Services,Global,Forecast,Actual,Q2 2026 Rolling Forecast - Closed Actual,A6600,253600.84
2026-06-01,CC-701,Technology,Shared Services,Global,Forecast,Actual,Q2 2026 Rolling Forecast - Closed Actual,A6700,426041.67
2026-06-01,CC-801,Finance & Corporate,Shared Services,Global,Forecast,Actual,Q2 2026 Rolling Forecast - Closed Actual,A6000,2318539.23
2026-06-01,CC-801,Finance & Corporate,Shared Services,Global,Forecast,Actual,Q2 2026 Rolling Forecast - Closed Actual,A6010,428929.76
2026-06-01,CC-801,Finance & Corporate,Shared Services,Global,Forecast,Actual,Q2 2026 Rolling Forecast - Closed Actual,A6300,802778.13
2026-06-01,CC-801,Finance & Corporate,Shared Services,Global,Forecast,Actual,Q2 2026 Rolling Forecast - Closed Actual,A6400,1647583.5
2026-06-01,CC-801,Finance & Corporate,Shared Services,Global,Forecast,Actual,Q2 2026 Rolling Forecast - Closed Actual,A6500,1721107.77
2026-06-01,CC-801,Finance & Corporate,Shared Services,Global,Forecast,Actual,Q2 2026 Rolling Forecast - Closed Actual,A6600,420285.3
2026-06-01,CC-801,Finance & Corporate,Shared Services,Global,Forecast,Actual,Q2 2026 Rolling Forecast - Closed Actual,A6700,170000.0
2026-06-01,CC-801,Finance & Corporate,Shared Services,Global,Forecast,Actual,Q2 2026 Rolling Forecast - Closed Actual,A6800,500226.72
2026-06-01,CC-801,Finance & Corporate,Shared Services,Global,Forecast,Actual,Q2 2026 Rolling Forecast - Closed Actual,A6900,2783849.01
2026-07-01,CC-101,Sales,Digital Commerce,Türkiye,Forecast,Forecast,Q2 2026 Rolling Forecast,A4000,30705934.74
2026-07-01,CC-101,Sales,Digital Commerce,Türkiye,Forecast,Forecast,Q2 2026 Rolling Forecast,A5000,11607564.08
2026-07-01,CC-101,Sales,Digital Commerce,Türkiye,Forecast,Forecast,Q2 2026 Rolling Forecast,A5010,854275.74
2026-07-01,CC-101,Sales,Digital Commerce,Türkiye,Forecast,Forecast,Q2 2026 Rolling Forecast,A5020,915101.97
2026-07-01,CC-101,Sales,Digital Commerce,Türkiye,Forecast,Forecast,Q2 2026 Rolling Forecast,A6000,1870990.8
2026-07-01,CC-101,Sales,Digital Commerce,Türkiye,Forecast,Forecast,Q2 2026 Rolling Forecast,A6010,346133.3
2026-07-01,CC-101,Sales,Digital Commerce,Türkiye,Forecast,Forecast,Q2 2026 Rolling Forecast,A6100,1488406.15
2026-07-01,CC-101,Sales,Digital Commerce,Türkiye,Forecast,Forecast,Q2 2026 Rolling Forecast,A6200,551001.14
2026-07-01,CC-101,Sales,Digital Commerce,Türkiye,Forecast,Forecast,Q2 2026 Rolling Forecast,A6300,256803.72
2026-07-01,CC-101,Sales,Digital Commerce,Türkiye,Forecast,Forecast,Q2 2026 Rolling Forecast,A6400,129967.07
2026-07-01,CC-101,Sales,Digital Commerce,Türkiye,Forecast,Forecast,Q2 2026 Rolling Forecast,A6500,70918.35
2026-07-01,CC-101,Sales,Digital Commerce,Türkiye,Forecast,Forecast,Q2 2026 Rolling Forecast,A6600,44265.2
2026-07-01,CC-102,Sales,Digital Commerce,Europe,Forecast,Forecast,Q2 2026 Rolling Forecast,A4000,20110423.59
2026-07-01,CC-102,Sales,Digital Commerce,Europe,Forecast,Forecast,Q2 2026 Rolling Forecast,A5000,8035619.11
2026-07-01,CC-102,Sales,Digital Commerce,Europe,Forecast,Forecast,Q2 2026 Rolling Forecast,A5010,641743.53
2026-07-01,CC-102,Sales,Digital Commerce,Europe,Forecast,Forecast,Q2 2026 Rolling Forecast,A5020,641097.5
2026-07-01,CC-102,Sales,Digital Commerce,Europe,Forecast,Forecast,Q2 2026 Rolling Forecast,A6000,1628595.3
2026-07-01,CC-102,Sales,Digital Commerce,Europe,Forecast,Forecast,Q2 2026 Rolling Forecast,A6010,301290.13
2026-07-01,CC-102,Sales,Digital Commerce,Europe,Forecast,Forecast,Q2 2026 Rolling Forecast,A6100,966291.8
2026-07-01,CC-102,Sales,Digital Commerce,Europe,Forecast,Forecast,Q2 2026 Rolling Forecast,A6200,362423.33
2026-07-01,CC-102,Sales,Digital Commerce,Europe,Forecast,Forecast,Q2 2026 Rolling Forecast,A6300,157470.45
2026-07-01,CC-102,Sales,Digital Commerce,Europe,Forecast,Forecast,Q2 2026 Rolling Forecast,A6400,79551.47
2026-07-01,CC-102,Sales,Digital Commerce,Europe,Forecast,Forecast,Q2 2026 Rolling Forecast,A6500,42103.17
2026-07-01,CC-102,Sales,Digital Commerce,Europe,Forecast,Forecast,Q2 2026 Rolling Forecast,A6600,26023.14
2026-07-01,CC-103,Sales,Digital Commerce,MENA,Forecast,Forecast,Q2 2026 Rolling Forecast,A4000,12174523.38
2026-07-01,CC-103,Sales,Digital Commerce,MENA,Forecast,Forecast,Q2 2026 Rolling Forecast,A5000,5075955.32
2026-07-01,CC-103,Sales,Digital Commerce,MENA,Forecast,Forecast,Q2 2026 Rolling Forecast,A5010,633829.6
2026-07-01,CC-103,Sales,Digital Commerce,MENA,Forecast,Forecast,Q2 2026 Rolling Forecast,A5020,425622.69
2026-07-01,CC-103,Sales,Digital Commerce,MENA,Forecast,Forecast,Q2 2026 Rolling Forecast,A6000,1035231.1
2026-07-01,CC-103,Sales,Digital Commerce,MENA,Forecast,Forecast,Q2 2026 Rolling Forecast,A6010,191517.75
2026-07-01,CC-103,Sales,Digital Commerce,MENA,Forecast,Forecast,Q2 2026 Rolling Forecast,A6100,591895.74
2026-07-01,CC-103,Sales,Digital Commerce,MENA,Forecast,Forecast,Q2 2026 Rolling Forecast,A6200,218900.76
2026-07-01,CC-103,Sales,Digital Commerce,MENA,Forecast,Forecast,Q2 2026 Rolling Forecast,A6300,101106.12
2026-07-01,CC-103,Sales,Digital Commerce,MENA,Forecast,Forecast,Q2 2026 Rolling Forecast,A6400,50494.49
2026-07-01,CC-103,Sales,Digital Commerce,MENA,Forecast,Forecast,Q2 2026 Rolling Forecast,A6500,26333.16
2026-07-01,CC-103,Sales,Digital Commerce,MENA,Forecast,Forecast,Q2 2026 Rolling Forecast,A6600,16453.25
2026-07-01,CC-201,Sales,Retail Stores,Türkiye,Forecast,Forecast,Q2 2026 Rolling Forecast,A4010,23932900.7
2026-07-01,CC-201,Sales,Retail Stores,Türkiye,Forecast,Forecast,Q2 2026 Rolling Forecast,A5000,10941857.59
2026-07-01,CC-201,Sales,Retail Stores,Türkiye,Forecast,Forecast,Q2 2026 Rolling Forecast,A5010,475141.1
2026-07-01,CC-201,Sales,Retail Stores,Türkiye,Forecast,Forecast,Q2 2026 Rolling Forecast,A5020,598182.91
2026-07-01,CC-201,Sales,Retail Stores,Türkiye,Forecast,Forecast,Q2 2026 Rolling Forecast,A6000,2509804.08
2026-07-01,CC-201,Sales,Retail Stores,Türkiye,Forecast,Forecast,Q2 2026 Rolling Forecast,A6010,464313.75
2026-07-01,CC-201,Sales,Retail Stores,Türkiye,Forecast,Forecast,Q2 2026 Rolling Forecast,A6100,463673.32
2026-07-01,CC-201,Sales,Retail Stores,Türkiye,Forecast,Forecast,Q2 2026 Rolling Forecast,A6200,430874.83
2026-07-01,CC-201,Sales,Retail Stores,Türkiye,Forecast,Forecast,Q2 2026 Rolling Forecast,A6300,347996.75
2026-07-01,CC-201,Sales,Retail Stores,Türkiye,Forecast,Forecast,Q2 2026 Rolling Forecast,A6400,439925.64
2026-07-01,CC-201,Sales,Retail Stores,Türkiye,Forecast,Forecast,Q2 2026 Rolling Forecast,A6500,90042.62
2026-07-01,CC-201,Sales,Retail Stores,Türkiye,Forecast,Forecast,Q2 2026 Rolling Forecast,A6600,56541.78
2026-07-01,CC-201,Sales,Retail Stores,Türkiye,Forecast,Forecast,Q2 2026 Rolling Forecast,A6700,107500.0
2026-07-01,CC-202,Sales,Retail Stores,Türkiye,Forecast,Forecast,Q2 2026 Rolling Forecast,A4010,17076305.52
2026-07-01,CC-202,Sales,Retail Stores,Türkiye,Forecast,Forecast,Q2 2026 Rolling Forecast,A5000,7994380.2
2026-07-01,CC-202,Sales,Retail Stores,Türkiye,Forecast,Forecast,Q2 2026 Rolling Forecast,A5010,306136.26
2026-07-01,CC-202,Sales,Retail Stores,Türkiye,Forecast,Forecast,Q2 2026 Rolling Forecast,A5020,456520.01
2026-07-01,CC-202,Sales,Retail Stores,Türkiye,Forecast,Forecast,Q2 2026 Rolling Forecast,A6000,1802817.03
2026-07-01,CC-202,Sales,Retail Stores,Türkiye,Forecast,Forecast,Q2 2026 Rolling Forecast,A6010,333521.15
2026-07-01,CC-202,Sales,Retail Stores,Türkiye,Forecast,Forecast,Q2 2026 Rolling Forecast,A6100,330344.3
2026-07-01,CC-202,Sales,Retail Stores,Türkiye,Forecast,Forecast,Q2 2026 Rolling Forecast,A6200,304687.51
2026-07-01,CC-202,Sales,Retail Stores,Türkiye,Forecast,Forecast,Q2 2026 Rolling Forecast,A6300,271584.87
2026-07-01,CC-202,Sales,Retail Stores,Türkiye,Forecast,Forecast,Q2 2026 Rolling Forecast,A6400,350523.36
2026-07-01,CC-202,Sales,Retail Stores,Türkiye,Forecast,Forecast,Q2 2026 Rolling Forecast,A6500,74599.24
2026-07-01,CC-202,Sales,Retail Stores,Türkiye,Forecast,Forecast,Q2 2026 Rolling Forecast,A6600,45070.89
2026-07-01,CC-202,Sales,Retail Stores,Türkiye,Forecast,Forecast,Q2 2026 Rolling Forecast,A6700,134166.67
2026-07-01,CC-301,Sales,Wholesale,Türkiye,Forecast,Forecast,Q2 2026 Rolling Forecast,A4020,17689715.47
2026-07-01,CC-301,Sales,Wholesale,Türkiye,Forecast,Forecast,Q2 2026 Rolling Forecast,A5000,10034981.35
2026-07-01,CC-301,Sales,Wholesale,Türkiye,Forecast,Forecast,Q2 2026 Rolling Forecast,A5010,176175.61
2026-07-01,CC-301,Sales,Wholesale,Türkiye,Forecast,Forecast,Q2 2026 Rolling Forecast,A5020,261948.92
2026-07-01,CC-301,Sales,Wholesale,Türkiye,Forecast,Forecast,Q2 2026 Rolling Forecast,A6000,1230915.01
2026-07-01,CC-301,Sales,Wholesale,Türkiye,Forecast,Forecast,Q2 2026 Rolling Forecast,A6010,227719.28
2026-07-01,CC-301,Sales,Wholesale,Türkiye,Forecast,Forecast,Q2 2026 Rolling Forecast,A6100,344035.02
2026-07-01,CC-301,Sales,Wholesale,Türkiye,Forecast,Forecast,Q2 2026 Rolling Forecast,A6200,176698.8
2026-07-01,CC-301,Sales,Wholesale,Türkiye,Forecast,Forecast,Q2 2026 Rolling Forecast,A6300,144402.83
2026-07-01,CC-301,Sales,Wholesale,Türkiye,Forecast,Forecast,Q2 2026 Rolling Forecast,A6400,71897.83
2026-07-01,CC-301,Sales,Wholesale,Türkiye,Forecast,Forecast,Q2 2026 Rolling Forecast,A6500,38576.86
2026-07-01,CC-301,Sales,Wholesale,Türkiye,Forecast,Forecast,Q2 2026 Rolling Forecast,A6600,24513.25
2026-07-01,CC-302,Sales,Wholesale,Europe,Forecast,Forecast,Q2 2026 Rolling Forecast,A4020,14575339.8
2026-07-01,CC-302,Sales,Wholesale,Europe,Forecast,Forecast,Q2 2026 Rolling Forecast,A5000,8546345.06
2026-07-01,CC-302,Sales,Wholesale,Europe,Forecast,Forecast,Q2 2026 Rolling Forecast,A5010,173007.44
2026-07-01,CC-302,Sales,Wholesale,Europe,Forecast,Forecast,Q2 2026 Rolling Forecast,A5020,260041.14
2026-07-01,CC-302,Sales,Wholesale,Europe,Forecast,Forecast,Q2 2026 Rolling Forecast,A6000,954432.54
2026-07-01,CC-302,Sales,Wholesale,Europe,Forecast,Forecast,Q2 2026 Rolling Forecast,A6010,176570.02
2026-07-01,CC-302,Sales,Wholesale,Europe,Forecast,Forecast,Q2 2026 Rolling Forecast,A6100,282496.67
2026-07-01,CC-302,Sales,Wholesale,Europe,Forecast,Forecast,Q2 2026 Rolling Forecast,A6200,145393.97
2026-07-01,CC-302,Sales,Wholesale,Europe,Forecast,Forecast,Q2 2026 Rolling Forecast,A6300,116344.28
2026-07-01,CC-302,Sales,Wholesale,Europe,Forecast,Forecast,Q2 2026 Rolling Forecast,A6400,57683.93
2026-07-01,CC-302,Sales,Wholesale,Europe,Forecast,Forecast,Q2 2026 Rolling Forecast,A6500,30875.91
2026-07-01,CC-302,Sales,Wholesale,Europe,Forecast,Forecast,Q2 2026 Rolling Forecast,A6600,19786.02
2026-07-01,CC-401,Customer Success,Subscription Services,Türkiye,Forecast,Forecast,Q2 2026 Rolling Forecast,A4030,8994158.5
2026-07-01,CC-401,Customer Success,Subscription Services,Türkiye,Forecast,Forecast,Q2 2026 Rolling Forecast,A5000,1880627.47
2026-07-01,CC-401,Customer Success,Subscription Services,Türkiye,Forecast,Forecast,Q2 2026 Rolling Forecast,A5010,223932.67
2026-07-01,CC-401,Customer Success,Subscription Services,Türkiye,Forecast,Forecast,Q2 2026 Rolling Forecast,A5020,161601.79
2026-07-01,CC-401,Customer Success,Subscription Services,Türkiye,Forecast,Forecast,Q2 2026 Rolling Forecast,A6000,1615970.56
2026-07-01,CC-401,Customer Success,Subscription Services,Türkiye,Forecast,Forecast,Q2 2026 Rolling Forecast,A6010,298954.55
2026-07-01,CC-401,Customer Success,Subscription Services,Türkiye,Forecast,Forecast,Q2 2026 Rolling Forecast,A6100,485294.11
2026-07-01,CC-401,Customer Success,Subscription Services,Türkiye,Forecast,Forecast,Q2 2026 Rolling Forecast,A6200,90545.86
2026-07-01,CC-401,Customer Success,Subscription Services,Türkiye,Forecast,Forecast,Q2 2026 Rolling Forecast,A6300,857286.48
2026-07-01,CC-401,Customer Success,Subscription Services,Türkiye,Forecast,Forecast,Q2 2026 Rolling Forecast,A6400,93361.98
2026-07-01,CC-401,Customer Success,Subscription Services,Türkiye,Forecast,Forecast,Q2 2026 Rolling Forecast,A6500,49736.59
2026-07-01,CC-401,Customer Success,Subscription Services,Türkiye,Forecast,Forecast,Q2 2026 Rolling Forecast,A6600,31350.53
2026-07-01,CC-401,Customer Success,Subscription Services,Türkiye,Forecast,Forecast,Q2 2026 Rolling Forecast,A6700,194791.67
2026-07-01,CC-501,Marketing,Shared Services,Global,Forecast,Forecast,Q2 2026 Rolling Forecast,A6000,1840691.34
2026-07-01,CC-501,Marketing,Shared Services,Global,Forecast,Forecast,Q2 2026 Rolling Forecast,A6010,340527.9
2026-07-01,CC-501,Marketing,Shared Services,Global,Forecast,Forecast,Q2 2026 Rolling Forecast,A6100,4494663.47
2026-07-01,CC-501,Marketing,Shared Services,Global,Forecast,Forecast,Q2 2026 Rolling Forecast,A6300,289764.66
2026-07-01,CC-501,Marketing,Shared Services,Global,Forecast,Forecast,Q2 2026 Rolling Forecast,A6400,103751.61
2026-07-01,CC-501,Marketing,Shared Services,Global,Forecast,Forecast,Q2 2026 Rolling Forecast,A6500,384781.16
2026-07-01,CC-501,Marketing,Shared Services,Global,Forecast,Forecast,Q2 2026 Rolling Forecast,A6600,176754.56
2026-07-01,CC-601,Operations,Shared Services,Türkiye,Forecast,Forecast,Q2 2026 Rolling Forecast,A6000,2613327.3
2026-07-01,CC-601,Operations,Shared Services,Türkiye,Forecast,Forecast,Q2 2026 Rolling Forecast,A6010,483465.55
2026-07-01,CC-601,Operations,Shared Services,Türkiye,Forecast,Forecast,Q2 2026 Rolling Forecast,A6200,5036132.77
2026-07-01,CC-601,Operations,Shared Services,Türkiye,Forecast,Forecast,Q2 2026 Rolling Forecast,A6300,493957.22
2026-07-01,CC-601,Operations,Shared Services,Türkiye,Forecast,Forecast,Q2 2026 Rolling Forecast,A6400,1356431.92
2026-07-01,CC-601,Operations,Shared Services,Türkiye,Forecast,Forecast,Q2 2026 Rolling Forecast,A6500,290629.85
2026-07-01,CC-601,Operations,Shared Services,Türkiye,Forecast,Forecast,Q2 2026 Rolling Forecast,A6600,138685.09
2026-07-01,CC-601,Operations,Shared Services,Türkiye,Forecast,Forecast,Q2 2026 Rolling Forecast,A6700,220833.33
2026-07-01,CC-701,Technology,Shared Services,Global,Forecast,Forecast,Q2 2026 Rolling Forecast,A6000,2666351.38
2026-07-01,CC-701,Technology,Shared Services,Global,Forecast,Forecast,Q2 2026 Rolling Forecast,A6010,493275.01
2026-07-01,CC-701,Technology,Shared Services,Global,Forecast,Forecast,Q2 2026 Rolling Forecast,A6300,4450727.33
2026-07-01,CC-701,Technology,Shared Services,Global,Forecast,Forecast,Q2 2026 Rolling Forecast,A6400,305280.44
2026-07-01,CC-701,Technology,Shared Services,Global,Forecast,Forecast,Q2 2026 Rolling Forecast,A6500,1131291.54
2026-07-01,CC-701,Technology,Shared Services,Global,Forecast,Forecast,Q2 2026 Rolling Forecast,A6600,235006.74
2026-07-01,CC-701,Technology,Shared Services,Global,Forecast,Forecast,Q2 2026 Rolling Forecast,A6700,426041.67
2026-07-01,CC-801,Finance & Corporate,Shared Services,Global,Forecast,Forecast,Q2 2026 Rolling Forecast,A6000,2333057.37
2026-07-01,CC-801,Finance & Corporate,Shared Services,Global,Forecast,Forecast,Q2 2026 Rolling Forecast,A6010,431615.61
2026-07-01,CC-801,Finance & Corporate,Shared Services,Global,Forecast,Forecast,Q2 2026 Rolling Forecast,A6300,766063.53
2026-07-01,CC-801,Finance & Corporate,Shared Services,Global,Forecast,Forecast,Q2 2026 Rolling Forecast,A6400,1568316.44
2026-07-01,CC-801,Finance & Corporate,Shared Services,Global,Forecast,Forecast,Q2 2026 Rolling Forecast,A6500,1674047.02
2026-07-01,CC-801,Finance & Corporate,Shared Services,Global,Forecast,Forecast,Q2 2026 Rolling Forecast,A6600,381414.17
2026-07-01,CC-801,Finance & Corporate,Shared Services,Global,Forecast,Forecast,Q2 2026 Rolling Forecast,A6700,170000.0
2026-07-01,CC-801,Finance & Corporate,Shared Services,Global,Forecast,Forecast,Q2 2026 Rolling Forecast,A6800,453035.52
2026-07-01,CC-801,Finance & Corporate,Shared Services,Global,Forecast,Forecast,Q2 2026 Rolling Forecast,A6900,2828975.48
2026-08-01,CC-101,Sales,Digital Commerce,Türkiye,Forecast,Forecast,Q2 2026 Rolling Forecast,A4000,30041344.4
2026-08-01,CC-101,Sales,Digital Commerce,Türkiye,Forecast,Forecast,Q2 2026 Rolling Forecast,A5000,11356333.33
2026-08-01,CC-101,Sales,Digital Commerce,Türkiye,Forecast,Forecast,Q2 2026 Rolling Forecast,A5010,835786.05
2026-08-01,CC-101,Sales,Digital Commerce,Türkiye,Forecast,Forecast,Q2 2026 Rolling Forecast,A5020,895295.77
2026-08-01,CC-101,Sales,Digital Commerce,Türkiye,Forecast,Forecast,Q2 2026 Rolling Forecast,A6000,1969464.0
2026-08-01,CC-101,Sales,Digital Commerce,Türkiye,Forecast,Forecast,Q2 2026 Rolling Forecast,A6010,364350.84
2026-08-01,CC-101,Sales,Digital Commerce,Türkiye,Forecast,Forecast,Q2 2026 Rolling Forecast,A6100,1456191.51
2026-08-01,CC-101,Sales,Digital Commerce,Türkiye,Forecast,Forecast,Q2 2026 Rolling Forecast,A6200,539075.43
2026-08-01,CC-101,Sales,Digital Commerce,Türkiye,Forecast,Forecast,Q2 2026 Rolling Forecast,A6300,258851.51
2026-08-01,CC-101,Sales,Digital Commerce,Türkiye,Forecast,Forecast,Q2 2026 Rolling Forecast,A6400,131003.45
2026-08-01,CC-101,Sales,Digital Commerce,Türkiye,Forecast,Forecast,Q2 2026 Rolling Forecast,A6500,71483.86
2026-08-01,CC-101,Sales,Digital Commerce,Türkiye,Forecast,Forecast,Q2 2026 Rolling Forecast,A6600,44618.18
2026-08-01,CC-102,Sales,Digital Commerce,Europe,Forecast,Forecast,Q2 2026 Rolling Forecast,A4000,19675159.42
2026-08-01,CC-102,Sales,Digital Commerce,Europe,Forecast,Forecast,Q2 2026 Rolling Forecast,A5000,7861698.5
2026-08-01,CC-102,Sales,Digital Commerce,Europe,Forecast,Forecast,Q2 2026 Rolling Forecast,A5010,627853.82
2026-08-01,CC-102,Sales,Digital Commerce,Europe,Forecast,Forecast,Q2 2026 Rolling Forecast,A5020,627221.77
2026-08-01,CC-102,Sales,Digital Commerce,Europe,Forecast,Forecast,Q2 2026 Rolling Forecast,A6000,1737168.32
2026-08-01,CC-102,Sales,Digital Commerce,Europe,Forecast,Forecast,Q2 2026 Rolling Forecast,A6010,321376.14
2026-08-01,CC-102,Sales,Digital Commerce,Europe,Forecast,Forecast,Q2 2026 Rolling Forecast,A6100,945377.66
2026-08-01,CC-102,Sales,Digital Commerce,Europe,Forecast,Forecast,Q2 2026 Rolling Forecast,A6200,354579.15
2026-08-01,CC-102,Sales,Digital Commerce,Europe,Forecast,Forecast,Q2 2026 Rolling Forecast,A6300,158726.14
2026-08-01,CC-102,Sales,Digital Commerce,Europe,Forecast,Forecast,Q2 2026 Rolling Forecast,A6400,80185.82
2026-08-01,CC-102,Sales,Digital Commerce,Europe,Forecast,Forecast,Q2 2026 Rolling Forecast,A6500,42438.9
2026-08-01,CC-102,Sales,Digital Commerce,Europe,Forecast,Forecast,Q2 2026 Rolling Forecast,A6600,26230.65
2026-08-01,CC-103,Sales,Digital Commerce,MENA,Forecast,Forecast,Q2 2026 Rolling Forecast,A4000,11911021.53
2026-08-01,CC-103,Sales,Digital Commerce,MENA,Forecast,Forecast,Q2 2026 Rolling Forecast,A5000,4966092.81
2026-08-01,CC-103,Sales,Digital Commerce,MENA,Forecast,Forecast,Q2 2026 Rolling Forecast,A5010,620111.17
2026-08-01,CC-103,Sales,Digital Commerce,MENA,Forecast,Forecast,Q2 2026 Rolling Forecast,A5020,416410.63
2026-08-01,CC-103,Sales,Digital Commerce,MENA,Forecast,Forecast,Q2 2026 Rolling Forecast,A6000,1138754.21
2026-08-01,CC-103,Sales,Digital Commerce,MENA,Forecast,Forecast,Q2 2026 Rolling Forecast,A6010,210669.53
2026-08-01,CC-103,Sales,Digital Commerce,MENA,Forecast,Forecast,Q2 2026 Rolling Forecast,A6100,579084.92
2026-08-01,CC-103,Sales,Digital Commerce,MENA,Forecast,Forecast,Q2 2026 Rolling Forecast,A6200,214162.93
2026-08-01,CC-103,Sales,Digital Commerce,MENA,Forecast,Forecast,Q2 2026 Rolling Forecast,A6300,101912.36
2026-08-01,CC-103,Sales,Digital Commerce,MENA,Forecast,Forecast,Q2 2026 Rolling Forecast,A6400,50897.14
2026-08-01,CC-103,Sales,Digital Commerce,MENA,Forecast,Forecast,Q2 2026 Rolling Forecast,A6500,26543.15
2026-08-01,CC-103,Sales,Digital Commerce,MENA,Forecast,Forecast,Q2 2026 Rolling Forecast,A6600,16584.45
2026-08-01,CC-201,Sales,Retail Stores,Türkiye,Forecast,Forecast,Q2 2026 Rolling Forecast,A4010,20979881.12
2026-08-01,CC-201,Sales,Retail Stores,Türkiye,Forecast,Forecast,Q2 2026 Rolling Forecast,A5000,9591769.69
2026-08-01,CC-201,Sales,Retail Stores,Türkiye,Forecast,Forecast,Q2 2026 Rolling Forecast,A5010,416514.65
2026-08-01,CC-201,Sales,Retail Stores,Türkiye,Forecast,Forecast,Q2 2026 Rolling Forecast,A5020,524374.65
2026-08-01,CC-201,Sales,Retail Stores,Türkiye,Forecast,Forecast,Q2 2026 Rolling Forecast,A6000,2599439.94
2026-08-01,CC-201,Sales,Retail Stores,Türkiye,Forecast,Forecast,Q2 2026 Rolling Forecast,A6010,480896.39
2026-08-01,CC-201,Sales,Retail Stores,Türkiye,Forecast,Forecast,Q2 2026 Rolling Forecast,A6100,406461.85
2026-08-01,CC-201,Sales,Retail Stores,Türkiye,Forecast,Forecast,Q2 2026 Rolling Forecast,A6200,377710.28
2026-08-01,CC-201,Sales,Retail Stores,Türkiye,Forecast,Forecast,Q2 2026 Rolling Forecast,A6300,350771.73
2026-08-01,CC-201,Sales,Retail Stores,Türkiye,Forecast,Forecast,Q2 2026 Rolling Forecast,A6400,443433.67
2026-08-01,CC-201,Sales,Retail Stores,Türkiye,Forecast,Forecast,Q2 2026 Rolling Forecast,A6500,90760.63
2026-08-01,CC-201,Sales,Retail Stores,Türkiye,Forecast,Forecast,Q2 2026 Rolling Forecast,A6600,56992.66
2026-08-01,CC-201,Sales,Retail Stores,Türkiye,Forecast,Forecast,Q2 2026 Rolling Forecast,A6700,107500.0
2026-08-01,CC-202,Sales,Retail Stores,Türkiye,Forecast,Forecast,Q2 2026 Rolling Forecast,A4010,14969303.74
2026-08-01,CC-202,Sales,Retail Stores,Türkiye,Forecast,Forecast,Q2 2026 Rolling Forecast,A5000,7007974.02
2026-08-01,CC-202,Sales,Retail Stores,Türkiye,Forecast,Forecast,Q2 2026 Rolling Forecast,A5010,268362.88
2026-08-01,CC-202,Sales,Retail Stores,Türkiye,Forecast,Forecast,Q2 2026 Rolling Forecast,A5020,400191.17
2026-08-01,CC-202,Sales,Retail Stores,Türkiye,Forecast,Forecast,Q2 2026 Rolling Forecast,A6000,1888665.46
2026-08-01,CC-202,Sales,Retail Stores,Türkiye,Forecast,Forecast,Q2 2026 Rolling Forecast,A6010,349403.11
2026-08-01,CC-202,Sales,Retail Stores,Türkiye,Forecast,Forecast,Q2 2026 Rolling Forecast,A6100,289583.96
2026-08-01,CC-202,Sales,Retail Stores,Türkiye,Forecast,Forecast,Q2 2026 Rolling Forecast,A6200,267092.89
2026-08-01,CC-202,Sales,Retail Stores,Türkiye,Forecast,Forecast,Q2 2026 Rolling Forecast,A6300,273750.53
2026-08-01,CC-202,Sales,Retail Stores,Türkiye,Forecast,Forecast,Q2 2026 Rolling Forecast,A6400,353318.48
2026-08-01,CC-202,Sales,Retail Stores,Türkiye,Forecast,Forecast,Q2 2026 Rolling Forecast,A6500,75194.11
2026-08-01,CC-202,Sales,Retail Stores,Türkiye,Forecast,Forecast,Q2 2026 Rolling Forecast,A6600,45430.29
2026-08-01,CC-202,Sales,Retail Stores,Türkiye,Forecast,Forecast,Q2 2026 Rolling Forecast,A6700,134166.67
2026-08-01,CC-301,Sales,Wholesale,Türkiye,Forecast,Forecast,Q2 2026 Rolling Forecast,A4020,18948874.69
2026-08-01,CC-301,Sales,Wholesale,Türkiye,Forecast,Forecast,Q2 2026 Rolling Forecast,A5000,10749274.31
2026-08-01,CC-301,Sales,Wholesale,Türkiye,Forecast,Forecast,Q2 2026 Rolling Forecast,A5010,188715.84
2026-08-01,CC-301,Sales,Wholesale,Türkiye,Forecast,Forecast,Q2 2026 Rolling Forecast,A5020,280594.52
2026-08-01,CC-301,Sales,Wholesale,Türkiye,Forecast,Forecast,Q2 2026 Rolling Forecast,A6000,1325600.78
2026-08-01,CC-301,Sales,Wholesale,Türkiye,Forecast,Forecast,Q2 2026 Rolling Forecast,A6010,245236.14
2026-08-01,CC-301,Sales,Wholesale,Türkiye,Forecast,Forecast,Q2 2026 Rolling Forecast,A6100,368523.54
2026-08-01,CC-301,Sales,Wholesale,Türkiye,Forecast,Forecast,Q2 2026 Rolling Forecast,A6200,189276.27
2026-08-01,CC-301,Sales,Wholesale,Türkiye,Forecast,Forecast,Q2 2026 Rolling Forecast,A6300,145554.32
2026-08-01,CC-301,Sales,Wholesale,Türkiye,Forecast,Forecast,Q2 2026 Rolling Forecast,A6400,72471.15
2026-08-01,CC-301,Sales,Wholesale,Türkiye,Forecast,Forecast,Q2 2026 Rolling Forecast,A6500,38884.48
2026-08-01,CC-301,Sales,Wholesale,Türkiye,Forecast,Forecast,Q2 2026 Rolling Forecast,A6600,24708.72
2026-08-01,CC-302,Sales,Wholesale,Europe,Forecast,Forecast,Q2 2026 Rolling Forecast,A4020,15612816.83
2026-08-01,CC-302,Sales,Wholesale,Europe,Forecast,Forecast,Q2 2026 Rolling Forecast,A5000,9154676.45
2026-08-01,CC-302,Sales,Wholesale,Europe,Forecast,Forecast,Q2 2026 Rolling Forecast,A5010,185322.16
2026-08-01,CC-302,Sales,Wholesale,Europe,Forecast,Forecast,Q2 2026 Rolling Forecast,A5020,278550.94
2026-08-01,CC-302,Sales,Wholesale,Europe,Forecast,Forecast,Q2 2026 Rolling Forecast,A6000,1060480.6
2026-08-01,CC-302,Sales,Wholesale,Europe,Forecast,Forecast,Q2 2026 Rolling Forecast,A6010,196188.91
2026-08-01,CC-302,Sales,Wholesale,Europe,Forecast,Forecast,Q2 2026 Rolling Forecast,A6100,302604.87
2026-08-01,CC-302,Sales,Wholesale,Europe,Forecast,Forecast,Q2 2026 Rolling Forecast,A6200,155743.15
2026-08-01,CC-302,Sales,Wholesale,Europe,Forecast,Forecast,Q2 2026 Rolling Forecast,A6300,117272.02
2026-08-01,CC-302,Sales,Wholesale,Europe,Forecast,Forecast,Q2 2026 Rolling Forecast,A6400,58143.91
2026-08-01,CC-302,Sales,Wholesale,Europe,Forecast,Forecast,Q2 2026 Rolling Forecast,A6500,31122.12
2026-08-01,CC-302,Sales,Wholesale,Europe,Forecast,Forecast,Q2 2026 Rolling Forecast,A6600,19943.79
2026-08-01,CC-401,Customer Success,Subscription Services,Türkiye,Forecast,Forecast,Q2 2026 Rolling Forecast,A4030,9276251.51
2026-08-01,CC-401,Customer Success,Subscription Services,Türkiye,Forecast,Forecast,Q2 2026 Rolling Forecast,A5000,1939611.51
2026-08-01,CC-401,Customer Success,Subscription Services,Türkiye,Forecast,Forecast,Q2 2026 Rolling Forecast,A5010,230956.1
2026-08-01,CC-401,Customer Success,Subscription Services,Türkiye,Forecast,Forecast,Q2 2026 Rolling Forecast,A5020,166670.27
2026-08-01,CC-401,Customer Success,Subscription Services,Türkiye,Forecast,Forecast,Q2 2026 Rolling Forecast,A6000,1615970.56
2026-08-01,CC-401,Customer Success,Subscription Services,Türkiye,Forecast,Forecast,Q2 2026 Rolling Forecast,A6010,298954.55
2026-08-01,CC-401,Customer Success,Subscription Services,Türkiye,Forecast,Forecast,Q2 2026 Rolling Forecast,A6100,500514.89
2026-08-01,CC-401,Customer Success,Subscription Services,Türkiye,Forecast,Forecast,Q2 2026 Rolling Forecast,A6200,93385.74
2026-08-01,CC-401,Customer Success,Subscription Services,Türkiye,Forecast,Forecast,Q2 2026 Rolling Forecast,A6300,864122.61
2026-08-01,CC-401,Customer Success,Subscription Services,Türkiye,Forecast,Forecast,Q2 2026 Rolling Forecast,A6400,94106.46
2026-08-01,CC-401,Customer Success,Subscription Services,Türkiye,Forecast,Forecast,Q2 2026 Rolling Forecast,A6500,50133.2
2026-08-01,CC-401,Customer Success,Subscription Services,Türkiye,Forecast,Forecast,Q2 2026 Rolling Forecast,A6600,31600.52
2026-08-01,CC-401,Customer Success,Subscription Services,Türkiye,Forecast,Forecast,Q2 2026 Rolling Forecast,A6700,194791.67
2026-08-01,CC-501,Marketing,Shared Services,Global,Forecast,Forecast,Q2 2026 Rolling Forecast,A6000,1840691.34
2026-08-01,CC-501,Marketing,Shared Services,Global,Forecast,Forecast,Q2 2026 Rolling Forecast,A6010,340527.9
2026-08-01,CC-501,Marketing,Shared Services,Global,Forecast,Forecast,Q2 2026 Rolling Forecast,A6100,4530504.55
2026-08-01,CC-501,Marketing,Shared Services,Global,Forecast,Forecast,Q2 2026 Rolling Forecast,A6300,292075.28
2026-08-01,CC-501,Marketing,Shared Services,Global,Forecast,Forecast,Q2 2026 Rolling Forecast,A6400,104578.94
2026-08-01,CC-501,Marketing,Shared Services,Global,Forecast,Forecast,Q2 2026 Rolling Forecast,A6500,387849.46
2026-08-01,CC-501,Marketing,Shared Services,Global,Forecast,Forecast,Q2 2026 Rolling Forecast,A6600,178164.02
2026-08-01,CC-601,Operations,Shared Services,Türkiye,Forecast,Forecast,Q2 2026 Rolling Forecast,A6000,2700438.21
2026-08-01,CC-601,Operations,Shared Services,Türkiye,Forecast,Forecast,Q2 2026 Rolling Forecast,A6010,499581.07
2026-08-01,CC-601,Operations,Shared Services,Türkiye,Forecast,Forecast,Q2 2026 Rolling Forecast,A6200,5076291.6
2026-08-01,CC-601,Operations,Shared Services,Türkiye,Forecast,Forecast,Q2 2026 Rolling Forecast,A6300,497896.11
2026-08-01,CC-601,Operations,Shared Services,Türkiye,Forecast,Forecast,Q2 2026 Rolling Forecast,A6400,1367248.3
2026-08-01,CC-601,Operations,Shared Services,Türkiye,Forecast,Forecast,Q2 2026 Rolling Forecast,A6500,292947.37
2026-08-01,CC-601,Operations,Shared Services,Türkiye,Forecast,Forecast,Q2 2026 Rolling Forecast,A6600,139790.98
2026-08-01,CC-601,Operations,Shared Services,Türkiye,Forecast,Forecast,Q2 2026 Rolling Forecast,A6700,220833.33
2026-08-01,CC-701,Technology,Shared Services,Global,Forecast,Forecast,Q2 2026 Rolling Forecast,A6000,2787549.17
2026-08-01,CC-701,Technology,Shared Services,Global,Forecast,Forecast,Q2 2026 Rolling Forecast,A6010,515696.6
2026-08-01,CC-701,Technology,Shared Services,Global,Forecast,Forecast,Q2 2026 Rolling Forecast,A6300,4486218.06
2026-08-01,CC-701,Technology,Shared Services,Global,Forecast,Forecast,Q2 2026 Rolling Forecast,A6400,307714.78
2026-08-01,CC-701,Technology,Shared Services,Global,Forecast,Forecast,Q2 2026 Rolling Forecast,A6500,1140312.61
2026-08-01,CC-701,Technology,Shared Services,Global,Forecast,Forecast,Q2 2026 Rolling Forecast,A6600,236880.72
2026-08-01,CC-701,Technology,Shared Services,Global,Forecast,Forecast,Q2 2026 Rolling Forecast,A6700,426041.67
2026-08-01,CC-801,Finance & Corporate,Shared Services,Global,Forecast,Forecast,Q2 2026 Rolling Forecast,A6000,2333057.37
2026-08-01,CC-801,Finance & Corporate,Shared Services,Global,Forecast,Forecast,Q2 2026 Rolling Forecast,A6010,431615.61
2026-08-01,CC-801,Finance & Corporate,Shared Services,Global,Forecast,Forecast,Q2 2026 Rolling Forecast,A6300,772172.23
2026-08-01,CC-801,Finance & Corporate,Shared Services,Global,Forecast,Forecast,Q2 2026 Rolling Forecast,A6400,1580822.41
2026-08-01,CC-801,Finance & Corporate,Shared Services,Global,Forecast,Forecast,Q2 2026 Rolling Forecast,A6500,1687396.1
2026-08-01,CC-801,Finance & Corporate,Shared Services,Global,Forecast,Forecast,Q2 2026 Rolling Forecast,A6600,384455.62
2026-08-01,CC-801,Finance & Corporate,Shared Services,Global,Forecast,Forecast,Q2 2026 Rolling Forecast,A6700,170000.0
2026-08-01,CC-801,Finance & Corporate,Shared Services,Global,Forecast,Forecast,Q2 2026 Rolling Forecast,A6800,453035.52
2026-08-01,CC-801,Finance & Corporate,Shared Services,Global,Forecast,Forecast,Q2 2026 Rolling Forecast,A6900,2029066.36
2026-09-01,CC-101,Sales,Digital Commerce,Türkiye,Forecast,Forecast,Q2 2026 Rolling Forecast,A4000,31868448.48
2026-09-01,CC-101,Sales,Digital Commerce,Türkiye,Forecast,Forecast,Q2 2026 Rolling Forecast,A5000,12047021.56
2026-09-01,CC-101,Sales,Digital Commerce,Türkiye,Forecast,Forecast,Q2 2026 Rolling Forecast,A5010,886618.26
2026-09-01,CC-101,Sales,Digital Commerce,Türkiye,Forecast,Forecast,Q2 2026 Rolling Forecast,A5020,949747.34
2026-09-01,CC-101,Sales,Digital Commerce,Türkiye,Forecast,Forecast,Q2 2026 Rolling Forecast,A6000,1969464.0
2026-09-01,CC-101,Sales,Digital Commerce,Türkiye,Forecast,Forecast,Q2 2026 Rolling Forecast,A6010,364350.84
2026-09-01,CC-101,Sales,Digital Commerce,Türkiye,Forecast,Forecast,Q2 2026 Rolling Forecast,A6100,1544756.57
2026-09-01,CC-101,Sales,Digital Commerce,Türkiye,Forecast,Forecast,Q2 2026 Rolling Forecast,A6200,571861.81
2026-09-01,CC-101,Sales,Digital Commerce,Türkiye,Forecast,Forecast,Q2 2026 Rolling Forecast,A6300,260915.63
2026-09-01,CC-101,Sales,Digital Commerce,Türkiye,Forecast,Forecast,Q2 2026 Rolling Forecast,A6400,132048.09
2026-09-01,CC-101,Sales,Digital Commerce,Türkiye,Forecast,Forecast,Q2 2026 Rolling Forecast,A6500,72053.89
2026-09-01,CC-101,Sales,Digital Commerce,Türkiye,Forecast,Forecast,Q2 2026 Rolling Forecast,A6600,44973.97
2026-09-01,CC-102,Sales,Digital Commerce,Europe,Forecast,Forecast,Q2 2026 Rolling Forecast,A4000,20871795.75
2026-09-01,CC-102,Sales,Digital Commerce,Europe,Forecast,Forecast,Q2 2026 Rolling Forecast,A5000,8339844.26
2026-09-01,CC-102,Sales,Digital Commerce,Europe,Forecast,Forecast,Q2 2026 Rolling Forecast,A5010,666039.67
2026-09-01,CC-102,Sales,Digital Commerce,Europe,Forecast,Forecast,Q2 2026 Rolling Forecast,A5020,665369.18
2026-09-01,CC-102,Sales,Digital Commerce,Europe,Forecast,Forecast,Q2 2026 Rolling Forecast,A6000,1737168.32
2026-09-01,CC-102,Sales,Digital Commerce,Europe,Forecast,Forecast,Q2 2026 Rolling Forecast,A6010,321376.14
2026-09-01,CC-102,Sales,Digital Commerce,Europe,Forecast,Forecast,Q2 2026 Rolling Forecast,A6100,1002875.2
2026-09-01,CC-102,Sales,Digital Commerce,Europe,Forecast,Forecast,Q2 2026 Rolling Forecast,A6200,376144.53
2026-09-01,CC-102,Sales,Digital Commerce,Europe,Forecast,Forecast,Q2 2026 Rolling Forecast,A6300,159991.84
2026-09-01,CC-102,Sales,Digital Commerce,Europe,Forecast,Forecast,Q2 2026 Rolling Forecast,A6400,80825.23
2026-09-01,CC-102,Sales,Digital Commerce,Europe,Forecast,Forecast,Q2 2026 Rolling Forecast,A6500,42777.32
2026-09-01,CC-102,Sales,Digital Commerce,Europe,Forecast,Forecast,Q2 2026 Rolling Forecast,A6600,26439.82
2026-09-01,CC-103,Sales,Digital Commerce,MENA,Forecast,Forecast,Q2 2026 Rolling Forecast,A4000,12635445.7
2026-09-01,CC-103,Sales,Digital Commerce,MENA,Forecast,Forecast,Q2 2026 Rolling Forecast,A5000,5268128.85
2026-09-01,CC-103,Sales,Digital Commerce,MENA,Forecast,Forecast,Q2 2026 Rolling Forecast,A5010,657826.12
2026-09-01,CC-103,Sales,Digital Commerce,MENA,Forecast,Forecast,Q2 2026 Rolling Forecast,A5020,441736.58
2026-09-01,CC-103,Sales,Digital Commerce,MENA,Forecast,Forecast,Q2 2026 Rolling Forecast,A6000,1138754.21
2026-09-01,CC-103,Sales,Digital Commerce,MENA,Forecast,Forecast,Q2 2026 Rolling Forecast,A6010,210669.53
2026-09-01,CC-103,Sales,Digital Commerce,MENA,Forecast,Forecast,Q2 2026 Rolling Forecast,A6100,614304.66
2026-09-01,CC-103,Sales,Digital Commerce,MENA,Forecast,Forecast,Q2 2026 Rolling Forecast,A6200,227188.25
2026-09-01,CC-103,Sales,Digital Commerce,MENA,Forecast,Forecast,Q2 2026 Rolling Forecast,A6300,102725.02
2026-09-01,CC-103,Sales,Digital Commerce,MENA,Forecast,Forecast,Q2 2026 Rolling Forecast,A6400,51303.0
2026-09-01,CC-103,Sales,Digital Commerce,MENA,Forecast,Forecast,Q2 2026 Rolling Forecast,A6500,26754.8
2026-09-01,CC-103,Sales,Digital Commerce,MENA,Forecast,Forecast,Q2 2026 Rolling Forecast,A6600,16716.7
2026-09-01,CC-201,Sales,Retail Stores,Türkiye,Forecast,Forecast,Q2 2026 Rolling Forecast,A4010,23121719.95
2026-09-01,CC-201,Sales,Retail Stores,Türkiye,Forecast,Forecast,Q2 2026 Rolling Forecast,A5000,10570994.72
2026-09-01,CC-201,Sales,Retail Stores,Türkiye,Forecast,Forecast,Q2 2026 Rolling Forecast,A5010,459036.68
2026-09-01,CC-201,Sales,Retail Stores,Türkiye,Forecast,Forecast,Q2 2026 Rolling Forecast,A5020,577908.12
2026-09-01,CC-201,Sales,Retail Stores,Türkiye,Forecast,Forecast,Q2 2026 Rolling Forecast,A6000,2599439.94
2026-09-01,CC-201,Sales,Retail Stores,Türkiye,Forecast,Forecast,Q2 2026 Rolling Forecast,A6010,480896.39
2026-09-01,CC-201,Sales,Retail Stores,Türkiye,Forecast,Forecast,Q2 2026 Rolling Forecast,A6100,447957.59
2026-09-01,CC-201,Sales,Retail Stores,Türkiye,Forecast,Forecast,Q2 2026 Rolling Forecast,A6200,416270.77
2026-09-01,CC-201,Sales,Retail Stores,Türkiye,Forecast,Forecast,Q2 2026 Rolling Forecast,A6300,353568.83
2026-09-01,CC-201,Sales,Retail Stores,Türkiye,Forecast,Forecast,Q2 2026 Rolling Forecast,A6400,446969.68
2026-09-01,CC-201,Sales,Retail Stores,Türkiye,Forecast,Forecast,Q2 2026 Rolling Forecast,A6500,91484.37
2026-09-01,CC-201,Sales,Retail Stores,Türkiye,Forecast,Forecast,Q2 2026 Rolling Forecast,A6600,57447.12
2026-09-01,CC-201,Sales,Retail Stores,Türkiye,Forecast,Forecast,Q2 2026 Rolling Forecast,A6700,107500.0
2026-09-01,CC-202,Sales,Retail Stores,Türkiye,Forecast,Forecast,Q2 2026 Rolling Forecast,A4010,16497521.93
2026-09-01,CC-202,Sales,Retail Stores,Türkiye,Forecast,Forecast,Q2 2026 Rolling Forecast,A5000,7723419.01
2026-09-01,CC-202,Sales,Retail Stores,Türkiye,Forecast,Forecast,Q2 2026 Rolling Forecast,A5010,295760.09
2026-09-01,CC-202,Sales,Retail Stores,Türkiye,Forecast,Forecast,Q2 2026 Rolling Forecast,A5020,441046.74
2026-09-01,CC-202,Sales,Retail Stores,Türkiye,Forecast,Forecast,Q2 2026 Rolling Forecast,A6000,1888665.46
2026-09-01,CC-202,Sales,Retail Stores,Türkiye,Forecast,Forecast,Q2 2026 Rolling Forecast,A6010,349403.11
2026-09-01,CC-202,Sales,Retail Stores,Türkiye,Forecast,Forecast,Q2 2026 Rolling Forecast,A6100,319147.62
2026-09-01,CC-202,Sales,Retail Stores,Türkiye,Forecast,Forecast,Q2 2026 Rolling Forecast,A6200,294360.44
2026-09-01,CC-202,Sales,Retail Stores,Türkiye,Forecast,Forecast,Q2 2026 Rolling Forecast,A6300,275933.45
2026-09-01,CC-202,Sales,Retail Stores,Türkiye,Forecast,Forecast,Q2 2026 Rolling Forecast,A6400,356135.89
2026-09-01,CC-202,Sales,Retail Stores,Türkiye,Forecast,Forecast,Q2 2026 Rolling Forecast,A6500,75793.72
2026-09-01,CC-202,Sales,Retail Stores,Türkiye,Forecast,Forecast,Q2 2026 Rolling Forecast,A6600,45792.56
2026-09-01,CC-202,Sales,Retail Stores,Türkiye,Forecast,Forecast,Q2 2026 Rolling Forecast,A6700,134166.67
2026-09-01,CC-301,Sales,Wholesale,Türkiye,Forecast,Forecast,Q2 2026 Rolling Forecast,A4020,22887023.86
2026-09-01,CC-301,Sales,Wholesale,Türkiye,Forecast,Forecast,Q2 2026 Rolling Forecast,A5000,12983298.57
2026-09-01,CC-301,Sales,Wholesale,Türkiye,Forecast,Forecast,Q2 2026 Rolling Forecast,A5010,227936.7
2026-09-01,CC-301,Sales,Wholesale,Türkiye,Forecast,Forecast,Q2 2026 Rolling Forecast,A5020,338910.55
2026-09-01,CC-301,Sales,Wholesale,Türkiye,Forecast,Forecast,Q2 2026 Rolling Forecast,A6000,1325600.78
2026-09-01,CC-301,Sales,Wholesale,Türkiye,Forecast,Forecast,Q2 2026 Rolling Forecast,A6010,245236.14
2026-09-01,CC-301,Sales,Wholesale,Türkiye,Forecast,Forecast,Q2 2026 Rolling Forecast,A6100,445113.87
2026-09-01,CC-301,Sales,Wholesale,Türkiye,Forecast,Forecast,Q2 2026 Rolling Forecast,A6200,228613.61
2026-09-01,CC-301,Sales,Wholesale,Türkiye,Forecast,Forecast,Q2 2026 Rolling Forecast,A6300,146714.99
2026-09-01,CC-301,Sales,Wholesale,Türkiye,Forecast,Forecast,Q2 2026 Rolling Forecast,A6400,73049.04
2026-09-01,CC-301,Sales,Wholesale,Türkiye,Forecast,Forecast,Q2 2026 Rolling Forecast,A6500,39194.55
2026-09-01,CC-301,Sales,Wholesale,Türkiye,Forecast,Forecast,Q2 2026 Rolling Forecast,A6600,24905.75
2026-09-01,CC-302,Sales,Wholesale,Europe,Forecast,Forecast,Q2 2026 Rolling Forecast,A4020,18857632.31
2026-09-01,CC-302,Sales,Wholesale,Europe,Forecast,Forecast,Q2 2026 Rolling Forecast,A5000,11057295.06
2026-09-01,CC-302,Sales,Wholesale,Europe,Forecast,Forecast,Q2 2026 Rolling Forecast,A5010,223837.71
2026-09-01,CC-302,Sales,Wholesale,Europe,Forecast,Forecast,Q2 2026 Rolling Forecast,A5020,336442.25
2026-09-01,CC-302,Sales,Wholesale,Europe,Forecast,Forecast,Q2 2026 Rolling Forecast,A6000,1060480.6
2026-09-01,CC-302,Sales,Wholesale,Europe,Forecast,Forecast,Q2 2026 Rolling Forecast,A6010,196188.91
2026-09-01,CC-302,Sales,Wholesale,Europe,Forecast,Forecast,Q2 2026 Rolling Forecast,A6100,365495.32
2026-09-01,CC-302,Sales,Wholesale,Europe,Forecast,Forecast,Q2 2026 Rolling Forecast,A6200,188111.29
2026-09-01,CC-302,Sales,Wholesale,Europe,Forecast,Forecast,Q2 2026 Rolling Forecast,A6300,118207.17
2026-09-01,CC-302,Sales,Wholesale,Europe,Forecast,Forecast,Q2 2026 Rolling Forecast,A6400,58607.55
2026-09-01,CC-302,Sales,Wholesale,Europe,Forecast,Forecast,Q2 2026 Rolling Forecast,A6500,31370.29
2026-09-01,CC-302,Sales,Wholesale,Europe,Forecast,Forecast,Q2 2026 Rolling Forecast,A6600,20102.83
2026-09-01,CC-401,Customer Success,Subscription Services,Türkiye,Forecast,Forecast,Q2 2026 Rolling Forecast,A4030,9401442.16
2026-09-01,CC-401,Customer Success,Subscription Services,Türkiye,Forecast,Forecast,Q2 2026 Rolling Forecast,A5000,1965788.17
2026-09-01,CC-401,Customer Success,Subscription Services,Türkiye,Forecast,Forecast,Q2 2026 Rolling Forecast,A5010,234073.04
2026-09-01,CC-401,Customer Success,Subscription Services,Türkiye,Forecast,Forecast,Q2 2026 Rolling Forecast,A5020,168919.62
2026-09-01,CC-401,Customer Success,Subscription Services,Türkiye,Forecast,Forecast,Q2 2026 Rolling Forecast,A6000,1615970.56
2026-09-01,CC-401,Customer Success,Subscription Services,Türkiye,Forecast,Forecast,Q2 2026 Rolling Forecast,A6010,298954.55
2026-09-01,CC-401,Customer Success,Subscription Services,Türkiye,Forecast,Forecast,Q2 2026 Rolling Forecast,A6100,507269.75
2026-09-01,CC-401,Customer Success,Subscription Services,Türkiye,Forecast,Forecast,Q2 2026 Rolling Forecast,A6200,94646.06
2026-09-01,CC-401,Customer Success,Subscription Services,Türkiye,Forecast,Forecast,Q2 2026 Rolling Forecast,A6300,871013.24
2026-09-01,CC-401,Customer Success,Subscription Services,Türkiye,Forecast,Forecast,Q2 2026 Rolling Forecast,A6400,94856.88
2026-09-01,CC-401,Customer Success,Subscription Services,Türkiye,Forecast,Forecast,Q2 2026 Rolling Forecast,A6500,50532.96
2026-09-01,CC-401,Customer Success,Subscription Services,Türkiye,Forecast,Forecast,Q2 2026 Rolling Forecast,A6600,31852.51
2026-09-01,CC-401,Customer Success,Subscription Services,Türkiye,Forecast,Forecast,Q2 2026 Rolling Forecast,A6700,194791.67
2026-09-01,CC-501,Marketing,Shared Services,Global,Forecast,Forecast,Q2 2026 Rolling Forecast,A6000,1840691.34
2026-09-01,CC-501,Marketing,Shared Services,Global,Forecast,Forecast,Q2 2026 Rolling Forecast,A6010,340527.9
2026-09-01,CC-501,Marketing,Shared Services,Global,Forecast,Forecast,Q2 2026 Rolling Forecast,A6100,4566631.43
2026-09-01,CC-501,Marketing,Shared Services,Global,Forecast,Forecast,Q2 2026 Rolling Forecast,A6300,294404.33
2026-09-01,CC-501,Marketing,Shared Services,Global,Forecast,Forecast,Q2 2026 Rolling Forecast,A6400,105412.86
2026-09-01,CC-501,Marketing,Shared Services,Global,Forecast,Forecast,Q2 2026 Rolling Forecast,A6500,390942.23
2026-09-01,CC-501,Marketing,Shared Services,Global,Forecast,Forecast,Q2 2026 Rolling Forecast,A6600,179584.73
2026-09-01,CC-601,Operations,Shared Services,Türkiye,Forecast,Forecast,Q2 2026 Rolling Forecast,A6000,2700438.21
2026-09-01,CC-601,Operations,Shared Services,Türkiye,Forecast,Forecast,Q2 2026 Rolling Forecast,A6010,499581.07
2026-09-01,CC-601,Operations,Shared Services,Türkiye,Forecast,Forecast,Q2 2026 Rolling Forecast,A6200,5116770.67
2026-09-01,CC-601,Operations,Shared Services,Türkiye,Forecast,Forecast,Q2 2026 Rolling Forecast,A6300,501866.4
2026-09-01,CC-601,Operations,Shared Services,Türkiye,Forecast,Forecast,Q2 2026 Rolling Forecast,A6400,1378150.93
2026-09-01,CC-601,Operations,Shared Services,Türkiye,Forecast,Forecast,Q2 2026 Rolling Forecast,A6500,295283.37
2026-09-01,CC-601,Operations,Shared Services,Türkiye,Forecast,Forecast,Q2 2026 Rolling Forecast,A6600,140905.69
2026-09-01,CC-601,Operations,Shared Services,Türkiye,Forecast,Forecast,Q2 2026 Rolling Forecast,A6700,220833.33
2026-09-01,CC-701,Technology,Shared Services,Global,Forecast,Forecast,Q2 2026 Rolling Forecast,A6000,2787549.17
2026-09-01,CC-701,Technology,Shared Services,Global,Forecast,Forecast,Q2 2026 Rolling Forecast,A6010,515696.6
2026-09-01,CC-701,Technology,Shared Services,Global,Forecast,Forecast,Q2 2026 Rolling Forecast,A6300,4521991.79
2026-09-01,CC-701,Technology,Shared Services,Global,Forecast,Forecast,Q2 2026 Rolling Forecast,A6400,310168.55
2026-09-01,CC-701,Technology,Shared Services,Global,Forecast,Forecast,Q2 2026 Rolling Forecast,A6500,1149405.63
2026-09-01,CC-701,Technology,Shared Services,Global,Forecast,Forecast,Q2 2026 Rolling Forecast,A6600,238769.64
2026-09-01,CC-701,Technology,Shared Services,Global,Forecast,Forecast,Q2 2026 Rolling Forecast,A6700,426041.67
2026-09-01,CC-801,Finance & Corporate,Shared Services,Global,Forecast,Forecast,Q2 2026 Rolling Forecast,A6000,2333057.37
2026-09-01,CC-801,Finance & Corporate,Shared Services,Global,Forecast,Forecast,Q2 2026 Rolling Forecast,A6010,431615.61
2026-09-01,CC-801,Finance & Corporate,Shared Services,Global,Forecast,Forecast,Q2 2026 Rolling Forecast,A6300,778329.63
2026-09-01,CC-801,Finance & Corporate,Shared Services,Global,Forecast,Forecast,Q2 2026 Rolling Forecast,A6400,1593428.11
2026-09-01,CC-801,Finance & Corporate,Shared Services,Global,Forecast,Forecast,Q2 2026 Rolling Forecast,A6500,1700851.63
2026-09-01,CC-801,Finance & Corporate,Shared Services,Global,Forecast,Forecast,Q2 2026 Rolling Forecast,A6600,387521.32
2026-09-01,CC-801,Finance & Corporate,Shared Services,Global,Forecast,Forecast,Q2 2026 Rolling Forecast,A6700,170000.0
2026-09-01,CC-801,Finance & Corporate,Shared Services,Global,Forecast,Forecast,Q2 2026 Rolling Forecast,A6800,453035.52
2026-09-01,CC-801,Finance & Corporate,Shared Services,Global,Forecast,Forecast,Q2 2026 Rolling Forecast,A6900,3520072.68
2026-10-01,CC-101,Sales,Digital Commerce,Türkiye,Forecast,Forecast,Q2 2026 Rolling Forecast,A4000,34353493.28
2026-10-01,CC-101,Sales,Digital Commerce,Türkiye,Forecast,Forecast,Q2 2026 Rolling Forecast,A5000,12986426.82
2026-10-01,CC-101,Sales,Digital Commerce,Türkiye,Forecast,Forecast,Q2 2026 Rolling Forecast,A5010,955755.18
2026-10-01,CC-101,Sales,Digital Commerce,Türkiye,Forecast,Forecast,Q2 2026 Rolling Forecast,A5020,1023806.95
2026-10-01,CC-101,Sales,Digital Commerce,Türkiye,Forecast,Forecast,Q2 2026 Rolling Forecast,A6000,1870990.8
2026-10-01,CC-101,Sales,Digital Commerce,Türkiye,Forecast,Forecast,Q2 2026 Rolling Forecast,A6010,346133.3
2026-10-01,CC-101,Sales,Digital Commerce,Türkiye,Forecast,Forecast,Q2 2026 Rolling Forecast,A6100,1665213.94
2026-10-01,CC-101,Sales,Digital Commerce,Türkiye,Forecast,Forecast,Q2 2026 Rolling Forecast,A6200,616454.58
2026-10-01,CC-101,Sales,Digital Commerce,Türkiye,Forecast,Forecast,Q2 2026 Rolling Forecast,A6300,262996.2
2026-10-01,CC-101,Sales,Digital Commerce,Türkiye,Forecast,Forecast,Q2 2026 Rolling Forecast,A6400,133101.06
2026-10-01,CC-101,Sales,Digital Commerce,Türkiye,Forecast,Forecast,Q2 2026 Rolling Forecast,A6500,72628.45
2026-10-01,CC-101,Sales,Digital Commerce,Türkiye,Forecast,Forecast,Q2 2026 Rolling Forecast,A6600,45332.6
2026-10-01,CC-102,Sales,Digital Commerce,Europe,Forecast,Forecast,Q2 2026 Rolling Forecast,A4000,22499341.17
2026-10-01,CC-102,Sales,Digital Commerce,Europe,Forecast,Forecast,Q2 2026 Rolling Forecast,A5000,8990170.44
2026-10-01,CC-102,Sales,Digital Commerce,Europe,Forecast,Forecast,Q2 2026 Rolling Forecast,A5010,717976.26
2026-10-01,CC-102,Sales,Digital Commerce,Europe,Forecast,Forecast,Q2 2026 Rolling Forecast,A5020,717253.49
2026-10-01,CC-102,Sales,Digital Commerce,Europe,Forecast,Forecast,Q2 2026 Rolling Forecast,A6000,1628595.3
2026-10-01,CC-102,Sales,Digital Commerce,Europe,Forecast,Forecast,Q2 2026 Rolling Forecast,A6010,301290.13
2026-10-01,CC-102,Sales,Digital Commerce,Europe,Forecast,Forecast,Q2 2026 Rolling Forecast,A6100,1081077.62
2026-10-01,CC-102,Sales,Digital Commerce,Europe,Forecast,Forecast,Q2 2026 Rolling Forecast,A6200,405475.61
2026-10-01,CC-102,Sales,Digital Commerce,Europe,Forecast,Forecast,Q2 2026 Rolling Forecast,A6300,161267.64
2026-10-01,CC-102,Sales,Digital Commerce,Europe,Forecast,Forecast,Q2 2026 Rolling Forecast,A6400,81469.75
2026-10-01,CC-102,Sales,Digital Commerce,Europe,Forecast,Forecast,Q2 2026 Rolling Forecast,A6500,43118.43
2026-10-01,CC-102,Sales,Digital Commerce,Europe,Forecast,Forecast,Q2 2026 Rolling Forecast,A6600,26650.65
2026-10-01,CC-103,Sales,Digital Commerce,MENA,Forecast,Forecast,Q2 2026 Rolling Forecast,A4000,13620735.23
2026-10-01,CC-103,Sales,Digital Commerce,MENA,Forecast,Forecast,Q2 2026 Rolling Forecast,A5000,5678928.14
2026-10-01,CC-103,Sales,Digital Commerce,MENA,Forecast,Forecast,Q2 2026 Rolling Forecast,A5010,709122.22
2026-10-01,CC-103,Sales,Digital Commerce,MENA,Forecast,Forecast,Q2 2026 Rolling Forecast,A5020,476182.41
2026-10-01,CC-103,Sales,Digital Commerce,MENA,Forecast,Forecast,Q2 2026 Rolling Forecast,A6000,1138754.21
2026-10-01,CC-103,Sales,Digital Commerce,MENA,Forecast,Forecast,Q2 2026 Rolling Forecast,A6010,210669.53
2026-10-01,CC-103,Sales,Digital Commerce,MENA,Forecast,Forecast,Q2 2026 Rolling Forecast,A6100,662207.05
2026-10-01,CC-103,Sales,Digital Commerce,MENA,Forecast,Forecast,Q2 2026 Rolling Forecast,A6200,244903.98
2026-10-01,CC-103,Sales,Digital Commerce,MENA,Forecast,Forecast,Q2 2026 Rolling Forecast,A6300,103544.17
2026-10-01,CC-103,Sales,Digital Commerce,MENA,Forecast,Forecast,Q2 2026 Rolling Forecast,A6400,51712.1
2026-10-01,CC-103,Sales,Digital Commerce,MENA,Forecast,Forecast,Q2 2026 Rolling Forecast,A6500,26968.15
2026-10-01,CC-103,Sales,Digital Commerce,MENA,Forecast,Forecast,Q2 2026 Rolling Forecast,A6600,16850.0
2026-10-01,CC-201,Sales,Retail Stores,Türkiye,Forecast,Forecast,Q2 2026 Rolling Forecast,A4010,23218482.37
2026-10-01,CC-201,Sales,Retail Stores,Türkiye,Forecast,Forecast,Q2 2026 Rolling Forecast,A5000,10615233.43
2026-10-01,CC-201,Sales,Retail Stores,Türkiye,Forecast,Forecast,Q2 2026 Rolling Forecast,A5010,460957.71
2026-10-01,CC-201,Sales,Retail Stores,Türkiye,Forecast,Forecast,Q2 2026 Rolling Forecast,A5020,580326.62
2026-10-01,CC-201,Sales,Retail Stores,Türkiye,Forecast,Forecast,Q2 2026 Rolling Forecast,A6000,2509804.08
2026-10-01,CC-201,Sales,Retail Stores,Türkiye,Forecast,Forecast,Q2 2026 Rolling Forecast,A6010,464313.75
2026-10-01,CC-201,Sales,Retail Stores,Türkiye,Forecast,Forecast,Q2 2026 Rolling Forecast,A6100,449832.26
2026-10-01,CC-201,Sales,Retail Stores,Türkiye,Forecast,Forecast,Q2 2026 Rolling Forecast,A6200,418012.83
2026-10-01,CC-201,Sales,Retail Stores,Türkiye,Forecast,Forecast,Q2 2026 Rolling Forecast,A6300,356388.24
2026-10-01,CC-201,Sales,Retail Stores,Türkiye,Forecast,Forecast,Q2 2026 Rolling Forecast,A6400,450533.88
2026-10-01,CC-201,Sales,Retail Stores,Türkiye,Forecast,Forecast,Q2 2026 Rolling Forecast,A6500,92213.88
2026-10-01,CC-201,Sales,Retail Stores,Türkiye,Forecast,Forecast,Q2 2026 Rolling Forecast,A6600,57905.21
2026-10-01,CC-201,Sales,Retail Stores,Türkiye,Forecast,Forecast,Q2 2026 Rolling Forecast,A6700,107500.0
2026-10-01,CC-202,Sales,Retail Stores,Türkiye,Forecast,Forecast,Q2 2026 Rolling Forecast,A4010,16566562.65
2026-10-01,CC-202,Sales,Retail Stores,Türkiye,Forecast,Forecast,Q2 2026 Rolling Forecast,A5000,7755740.86
2026-10-01,CC-202,Sales,Retail Stores,Türkiye,Forecast,Forecast,Q2 2026 Rolling Forecast,A5010,296997.82
2026-10-01,CC-202,Sales,Retail Stores,Türkiye,Forecast,Forecast,Q2 2026 Rolling Forecast,A5020,442892.48
2026-10-01,CC-202,Sales,Retail Stores,Türkiye,Forecast,Forecast,Q2 2026 Rolling Forecast,A6000,1802817.03
2026-10-01,CC-202,Sales,Retail Stores,Türkiye,Forecast,Forecast,Q2 2026 Rolling Forecast,A6010,333521.15
2026-10-01,CC-202,Sales,Retail Stores,Türkiye,Forecast,Forecast,Q2 2026 Rolling Forecast,A6100,320483.23
2026-10-01,CC-202,Sales,Retail Stores,Türkiye,Forecast,Forecast,Q2 2026 Rolling Forecast,A6200,295592.32
2026-10-01,CC-202,Sales,Retail Stores,Türkiye,Forecast,Forecast,Q2 2026 Rolling Forecast,A6300,278133.79
2026-10-01,CC-202,Sales,Retail Stores,Türkiye,Forecast,Forecast,Q2 2026 Rolling Forecast,A6400,358975.77
2026-10-01,CC-202,Sales,Retail Stores,Türkiye,Forecast,Forecast,Q2 2026 Rolling Forecast,A6500,76398.11
2026-10-01,CC-202,Sales,Retail Stores,Türkiye,Forecast,Forecast,Q2 2026 Rolling Forecast,A6600,46157.71
2026-10-01,CC-202,Sales,Retail Stores,Türkiye,Forecast,Forecast,Q2 2026 Rolling Forecast,A6700,134166.67
2026-10-01,CC-301,Sales,Wholesale,Türkiye,Forecast,Forecast,Q2 2026 Rolling Forecast,A4020,23164936.51
2026-10-01,CC-301,Sales,Wholesale,Türkiye,Forecast,Forecast,Q2 2026 Rolling Forecast,A5000,13140952.22
2026-10-01,CC-301,Sales,Wholesale,Türkiye,Forecast,Forecast,Q2 2026 Rolling Forecast,A5010,230704.49
2026-10-01,CC-301,Sales,Wholesale,Türkiye,Forecast,Forecast,Q2 2026 Rolling Forecast,A5020,343025.87
2026-10-01,CC-301,Sales,Wholesale,Türkiye,Forecast,Forecast,Q2 2026 Rolling Forecast,A6000,1325600.78
2026-10-01,CC-301,Sales,Wholesale,Türkiye,Forecast,Forecast,Q2 2026 Rolling Forecast,A6010,245236.14
2026-10-01,CC-301,Sales,Wholesale,Türkiye,Forecast,Forecast,Q2 2026 Rolling Forecast,A6100,450518.8
2026-10-01,CC-301,Sales,Wholesale,Türkiye,Forecast,Forecast,Q2 2026 Rolling Forecast,A6200,231389.62
2026-10-01,CC-301,Sales,Wholesale,Türkiye,Forecast,Forecast,Q2 2026 Rolling Forecast,A6300,147884.91
2026-10-01,CC-301,Sales,Wholesale,Türkiye,Forecast,Forecast,Q2 2026 Rolling Forecast,A6400,73631.55
2026-10-01,CC-301,Sales,Wholesale,Türkiye,Forecast,Forecast,Q2 2026 Rolling Forecast,A6500,39507.09
2026-10-01,CC-301,Sales,Wholesale,Türkiye,Forecast,Forecast,Q2 2026 Rolling Forecast,A6600,25104.36
2026-10-01,CC-302,Sales,Wholesale,Europe,Forecast,Forecast,Q2 2026 Rolling Forecast,A4020,19086616.83
2026-10-01,CC-302,Sales,Wholesale,Europe,Forecast,Forecast,Q2 2026 Rolling Forecast,A5000,11191561.62
2026-10-01,CC-302,Sales,Wholesale,Europe,Forecast,Forecast,Q2 2026 Rolling Forecast,A5010,226555.73
2026-10-01,CC-302,Sales,Wholesale,Europe,Forecast,Forecast,Q2 2026 Rolling Forecast,A5020,340527.61
2026-10-01,CC-302,Sales,Wholesale,Europe,Forecast,Forecast,Q2 2026 Rolling Forecast,A6000,1060480.6
2026-10-01,CC-302,Sales,Wholesale,Europe,Forecast,Forecast,Q2 2026 Rolling Forecast,A6010,196188.91
2026-10-01,CC-302,Sales,Wholesale,Europe,Forecast,Forecast,Q2 2026 Rolling Forecast,A6100,369933.45
2026-10-01,CC-302,Sales,Wholesale,Europe,Forecast,Forecast,Q2 2026 Rolling Forecast,A6200,190395.49
2026-10-01,CC-302,Sales,Wholesale,Europe,Forecast,Forecast,Q2 2026 Rolling Forecast,A6300,119149.77
2026-10-01,CC-302,Sales,Wholesale,Europe,Forecast,Forecast,Q2 2026 Rolling Forecast,A6400,59074.9
2026-10-01,CC-302,Sales,Wholesale,Europe,Forecast,Forecast,Q2 2026 Rolling Forecast,A6500,31620.44
2026-10-01,CC-302,Sales,Wholesale,Europe,Forecast,Forecast,Q2 2026 Rolling Forecast,A6600,20263.13
2026-10-01,CC-401,Customer Success,Subscription Services,Türkiye,Forecast,Forecast,Q2 2026 Rolling Forecast,A4030,9685529.35
2026-10-01,CC-401,Customer Success,Subscription Services,Türkiye,Forecast,Forecast,Q2 2026 Rolling Forecast,A5000,2025189.19
2026-10-01,CC-401,Customer Success,Subscription Services,Türkiye,Forecast,Forecast,Q2 2026 Rolling Forecast,A5010,241146.12
2026-10-01,CC-401,Customer Success,Subscription Services,Türkiye,Forecast,Forecast,Q2 2026 Rolling Forecast,A5020,174023.93
2026-10-01,CC-401,Customer Success,Subscription Services,Türkiye,Forecast,Forecast,Q2 2026 Rolling Forecast,A6000,1514972.4
2026-10-01,CC-401,Customer Success,Subscription Services,Türkiye,Forecast,Forecast,Q2 2026 Rolling Forecast,A6010,280269.89
2026-10-01,CC-401,Customer Success,Subscription Services,Türkiye,Forecast,Forecast,Q2 2026 Rolling Forecast,A6100,522598.13
2026-10-01,CC-401,Customer Success,Subscription Services,Türkiye,Forecast,Forecast,Q2 2026 Rolling Forecast,A6200,97506.01
2026-10-01,CC-401,Customer Success,Subscription Services,Türkiye,Forecast,Forecast,Q2 2026 Rolling Forecast,A6300,877958.82
2026-10-01,CC-401,Customer Success,Subscription Services,Türkiye,Forecast,Forecast,Q2 2026 Rolling Forecast,A6400,95613.28
2026-10-01,CC-401,Customer Success,Subscription Services,Türkiye,Forecast,Forecast,Q2 2026 Rolling Forecast,A6500,50935.92
2026-10-01,CC-401,Customer Success,Subscription Services,Türkiye,Forecast,Forecast,Q2 2026 Rolling Forecast,A6600,32106.51
2026-10-01,CC-401,Customer Success,Subscription Services,Türkiye,Forecast,Forecast,Q2 2026 Rolling Forecast,A6700,194791.67
2026-10-01,CC-501,Marketing,Shared Services,Global,Forecast,Forecast,Q2 2026 Rolling Forecast,A6000,1738430.71
2026-10-01,CC-501,Marketing,Shared Services,Global,Forecast,Forecast,Q2 2026 Rolling Forecast,A6010,321609.68
2026-10-01,CC-501,Marketing,Shared Services,Global,Forecast,Forecast,Q2 2026 Rolling Forecast,A6100,4603046.39
2026-10-01,CC-501,Marketing,Shared Services,Global,Forecast,Forecast,Q2 2026 Rolling Forecast,A6300,296751.95
2026-10-01,CC-501,Marketing,Shared Services,Global,Forecast,Forecast,Q2 2026 Rolling Forecast,A6400,106253.44
2026-10-01,CC-501,Marketing,Shared Services,Global,Forecast,Forecast,Q2 2026 Rolling Forecast,A6500,394059.66
2026-10-01,CC-501,Marketing,Shared Services,Global,Forecast,Forecast,Q2 2026 Rolling Forecast,A6600,181016.76
2026-10-01,CC-601,Operations,Shared Services,Türkiye,Forecast,Forecast,Q2 2026 Rolling Forecast,A6000,2613327.3
2026-10-01,CC-601,Operations,Shared Services,Türkiye,Forecast,Forecast,Q2 2026 Rolling Forecast,A6010,483465.55
2026-10-01,CC-601,Operations,Shared Services,Türkiye,Forecast,Forecast,Q2 2026 Rolling Forecast,A6200,5157572.51
2026-10-01,CC-601,Operations,Shared Services,Türkiye,Forecast,Forecast,Q2 2026 Rolling Forecast,A6300,505868.35
2026-10-01,CC-601,Operations,Shared Services,Türkiye,Forecast,Forecast,Q2 2026 Rolling Forecast,A6400,1389140.5
2026-10-01,CC-601,Operations,Shared Services,Türkiye,Forecast,Forecast,Q2 2026 Rolling Forecast,A6500,297638.01
2026-10-01,CC-601,Operations,Shared Services,Türkiye,Forecast,Forecast,Q2 2026 Rolling Forecast,A6600,142029.3
2026-10-01,CC-601,Operations,Shared Services,Türkiye,Forecast,Forecast,Q2 2026 Rolling Forecast,A6700,220833.33
2026-10-01,CC-701,Technology,Shared Services,Global,Forecast,Forecast,Q2 2026 Rolling Forecast,A6000,2666351.38
2026-10-01,CC-701,Technology,Shared Services,Global,Forecast,Forecast,Q2 2026 Rolling Forecast,A6010,493275.01
2026-10-01,CC-701,Technology,Shared Services,Global,Forecast,Forecast,Q2 2026 Rolling Forecast,A6300,4558050.79
2026-10-01,CC-701,Technology,Shared Services,Global,Forecast,Forecast,Q2 2026 Rolling Forecast,A6400,312641.87
2026-10-01,CC-701,Technology,Shared Services,Global,Forecast,Forecast,Q2 2026 Rolling Forecast,A6500,1158571.15
2026-10-01,CC-701,Technology,Shared Services,Global,Forecast,Forecast,Q2 2026 Rolling Forecast,A6600,240673.62
2026-10-01,CC-701,Technology,Shared Services,Global,Forecast,Forecast,Q2 2026 Rolling Forecast,A6700,694791.67
2026-10-01,CC-801,Finance & Corporate,Shared Services,Global,Forecast,Forecast,Q2 2026 Rolling Forecast,A6000,2221959.4
2026-10-01,CC-801,Finance & Corporate,Shared Services,Global,Forecast,Forecast,Q2 2026 Rolling Forecast,A6010,411062.49
2026-10-01,CC-801,Finance & Corporate,Shared Services,Global,Forecast,Forecast,Q2 2026 Rolling Forecast,A6300,784536.14
2026-10-01,CC-801,Finance & Corporate,Shared Services,Global,Forecast,Forecast,Q2 2026 Rolling Forecast,A6400,1606134.33
2026-10-01,CC-801,Finance & Corporate,Shared Services,Global,Forecast,Forecast,Q2 2026 Rolling Forecast,A6500,1714414.46
2026-10-01,CC-801,Finance & Corporate,Shared Services,Global,Forecast,Forecast,Q2 2026 Rolling Forecast,A6600,390611.47
2026-10-01,CC-801,Finance & Corporate,Shared Services,Global,Forecast,Forecast,Q2 2026 Rolling Forecast,A6700,170000.0
2026-10-01,CC-801,Finance & Corporate,Shared Services,Global,Forecast,Forecast,Q2 2026 Rolling Forecast,A6800,453035.52
2026-10-01,CC-801,Finance & Corporate,Shared Services,Global,Forecast,Forecast,Q2 2026 Rolling Forecast,A6900,4386049.83
2026-11-01,CC-101,Sales,Digital Commerce,Türkiye,Forecast,Forecast,Q2 2026 Rolling Forecast,A4000,38619120.84
2026-11-01,CC-101,Sales,Digital Commerce,Türkiye,Forecast,Forecast,Q2 2026 Rolling Forecast,A5000,14598934.16
2026-11-01,CC-101,Sales,Digital Commerce,Türkiye,Forecast,Forecast,Q2 2026 Rolling Forecast,A5010,1074430.02
2026-11-01,CC-101,Sales,Digital Commerce,Türkiye,Forecast,Forecast,Q2 2026 Rolling Forecast,A5020,1150931.69
2026-11-01,CC-101,Sales,Digital Commerce,Türkiye,Forecast,Forecast,Q2 2026 Rolling Forecast,A6000,1969464.0
2026-11-01,CC-101,Sales,Digital Commerce,Türkiye,Forecast,Forecast,Q2 2026 Rolling Forecast,A6010,364350.84
2026-11-01,CC-101,Sales,Digital Commerce,Türkiye,Forecast,Forecast,Q2 2026 Rolling Forecast,A6100,1871981.34
2026-11-01,CC-101,Sales,Digital Commerce,Türkiye,Forecast,Forecast,Q2 2026 Rolling Forecast,A6200,692998.92
2026-11-01,CC-101,Sales,Digital Commerce,Türkiye,Forecast,Forecast,Q2 2026 Rolling Forecast,A6300,265093.37
2026-11-01,CC-101,Sales,Digital Commerce,Türkiye,Forecast,Forecast,Q2 2026 Rolling Forecast,A6400,134162.42
2026-11-01,CC-101,Sales,Digital Commerce,Türkiye,Forecast,Forecast,Q2 2026 Rolling Forecast,A6500,73207.6
2026-11-01,CC-101,Sales,Digital Commerce,Türkiye,Forecast,Forecast,Q2 2026 Rolling Forecast,A6600,45694.09
2026-11-01,CC-102,Sales,Digital Commerce,Europe,Forecast,Forecast,Q2 2026 Rolling Forecast,A4000,25293054.43
2026-11-01,CC-102,Sales,Digital Commerce,Europe,Forecast,Forecast,Q2 2026 Rolling Forecast,A5000,10106467.95
2026-11-01,CC-102,Sales,Digital Commerce,Europe,Forecast,Forecast,Q2 2026 Rolling Forecast,A5010,807126.41
2026-11-01,CC-102,Sales,Digital Commerce,Europe,Forecast,Forecast,Q2 2026 Rolling Forecast,A5020,806313.9
2026-11-01,CC-102,Sales,Digital Commerce,Europe,Forecast,Forecast,Q2 2026 Rolling Forecast,A6000,1737168.32
2026-11-01,CC-102,Sales,Digital Commerce,Europe,Forecast,Forecast,Q2 2026 Rolling Forecast,A6010,321376.14
2026-11-01,CC-102,Sales,Digital Commerce,Europe,Forecast,Forecast,Q2 2026 Rolling Forecast,A6100,1215313.59
2026-11-01,CC-102,Sales,Digital Commerce,Europe,Forecast,Forecast,Q2 2026 Rolling Forecast,A6200,455822.97
2026-11-01,CC-102,Sales,Digital Commerce,Europe,Forecast,Forecast,Q2 2026 Rolling Forecast,A6300,162553.61
2026-11-01,CC-102,Sales,Digital Commerce,Europe,Forecast,Forecast,Q2 2026 Rolling Forecast,A6400,82119.4
2026-11-01,CC-102,Sales,Digital Commerce,Europe,Forecast,Forecast,Q2 2026 Rolling Forecast,A6500,43462.26
2026-11-01,CC-102,Sales,Digital Commerce,Europe,Forecast,Forecast,Q2 2026 Rolling Forecast,A6600,26863.17
2026-11-01,CC-103,Sales,Digital Commerce,MENA,Forecast,Forecast,Q2 2026 Rolling Forecast,A4000,15312003.8
2026-11-01,CC-103,Sales,Digital Commerce,MENA,Forecast,Forecast,Q2 2026 Rolling Forecast,A5000,6384073.09
2026-11-01,CC-103,Sales,Digital Commerce,MENA,Forecast,Forecast,Q2 2026 Rolling Forecast,A5010,797172.99
2026-11-01,CC-103,Sales,Digital Commerce,MENA,Forecast,Forecast,Q2 2026 Rolling Forecast,A5020,535309.35
2026-11-01,CC-103,Sales,Digital Commerce,MENA,Forecast,Forecast,Q2 2026 Rolling Forecast,A6000,1242277.32
2026-11-01,CC-103,Sales,Digital Commerce,MENA,Forecast,Forecast,Q2 2026 Rolling Forecast,A6010,229821.3
2026-11-01,CC-103,Sales,Digital Commerce,MENA,Forecast,Forecast,Q2 2026 Rolling Forecast,A6100,744432.42
2026-11-01,CC-103,Sales,Digital Commerce,MENA,Forecast,Forecast,Q2 2026 Rolling Forecast,A6200,275313.38
2026-11-01,CC-103,Sales,Digital Commerce,MENA,Forecast,Forecast,Q2 2026 Rolling Forecast,A6300,104369.84
2026-11-01,CC-103,Sales,Digital Commerce,MENA,Forecast,Forecast,Q2 2026 Rolling Forecast,A6400,52124.46
2026-11-01,CC-103,Sales,Digital Commerce,MENA,Forecast,Forecast,Q2 2026 Rolling Forecast,A6500,27183.2
2026-11-01,CC-103,Sales,Digital Commerce,MENA,Forecast,Forecast,Q2 2026 Rolling Forecast,A6600,16984.36
2026-11-01,CC-201,Sales,Retail Stores,Türkiye,Forecast,Forecast,Q2 2026 Rolling Forecast,A4010,24422451.13
2026-11-01,CC-201,Sales,Retail Stores,Türkiye,Forecast,Forecast,Q2 2026 Rolling Forecast,A5000,11165674.63
2026-11-01,CC-201,Sales,Retail Stores,Türkiye,Forecast,Forecast,Q2 2026 Rolling Forecast,A5010,484860.16
2026-11-01,CC-201,Sales,Retail Stores,Türkiye,Forecast,Forecast,Q2 2026 Rolling Forecast,A5020,610418.81
2026-11-01,CC-201,Sales,Retail Stores,Türkiye,Forecast,Forecast,Q2 2026 Rolling Forecast,A6000,2599439.94
2026-11-01,CC-201,Sales,Retail Stores,Türkiye,Forecast,Forecast,Q2 2026 Rolling Forecast,A6010,480896.39
2026-11-01,CC-201,Sales,Retail Stores,Türkiye,Forecast,Forecast,Q2 2026 Rolling Forecast,A6100,473157.81
2026-11-01,CC-201,Sales,Retail Stores,Türkiye,Forecast,Forecast,Q2 2026 Rolling Forecast,A6200,439688.42
2026-11-01,CC-201,Sales,Retail Stores,Türkiye,Forecast,Forecast,Q2 2026 Rolling Forecast,A6300,359230.13
2026-11-01,CC-201,Sales,Retail Stores,Türkiye,Forecast,Forecast,Q2 2026 Rolling Forecast,A6400,454126.5
2026-11-01,CC-201,Sales,Retail Stores,Türkiye,Forecast,Forecast,Q2 2026 Rolling Forecast,A6500,92949.2
2026-11-01,CC-201,Sales,Retail Stores,Türkiye,Forecast,Forecast,Q2 2026 Rolling Forecast,A6600,58366.96
2026-11-01,CC-201,Sales,Retail Stores,Türkiye,Forecast,Forecast,Q2 2026 Rolling Forecast,A6700,107500.0
2026-11-01,CC-202,Sales,Retail Stores,Türkiye,Forecast,Forecast,Q2 2026 Rolling Forecast,A4010,17425603.45
2026-11-01,CC-202,Sales,Retail Stores,Türkiye,Forecast,Forecast,Q2 2026 Rolling Forecast,A5000,8157906.24
2026-11-01,CC-202,Sales,Retail Stores,Türkiye,Forecast,Forecast,Q2 2026 Rolling Forecast,A5010,312398.31
2026-11-01,CC-202,Sales,Retail Stores,Türkiye,Forecast,Forecast,Q2 2026 Rolling Forecast,A5020,465858.19
2026-11-01,CC-202,Sales,Retail Stores,Türkiye,Forecast,Forecast,Q2 2026 Rolling Forecast,A6000,1888665.46
2026-11-01,CC-202,Sales,Retail Stores,Türkiye,Forecast,Forecast,Q2 2026 Rolling Forecast,A6010,349403.11
2026-11-01,CC-202,Sales,Retail Stores,Türkiye,Forecast,Forecast,Q2 2026 Rolling Forecast,A6100,337101.53
2026-11-01,CC-202,Sales,Retail Stores,Türkiye,Forecast,Forecast,Q2 2026 Rolling Forecast,A6200,310919.93
2026-11-01,CC-202,Sales,Retail Stores,Türkiye,Forecast,Forecast,Q2 2026 Rolling Forecast,A6300,280351.66
2026-11-01,CC-202,Sales,Retail Stores,Türkiye,Forecast,Forecast,Q2 2026 Rolling Forecast,A6400,361838.3
2026-11-01,CC-202,Sales,Retail Stores,Türkiye,Forecast,Forecast,Q2 2026 Rolling Forecast,A6500,77007.31
2026-11-01,CC-202,Sales,Retail Stores,Türkiye,Forecast,Forecast,Q2 2026 Rolling Forecast,A6600,46525.78
2026-11-01,CC-202,Sales,Retail Stores,Türkiye,Forecast,Forecast,Q2 2026 Rolling Forecast,A6700,134166.67
2026-11-01,CC-301,Sales,Wholesale,Türkiye,Forecast,Forecast,Q2 2026 Rolling Forecast,A4020,21364427.01
2026-11-01,CC-301,Sales,Wholesale,Türkiye,Forecast,Forecast,Q2 2026 Rolling Forecast,A5000,12119563.31
2026-11-01,CC-301,Sales,Wholesale,Türkiye,Forecast,Forecast,Q2 2026 Rolling Forecast,A5010,212772.84
2026-11-01,CC-301,Sales,Wholesale,Türkiye,Forecast,Forecast,Q2 2026 Rolling Forecast,A5020,316363.97
2026-11-01,CC-301,Sales,Wholesale,Türkiye,Forecast,Forecast,Q2 2026 Rolling Forecast,A6000,1420286.55
2026-11-01,CC-301,Sales,Wholesale,Türkiye,Forecast,Forecast,Q2 2026 Rolling Forecast,A6010,262753.01
2026-11-01,CC-301,Sales,Wholesale,Türkiye,Forecast,Forecast,Q2 2026 Rolling Forecast,A6100,415501.94
2026-11-01,CC-301,Sales,Wholesale,Türkiye,Forecast,Forecast,Q2 2026 Rolling Forecast,A6200,213404.71
2026-11-01,CC-301,Sales,Wholesale,Türkiye,Forecast,Forecast,Q2 2026 Rolling Forecast,A6300,149064.17
2026-11-01,CC-301,Sales,Wholesale,Türkiye,Forecast,Forecast,Q2 2026 Rolling Forecast,A6400,74218.7
2026-11-01,CC-301,Sales,Wholesale,Türkiye,Forecast,Forecast,Q2 2026 Rolling Forecast,A6500,39822.13
2026-11-01,CC-301,Sales,Wholesale,Türkiye,Forecast,Forecast,Q2 2026 Rolling Forecast,A6600,25304.54
2026-11-01,CC-302,Sales,Wholesale,Europe,Forecast,Forecast,Q2 2026 Rolling Forecast,A4020,17603097.35
2026-11-01,CC-302,Sales,Wholesale,Europe,Forecast,Forecast,Q2 2026 Rolling Forecast,A5000,10321690.35
2026-11-01,CC-302,Sales,Wholesale,Europe,Forecast,Forecast,Q2 2026 Rolling Forecast,A5010,208946.54
2026-11-01,CC-302,Sales,Wholesale,Europe,Forecast,Forecast,Q2 2026 Rolling Forecast,A5020,314059.88
2026-11-01,CC-302,Sales,Wholesale,Europe,Forecast,Forecast,Q2 2026 Rolling Forecast,A6000,1166528.66
2026-11-01,CC-302,Sales,Wholesale,Europe,Forecast,Forecast,Q2 2026 Rolling Forecast,A6010,215807.8
2026-11-01,CC-302,Sales,Wholesale,Europe,Forecast,Forecast,Q2 2026 Rolling Forecast,A6100,341180.14
2026-11-01,CC-302,Sales,Wholesale,Europe,Forecast,Forecast,Q2 2026 Rolling Forecast,A6200,175596.88
2026-11-01,CC-302,Sales,Wholesale,Europe,Forecast,Forecast,Q2 2026 Rolling Forecast,A6300,120099.88
2026-11-01,CC-302,Sales,Wholesale,Europe,Forecast,Forecast,Q2 2026 Rolling Forecast,A6400,59545.97
2026-11-01,CC-302,Sales,Wholesale,Europe,Forecast,Forecast,Q2 2026 Rolling Forecast,A6500,31872.59
2026-11-01,CC-302,Sales,Wholesale,Europe,Forecast,Forecast,Q2 2026 Rolling Forecast,A6600,20424.71
2026-11-01,CC-401,Customer Success,Subscription Services,Türkiye,Forecast,Forecast,Q2 2026 Rolling Forecast,A4030,9657759.36
2026-11-01,CC-401,Customer Success,Subscription Services,Türkiye,Forecast,Forecast,Q2 2026 Rolling Forecast,A5000,2019382.64
2026-11-01,CC-401,Customer Success,Subscription Services,Türkiye,Forecast,Forecast,Q2 2026 Rolling Forecast,A5010,240454.72
2026-11-01,CC-401,Customer Success,Subscription Services,Türkiye,Forecast,Forecast,Q2 2026 Rolling Forecast,A5020,173524.98
2026-11-01,CC-401,Customer Success,Subscription Services,Türkiye,Forecast,Forecast,Q2 2026 Rolling Forecast,A6000,1514972.4
2026-11-01,CC-401,Customer Success,Subscription Services,Türkiye,Forecast,Forecast,Q2 2026 Rolling Forecast,A6010,280269.89
2026-11-01,CC-401,Customer Success,Subscription Services,Türkiye,Forecast,Forecast,Q2 2026 Rolling Forecast,A6100,521099.75
2026-11-01,CC-401,Customer Success,Subscription Services,Türkiye,Forecast,Forecast,Q2 2026 Rolling Forecast,A6200,97226.45
2026-11-01,CC-401,Customer Success,Subscription Services,Türkiye,Forecast,Forecast,Q2 2026 Rolling Forecast,A6300,884959.79
2026-11-01,CC-401,Customer Success,Subscription Services,Türkiye,Forecast,Forecast,Q2 2026 Rolling Forecast,A6400,96375.71
2026-11-01,CC-401,Customer Success,Subscription Services,Türkiye,Forecast,Forecast,Q2 2026 Rolling Forecast,A6500,51342.09
2026-11-01,CC-401,Customer Success,Subscription Services,Türkiye,Forecast,Forecast,Q2 2026 Rolling Forecast,A6600,32362.53
2026-11-01,CC-401,Customer Success,Subscription Services,Türkiye,Forecast,Forecast,Q2 2026 Rolling Forecast,A6700,194791.67
2026-11-01,CC-501,Marketing,Shared Services,Global,Forecast,Forecast,Q2 2026 Rolling Forecast,A6000,1738430.71
2026-11-01,CC-501,Marketing,Shared Services,Global,Forecast,Forecast,Q2 2026 Rolling Forecast,A6010,321609.68
2026-11-01,CC-501,Marketing,Shared Services,Global,Forecast,Forecast,Q2 2026 Rolling Forecast,A6100,4639751.73
2026-11-01,CC-501,Marketing,Shared Services,Global,Forecast,Forecast,Q2 2026 Rolling Forecast,A6300,299118.3
2026-11-01,CC-501,Marketing,Shared Services,Global,Forecast,Forecast,Q2 2026 Rolling Forecast,A6400,107100.72
2026-11-01,CC-501,Marketing,Shared Services,Global,Forecast,Forecast,Q2 2026 Rolling Forecast,A6500,397201.94
2026-11-01,CC-501,Marketing,Shared Services,Global,Forecast,Forecast,Q2 2026 Rolling Forecast,A6600,182460.22
2026-11-01,CC-601,Operations,Shared Services,Türkiye,Forecast,Forecast,Q2 2026 Rolling Forecast,A6000,2700438.21
2026-11-01,CC-601,Operations,Shared Services,Türkiye,Forecast,Forecast,Q2 2026 Rolling Forecast,A6010,499581.07
2026-11-01,CC-601,Operations,Shared Services,Türkiye,Forecast,Forecast,Q2 2026 Rolling Forecast,A6200,5198699.72
2026-11-01,CC-601,Operations,Shared Services,Türkiye,Forecast,Forecast,Q2 2026 Rolling Forecast,A6300,509902.22
2026-11-01,CC-601,Operations,Shared Services,Türkiye,Forecast,Forecast,Q2 2026 Rolling Forecast,A6400,1400217.7
2026-11-01,CC-601,Operations,Shared Services,Türkiye,Forecast,Forecast,Q2 2026 Rolling Forecast,A6500,300011.41
2026-11-01,CC-601,Operations,Shared Services,Türkiye,Forecast,Forecast,Q2 2026 Rolling Forecast,A6600,143161.86
2026-11-01,CC-601,Operations,Shared Services,Türkiye,Forecast,Forecast,Q2 2026 Rolling Forecast,A6700,220833.33
2026-11-01,CC-701,Technology,Shared Services,Global,Forecast,Forecast,Q2 2026 Rolling Forecast,A6000,2787549.17
2026-11-01,CC-701,Technology,Shared Services,Global,Forecast,Forecast,Q2 2026 Rolling Forecast,A6010,515696.6
2026-11-01,CC-701,Technology,Shared Services,Global,Forecast,Forecast,Q2 2026 Rolling Forecast,A6300,4594397.33
2026-11-01,CC-701,Technology,Shared Services,Global,Forecast,Forecast,Q2 2026 Rolling Forecast,A6400,315134.92
2026-11-01,CC-701,Technology,Shared Services,Global,Forecast,Forecast,Q2 2026 Rolling Forecast,A6500,1167809.76
2026-11-01,CC-701,Technology,Shared Services,Global,Forecast,Forecast,Q2 2026 Rolling Forecast,A6600,242592.79
2026-11-01,CC-701,Technology,Shared Services,Global,Forecast,Forecast,Q2 2026 Rolling Forecast,A6700,694791.67
2026-11-01,CC-801,Finance & Corporate,Shared Services,Global,Forecast,Forecast,Q2 2026 Rolling Forecast,A6000,2221959.4
2026-11-01,CC-801,Finance & Corporate,Shared Services,Global,Forecast,Forecast,Q2 2026 Rolling Forecast,A6010,411062.49
2026-11-01,CC-801,Finance & Corporate,Shared Services,Global,Forecast,Forecast,Q2 2026 Rolling Forecast,A6300,790792.15
2026-11-01,CC-801,Finance & Corporate,Shared Services,Global,Forecast,Forecast,Q2 2026 Rolling Forecast,A6400,1618941.87
2026-11-01,CC-801,Finance & Corporate,Shared Services,Global,Forecast,Forecast,Q2 2026 Rolling Forecast,A6500,1728085.45
2026-11-01,CC-801,Finance & Corporate,Shared Services,Global,Forecast,Forecast,Q2 2026 Rolling Forecast,A6600,393726.26
2026-11-01,CC-801,Finance & Corporate,Shared Services,Global,Forecast,Forecast,Q2 2026 Rolling Forecast,A6700,170000.0
2026-11-01,CC-801,Finance & Corporate,Shared Services,Global,Forecast,Forecast,Q2 2026 Rolling Forecast,A6800,453035.52
2026-11-01,CC-801,Finance & Corporate,Shared Services,Global,Forecast,Forecast,Q2 2026 Rolling Forecast,A6900,5034625.49
2026-12-01,CC-101,Sales,Digital Commerce,Türkiye,Forecast,Forecast,Q2 2026 Rolling Forecast,A4000,41800710.58
2026-12-01,CC-101,Sales,Digital Commerce,Türkiye,Forecast,Forecast,Q2 2026 Rolling Forecast,A5000,15801649.77
2026-12-01,CC-101,Sales,Digital Commerce,Türkiye,Forecast,Forecast,Q2 2026 Rolling Forecast,A5010,1162945.65
2026-12-01,CC-101,Sales,Digital Commerce,Türkiye,Forecast,Forecast,Q2 2026 Rolling Forecast,A5020,1245749.81
2026-12-01,CC-101,Sales,Digital Commerce,Türkiye,Forecast,Forecast,Q2 2026 Rolling Forecast,A6000,1969464.0
2026-12-01,CC-101,Sales,Digital Commerce,Türkiye,Forecast,Forecast,Q2 2026 Rolling Forecast,A6010,364350.84
2026-12-01,CC-101,Sales,Digital Commerce,Türkiye,Forecast,Forecast,Q2 2026 Rolling Forecast,A6100,2026202.26
2026-12-01,CC-101,Sales,Digital Commerce,Türkiye,Forecast,Forecast,Q2 2026 Rolling Forecast,A6200,750090.81
2026-12-01,CC-101,Sales,Digital Commerce,Türkiye,Forecast,Forecast,Q2 2026 Rolling Forecast,A6300,267207.27
2026-12-01,CC-101,Sales,Digital Commerce,Türkiye,Forecast,Forecast,Q2 2026 Rolling Forecast,A6400,135232.25
2026-12-01,CC-101,Sales,Digital Commerce,Türkiye,Forecast,Forecast,Q2 2026 Rolling Forecast,A6500,73791.37
2026-12-01,CC-101,Sales,Digital Commerce,Türkiye,Forecast,Forecast,Q2 2026 Rolling Forecast,A6600,46058.46
2026-12-01,CC-102,Sales,Digital Commerce,Europe,Forecast,Forecast,Q2 2026 Rolling Forecast,A4000,27376792.24
2026-12-01,CC-102,Sales,Digital Commerce,Europe,Forecast,Forecast,Q2 2026 Rolling Forecast,A5000,10939077.13
2026-12-01,CC-102,Sales,Digital Commerce,Europe,Forecast,Forecast,Q2 2026 Rolling Forecast,A5010,873620.55
2026-12-01,CC-102,Sales,Digital Commerce,Europe,Forecast,Forecast,Q2 2026 Rolling Forecast,A5020,872741.1
2026-12-01,CC-102,Sales,Digital Commerce,Europe,Forecast,Forecast,Q2 2026 Rolling Forecast,A6000,1737168.32
2026-12-01,CC-102,Sales,Digital Commerce,Europe,Forecast,Forecast,Q2 2026 Rolling Forecast,A6010,321376.14
2026-12-01,CC-102,Sales,Digital Commerce,Europe,Forecast,Forecast,Q2 2026 Rolling Forecast,A6100,1315435.74
2026-12-01,CC-102,Sales,Digital Commerce,Europe,Forecast,Forecast,Q2 2026 Rolling Forecast,A6200,493375.4
2026-12-01,CC-102,Sales,Digital Commerce,Europe,Forecast,Forecast,Q2 2026 Rolling Forecast,A6300,163849.83
2026-12-01,CC-102,Sales,Digital Commerce,Europe,Forecast,Forecast,Q2 2026 Rolling Forecast,A6400,82774.23
2026-12-01,CC-102,Sales,Digital Commerce,Europe,Forecast,Forecast,Q2 2026 Rolling Forecast,A6500,43808.83
2026-12-01,CC-102,Sales,Digital Commerce,Europe,Forecast,Forecast,Q2 2026 Rolling Forecast,A6600,27077.38
2026-12-01,CC-103,Sales,Digital Commerce,MENA,Forecast,Forecast,Q2 2026 Rolling Forecast,A4000,16573464.79
2026-12-01,CC-103,Sales,Digital Commerce,MENA,Forecast,Forecast,Q2 2026 Rolling Forecast,A5000,6910017.26
2026-12-01,CC-103,Sales,Digital Commerce,MENA,Forecast,Forecast,Q2 2026 Rolling Forecast,A5010,862847.12
2026-12-01,CC-103,Sales,Digital Commerce,MENA,Forecast,Forecast,Q2 2026 Rolling Forecast,A5020,579410.17
2026-12-01,CC-103,Sales,Digital Commerce,MENA,Forecast,Forecast,Q2 2026 Rolling Forecast,A6000,1242277.32
2026-12-01,CC-103,Sales,Digital Commerce,MENA,Forecast,Forecast,Q2 2026 Rolling Forecast,A6010,229821.3
2026-12-01,CC-103,Sales,Digital Commerce,MENA,Forecast,Forecast,Q2 2026 Rolling Forecast,A6100,805761.58
2026-12-01,CC-103,Sales,Digital Commerce,MENA,Forecast,Forecast,Q2 2026 Rolling Forecast,A6200,297994.74
2026-12-01,CC-103,Sales,Digital Commerce,MENA,Forecast,Forecast,Q2 2026 Rolling Forecast,A6300,105202.1
2026-12-01,CC-103,Sales,Digital Commerce,MENA,Forecast,Forecast,Q2 2026 Rolling Forecast,A6400,52540.11
2026-12-01,CC-103,Sales,Digital Commerce,MENA,Forecast,Forecast,Q2 2026 Rolling Forecast,A6500,27399.96
2026-12-01,CC-103,Sales,Digital Commerce,MENA,Forecast,Forecast,Q2 2026 Rolling Forecast,A6600,17119.8
2026-12-01,CC-201,Sales,Retail Stores,Türkiye,Forecast,Forecast,Q2 2026 Rolling Forecast,A4010,28542362.42
2026-12-01,CC-201,Sales,Retail Stores,Türkiye,Forecast,Forecast,Q2 2026 Rolling Forecast,A5000,13049252.52
2026-12-01,CC-201,Sales,Retail Stores,Türkiye,Forecast,Forecast,Q2 2026 Rolling Forecast,A5010,566652.97
2026-12-01,CC-201,Sales,Retail Stores,Türkiye,Forecast,Forecast,Q2 2026 Rolling Forecast,A5020,713392.56
2026-12-01,CC-201,Sales,Retail Stores,Türkiye,Forecast,Forecast,Q2 2026 Rolling Forecast,A6000,2599439.94
2026-12-01,CC-201,Sales,Retail Stores,Türkiye,Forecast,Forecast,Q2 2026 Rolling Forecast,A6010,480896.39
2026-12-01,CC-201,Sales,Retail Stores,Türkiye,Forecast,Forecast,Q2 2026 Rolling Forecast,A6100,552976.51
2026-12-01,CC-201,Sales,Retail Stores,Türkiye,Forecast,Forecast,Q2 2026 Rolling Forecast,A6200,513861.05
2026-12-01,CC-201,Sales,Retail Stores,Türkiye,Forecast,Forecast,Q2 2026 Rolling Forecast,A6300,362094.68
2026-12-01,CC-201,Sales,Retail Stores,Türkiye,Forecast,Forecast,Q2 2026 Rolling Forecast,A6400,457747.76
2026-12-01,CC-201,Sales,Retail Stores,Türkiye,Forecast,Forecast,Q2 2026 Rolling Forecast,A6500,93690.39
2026-12-01,CC-201,Sales,Retail Stores,Türkiye,Forecast,Forecast,Q2 2026 Rolling Forecast,A6600,58832.38
2026-12-01,CC-201,Sales,Retail Stores,Türkiye,Forecast,Forecast,Q2 2026 Rolling Forecast,A6700,107500.0
2026-12-01,CC-202,Sales,Retail Stores,Türkiye,Forecast,Forecast,Q2 2026 Rolling Forecast,A4010,20365191.29
2026-12-01,CC-202,Sales,Retail Stores,Türkiye,Forecast,Forecast,Q2 2026 Rolling Forecast,A5000,9534092.84
2026-12-01,CC-202,Sales,Retail Stores,Türkiye,Forecast,Forecast,Q2 2026 Rolling Forecast,A5010,365097.91
2026-12-01,CC-202,Sales,Retail Stores,Türkiye,Forecast,Forecast,Q2 2026 Rolling Forecast,A5020,544445.48
2026-12-01,CC-202,Sales,Retail Stores,Türkiye,Forecast,Forecast,Q2 2026 Rolling Forecast,A6000,1888665.46
2026-12-01,CC-202,Sales,Retail Stores,Türkiye,Forecast,Forecast,Q2 2026 Rolling Forecast,A6010,349403.11
2026-12-01,CC-202,Sales,Retail Stores,Türkiye,Forecast,Forecast,Q2 2026 Rolling Forecast,A6100,393968.41
2026-12-01,CC-202,Sales,Retail Stores,Türkiye,Forecast,Forecast,Q2 2026 Rolling Forecast,A6200,363370.13
2026-12-01,CC-202,Sales,Retail Stores,Türkiye,Forecast,Forecast,Q2 2026 Rolling Forecast,A6300,282587.23
2026-12-01,CC-202,Sales,Retail Stores,Türkiye,Forecast,Forecast,Q2 2026 Rolling Forecast,A6400,364723.64
2026-12-01,CC-202,Sales,Retail Stores,Türkiye,Forecast,Forecast,Q2 2026 Rolling Forecast,A6500,77621.38
2026-12-01,CC-202,Sales,Retail Stores,Türkiye,Forecast,Forecast,Q2 2026 Rolling Forecast,A6600,46896.79
2026-12-01,CC-202,Sales,Retail Stores,Türkiye,Forecast,Forecast,Q2 2026 Rolling Forecast,A6700,134166.67
2026-12-01,CC-301,Sales,Wholesale,Türkiye,Forecast,Forecast,Q2 2026 Rolling Forecast,A4020,19613348.15
2026-12-01,CC-301,Sales,Wholesale,Türkiye,Forecast,Forecast,Q2 2026 Rolling Forecast,A5000,11126215.3
2026-12-01,CC-301,Sales,Wholesale,Türkiye,Forecast,Forecast,Q2 2026 Rolling Forecast,A5010,195333.47
2026-12-01,CC-301,Sales,Wholesale,Türkiye,Forecast,Forecast,Q2 2026 Rolling Forecast,A5020,290434.03
2026-12-01,CC-301,Sales,Wholesale,Türkiye,Forecast,Forecast,Q2 2026 Rolling Forecast,A6000,1420286.55
2026-12-01,CC-301,Sales,Wholesale,Türkiye,Forecast,Forecast,Q2 2026 Rolling Forecast,A6010,262753.01
2026-12-01,CC-301,Sales,Wholesale,Türkiye,Forecast,Forecast,Q2 2026 Rolling Forecast,A6100,381446.42
2026-12-01,CC-301,Sales,Wholesale,Türkiye,Forecast,Forecast,Q2 2026 Rolling Forecast,A6200,195913.56
2026-12-01,CC-301,Sales,Wholesale,Türkiye,Forecast,Forecast,Q2 2026 Rolling Forecast,A6300,150252.83
2026-12-01,CC-301,Sales,Wholesale,Türkiye,Forecast,Forecast,Q2 2026 Rolling Forecast,A6400,74810.53
2026-12-01,CC-301,Sales,Wholesale,Türkiye,Forecast,Forecast,Q2 2026 Rolling Forecast,A6500,40139.67
2026-12-01,CC-301,Sales,Wholesale,Türkiye,Forecast,Forecast,Q2 2026 Rolling Forecast,A6600,25506.32
2026-12-01,CC-302,Sales,Wholesale,Europe,Forecast,Forecast,Q2 2026 Rolling Forecast,A4020,16160305.94
2026-12-01,CC-302,Sales,Wholesale,Europe,Forecast,Forecast,Q2 2026 Rolling Forecast,A5000,9475700.24
2026-12-01,CC-302,Sales,Wholesale,Europe,Forecast,Forecast,Q2 2026 Rolling Forecast,A5010,191820.79
2026-12-01,CC-302,Sales,Wholesale,Europe,Forecast,Forecast,Q2 2026 Rolling Forecast,A5020,288318.79
2026-12-01,CC-302,Sales,Wholesale,Europe,Forecast,Forecast,Q2 2026 Rolling Forecast,A6000,1166528.66
2026-12-01,CC-302,Sales,Wholesale,Europe,Forecast,Forecast,Q2 2026 Rolling Forecast,A6010,215807.8
2026-12-01,CC-302,Sales,Wholesale,Europe,Forecast,Forecast,Q2 2026 Rolling Forecast,A6100,313216.21
2026-12-01,CC-302,Sales,Wholesale,Europe,Forecast,Forecast,Q2 2026 Rolling Forecast,A6200,161204.54
2026-12-01,CC-302,Sales,Wholesale,Europe,Forecast,Forecast,Q2 2026 Rolling Forecast,A6300,121057.58
2026-12-01,CC-302,Sales,Wholesale,Europe,Forecast,Forecast,Q2 2026 Rolling Forecast,A6400,60020.8
2026-12-01,CC-302,Sales,Wholesale,Europe,Forecast,Forecast,Q2 2026 Rolling Forecast,A6500,32126.75
2026-12-01,CC-302,Sales,Wholesale,Europe,Forecast,Forecast,Q2 2026 Rolling Forecast,A6600,20587.58
2026-12-01,CC-401,Customer Success,Subscription Services,Türkiye,Forecast,Forecast,Q2 2026 Rolling Forecast,A4030,9713751.82
2026-12-01,CC-401,Customer Success,Subscription Services,Türkiye,Forecast,Forecast,Q2 2026 Rolling Forecast,A5000,2031090.34
2026-12-01,CC-401,Customer Success,Subscription Services,Türkiye,Forecast,Forecast,Q2 2026 Rolling Forecast,A5010,241848.79
2026-12-01,CC-401,Customer Success,Subscription Services,Türkiye,Forecast,Forecast,Q2 2026 Rolling Forecast,A5020,174531.02
2026-12-01,CC-401,Customer Success,Subscription Services,Türkiye,Forecast,Forecast,Q2 2026 Rolling Forecast,A6000,1514972.4
2026-12-01,CC-401,Customer Success,Subscription Services,Türkiye,Forecast,Forecast,Q2 2026 Rolling Forecast,A6010,280269.89
2026-12-01,CC-401,Customer Success,Subscription Services,Türkiye,Forecast,Forecast,Q2 2026 Rolling Forecast,A6100,524120.91
2026-12-01,CC-401,Customer Success,Subscription Services,Türkiye,Forecast,Forecast,Q2 2026 Rolling Forecast,A6200,97790.13
2026-12-01,CC-401,Customer Success,Subscription Services,Türkiye,Forecast,Forecast,Q2 2026 Rolling Forecast,A6300,892016.58
2026-12-01,CC-401,Customer Success,Subscription Services,Türkiye,Forecast,Forecast,Q2 2026 Rolling Forecast,A6400,97144.23
2026-12-01,CC-401,Customer Success,Subscription Services,Türkiye,Forecast,Forecast,Q2 2026 Rolling Forecast,A6500,51751.5
2026-12-01,CC-401,Customer Success,Subscription Services,Türkiye,Forecast,Forecast,Q2 2026 Rolling Forecast,A6600,32620.59
2026-12-01,CC-401,Customer Success,Subscription Services,Türkiye,Forecast,Forecast,Q2 2026 Rolling Forecast,A6700,194791.67
2026-12-01,CC-501,Marketing,Shared Services,Global,Forecast,Forecast,Q2 2026 Rolling Forecast,A6000,1738430.71
2026-12-01,CC-501,Marketing,Shared Services,Global,Forecast,Forecast,Q2 2026 Rolling Forecast,A6010,321609.68
2026-12-01,CC-501,Marketing,Shared Services,Global,Forecast,Forecast,Q2 2026 Rolling Forecast,A6100,4676749.76
2026-12-01,CC-501,Marketing,Shared Services,Global,Forecast,Forecast,Q2 2026 Rolling Forecast,A6300,301503.51
2026-12-01,CC-501,Marketing,Shared Services,Global,Forecast,Forecast,Q2 2026 Rolling Forecast,A6400,107954.76
2026-12-01,CC-501,Marketing,Shared Services,Global,Forecast,Forecast,Q2 2026 Rolling Forecast,A6500,400369.29
2026-12-01,CC-501,Marketing,Shared Services,Global,Forecast,Forecast,Q2 2026 Rolling Forecast,A6600,183915.18
2026-12-01,CC-601,Operations,Shared Services,Türkiye,Forecast,Forecast,Q2 2026 Rolling Forecast,A6000,2700438.21
2026-12-01,CC-601,Operations,Shared Services,Türkiye,Forecast,Forecast,Q2 2026 Rolling Forecast,A6010,499581.07
2026-12-01,CC-601,Operations,Shared Services,Türkiye,Forecast,Forecast,Q2 2026 Rolling Forecast,A6200,5240154.88
2026-12-01,CC-601,Operations,Shared Services,Türkiye,Forecast,Forecast,Q2 2026 Rolling Forecast,A6300,513968.25
2026-12-01,CC-601,Operations,Shared Services,Türkiye,Forecast,Forecast,Q2 2026 Rolling Forecast,A6400,1411383.23
2026-12-01,CC-601,Operations,Shared Services,Türkiye,Forecast,Forecast,Q2 2026 Rolling Forecast,A6500,302403.75
2026-12-01,CC-601,Operations,Shared Services,Türkiye,Forecast,Forecast,Q2 2026 Rolling Forecast,A6600,144303.45
2026-12-01,CC-601,Operations,Shared Services,Türkiye,Forecast,Forecast,Q2 2026 Rolling Forecast,A6700,220833.33
2026-12-01,CC-701,Technology,Shared Services,Global,Forecast,Forecast,Q2 2026 Rolling Forecast,A6000,2787549.17
2026-12-01,CC-701,Technology,Shared Services,Global,Forecast,Forecast,Q2 2026 Rolling Forecast,A6010,515696.6
2026-12-01,CC-701,Technology,Shared Services,Global,Forecast,Forecast,Q2 2026 Rolling Forecast,A6300,4631033.7
2026-12-01,CC-701,Technology,Shared Services,Global,Forecast,Forecast,Q2 2026 Rolling Forecast,A6400,317647.85
2026-12-01,CC-701,Technology,Shared Services,Global,Forecast,Forecast,Q2 2026 Rolling Forecast,A6500,1177122.04
2026-12-01,CC-701,Technology,Shared Services,Global,Forecast,Forecast,Q2 2026 Rolling Forecast,A6600,244527.26
2026-12-01,CC-701,Technology,Shared Services,Global,Forecast,Forecast,Q2 2026 Rolling Forecast,A6700,694791.67
2026-12-01,CC-801,Finance & Corporate,Shared Services,Global,Forecast,Forecast,Q2 2026 Rolling Forecast,A6000,2221959.4
2026-12-01,CC-801,Finance & Corporate,Shared Services,Global,Forecast,Forecast,Q2 2026 Rolling Forecast,A6010,411062.49
2026-12-01,CC-801,Finance & Corporate,Shared Services,Global,Forecast,Forecast,Q2 2026 Rolling Forecast,A6300,797098.03
2026-12-01,CC-801,Finance & Corporate,Shared Services,Global,Forecast,Forecast,Q2 2026 Rolling Forecast,A6400,1631851.54
2026-12-01,CC-801,Finance & Corporate,Shared Services,Global,Forecast,Forecast,Q2 2026 Rolling Forecast,A6500,1741865.44
2026-12-01,CC-801,Finance & Corporate,Shared Services,Global,Forecast,Forecast,Q2 2026 Rolling Forecast,A6600,396865.89
2026-12-01,CC-801,Finance & Corporate,Shared Services,Global,Forecast,Forecast,Q2 2026 Rolling Forecast,A6700,170000.0
2026-12-01,CC-801,Finance & Corporate,Shared Services,Global,Forecast,Forecast,Q2 2026 Rolling Forecast,A6800,453035.52
2026-12-01,CC-801,Finance & Corporate,Shared Services,Global,Forecast,Forecast,Q2 2026 Rolling Forecast,A6900,6275744.32
2027-01-01,CC-101,Sales,Digital Commerce,Türkiye,Forecast,Forecast,Q2 2026 Rolling Forecast,A4000,30026457.64
2027-01-01,CC-101,Sales,Digital Commerce,Türkiye,Forecast,Forecast,Q2 2026 Rolling Forecast,A5000,11293667.06
2027-01-01,CC-101,Sales,Digital Commerce,Türkiye,Forecast,Forecast,Q2 2026 Rolling Forecast,A5010,831174.03
2027-01-01,CC-101,Sales,Digital Commerce,Türkiye,Forecast,Forecast,Q2 2026 Rolling Forecast,A5020,890355.36
2027-01-01,CC-101,Sales,Digital Commerce,Türkiye,Forecast,Forecast,Q2 2026 Rolling Forecast,A6000,1969464.0
2027-01-01,CC-101,Sales,Digital Commerce,Türkiye,Forecast,Forecast,Q2 2026 Rolling Forecast,A6010,364350.84
2027-01-01,CC-101,Sales,Digital Commerce,Türkiye,Forecast,Forecast,Q2 2026 Rolling Forecast,A6100,1455469.91
2027-01-01,CC-101,Sales,Digital Commerce,Türkiye,Forecast,Forecast,Q2 2026 Rolling Forecast,A6200,538808.3
2027-01-01,CC-101,Sales,Digital Commerce,Türkiye,Forecast,Forecast,Q2 2026 Rolling Forecast,A6300,269338.01
2027-01-01,CC-101,Sales,Digital Commerce,Türkiye,Forecast,Forecast,Q2 2026 Rolling Forecast,A6400,136310.61
2027-01-01,CC-101,Sales,Digital Commerce,Türkiye,Forecast,Forecast,Q2 2026 Rolling Forecast,A6500,74379.79
2027-01-01,CC-101,Sales,Digital Commerce,Türkiye,Forecast,Forecast,Q2 2026 Rolling Forecast,A6600,46425.74
2027-01-01,CC-102,Sales,Digital Commerce,Europe,Forecast,Forecast,Q2 2026 Rolling Forecast,A4000,19665409.54
2027-01-01,CC-102,Sales,Digital Commerce,Europe,Forecast,Forecast,Q2 2026 Rolling Forecast,A5000,7818316.25
2027-01-01,CC-102,Sales,Digital Commerce,Europe,Forecast,Forecast,Q2 2026 Rolling Forecast,A5010,624389.21
2027-01-01,CC-102,Sales,Digital Commerce,Europe,Forecast,Forecast,Q2 2026 Rolling Forecast,A5020,623760.65
2027-01-01,CC-102,Sales,Digital Commerce,Europe,Forecast,Forecast,Q2 2026 Rolling Forecast,A6000,1737168.32
2027-01-01,CC-102,Sales,Digital Commerce,Europe,Forecast,Forecast,Q2 2026 Rolling Forecast,A6010,321376.14
2027-01-01,CC-102,Sales,Digital Commerce,Europe,Forecast,Forecast,Q2 2026 Rolling Forecast,A6100,944909.19
2027-01-01,CC-102,Sales,Digital Commerce,Europe,Forecast,Forecast,Q2 2026 Rolling Forecast,A6200,354403.44
2027-01-01,CC-102,Sales,Digital Commerce,Europe,Forecast,Forecast,Q2 2026 Rolling Forecast,A6300,165156.4
2027-01-01,CC-102,Sales,Digital Commerce,Europe,Forecast,Forecast,Q2 2026 Rolling Forecast,A6400,83434.28
2027-01-01,CC-102,Sales,Digital Commerce,Europe,Forecast,Forecast,Q2 2026 Rolling Forecast,A6500,44158.17
2027-01-01,CC-102,Sales,Digital Commerce,Europe,Forecast,Forecast,Q2 2026 Rolling Forecast,A6600,27293.3
2027-01-01,CC-103,Sales,Digital Commerce,MENA,Forecast,Forecast,Q2 2026 Rolling Forecast,A4000,11905119.11
2027-01-01,CC-103,Sales,Digital Commerce,MENA,Forecast,Forecast,Q2 2026 Rolling Forecast,A5000,4938689.03
2027-01-01,CC-103,Sales,Digital Commerce,MENA,Forecast,Forecast,Q2 2026 Rolling Forecast,A5010,616689.29
2027-01-01,CC-103,Sales,Digital Commerce,MENA,Forecast,Forecast,Q2 2026 Rolling Forecast,A5020,414112.8
2027-01-01,CC-103,Sales,Digital Commerce,MENA,Forecast,Forecast,Q2 2026 Rolling Forecast,A6000,1242277.32
2027-01-01,CC-103,Sales,Digital Commerce,MENA,Forecast,Forecast,Q2 2026 Rolling Forecast,A6010,229821.3
2027-01-01,CC-103,Sales,Digital Commerce,MENA,Forecast,Forecast,Q2 2026 Rolling Forecast,A6100,578797.96
2027-01-01,CC-103,Sales,Digital Commerce,MENA,Forecast,Forecast,Q2 2026 Rolling Forecast,A6200,214056.81
2027-01-01,CC-103,Sales,Digital Commerce,MENA,Forecast,Forecast,Q2 2026 Rolling Forecast,A6300,106041.0
2027-01-01,CC-103,Sales,Digital Commerce,MENA,Forecast,Forecast,Q2 2026 Rolling Forecast,A6400,52959.07
2027-01-01,CC-103,Sales,Digital Commerce,MENA,Forecast,Forecast,Q2 2026 Rolling Forecast,A6500,27618.45
2027-01-01,CC-103,Sales,Digital Commerce,MENA,Forecast,Forecast,Q2 2026 Rolling Forecast,A6600,17256.31
2027-01-01,CC-201,Sales,Retail Stores,Türkiye,Forecast,Forecast,Q2 2026 Rolling Forecast,A4010,19793373.57
2027-01-01,CC-201,Sales,Retail Stores,Türkiye,Forecast,Forecast,Q2 2026 Rolling Forecast,A5000,9003837.63
2027-01-01,CC-201,Sales,Retail Stores,Türkiye,Forecast,Forecast,Q2 2026 Rolling Forecast,A5010,390984.19
2027-01-01,CC-201,Sales,Retail Stores,Türkiye,Forecast,Forecast,Q2 2026 Rolling Forecast,A5020,492232.85
2027-01-01,CC-201,Sales,Retail Stores,Türkiye,Forecast,Forecast,Q2 2026 Rolling Forecast,A6000,2599439.94
2027-01-01,CC-201,Sales,Retail Stores,Türkiye,Forecast,Forecast,Q2 2026 Rolling Forecast,A6010,480896.39
2027-01-01,CC-201,Sales,Retail Stores,Türkiye,Forecast,Forecast,Q2 2026 Rolling Forecast,A6100,383474.58
2027-01-01,CC-201,Sales,Retail Stores,Türkiye,Forecast,Forecast,Q2 2026 Rolling Forecast,A6200,356349.05
2027-01-01,CC-201,Sales,Retail Stores,Türkiye,Forecast,Forecast,Q2 2026 Rolling Forecast,A6300,364982.07
2027-01-01,CC-201,Sales,Retail Stores,Türkiye,Forecast,Forecast,Q2 2026 Rolling Forecast,A6400,461397.91
2027-01-01,CC-201,Sales,Retail Stores,Türkiye,Forecast,Forecast,Q2 2026 Rolling Forecast,A6500,94437.49
2027-01-01,CC-201,Sales,Retail Stores,Türkiye,Forecast,Forecast,Q2 2026 Rolling Forecast,A6600,59301.52
2027-01-01,CC-201,Sales,Retail Stores,Türkiye,Forecast,Forecast,Q2 2026 Rolling Forecast,A6700,107500.0
2027-01-01,CC-202,Sales,Retail Stores,Türkiye,Forecast,Forecast,Q2 2026 Rolling Forecast,A4010,14122721.64
2027-01-01,CC-202,Sales,Retail Stores,Türkiye,Forecast,Forecast,Q2 2026 Rolling Forecast,A5000,6578416.94
2027-01-01,CC-202,Sales,Retail Stores,Türkiye,Forecast,Forecast,Q2 2026 Rolling Forecast,A5010,251913.45
2027-01-01,CC-202,Sales,Retail Stores,Türkiye,Forecast,Forecast,Q2 2026 Rolling Forecast,A5020,375661.27
2027-01-01,CC-202,Sales,Retail Stores,Türkiye,Forecast,Forecast,Q2 2026 Rolling Forecast,A6000,1888665.46
2027-01-01,CC-202,Sales,Retail Stores,Türkiye,Forecast,Forecast,Q2 2026 Rolling Forecast,A6010,349403.11
2027-01-01,CC-202,Sales,Retail Stores,Türkiye,Forecast,Forecast,Q2 2026 Rolling Forecast,A6100,273206.67
2027-01-01,CC-202,Sales,Retail Stores,Türkiye,Forecast,Forecast,Q2 2026 Rolling Forecast,A6200,251987.58
2027-01-01,CC-202,Sales,Retail Stores,Türkiye,Forecast,Forecast,Q2 2026 Rolling Forecast,A6300,284840.62
2027-01-01,CC-202,Sales,Retail Stores,Türkiye,Forecast,Forecast,Q2 2026 Rolling Forecast,A6400,367632.0
2027-01-01,CC-202,Sales,Retail Stores,Türkiye,Forecast,Forecast,Q2 2026 Rolling Forecast,A6500,78240.35
2027-01-01,CC-202,Sales,Retail Stores,Türkiye,Forecast,Forecast,Q2 2026 Rolling Forecast,A6600,47270.75
2027-01-01,CC-202,Sales,Retail Stores,Türkiye,Forecast,Forecast,Q2 2026 Rolling Forecast,A6700,134166.67
2027-01-01,CC-301,Sales,Wholesale,Türkiye,Forecast,Forecast,Q2 2026 Rolling Forecast,A4020,19364793.34
2027-01-01,CC-301,Sales,Wholesale,Türkiye,Forecast,Forecast,Q2 2026 Rolling Forecast,A5000,10930013.6
2027-01-01,CC-301,Sales,Wholesale,Türkiye,Forecast,Forecast,Q2 2026 Rolling Forecast,A5010,191888.93
2027-01-01,CC-301,Sales,Wholesale,Türkiye,Forecast,Forecast,Q2 2026 Rolling Forecast,A5020,285312.46
2027-01-01,CC-301,Sales,Wholesale,Türkiye,Forecast,Forecast,Q2 2026 Rolling Forecast,A6000,1420286.55
2027-01-01,CC-301,Sales,Wholesale,Türkiye,Forecast,Forecast,Q2 2026 Rolling Forecast,A6010,262753.01
2027-01-01,CC-301,Sales,Wholesale,Türkiye,Forecast,Forecast,Q2 2026 Rolling Forecast,A6100,376612.45
2027-01-01,CC-301,Sales,Wholesale,Türkiye,Forecast,Forecast,Q2 2026 Rolling Forecast,A6200,193430.8
2027-01-01,CC-301,Sales,Wholesale,Türkiye,Forecast,Forecast,Q2 2026 Rolling Forecast,A6300,151450.97
2027-01-01,CC-301,Sales,Wholesale,Türkiye,Forecast,Forecast,Q2 2026 Rolling Forecast,A6400,75407.08
2027-01-01,CC-301,Sales,Wholesale,Türkiye,Forecast,Forecast,Q2 2026 Rolling Forecast,A6500,40459.75
2027-01-01,CC-301,Sales,Wholesale,Türkiye,Forecast,Forecast,Q2 2026 Rolling Forecast,A6600,25709.71
2027-01-01,CC-302,Sales,Wholesale,Europe,Forecast,Forecast,Q2 2026 Rolling Forecast,A4020,15955510.62
2027-01-01,CC-302,Sales,Wholesale,Europe,Forecast,Forecast,Q2 2026 Rolling Forecast,A5000,9308604.03
2027-01-01,CC-302,Sales,Wholesale,Europe,Forecast,Forecast,Q2 2026 Rolling Forecast,A5010,188438.19
2027-01-01,CC-302,Sales,Wholesale,Europe,Forecast,Forecast,Q2 2026 Rolling Forecast,A5020,283234.53
2027-01-01,CC-302,Sales,Wholesale,Europe,Forecast,Forecast,Q2 2026 Rolling Forecast,A6000,1166528.66
2027-01-01,CC-302,Sales,Wholesale,Europe,Forecast,Forecast,Q2 2026 Rolling Forecast,A6010,215807.8
2027-01-01,CC-302,Sales,Wholesale,Europe,Forecast,Forecast,Q2 2026 Rolling Forecast,A6100,309246.9
2027-01-01,CC-302,Sales,Wholesale,Europe,Forecast,Forecast,Q2 2026 Rolling Forecast,A6200,159161.64
2027-01-01,CC-302,Sales,Wholesale,Europe,Forecast,Forecast,Q2 2026 Rolling Forecast,A6300,122022.91
2027-01-01,CC-302,Sales,Wholesale,Europe,Forecast,Forecast,Q2 2026 Rolling Forecast,A6400,60499.41
2027-01-01,CC-302,Sales,Wholesale,Europe,Forecast,Forecast,Q2 2026 Rolling Forecast,A6500,32382.93
2027-01-01,CC-302,Sales,Wholesale,Europe,Forecast,Forecast,Q2 2026 Rolling Forecast,A6600,20751.75
2027-01-01,CC-401,Customer Success,Subscription Services,Türkiye,Forecast,Forecast,Q2 2026 Rolling Forecast,A4030,9416592.86
2027-01-01,CC-401,Customer Success,Subscription Services,Türkiye,Forecast,Forecast,Q2 2026 Rolling Forecast,A5000,1959061.84
2027-01-01,CC-401,Customer Success,Subscription Services,Türkiye,Forecast,Forecast,Q2 2026 Rolling Forecast,A5010,233272.11
2027-01-01,CC-401,Customer Success,Subscription Services,Türkiye,Forecast,Forecast,Q2 2026 Rolling Forecast,A5020,168341.63
2027-01-01,CC-401,Customer Success,Subscription Services,Türkiye,Forecast,Forecast,Q2 2026 Rolling Forecast,A6000,1514972.4
2027-01-01,CC-401,Customer Success,Subscription Services,Türkiye,Forecast,Forecast,Q2 2026 Rolling Forecast,A6010,280269.89
2027-01-01,CC-401,Customer Success,Subscription Services,Türkiye,Forecast,Forecast,Q2 2026 Rolling Forecast,A6100,508087.23
2027-01-01,CC-401,Customer Success,Subscription Services,Türkiye,Forecast,Forecast,Q2 2026 Rolling Forecast,A6200,94798.58
2027-01-01,CC-401,Customer Success,Subscription Services,Türkiye,Forecast,Forecast,Q2 2026 Rolling Forecast,A6300,899129.65
2027-01-01,CC-401,Customer Success,Subscription Services,Türkiye,Forecast,Forecast,Q2 2026 Rolling Forecast,A6400,97918.87
2027-01-01,CC-401,Customer Success,Subscription Services,Türkiye,Forecast,Forecast,Q2 2026 Rolling Forecast,A6500,52164.17
2027-01-01,CC-401,Customer Success,Subscription Services,Türkiye,Forecast,Forecast,Q2 2026 Rolling Forecast,A6600,32880.71
2027-01-01,CC-401,Customer Success,Subscription Services,Türkiye,Forecast,Forecast,Q2 2026 Rolling Forecast,A6700,194791.67
2027-01-01,CC-501,Marketing,Shared Services,Global,Forecast,Forecast,Q2 2026 Rolling Forecast,A6000,1738430.71
2027-01-01,CC-501,Marketing,Shared Services,Global,Forecast,Forecast,Q2 2026 Rolling Forecast,A6010,321609.68
2027-01-01,CC-501,Marketing,Shared Services,Global,Forecast,Forecast,Q2 2026 Rolling Forecast,A6100,4714042.82
2027-01-01,CC-501,Marketing,Shared Services,Global,Forecast,Forecast,Q2 2026 Rolling Forecast,A6300,303907.74
2027-01-01,CC-501,Marketing,Shared Services,Global,Forecast,Forecast,Q2 2026 Rolling Forecast,A6400,108815.6
2027-01-01,CC-501,Marketing,Shared Services,Global,Forecast,Forecast,Q2 2026 Rolling Forecast,A6500,403561.89
2027-01-01,CC-501,Marketing,Shared Services,Global,Forecast,Forecast,Q2 2026 Rolling Forecast,A6600,185381.74
2027-01-01,CC-601,Operations,Shared Services,Türkiye,Forecast,Forecast,Q2 2026 Rolling Forecast,A6000,2700438.21
2027-01-01,CC-601,Operations,Shared Services,Türkiye,Forecast,Forecast,Q2 2026 Rolling Forecast,A6010,499581.07
2027-01-01,CC-601,Operations,Shared Services,Türkiye,Forecast,Forecast,Q2 2026 Rolling Forecast,A6200,5281940.61
2027-01-01,CC-601,Operations,Shared Services,Türkiye,Forecast,Forecast,Q2 2026 Rolling Forecast,A6300,518066.71
2027-01-01,CC-601,Operations,Shared Services,Türkiye,Forecast,Forecast,Q2 2026 Rolling Forecast,A6400,1422637.8
2027-01-01,CC-601,Operations,Shared Services,Türkiye,Forecast,Forecast,Q2 2026 Rolling Forecast,A6500,304815.16
2027-01-01,CC-601,Operations,Shared Services,Türkiye,Forecast,Forecast,Q2 2026 Rolling Forecast,A6600,145454.15
2027-01-01,CC-601,Operations,Shared Services,Türkiye,Forecast,Forecast,Q2 2026 Rolling Forecast,A6700,465277.77
2027-01-01,CC-701,Technology,Shared Services,Global,Forecast,Forecast,Q2 2026 Rolling Forecast,A6000,2787549.17
2027-01-01,CC-701,Technology,Shared Services,Global,Forecast,Forecast,Q2 2026 Rolling Forecast,A6010,515696.6
2027-01-01,CC-701,Technology,Shared Services,Global,Forecast,Forecast,Q2 2026 Rolling Forecast,A6300,4667962.21
2027-01-01,CC-701,Technology,Shared Services,Global,Forecast,Forecast,Q2 2026 Rolling Forecast,A6400,320180.82
2027-01-01,CC-701,Technology,Shared Services,Global,Forecast,Forecast,Q2 2026 Rolling Forecast,A6500,1186508.57
2027-01-01,CC-701,Technology,Shared Services,Global,Forecast,Forecast,Q2 2026 Rolling Forecast,A6600,246477.15
2027-01-01,CC-701,Technology,Shared Services,Global,Forecast,Forecast,Q2 2026 Rolling Forecast,A6700,694791.67
2027-01-01,CC-801,Finance & Corporate,Shared Services,Global,Forecast,Forecast,Q2 2026 Rolling Forecast,A6000,2221959.4
2027-01-01,CC-801,Finance & Corporate,Shared Services,Global,Forecast,Forecast,Q2 2026 Rolling Forecast,A6010,411062.49
2027-01-01,CC-801,Finance & Corporate,Shared Services,Global,Forecast,Forecast,Q2 2026 Rolling Forecast,A6300,803454.21
2027-01-01,CC-801,Finance & Corporate,Shared Services,Global,Forecast,Forecast,Q2 2026 Rolling Forecast,A6400,1644864.16
2027-01-01,CC-801,Finance & Corporate,Shared Services,Global,Forecast,Forecast,Q2 2026 Rolling Forecast,A6500,1755755.32
2027-01-01,CC-801,Finance & Corporate,Shared Services,Global,Forecast,Forecast,Q2 2026 Rolling Forecast,A6600,400030.55
2027-01-01,CC-801,Finance & Corporate,Shared Services,Global,Forecast,Forecast,Q2 2026 Rolling Forecast,A6700,170000.0
2027-01-01,CC-801,Finance & Corporate,Shared Services,Global,Forecast,Forecast,Q2 2026 Rolling Forecast,A6800,453035.52
2027-01-01,CC-801,Finance & Corporate,Shared Services,Global,Forecast,Forecast,Q2 2026 Rolling Forecast,A6900,1568082.29
2027-02-01,CC-101,Sales,Digital Commerce,Türkiye,Forecast,Forecast,Q2 2026 Rolling Forecast,A4000,30793917.06
2027-02-01,CC-101,Sales,Digital Commerce,Türkiye,Forecast,Forecast,Q2 2026 Rolling Forecast,A5000,11582326.86
2027-02-01,CC-101,Sales,Digital Commerce,Türkiye,Forecast,Forecast,Q2 2026 Rolling Forecast,A5010,852418.37
2027-02-01,CC-101,Sales,Digital Commerce,Türkiye,Forecast,Forecast,Q2 2026 Rolling Forecast,A5020,913112.35
2027-02-01,CC-101,Sales,Digital Commerce,Türkiye,Forecast,Forecast,Q2 2026 Rolling Forecast,A6000,2067937.2
2027-02-01,CC-101,Sales,Digital Commerce,Türkiye,Forecast,Forecast,Q2 2026 Rolling Forecast,A6010,382568.38
2027-02-01,CC-101,Sales,Digital Commerce,Türkiye,Forecast,Forecast,Q2 2026 Rolling Forecast,A6100,1492670.9
2027-02-01,CC-101,Sales,Digital Commerce,Türkiye,Forecast,Forecast,Q2 2026 Rolling Forecast,A6200,552579.94
2027-02-01,CC-101,Sales,Digital Commerce,Türkiye,Forecast,Forecast,Q2 2026 Rolling Forecast,A6300,271485.75
2027-02-01,CC-101,Sales,Digital Commerce,Türkiye,Forecast,Forecast,Q2 2026 Rolling Forecast,A6400,137397.57
2027-02-01,CC-101,Sales,Digital Commerce,Türkiye,Forecast,Forecast,Q2 2026 Rolling Forecast,A6500,74972.91
2027-02-01,CC-101,Sales,Digital Commerce,Türkiye,Forecast,Forecast,Q2 2026 Rolling Forecast,A6600,46795.94
2027-02-01,CC-102,Sales,Digital Commerce,Europe,Forecast,Forecast,Q2 2026 Rolling Forecast,A4000,20168046.38
2027-02-01,CC-102,Sales,Digital Commerce,Europe,Forecast,Forecast,Q2 2026 Rolling Forecast,A5000,8018148.02
2027-02-01,CC-102,Sales,Digital Commerce,Europe,Forecast,Forecast,Q2 2026 Rolling Forecast,A5010,640348.25
2027-02-01,CC-102,Sales,Digital Commerce,Europe,Forecast,Forecast,Q2 2026 Rolling Forecast,A5020,639703.62
2027-02-01,CC-102,Sales,Digital Commerce,Europe,Forecast,Forecast,Q2 2026 Rolling Forecast,A6000,1845741.34
2027-02-01,CC-102,Sales,Digital Commerce,Europe,Forecast,Forecast,Q2 2026 Rolling Forecast,A6010,341462.15
2027-02-01,CC-102,Sales,Digital Commerce,Europe,Forecast,Forecast,Q2 2026 Rolling Forecast,A6100,969060.54
2027-02-01,CC-102,Sales,Digital Commerce,Europe,Forecast,Forecast,Q2 2026 Rolling Forecast,A6200,363461.79
2027-02-01,CC-102,Sales,Digital Commerce,Europe,Forecast,Forecast,Q2 2026 Rolling Forecast,A6300,166473.38
2027-02-01,CC-102,Sales,Digital Commerce,Europe,Forecast,Forecast,Q2 2026 Rolling Forecast,A6400,84099.6
2027-02-01,CC-102,Sales,Digital Commerce,Europe,Forecast,Forecast,Q2 2026 Rolling Forecast,A6500,44510.3
2027-02-01,CC-102,Sales,Digital Commerce,Europe,Forecast,Forecast,Q2 2026 Rolling Forecast,A6600,27510.94
2027-02-01,CC-103,Sales,Digital Commerce,MENA,Forecast,Forecast,Q2 2026 Rolling Forecast,A4000,12209407.28
2027-02-01,CC-103,Sales,Digital Commerce,MENA,Forecast,Forecast,Q2 2026 Rolling Forecast,A5000,5064919.15
2027-02-01,CC-103,Sales,Digital Commerce,MENA,Forecast,Forecast,Q2 2026 Rolling Forecast,A5010,632451.52
2027-02-01,CC-103,Sales,Digital Commerce,MENA,Forecast,Forecast,Q2 2026 Rolling Forecast,A5020,424697.3
2027-02-01,CC-103,Sales,Digital Commerce,MENA,Forecast,Forecast,Q2 2026 Rolling Forecast,A6000,1345800.43
2027-02-01,CC-103,Sales,Digital Commerce,MENA,Forecast,Forecast,Q2 2026 Rolling Forecast,A6010,248973.08
2027-02-01,CC-103,Sales,Digital Commerce,MENA,Forecast,Forecast,Q2 2026 Rolling Forecast,A6100,593591.71
2027-02-01,CC-103,Sales,Digital Commerce,MENA,Forecast,Forecast,Q2 2026 Rolling Forecast,A6200,219527.98
2027-02-01,CC-103,Sales,Digital Commerce,MENA,Forecast,Forecast,Q2 2026 Rolling Forecast,A6300,106886.58
2027-02-01,CC-103,Sales,Digital Commerce,MENA,Forecast,Forecast,Q2 2026 Rolling Forecast,A6400,53381.37
2027-02-01,CC-103,Sales,Digital Commerce,MENA,Forecast,Forecast,Q2 2026 Rolling Forecast,A6500,27838.69
2027-02-01,CC-103,Sales,Digital Commerce,MENA,Forecast,Forecast,Q2 2026 Rolling Forecast,A6600,17393.92
2027-02-01,CC-201,Sales,Retail Stores,Türkiye,Forecast,Forecast,Q2 2026 Rolling Forecast,A4010,20279342.65
2027-02-01,CC-201,Sales,Retail Stores,Türkiye,Forecast,Forecast,Q2 2026 Rolling Forecast,A5000,9224900.84
2027-02-01,CC-201,Sales,Retail Stores,Türkiye,Forecast,Forecast,Q2 2026 Rolling Forecast,A5010,400583.67
2027-02-01,CC-201,Sales,Retail Stores,Türkiye,Forecast,Forecast,Q2 2026 Rolling Forecast,A5020,504318.21
2027-02-01,CC-201,Sales,Retail Stores,Türkiye,Forecast,Forecast,Q2 2026 Rolling Forecast,A6000,2689075.8
2027-02-01,CC-201,Sales,Retail Stores,Türkiye,Forecast,Forecast,Q2 2026 Rolling Forecast,A6010,497479.02
2027-02-01,CC-201,Sales,Retail Stores,Türkiye,Forecast,Forecast,Q2 2026 Rolling Forecast,A6100,392889.69
2027-02-01,CC-201,Sales,Retail Stores,Türkiye,Forecast,Forecast,Q2 2026 Rolling Forecast,A6200,365098.17
2027-02-01,CC-201,Sales,Retail Stores,Türkiye,Forecast,Forecast,Q2 2026 Rolling Forecast,A6300,367892.49
2027-02-01,CC-201,Sales,Retail Stores,Türkiye,Forecast,Forecast,Q2 2026 Rolling Forecast,A6400,465077.16
2027-02-01,CC-201,Sales,Retail Stores,Türkiye,Forecast,Forecast,Q2 2026 Rolling Forecast,A6500,95190.55
2027-02-01,CC-201,Sales,Retail Stores,Türkiye,Forecast,Forecast,Q2 2026 Rolling Forecast,A6600,59774.4
2027-02-01,CC-201,Sales,Retail Stores,Türkiye,Forecast,Forecast,Q2 2026 Rolling Forecast,A6700,107500.0
2027-02-01,CC-202,Sales,Retail Stores,Türkiye,Forecast,Forecast,Q2 2026 Rolling Forecast,A4010,14469464.25
2027-02-01,CC-202,Sales,Retail Stores,Türkiye,Forecast,Forecast,Q2 2026 Rolling Forecast,A5000,6739930.95
2027-02-01,CC-202,Sales,Retail Stores,Türkiye,Forecast,Forecast,Q2 2026 Rolling Forecast,A5010,258098.46
2027-02-01,CC-202,Sales,Retail Stores,Türkiye,Forecast,Forecast,Q2 2026 Rolling Forecast,A5020,384884.54
2027-02-01,CC-202,Sales,Retail Stores,Türkiye,Forecast,Forecast,Q2 2026 Rolling Forecast,A6000,1974513.89
2027-02-01,CC-202,Sales,Retail Stores,Türkiye,Forecast,Forecast,Q2 2026 Rolling Forecast,A6010,365285.07
2027-02-01,CC-202,Sales,Retail Stores,Türkiye,Forecast,Forecast,Q2 2026 Rolling Forecast,A6100,279914.47
2027-02-01,CC-202,Sales,Retail Stores,Türkiye,Forecast,Forecast,Q2 2026 Rolling Forecast,A6200,258174.41
2027-02-01,CC-202,Sales,Retail Stores,Türkiye,Forecast,Forecast,Q2 2026 Rolling Forecast,A6300,287111.98
2027-02-01,CC-202,Sales,Retail Stores,Türkiye,Forecast,Forecast,Q2 2026 Rolling Forecast,A6400,370563.55
2027-02-01,CC-202,Sales,Retail Stores,Türkiye,Forecast,Forecast,Q2 2026 Rolling Forecast,A6500,78864.24
2027-02-01,CC-202,Sales,Retail Stores,Türkiye,Forecast,Forecast,Q2 2026 Rolling Forecast,A6600,47647.69
2027-02-01,CC-202,Sales,Retail Stores,Türkiye,Forecast,Forecast,Q2 2026 Rolling Forecast,A6700,134166.67
2027-02-01,CC-301,Sales,Wholesale,Türkiye,Forecast,Forecast,Q2 2026 Rolling Forecast,A4020,20479272.07
2027-02-01,CC-301,Sales,Wholesale,Türkiye,Forecast,Forecast,Q2 2026 Rolling Forecast,A5000,11559055.57
2027-02-01,CC-301,Sales,Wholesale,Türkiye,Forecast,Forecast,Q2 2026 Rolling Forecast,A5010,202932.48
2027-02-01,CC-301,Sales,Wholesale,Türkiye,Forecast,Forecast,Q2 2026 Rolling Forecast,A5020,301732.71
2027-02-01,CC-301,Sales,Wholesale,Türkiye,Forecast,Forecast,Q2 2026 Rolling Forecast,A6000,1514972.32
2027-02-01,CC-301,Sales,Wholesale,Türkiye,Forecast,Forecast,Q2 2026 Rolling Forecast,A6010,280269.88
2027-02-01,CC-301,Sales,Wholesale,Türkiye,Forecast,Forecast,Q2 2026 Rolling Forecast,A6100,398287.18
2027-02-01,CC-301,Sales,Wholesale,Türkiye,Forecast,Forecast,Q2 2026 Rolling Forecast,A6200,204563.09
2027-02-01,CC-301,Sales,Wholesale,Türkiye,Forecast,Forecast,Q2 2026 Rolling Forecast,A6300,152658.66
2027-02-01,CC-301,Sales,Wholesale,Türkiye,Forecast,Forecast,Q2 2026 Rolling Forecast,A6400,76008.38
2027-02-01,CC-301,Sales,Wholesale,Türkiye,Forecast,Forecast,Q2 2026 Rolling Forecast,A6500,40782.39
2027-02-01,CC-301,Sales,Wholesale,Türkiye,Forecast,Forecast,Q2 2026 Rolling Forecast,A6600,25914.73
2027-02-01,CC-302,Sales,Wholesale,Europe,Forecast,Forecast,Q2 2026 Rolling Forecast,A4020,16873778.99
2027-02-01,CC-302,Sales,Wholesale,Europe,Forecast,Forecast,Q2 2026 Rolling Forecast,A5000,9844330.96
2027-02-01,CC-302,Sales,Wholesale,Europe,Forecast,Forecast,Q2 2026 Rolling Forecast,A5010,199283.14
2027-02-01,CC-302,Sales,Wholesale,Europe,Forecast,Forecast,Q2 2026 Rolling Forecast,A5020,299535.18
2027-02-01,CC-302,Sales,Wholesale,Europe,Forecast,Forecast,Q2 2026 Rolling Forecast,A6000,1272576.72
2027-02-01,CC-302,Sales,Wholesale,Europe,Forecast,Forecast,Q2 2026 Rolling Forecast,A6010,235426.69
2027-02-01,CC-302,Sales,Wholesale,Europe,Forecast,Forecast,Q2 2026 Rolling Forecast,A6100,327044.62
2027-02-01,CC-302,Sales,Wholesale,Europe,Forecast,Forecast,Q2 2026 Rolling Forecast,A6200,168321.68
2027-02-01,CC-302,Sales,Wholesale,Europe,Forecast,Forecast,Q2 2026 Rolling Forecast,A6300,122995.93
2027-02-01,CC-302,Sales,Wholesale,Europe,Forecast,Forecast,Q2 2026 Rolling Forecast,A6400,60981.84
2027-02-01,CC-302,Sales,Wholesale,Europe,Forecast,Forecast,Q2 2026 Rolling Forecast,A6500,32641.16
2027-02-01,CC-302,Sales,Wholesale,Europe,Forecast,Forecast,Q2 2026 Rolling Forecast,A6600,20917.23
2027-02-01,CC-401,Customer Success,Subscription Services,Türkiye,Forecast,Forecast,Q2 2026 Rolling Forecast,A4030,9453480.07
2027-02-01,CC-401,Customer Success,Subscription Services,Türkiye,Forecast,Forecast,Q2 2026 Rolling Forecast,A5000,1966735.99
2027-02-01,CC-401,Customer Success,Subscription Services,Türkiye,Forecast,Forecast,Q2 2026 Rolling Forecast,A5010,234185.9
2027-02-01,CC-401,Customer Success,Subscription Services,Türkiye,Forecast,Forecast,Q2 2026 Rolling Forecast,A5020,169001.07
2027-02-01,CC-401,Customer Success,Subscription Services,Türkiye,Forecast,Forecast,Q2 2026 Rolling Forecast,A6000,1514972.4
2027-02-01,CC-401,Customer Success,Subscription Services,Türkiye,Forecast,Forecast,Q2 2026 Rolling Forecast,A6010,280269.89
2027-02-01,CC-401,Customer Success,Subscription Services,Türkiye,Forecast,Forecast,Q2 2026 Rolling Forecast,A6100,510077.54
2027-02-01,CC-401,Customer Success,Subscription Services,Türkiye,Forecast,Forecast,Q2 2026 Rolling Forecast,A6200,95169.93
2027-02-01,CC-401,Customer Success,Subscription Services,Türkiye,Forecast,Forecast,Q2 2026 Rolling Forecast,A6300,906299.44
2027-02-01,CC-401,Customer Success,Subscription Services,Türkiye,Forecast,Forecast,Q2 2026 Rolling Forecast,A6400,98699.69
2027-02-01,CC-401,Customer Success,Subscription Services,Türkiye,Forecast,Forecast,Q2 2026 Rolling Forecast,A6500,52580.14
2027-02-01,CC-401,Customer Success,Subscription Services,Türkiye,Forecast,Forecast,Q2 2026 Rolling Forecast,A6600,33142.91
2027-02-01,CC-401,Customer Success,Subscription Services,Türkiye,Forecast,Forecast,Q2 2026 Rolling Forecast,A6700,194791.67
2027-02-01,CC-501,Marketing,Shared Services,Global,Forecast,Forecast,Q2 2026 Rolling Forecast,A6000,1738430.71
2027-02-01,CC-501,Marketing,Shared Services,Global,Forecast,Forecast,Q2 2026 Rolling Forecast,A6010,321609.68
2027-02-01,CC-501,Marketing,Shared Services,Global,Forecast,Forecast,Q2 2026 Rolling Forecast,A6100,4751633.26
2027-02-01,CC-501,Marketing,Shared Services,Global,Forecast,Forecast,Q2 2026 Rolling Forecast,A6300,306331.14
2027-02-01,CC-501,Marketing,Shared Services,Global,Forecast,Forecast,Q2 2026 Rolling Forecast,A6400,109683.31
2027-02-01,CC-501,Marketing,Shared Services,Global,Forecast,Forecast,Q2 2026 Rolling Forecast,A6500,406779.95
2027-02-01,CC-501,Marketing,Shared Services,Global,Forecast,Forecast,Q2 2026 Rolling Forecast,A6600,186860.0
2027-02-01,CC-601,Operations,Shared Services,Türkiye,Forecast,Forecast,Q2 2026 Rolling Forecast,A6000,2787549.12
2027-02-01,CC-601,Operations,Shared Services,Türkiye,Forecast,Forecast,Q2 2026 Rolling Forecast,A6010,515696.59
2027-02-01,CC-601,Operations,Shared Services,Türkiye,Forecast,Forecast,Q2 2026 Rolling Forecast,A6200,5324059.55
2027-02-01,CC-601,Operations,Shared Services,Türkiye,Forecast,Forecast,Q2 2026 Rolling Forecast,A6300,522197.84
2027-02-01,CC-601,Operations,Shared Services,Türkiye,Forecast,Forecast,Q2 2026 Rolling Forecast,A6400,1433982.11
2027-02-01,CC-601,Operations,Shared Services,Türkiye,Forecast,Forecast,Q2 2026 Rolling Forecast,A6500,307245.8
2027-02-01,CC-601,Operations,Shared Services,Türkiye,Forecast,Forecast,Q2 2026 Rolling Forecast,A6600,146614.02
2027-02-01,CC-601,Operations,Shared Services,Türkiye,Forecast,Forecast,Q2 2026 Rolling Forecast,A6700,465277.77
2027-02-01,CC-701,Technology,Shared Services,Global,Forecast,Forecast,Q2 2026 Rolling Forecast,A6000,2908746.96
2027-02-01,CC-701,Technology,Shared Services,Global,Forecast,Forecast,Q2 2026 Rolling Forecast,A6010,538118.19
2027-02-01,CC-701,Technology,Shared Services,Global,Forecast,Forecast,Q2 2026 Rolling Forecast,A6300,4705185.19
2027-02-01,CC-701,Technology,Shared Services,Global,Forecast,Forecast,Q2 2026 Rolling Forecast,A6400,322733.99
2027-02-01,CC-701,Technology,Shared Services,Global,Forecast,Forecast,Q2 2026 Rolling Forecast,A6500,1195969.96
2027-02-01,CC-701,Technology,Shared Services,Global,Forecast,Forecast,Q2 2026 Rolling Forecast,A6600,248442.6
2027-02-01,CC-701,Technology,Shared Services,Global,Forecast,Forecast,Q2 2026 Rolling Forecast,A6700,694791.67
2027-02-01,CC-801,Finance & Corporate,Shared Services,Global,Forecast,Forecast,Q2 2026 Rolling Forecast,A6000,2221959.4
2027-02-01,CC-801,Finance & Corporate,Shared Services,Global,Forecast,Forecast,Q2 2026 Rolling Forecast,A6010,411062.49
2027-02-01,CC-801,Finance & Corporate,Shared Services,Global,Forecast,Forecast,Q2 2026 Rolling Forecast,A6300,809861.06
2027-02-01,CC-801,Finance & Corporate,Shared Services,Global,Forecast,Forecast,Q2 2026 Rolling Forecast,A6400,1657980.53
2027-02-01,CC-801,Finance & Corporate,Shared Services,Global,Forecast,Forecast,Q2 2026 Rolling Forecast,A6500,1769755.96
2027-02-01,CC-801,Finance & Corporate,Shared Services,Global,Forecast,Forecast,Q2 2026 Rolling Forecast,A6600,403220.45
2027-02-01,CC-801,Finance & Corporate,Shared Services,Global,Forecast,Forecast,Q2 2026 Rolling Forecast,A6700,170000.0
2027-02-01,CC-801,Finance & Corporate,Shared Services,Global,Forecast,Forecast,Q2 2026 Rolling Forecast,A6800,453035.52
2027-02-01,CC-801,Finance & Corporate,Shared Services,Global,Forecast,Forecast,Q2 2026 Rolling Forecast,A6900,1723887.77
2027-03-01,CC-101,Sales,Digital Commerce,Türkiye,Forecast,Forecast,Q2 2026 Rolling Forecast,A4000,32744422.27
2027-03-01,CC-101,Sales,Digital Commerce,Türkiye,Forecast,Forecast,Q2 2026 Rolling Forecast,A5000,12315958.4
2027-03-01,CC-101,Sales,Digital Commerce,Türkiye,Forecast,Forecast,Q2 2026 Rolling Forecast,A5010,906411.07
2027-03-01,CC-101,Sales,Digital Commerce,Türkiye,Forecast,Forecast,Q2 2026 Rolling Forecast,A5020,970949.43
2027-03-01,CC-101,Sales,Digital Commerce,Türkiye,Forecast,Forecast,Q2 2026 Rolling Forecast,A6000,2067937.2
2027-03-01,CC-101,Sales,Digital Commerce,Türkiye,Forecast,Forecast,Q2 2026 Rolling Forecast,A6010,382568.38
2027-03-01,CC-101,Sales,Digital Commerce,Türkiye,Forecast,Forecast,Q2 2026 Rolling Forecast,A6100,1587217.58
2027-03-01,CC-101,Sales,Digital Commerce,Türkiye,Forecast,Forecast,Q2 2026 Rolling Forecast,A6200,587580.68
2027-03-01,CC-101,Sales,Digital Commerce,Türkiye,Forecast,Forecast,Q2 2026 Rolling Forecast,A6300,273650.62
2027-03-01,CC-101,Sales,Digital Commerce,Türkiye,Forecast,Forecast,Q2 2026 Rolling Forecast,A6400,138493.2
2027-03-01,CC-101,Sales,Digital Commerce,Türkiye,Forecast,Forecast,Q2 2026 Rolling Forecast,A6500,75570.75
2027-03-01,CC-101,Sales,Digital Commerce,Türkiye,Forecast,Forecast,Q2 2026 Rolling Forecast,A6600,47169.1
2027-03-01,CC-102,Sales,Digital Commerce,Europe,Forecast,Forecast,Q2 2026 Rolling Forecast,A4000,21445502.56
2027-03-01,CC-102,Sales,Digital Commerce,Europe,Forecast,Forecast,Q2 2026 Rolling Forecast,A5000,8526022.34
2027-03-01,CC-102,Sales,Digital Commerce,Europe,Forecast,Forecast,Q2 2026 Rolling Forecast,A5010,680908.29
2027-03-01,CC-102,Sales,Digital Commerce,Europe,Forecast,Forecast,Q2 2026 Rolling Forecast,A5020,680222.84
2027-03-01,CC-102,Sales,Digital Commerce,Europe,Forecast,Forecast,Q2 2026 Rolling Forecast,A6000,1845741.34
2027-03-01,CC-102,Sales,Digital Commerce,Europe,Forecast,Forecast,Q2 2026 Rolling Forecast,A6010,341462.15
2027-03-01,CC-102,Sales,Digital Commerce,Europe,Forecast,Forecast,Q2 2026 Rolling Forecast,A6100,1030441.41
2027-03-01,CC-102,Sales,Digital Commerce,Europe,Forecast,Forecast,Q2 2026 Rolling Forecast,A6200,386483.68
2027-03-01,CC-102,Sales,Digital Commerce,Europe,Forecast,Forecast,Q2 2026 Rolling Forecast,A6300,167800.86
2027-03-01,CC-102,Sales,Digital Commerce,Europe,Forecast,Forecast,Q2 2026 Rolling Forecast,A6400,84770.22
2027-03-01,CC-102,Sales,Digital Commerce,Europe,Forecast,Forecast,Q2 2026 Rolling Forecast,A6500,44865.23
2027-03-01,CC-102,Sales,Digital Commerce,Europe,Forecast,Forecast,Q2 2026 Rolling Forecast,A6600,27730.31
2027-03-01,CC-103,Sales,Digital Commerce,MENA,Forecast,Forecast,Q2 2026 Rolling Forecast,A4000,12982758.47
2027-03-01,CC-103,Sales,Digital Commerce,MENA,Forecast,Forecast,Q2 2026 Rolling Forecast,A5000,5385734.18
2027-03-01,CC-103,Sales,Digital Commerce,MENA,Forecast,Forecast,Q2 2026 Rolling Forecast,A5010,672511.38
2027-03-01,CC-103,Sales,Digital Commerce,MENA,Forecast,Forecast,Q2 2026 Rolling Forecast,A5020,451597.88
2027-03-01,CC-103,Sales,Digital Commerce,MENA,Forecast,Forecast,Q2 2026 Rolling Forecast,A6000,1345800.43
2027-03-01,CC-103,Sales,Digital Commerce,MENA,Forecast,Forecast,Q2 2026 Rolling Forecast,A6010,248973.08
2027-03-01,CC-103,Sales,Digital Commerce,MENA,Forecast,Forecast,Q2 2026 Rolling Forecast,A6100,631190.17
2027-03-01,CC-103,Sales,Digital Commerce,MENA,Forecast,Forecast,Q2 2026 Rolling Forecast,A6200,233433.01
2027-03-01,CC-103,Sales,Digital Commerce,MENA,Forecast,Forecast,Q2 2026 Rolling Forecast,A6300,107738.91
2027-03-01,CC-103,Sales,Digital Commerce,MENA,Forecast,Forecast,Q2 2026 Rolling Forecast,A6400,53807.04
2027-03-01,CC-103,Sales,Digital Commerce,MENA,Forecast,Forecast,Q2 2026 Rolling Forecast,A6500,28060.68
2027-03-01,CC-103,Sales,Digital Commerce,MENA,Forecast,Forecast,Q2 2026 Rolling Forecast,A6600,17532.62
2027-03-01,CC-201,Sales,Retail Stores,Türkiye,Forecast,Forecast,Q2 2026 Rolling Forecast,A4010,22760119.74
2027-03-01,CC-201,Sales,Retail Stores,Türkiye,Forecast,Forecast,Q2 2026 Rolling Forecast,A5000,10353385.28
2027-03-01,CC-201,Sales,Retail Stores,Türkiye,Forecast,Forecast,Q2 2026 Rolling Forecast,A5010,449587.17
2027-03-01,CC-201,Sales,Retail Stores,Türkiye,Forecast,Forecast,Q2 2026 Rolling Forecast,A5020,566011.58
2027-03-01,CC-201,Sales,Retail Stores,Türkiye,Forecast,Forecast,Q2 2026 Rolling Forecast,A6000,2689075.8
2027-03-01,CC-201,Sales,Retail Stores,Türkiye,Forecast,Forecast,Q2 2026 Rolling Forecast,A6010,497479.02
2027-03-01,CC-201,Sales,Retail Stores,Türkiye,Forecast,Forecast,Q2 2026 Rolling Forecast,A6100,440951.99
2027-03-01,CC-201,Sales,Retail Stores,Türkiye,Forecast,Forecast,Q2 2026 Rolling Forecast,A6200,409760.72
2027-03-01,CC-201,Sales,Retail Stores,Türkiye,Forecast,Forecast,Q2 2026 Rolling Forecast,A6300,370826.12
2027-03-01,CC-201,Sales,Retail Stores,Türkiye,Forecast,Forecast,Q2 2026 Rolling Forecast,A6400,468785.75
2027-03-01,CC-201,Sales,Retail Stores,Türkiye,Forecast,Forecast,Q2 2026 Rolling Forecast,A6500,95949.61
2027-03-01,CC-201,Sales,Retail Stores,Türkiye,Forecast,Forecast,Q2 2026 Rolling Forecast,A6600,60251.05
2027-03-01,CC-201,Sales,Retail Stores,Türkiye,Forecast,Forecast,Q2 2026 Rolling Forecast,A6700,107500.0
2027-03-01,CC-202,Sales,Retail Stores,Türkiye,Forecast,Forecast,Q2 2026 Rolling Forecast,A4010,16239517.45
2027-03-01,CC-202,Sales,Retail Stores,Türkiye,Forecast,Forecast,Q2 2026 Rolling Forecast,A5000,7564428.4
2027-03-01,CC-202,Sales,Retail Stores,Türkiye,Forecast,Forecast,Q2 2026 Rolling Forecast,A5010,289671.71
2027-03-01,CC-202,Sales,Retail Stores,Türkiye,Forecast,Forecast,Q2 2026 Rolling Forecast,A5020,431967.56
2027-03-01,CC-202,Sales,Retail Stores,Türkiye,Forecast,Forecast,Q2 2026 Rolling Forecast,A6000,1974513.89
2027-03-01,CC-202,Sales,Retail Stores,Türkiye,Forecast,Forecast,Q2 2026 Rolling Forecast,A6010,365285.07
2027-03-01,CC-202,Sales,Retail Stores,Türkiye,Forecast,Forecast,Q2 2026 Rolling Forecast,A6100,314156.48
2027-03-01,CC-202,Sales,Retail Stores,Türkiye,Forecast,Forecast,Q2 2026 Rolling Forecast,A6200,289756.95
2027-03-01,CC-202,Sales,Retail Stores,Türkiye,Forecast,Forecast,Q2 2026 Rolling Forecast,A6300,289401.45
2027-03-01,CC-202,Sales,Retail Stores,Türkiye,Forecast,Forecast,Q2 2026 Rolling Forecast,A6400,373518.48
2027-03-01,CC-202,Sales,Retail Stores,Türkiye,Forecast,Forecast,Q2 2026 Rolling Forecast,A6500,79493.12
2027-03-01,CC-202,Sales,Retail Stores,Türkiye,Forecast,Forecast,Q2 2026 Rolling Forecast,A6600,48027.64
2027-03-01,CC-202,Sales,Retail Stores,Türkiye,Forecast,Forecast,Q2 2026 Rolling Forecast,A6700,134166.67
2027-03-01,CC-301,Sales,Wholesale,Türkiye,Forecast,Forecast,Q2 2026 Rolling Forecast,A4020,22724593.15
2027-03-01,CC-301,Sales,Wholesale,Türkiye,Forecast,Forecast,Q2 2026 Rolling Forecast,A5000,12826375.57
2027-03-01,CC-301,Sales,Wholesale,Türkiye,Forecast,Forecast,Q2 2026 Rolling Forecast,A5010,225181.74
2027-03-01,CC-301,Sales,Wholesale,Türkiye,Forecast,Forecast,Q2 2026 Rolling Forecast,A5020,334814.29
2027-03-01,CC-301,Sales,Wholesale,Türkiye,Forecast,Forecast,Q2 2026 Rolling Forecast,A6000,1514972.32
2027-03-01,CC-301,Sales,Wholesale,Türkiye,Forecast,Forecast,Q2 2026 Rolling Forecast,A6010,280269.88
2027-03-01,CC-301,Sales,Wholesale,Türkiye,Forecast,Forecast,Q2 2026 Rolling Forecast,A6100,441954.87
2027-03-01,CC-301,Sales,Wholesale,Türkiye,Forecast,Forecast,Q2 2026 Rolling Forecast,A6200,226991.12
2027-03-01,CC-301,Sales,Wholesale,Türkiye,Forecast,Forecast,Q2 2026 Rolling Forecast,A6300,153875.98
2027-03-01,CC-301,Sales,Wholesale,Türkiye,Forecast,Forecast,Q2 2026 Rolling Forecast,A6400,76614.48
2027-03-01,CC-301,Sales,Wholesale,Türkiye,Forecast,Forecast,Q2 2026 Rolling Forecast,A6500,41107.59
2027-03-01,CC-301,Sales,Wholesale,Türkiye,Forecast,Forecast,Q2 2026 Rolling Forecast,A6600,26121.38
2027-03-01,CC-302,Sales,Wholesale,Europe,Forecast,Forecast,Q2 2026 Rolling Forecast,A4020,18723798.44
2027-03-01,CC-302,Sales,Wholesale,Europe,Forecast,Forecast,Q2 2026 Rolling Forecast,A5000,10923650.75
2027-03-01,CC-302,Sales,Wholesale,Europe,Forecast,Forecast,Q2 2026 Rolling Forecast,A5010,221132.29
2027-03-01,CC-302,Sales,Wholesale,Europe,Forecast,Forecast,Q2 2026 Rolling Forecast,A5020,332375.83
2027-03-01,CC-302,Sales,Wholesale,Europe,Forecast,Forecast,Q2 2026 Rolling Forecast,A6000,1272576.72
2027-03-01,CC-302,Sales,Wholesale,Europe,Forecast,Forecast,Q2 2026 Rolling Forecast,A6010,235426.69
2027-03-01,CC-302,Sales,Wholesale,Europe,Forecast,Forecast,Q2 2026 Rolling Forecast,A6100,362901.37
2027-03-01,CC-302,Sales,Wholesale,Europe,Forecast,Forecast,Q2 2026 Rolling Forecast,A6200,186776.25
2027-03-01,CC-302,Sales,Wholesale,Europe,Forecast,Forecast,Q2 2026 Rolling Forecast,A6300,123976.72
2027-03-01,CC-302,Sales,Wholesale,Europe,Forecast,Forecast,Q2 2026 Rolling Forecast,A6400,61468.12
2027-03-01,CC-302,Sales,Wholesale,Europe,Forecast,Forecast,Q2 2026 Rolling Forecast,A6500,32901.44
2027-03-01,CC-302,Sales,Wholesale,Europe,Forecast,Forecast,Q2 2026 Rolling Forecast,A6600,21084.02
2027-03-01,CC-401,Customer Success,Subscription Services,Türkiye,Forecast,Forecast,Q2 2026 Rolling Forecast,A4030,9649097.32
2027-03-01,CC-401,Customer Success,Subscription Services,Türkiye,Forecast,Forecast,Q2 2026 Rolling Forecast,A5000,2007432.91
2027-03-01,CC-401,Customer Success,Subscription Services,Türkiye,Forecast,Forecast,Q2 2026 Rolling Forecast,A5010,239031.82
2027-03-01,CC-401,Customer Success,Subscription Services,Türkiye,Forecast,Forecast,Q2 2026 Rolling Forecast,A5020,172498.14
2027-03-01,CC-401,Customer Success,Subscription Services,Türkiye,Forecast,Forecast,Q2 2026 Rolling Forecast,A6000,1514972.4
2027-03-01,CC-401,Customer Success,Subscription Services,Türkiye,Forecast,Forecast,Q2 2026 Rolling Forecast,A6010,280269.89
2027-03-01,CC-401,Customer Success,Subscription Services,Türkiye,Forecast,Forecast,Q2 2026 Rolling Forecast,A6100,520632.38
2027-03-01,CC-401,Customer Success,Subscription Services,Türkiye,Forecast,Forecast,Q2 2026 Rolling Forecast,A6200,97139.25
2027-03-01,CC-401,Customer Success,Subscription Services,Türkiye,Forecast,Forecast,Q2 2026 Rolling Forecast,A6300,913526.39
2027-03-01,CC-401,Customer Success,Subscription Services,Türkiye,Forecast,Forecast,Q2 2026 Rolling Forecast,A6400,99486.73
2027-03-01,CC-401,Customer Success,Subscription Services,Türkiye,Forecast,Forecast,Q2 2026 Rolling Forecast,A6500,52999.42
2027-03-01,CC-401,Customer Success,Subscription Services,Türkiye,Forecast,Forecast,Q2 2026 Rolling Forecast,A6600,33407.19
2027-03-01,CC-401,Customer Success,Subscription Services,Türkiye,Forecast,Forecast,Q2 2026 Rolling Forecast,A6700,420833.34
2027-03-01,CC-501,Marketing,Shared Services,Global,Forecast,Forecast,Q2 2026 Rolling Forecast,A6000,1738430.71
2027-03-01,CC-501,Marketing,Shared Services,Global,Forecast,Forecast,Q2 2026 Rolling Forecast,A6010,321609.68
2027-03-01,CC-501,Marketing,Shared Services,Global,Forecast,Forecast,Q2 2026 Rolling Forecast,A6100,4789523.45
2027-03-01,CC-501,Marketing,Shared Services,Global,Forecast,Forecast,Q2 2026 Rolling Forecast,A6300,308773.87
2027-03-01,CC-501,Marketing,Shared Services,Global,Forecast,Forecast,Q2 2026 Rolling Forecast,A6400,110557.94
2027-03-01,CC-501,Marketing,Shared Services,Global,Forecast,Forecast,Q2 2026 Rolling Forecast,A6500,410023.67
2027-03-01,CC-501,Marketing,Shared Services,Global,Forecast,Forecast,Q2 2026 Rolling Forecast,A6600,188350.05
2027-03-01,CC-601,Operations,Shared Services,Türkiye,Forecast,Forecast,Q2 2026 Rolling Forecast,A6000,2787549.12
2027-03-01,CC-601,Operations,Shared Services,Türkiye,Forecast,Forecast,Q2 2026 Rolling Forecast,A6010,515696.59
2027-03-01,CC-601,Operations,Shared Services,Türkiye,Forecast,Forecast,Q2 2026 Rolling Forecast,A6200,5366514.35
2027-03-01,CC-601,Operations,Shared Services,Türkiye,Forecast,Forecast,Q2 2026 Rolling Forecast,A6300,526361.92
2027-03-01,CC-601,Operations,Shared Services,Türkiye,Forecast,Forecast,Q2 2026 Rolling Forecast,A6400,1445416.89
2027-03-01,CC-601,Operations,Shared Services,Türkiye,Forecast,Forecast,Q2 2026 Rolling Forecast,A6500,309695.82
2027-03-01,CC-601,Operations,Shared Services,Türkiye,Forecast,Forecast,Q2 2026 Rolling Forecast,A6600,147783.14
2027-03-01,CC-601,Operations,Shared Services,Türkiye,Forecast,Forecast,Q2 2026 Rolling Forecast,A6700,465277.77
2027-03-01,CC-701,Technology,Shared Services,Global,Forecast,Forecast,Q2 2026 Rolling Forecast,A6000,2908746.96
2027-03-01,CC-701,Technology,Shared Services,Global,Forecast,Forecast,Q2 2026 Rolling Forecast,A6010,538118.19
2027-03-01,CC-701,Technology,Shared Services,Global,Forecast,Forecast,Q2 2026 Rolling Forecast,A6300,4742705.0
2027-03-01,CC-701,Technology,Shared Services,Global,Forecast,Forecast,Q2 2026 Rolling Forecast,A6400,325307.52
2027-03-01,CC-701,Technology,Shared Services,Global,Forecast,Forecast,Q2 2026 Rolling Forecast,A6500,1205506.79
2027-03-01,CC-701,Technology,Shared Services,Global,Forecast,Forecast,Q2 2026 Rolling Forecast,A6600,250423.71
2027-03-01,CC-701,Technology,Shared Services,Global,Forecast,Forecast,Q2 2026 Rolling Forecast,A6700,694791.67
2027-03-01,CC-801,Finance & Corporate,Shared Services,Global,Forecast,Forecast,Q2 2026 Rolling Forecast,A6000,2221959.4
2027-03-01,CC-801,Finance & Corporate,Shared Services,Global,Forecast,Forecast,Q2 2026 Rolling Forecast,A6010,411062.49
2027-03-01,CC-801,Finance & Corporate,Shared Services,Global,Forecast,Forecast,Q2 2026 Rolling Forecast,A6300,816319.01
2027-03-01,CC-801,Finance & Corporate,Shared Services,Global,Forecast,Forecast,Q2 2026 Rolling Forecast,A6400,1671201.5
2027-03-01,CC-801,Finance & Corporate,Shared Services,Global,Forecast,Forecast,Q2 2026 Rolling Forecast,A6500,1783868.24
2027-03-01,CC-801,Finance & Corporate,Shared Services,Global,Forecast,Forecast,Q2 2026 Rolling Forecast,A6600,406435.79
2027-03-01,CC-801,Finance & Corporate,Shared Services,Global,Forecast,Forecast,Q2 2026 Rolling Forecast,A6700,170000.0
2027-03-01,CC-801,Finance & Corporate,Shared Services,Global,Forecast,Forecast,Q2 2026 Rolling Forecast,A6800,453035.52
2027-03-01,CC-801,Finance & Corporate,Shared Services,Global,Forecast,Forecast,Q2 2026 Rolling Forecast,A6900,2988424.35
2027-04-01,CC-101,Sales,Digital Commerce,Türkiye,Forecast,Forecast,Q2 2026 Rolling Forecast,A4000,33719295.35
2027-04-01,CC-101,Sales,Digital Commerce,Türkiye,Forecast,Forecast,Q2 2026 Rolling Forecast,A5000,12682631.43
2027-04-01,CC-101,Sales,Digital Commerce,Türkiye,Forecast,Forecast,Q2 2026 Rolling Forecast,A5010,933396.91
2027-04-01,CC-101,Sales,Digital Commerce,Türkiye,Forecast,Forecast,Q2 2026 Rolling Forecast,A5020,999856.72
2027-04-01,CC-101,Sales,Digital Commerce,Türkiye,Forecast,Forecast,Q2 2026 Rolling Forecast,A6000,2378127.78
2027-04-01,CC-101,Sales,Digital Commerce,Türkiye,Forecast,Forecast,Q2 2026 Rolling Forecast,A6010,439953.64
2027-04-01,CC-101,Sales,Digital Commerce,Türkiye,Forecast,Forecast,Q2 2026 Rolling Forecast,A6100,1634472.52
2027-04-01,CC-101,Sales,Digital Commerce,Türkiye,Forecast,Forecast,Q2 2026 Rolling Forecast,A6200,605074.25
2027-04-01,CC-101,Sales,Digital Commerce,Türkiye,Forecast,Forecast,Q2 2026 Rolling Forecast,A6300,275832.75
2027-04-01,CC-101,Sales,Digital Commerce,Türkiye,Forecast,Forecast,Q2 2026 Rolling Forecast,A6400,139597.57
2027-04-01,CC-101,Sales,Digital Commerce,Türkiye,Forecast,Forecast,Q2 2026 Rolling Forecast,A6500,76173.36
2027-04-01,CC-101,Sales,Digital Commerce,Türkiye,Forecast,Forecast,Q2 2026 Rolling Forecast,A6600,47545.23
2027-04-01,CC-102,Sales,Digital Commerce,Europe,Forecast,Forecast,Q2 2026 Rolling Forecast,A4000,22083982.08
2027-04-01,CC-102,Sales,Digital Commerce,Europe,Forecast,Forecast,Q2 2026 Rolling Forecast,A5000,8779860.68
2027-04-01,CC-102,Sales,Digital Commerce,Europe,Forecast,Forecast,Q2 2026 Rolling Forecast,A5010,701180.42
2027-04-01,CC-102,Sales,Digital Commerce,Europe,Forecast,Forecast,Q2 2026 Rolling Forecast,A5020,700474.56
2027-04-01,CC-102,Sales,Digital Commerce,Europe,Forecast,Forecast,Q2 2026 Rolling Forecast,A6000,2122602.54
2027-04-01,CC-102,Sales,Digital Commerce,Europe,Forecast,Forecast,Q2 2026 Rolling Forecast,A6010,392681.47
2027-04-01,CC-102,Sales,Digital Commerce,Europe,Forecast,Forecast,Q2 2026 Rolling Forecast,A6100,1061119.91
2027-04-01,CC-102,Sales,Digital Commerce,Europe,Forecast,Forecast,Q2 2026 Rolling Forecast,A6200,397990.14
2027-04-01,CC-102,Sales,Digital Commerce,Europe,Forecast,Forecast,Q2 2026 Rolling Forecast,A6300,169138.93
2027-04-01,CC-102,Sales,Digital Commerce,Europe,Forecast,Forecast,Q2 2026 Rolling Forecast,A6400,85446.19
2027-04-01,CC-102,Sales,Digital Commerce,Europe,Forecast,Forecast,Q2 2026 Rolling Forecast,A6500,45222.99
2027-04-01,CC-102,Sales,Digital Commerce,Europe,Forecast,Forecast,Q2 2026 Rolling Forecast,A6600,27951.44
2027-04-01,CC-103,Sales,Digital Commerce,MENA,Forecast,Forecast,Q2 2026 Rolling Forecast,A4000,13369283.59
2027-04-01,CC-103,Sales,Digital Commerce,MENA,Forecast,Forecast,Q2 2026 Rolling Forecast,A5000,5546079.26
2027-04-01,CC-103,Sales,Digital Commerce,MENA,Forecast,Forecast,Q2 2026 Rolling Forecast,A5010,692533.51
2027-04-01,CC-103,Sales,Digital Commerce,MENA,Forecast,Forecast,Q2 2026 Rolling Forecast,A5020,465042.93
2027-04-01,CC-103,Sales,Digital Commerce,MENA,Forecast,Forecast,Q2 2026 Rolling Forecast,A6000,1547670.49
2027-04-01,CC-103,Sales,Digital Commerce,MENA,Forecast,Forecast,Q2 2026 Rolling Forecast,A6010,286319.04
2027-04-01,CC-103,Sales,Digital Commerce,MENA,Forecast,Forecast,Q2 2026 Rolling Forecast,A6100,649982.08
2027-04-01,CC-103,Sales,Digital Commerce,MENA,Forecast,Forecast,Q2 2026 Rolling Forecast,A6200,240382.82
2027-04-01,CC-103,Sales,Digital Commerce,MENA,Forecast,Forecast,Q2 2026 Rolling Forecast,A6300,108598.04
2027-04-01,CC-103,Sales,Digital Commerce,MENA,Forecast,Forecast,Q2 2026 Rolling Forecast,A6400,54236.11
2027-04-01,CC-103,Sales,Digital Commerce,MENA,Forecast,Forecast,Q2 2026 Rolling Forecast,A6500,28284.43
2027-04-01,CC-103,Sales,Digital Commerce,MENA,Forecast,Forecast,Q2 2026 Rolling Forecast,A6600,17672.43
2027-04-01,CC-201,Sales,Retail Stores,Türkiye,Forecast,Forecast,Q2 2026 Rolling Forecast,A4010,23681379.47
2027-04-01,CC-201,Sales,Retail Stores,Türkiye,Forecast,Forecast,Q2 2026 Rolling Forecast,A5000,10772458.5
2027-04-01,CC-201,Sales,Retail Stores,Türkiye,Forecast,Forecast,Q2 2026 Rolling Forecast,A5010,467785.08
2027-04-01,CC-201,Sales,Retail Stores,Türkiye,Forecast,Forecast,Q2 2026 Rolling Forecast,A5020,588921.99
2027-04-01,CC-201,Sales,Retail Stores,Türkiye,Forecast,Forecast,Q2 2026 Rolling Forecast,A6000,3092437.17
2027-04-01,CC-201,Sales,Retail Stores,Türkiye,Forecast,Forecast,Q2 2026 Rolling Forecast,A6010,572100.88
2027-04-01,CC-201,Sales,Retail Stores,Türkiye,Forecast,Forecast,Q2 2026 Rolling Forecast,A6100,458800.37
2027-04-01,CC-201,Sales,Retail Stores,Türkiye,Forecast,Forecast,Q2 2026 Rolling Forecast,A6200,426346.57
2027-04-01,CC-201,Sales,Retail Stores,Türkiye,Forecast,Forecast,Q2 2026 Rolling Forecast,A6300,373783.14
2027-04-01,CC-201,Sales,Retail Stores,Türkiye,Forecast,Forecast,Q2 2026 Rolling Forecast,A6400,472523.91
2027-04-01,CC-201,Sales,Retail Stores,Türkiye,Forecast,Forecast,Q2 2026 Rolling Forecast,A6500,96714.73
2027-04-01,CC-201,Sales,Retail Stores,Türkiye,Forecast,Forecast,Q2 2026 Rolling Forecast,A6600,60731.5
2027-04-01,CC-201,Sales,Retail Stores,Türkiye,Forecast,Forecast,Q2 2026 Rolling Forecast,A6700,107500.0
2027-04-01,CC-202,Sales,Retail Stores,Türkiye,Forecast,Forecast,Q2 2026 Rolling Forecast,A4010,16896843.22
2027-04-01,CC-202,Sales,Retail Stores,Türkiye,Forecast,Forecast,Q2 2026 Rolling Forecast,A5000,7870613.23
2027-04-01,CC-202,Sales,Retail Stores,Türkiye,Forecast,Forecast,Q2 2026 Rolling Forecast,A5010,301396.73
2027-04-01,CC-202,Sales,Retail Stores,Türkiye,Forecast,Forecast,Q2 2026 Rolling Forecast,A5020,449452.28
2027-04-01,CC-202,Sales,Retail Stores,Türkiye,Forecast,Forecast,Q2 2026 Rolling Forecast,A6000,2270690.97
2027-04-01,CC-202,Sales,Retail Stores,Türkiye,Forecast,Forecast,Q2 2026 Rolling Forecast,A6010,420077.83
2027-04-01,CC-202,Sales,Retail Stores,Türkiye,Forecast,Forecast,Q2 2026 Rolling Forecast,A6100,326872.57
2027-04-01,CC-202,Sales,Retail Stores,Türkiye,Forecast,Forecast,Q2 2026 Rolling Forecast,A6200,301485.42
2027-04-01,CC-202,Sales,Retail Stores,Türkiye,Forecast,Forecast,Q2 2026 Rolling Forecast,A6300,291709.18
2027-04-01,CC-202,Sales,Retail Stores,Türkiye,Forecast,Forecast,Q2 2026 Rolling Forecast,A6400,376496.97
2027-04-01,CC-202,Sales,Retail Stores,Türkiye,Forecast,Forecast,Q2 2026 Rolling Forecast,A6500,80127.01
2027-04-01,CC-202,Sales,Retail Stores,Türkiye,Forecast,Forecast,Q2 2026 Rolling Forecast,A6600,48410.62
2027-04-01,CC-202,Sales,Retail Stores,Türkiye,Forecast,Forecast,Q2 2026 Rolling Forecast,A6700,134166.67
2027-04-01,CC-301,Sales,Wholesale,Türkiye,Forecast,Forecast,Q2 2026 Rolling Forecast,A4020,23352979.87
2027-04-01,CC-301,Sales,Wholesale,Türkiye,Forecast,Forecast,Q2 2026 Rolling Forecast,A5000,13181054.05
2027-04-01,CC-301,Sales,Wholesale,Türkiye,Forecast,Forecast,Q2 2026 Rolling Forecast,A5010,231408.53
2027-04-01,CC-301,Sales,Wholesale,Türkiye,Forecast,Forecast,Q2 2026 Rolling Forecast,A5020,344072.67
2027-04-01,CC-301,Sales,Wholesale,Türkiye,Forecast,Forecast,Q2 2026 Rolling Forecast,A6000,1742218.17
2027-04-01,CC-301,Sales,Wholesale,Türkiye,Forecast,Forecast,Q2 2026 Rolling Forecast,A6010,322310.36
2027-04-01,CC-301,Sales,Wholesale,Türkiye,Forecast,Forecast,Q2 2026 Rolling Forecast,A6100,454175.93
2027-04-01,CC-301,Sales,Wholesale,Türkiye,Forecast,Forecast,Q2 2026 Rolling Forecast,A6200,233267.94
2027-04-01,CC-301,Sales,Wholesale,Türkiye,Forecast,Forecast,Q2 2026 Rolling Forecast,A6300,155103.01
2027-04-01,CC-301,Sales,Wholesale,Türkiye,Forecast,Forecast,Q2 2026 Rolling Forecast,A6400,77225.42
2027-04-01,CC-301,Sales,Wholesale,Türkiye,Forecast,Forecast,Q2 2026 Rolling Forecast,A6500,41435.39
2027-04-01,CC-301,Sales,Wholesale,Türkiye,Forecast,Forecast,Q2 2026 Rolling Forecast,A6600,26329.67
2027-04-01,CC-302,Sales,Wholesale,Europe,Forecast,Forecast,Q2 2026 Rolling Forecast,A4020,19241554.09
2027-04-01,CC-302,Sales,Wholesale,Europe,Forecast,Forecast,Q2 2026 Rolling Forecast,A5000,11225714.56
2027-04-01,CC-302,Sales,Wholesale,Europe,Forecast,Forecast,Q2 2026 Rolling Forecast,A5010,227247.1
2027-04-01,CC-302,Sales,Wholesale,Europe,Forecast,Forecast,Q2 2026 Rolling Forecast,A5020,341566.78
2027-04-01,CC-302,Sales,Wholesale,Europe,Forecast,Forecast,Q2 2026 Rolling Forecast,A6000,1463463.23
2027-04-01,CC-302,Sales,Wholesale,Europe,Forecast,Forecast,Q2 2026 Rolling Forecast,A6010,270740.7
2027-04-01,CC-302,Sales,Wholesale,Europe,Forecast,Forecast,Q2 2026 Rolling Forecast,A6100,372936.42
2027-04-01,CC-302,Sales,Wholesale,Europe,Forecast,Forecast,Q2 2026 Rolling Forecast,A6200,191941.04
2027-04-01,CC-302,Sales,Wholesale,Europe,Forecast,Forecast,Q2 2026 Rolling Forecast,A6300,124965.33
2027-04-01,CC-302,Sales,Wholesale,Europe,Forecast,Forecast,Q2 2026 Rolling Forecast,A6400,61958.28
2027-04-01,CC-302,Sales,Wholesale,Europe,Forecast,Forecast,Q2 2026 Rolling Forecast,A6500,33163.8
2027-04-01,CC-302,Sales,Wholesale,Europe,Forecast,Forecast,Q2 2026 Rolling Forecast,A6600,21252.15
2027-04-01,CC-401,Customer Success,Subscription Services,Türkiye,Forecast,Forecast,Q2 2026 Rolling Forecast,A4030,10033921.57
2027-04-01,CC-401,Customer Success,Subscription Services,Türkiye,Forecast,Forecast,Q2 2026 Rolling Forecast,A5000,2087493.13
2027-04-01,CC-401,Customer Success,Subscription Services,Türkiye,Forecast,Forecast,Q2 2026 Rolling Forecast,A5010,248564.86
2027-04-01,CC-401,Customer Success,Subscription Services,Türkiye,Forecast,Forecast,Q2 2026 Rolling Forecast,A5020,179377.69
2027-04-01,CC-401,Customer Success,Subscription Services,Türkiye,Forecast,Forecast,Q2 2026 Rolling Forecast,A6000,1742218.26
2027-04-01,CC-401,Customer Success,Subscription Services,Türkiye,Forecast,Forecast,Q2 2026 Rolling Forecast,A6010,322310.38
2027-04-01,CC-401,Customer Success,Subscription Services,Türkiye,Forecast,Forecast,Q2 2026 Rolling Forecast,A6100,541396.18
2027-04-01,CC-401,Customer Success,Subscription Services,Türkiye,Forecast,Forecast,Q2 2026 Rolling Forecast,A6200,101013.34
2027-04-01,CC-401,Customer Success,Subscription Services,Türkiye,Forecast,Forecast,Q2 2026 Rolling Forecast,A6300,920810.98
2027-04-01,CC-401,Customer Success,Subscription Services,Türkiye,Forecast,Forecast,Q2 2026 Rolling Forecast,A6400,100280.05
2027-04-01,CC-401,Customer Success,Subscription Services,Türkiye,Forecast,Forecast,Q2 2026 Rolling Forecast,A6500,53422.05
2027-04-01,CC-401,Customer Success,Subscription Services,Türkiye,Forecast,Forecast,Q2 2026 Rolling Forecast,A6600,33673.59
2027-04-01,CC-401,Customer Success,Subscription Services,Türkiye,Forecast,Forecast,Q2 2026 Rolling Forecast,A6700,420833.34
2027-04-01,CC-501,Marketing,Shared Services,Global,Forecast,Forecast,Q2 2026 Rolling Forecast,A6000,1999195.32
2027-04-01,CC-501,Marketing,Shared Services,Global,Forecast,Forecast,Q2 2026 Rolling Forecast,A6010,369851.13
2027-04-01,CC-501,Marketing,Shared Services,Global,Forecast,Forecast,Q2 2026 Rolling Forecast,A6100,4827715.78
2027-04-01,CC-501,Marketing,Shared Services,Global,Forecast,Forecast,Q2 2026 Rolling Forecast,A6300,311236.07
2027-04-01,CC-501,Marketing,Shared Services,Global,Forecast,Forecast,Q2 2026 Rolling Forecast,A6400,111439.55
2027-04-01,CC-501,Marketing,Shared Services,Global,Forecast,Forecast,Q2 2026 Rolling Forecast,A6500,413293.26
2027-04-01,CC-501,Marketing,Shared Services,Global,Forecast,Forecast,Q2 2026 Rolling Forecast,A6600,189851.98
2027-04-01,CC-601,Operations,Shared Services,Türkiye,Forecast,Forecast,Q2 2026 Rolling Forecast,A6000,3205681.49
2027-04-01,CC-601,Operations,Shared Services,Türkiye,Forecast,Forecast,Q2 2026 Rolling Forecast,A6010,593051.08
2027-04-01,CC-601,Operations,Shared Services,Türkiye,Forecast,Forecast,Q2 2026 Rolling Forecast,A6200,5409307.69
2027-04-01,CC-601,Operations,Shared Services,Türkiye,Forecast,Forecast,Q2 2026 Rolling Forecast,A6300,530559.21
2027-04-01,CC-601,Operations,Shared Services,Türkiye,Forecast,Forecast,Q2 2026 Rolling Forecast,A6400,1456942.85
2027-04-01,CC-601,Operations,Shared Services,Türkiye,Forecast,Forecast,Q2 2026 Rolling Forecast,A6500,312165.37
2027-04-01,CC-601,Operations,Shared Services,Türkiye,Forecast,Forecast,Q2 2026 Rolling Forecast,A6600,148961.58
2027-04-01,CC-601,Operations,Shared Services,Türkiye,Forecast,Forecast,Q2 2026 Rolling Forecast,A6700,465277.77
2027-04-01,CC-701,Technology,Shared Services,Global,Forecast,Forecast,Q2 2026 Rolling Forecast,A6000,3345059.0
2027-04-01,CC-701,Technology,Shared Services,Global,Forecast,Forecast,Q2 2026 Rolling Forecast,A6010,618835.92
2027-04-01,CC-701,Technology,Shared Services,Global,Forecast,Forecast,Q2 2026 Rolling Forecast,A6300,4780524.0
2027-04-01,CC-701,Technology,Shared Services,Global,Forecast,Forecast,Q2 2026 Rolling Forecast,A6400,327901.56
2027-04-01,CC-701,Technology,Shared Services,Global,Forecast,Forecast,Q2 2026 Rolling Forecast,A6500,1215119.67
2027-04-01,CC-701,Technology,Shared Services,Global,Forecast,Forecast,Q2 2026 Rolling Forecast,A6600,252420.63
2027-04-01,CC-701,Technology,Shared Services,Global,Forecast,Forecast,Q2 2026 Rolling Forecast,A6700,694791.67
2027-04-01,CC-801,Finance & Corporate,Shared Services,Global,Forecast,Forecast,Q2 2026 Rolling Forecast,A6000,2555253.31
2027-04-01,CC-801,Finance & Corporate,Shared Services,Global,Forecast,Forecast,Q2 2026 Rolling Forecast,A6010,472721.86
2027-04-01,CC-801,Finance & Corporate,Shared Services,Global,Forecast,Forecast,Q2 2026 Rolling Forecast,A6300,822828.45
2027-04-01,CC-801,Finance & Corporate,Shared Services,Global,Forecast,Forecast,Q2 2026 Rolling Forecast,A6400,1684527.9
2027-04-01,CC-801,Finance & Corporate,Shared Services,Global,Forecast,Forecast,Q2 2026 Rolling Forecast,A6500,1798093.06
2027-04-01,CC-801,Finance & Corporate,Shared Services,Global,Forecast,Forecast,Q2 2026 Rolling Forecast,A6600,409676.77
2027-04-01,CC-801,Finance & Corporate,Shared Services,Global,Forecast,Forecast,Q2 2026 Rolling Forecast,A6700,170000.0
2027-04-01,CC-801,Finance & Corporate,Shared Services,Global,Forecast,Forecast,Q2 2026 Rolling Forecast,A6800,453035.52
2027-04-01,CC-801,Finance & Corporate,Shared Services,Global,Forecast,Forecast,Q2 2026 Rolling Forecast,A6900,2461059.88
2027-05-01,CC-101,Sales,Digital Commerce,Türkiye,Forecast,Forecast,Q2 2026 Rolling Forecast,A4000,34647670.29
2027-05-01,CC-101,Sales,Digital Commerce,Türkiye,Forecast,Forecast,Q2 2026 Rolling Forecast,A5000,13031815.39
2027-05-01,CC-101,Sales,Digital Commerce,Türkiye,Forecast,Forecast,Q2 2026 Rolling Forecast,A5010,959095.61
2027-05-01,CC-101,Sales,Digital Commerce,Türkiye,Forecast,Forecast,Q2 2026 Rolling Forecast,A5020,1027385.23
2027-05-01,CC-101,Sales,Digital Commerce,Türkiye,Forecast,Forecast,Q2 2026 Rolling Forecast,A6000,2378127.78
2027-05-01,CC-101,Sales,Digital Commerce,Türkiye,Forecast,Forecast,Q2 2026 Rolling Forecast,A6010,439953.64
2027-05-01,CC-101,Sales,Digital Commerce,Türkiye,Forecast,Forecast,Q2 2026 Rolling Forecast,A6100,1679473.56
2027-05-01,CC-101,Sales,Digital Commerce,Türkiye,Forecast,Forecast,Q2 2026 Rolling Forecast,A6200,621733.42
2027-05-01,CC-101,Sales,Digital Commerce,Türkiye,Forecast,Forecast,Q2 2026 Rolling Forecast,A6300,278032.28
2027-05-01,CC-101,Sales,Digital Commerce,Türkiye,Forecast,Forecast,Q2 2026 Rolling Forecast,A6400,140710.74
2027-05-01,CC-101,Sales,Digital Commerce,Türkiye,Forecast,Forecast,Q2 2026 Rolling Forecast,A6500,76780.78
2027-05-01,CC-101,Sales,Digital Commerce,Türkiye,Forecast,Forecast,Q2 2026 Rolling Forecast,A6600,47924.36
2027-05-01,CC-102,Sales,Digital Commerce,Europe,Forecast,Forecast,Q2 2026 Rolling Forecast,A4000,22692008.3
2027-05-01,CC-102,Sales,Digital Commerce,Europe,Forecast,Forecast,Q2 2026 Rolling Forecast,A5000,9021591.78
2027-05-01,CC-102,Sales,Digital Commerce,Europe,Forecast,Forecast,Q2 2026 Rolling Forecast,A5010,720485.64
2027-05-01,CC-102,Sales,Digital Commerce,Europe,Forecast,Forecast,Q2 2026 Rolling Forecast,A5020,719760.34
2027-05-01,CC-102,Sales,Digital Commerce,Europe,Forecast,Forecast,Q2 2026 Rolling Forecast,A6000,2122602.54
2027-05-01,CC-102,Sales,Digital Commerce,Europe,Forecast,Forecast,Q2 2026 Rolling Forecast,A6010,392681.47
2027-05-01,CC-102,Sales,Digital Commerce,Europe,Forecast,Forecast,Q2 2026 Rolling Forecast,A6100,1090335.14
2027-05-01,CC-102,Sales,Digital Commerce,Europe,Forecast,Forecast,Q2 2026 Rolling Forecast,A6200,408947.79
2027-05-01,CC-102,Sales,Digital Commerce,Europe,Forecast,Forecast,Q2 2026 Rolling Forecast,A6300,170487.66
2027-05-01,CC-102,Sales,Digital Commerce,Europe,Forecast,Forecast,Q2 2026 Rolling Forecast,A6400,86127.55
2027-05-01,CC-102,Sales,Digital Commerce,Europe,Forecast,Forecast,Q2 2026 Rolling Forecast,A6500,45583.6
2027-05-01,CC-102,Sales,Digital Commerce,Europe,Forecast,Forecast,Q2 2026 Rolling Forecast,A6600,28174.33
2027-05-01,CC-103,Sales,Digital Commerce,MENA,Forecast,Forecast,Q2 2026 Rolling Forecast,A4000,13737372.78
2027-05-01,CC-103,Sales,Digital Commerce,MENA,Forecast,Forecast,Q2 2026 Rolling Forecast,A5000,5698776.43
2027-05-01,CC-103,Sales,Digital Commerce,MENA,Forecast,Forecast,Q2 2026 Rolling Forecast,A5010,711600.66
2027-05-01,CC-103,Sales,Digital Commerce,MENA,Forecast,Forecast,Q2 2026 Rolling Forecast,A5020,477846.71
2027-05-01,CC-103,Sales,Digital Commerce,MENA,Forecast,Forecast,Q2 2026 Rolling Forecast,A6000,1547670.49
2027-05-01,CC-103,Sales,Digital Commerce,MENA,Forecast,Forecast,Q2 2026 Rolling Forecast,A6010,286319.04
2027-05-01,CC-103,Sales,Digital Commerce,MENA,Forecast,Forecast,Q2 2026 Rolling Forecast,A6100,667877.68
2027-05-01,CC-103,Sales,Digital Commerce,MENA,Forecast,Forecast,Q2 2026 Rolling Forecast,A6200,247001.15
2027-05-01,CC-103,Sales,Digital Commerce,MENA,Forecast,Forecast,Q2 2026 Rolling Forecast,A6300,109464.01
2027-05-01,CC-103,Sales,Digital Commerce,MENA,Forecast,Forecast,Q2 2026 Rolling Forecast,A6400,54668.59
2027-05-01,CC-103,Sales,Digital Commerce,MENA,Forecast,Forecast,Q2 2026 Rolling Forecast,A6500,28509.98
2027-05-01,CC-103,Sales,Digital Commerce,MENA,Forecast,Forecast,Q2 2026 Rolling Forecast,A6600,17813.35
2027-05-01,CC-201,Sales,Retail Stores,Türkiye,Forecast,Forecast,Q2 2026 Rolling Forecast,A4010,24468799.27
2027-05-01,CC-201,Sales,Retail Stores,Türkiye,Forecast,Forecast,Q2 2026 Rolling Forecast,A5000,11130649.09
2027-05-01,CC-201,Sales,Retail Stores,Türkiye,Forecast,Forecast,Q2 2026 Rolling Forecast,A5010,483339.21
2027-05-01,CC-201,Sales,Retail Stores,Türkiye,Forecast,Forecast,Q2 2026 Rolling Forecast,A5020,608503.99
2027-05-01,CC-201,Sales,Retail Stores,Türkiye,Forecast,Forecast,Q2 2026 Rolling Forecast,A6000,3092437.17
2027-05-01,CC-201,Sales,Retail Stores,Türkiye,Forecast,Forecast,Q2 2026 Rolling Forecast,A6010,572100.88
2027-05-01,CC-201,Sales,Retail Stores,Türkiye,Forecast,Forecast,Q2 2026 Rolling Forecast,A6100,474055.75
2027-05-01,CC-201,Sales,Retail Stores,Türkiye,Forecast,Forecast,Q2 2026 Rolling Forecast,A6200,440522.85
2027-05-01,CC-201,Sales,Retail Stores,Türkiye,Forecast,Forecast,Q2 2026 Rolling Forecast,A6300,376763.74
2027-05-01,CC-201,Sales,Retail Stores,Türkiye,Forecast,Forecast,Q2 2026 Rolling Forecast,A6400,476291.89
2027-05-01,CC-201,Sales,Retail Stores,Türkiye,Forecast,Forecast,Q2 2026 Rolling Forecast,A6500,97485.95
2027-05-01,CC-201,Sales,Retail Stores,Türkiye,Forecast,Forecast,Q2 2026 Rolling Forecast,A6600,61215.78
2027-05-01,CC-201,Sales,Retail Stores,Türkiye,Forecast,Forecast,Q2 2026 Rolling Forecast,A6700,107500.0
2027-05-01,CC-202,Sales,Retail Stores,Türkiye,Forecast,Forecast,Q2 2026 Rolling Forecast,A4010,17458673.2
2027-05-01,CC-202,Sales,Retail Stores,Türkiye,Forecast,Forecast,Q2 2026 Rolling Forecast,A5000,8132315.75
2027-05-01,CC-202,Sales,Retail Stores,Türkiye,Forecast,Forecast,Q2 2026 Rolling Forecast,A5010,311418.35
2027-05-01,CC-202,Sales,Retail Stores,Türkiye,Forecast,Forecast,Q2 2026 Rolling Forecast,A5020,464396.84
2027-05-01,CC-202,Sales,Retail Stores,Türkiye,Forecast,Forecast,Q2 2026 Rolling Forecast,A6000,2270690.97
2027-05-01,CC-202,Sales,Retail Stores,Türkiye,Forecast,Forecast,Q2 2026 Rolling Forecast,A6010,420077.83
2027-05-01,CC-202,Sales,Retail Stores,Türkiye,Forecast,Forecast,Q2 2026 Rolling Forecast,A6100,337741.27
2027-05-01,CC-202,Sales,Retail Stores,Türkiye,Forecast,Forecast,Q2 2026 Rolling Forecast,A6200,311509.98
2027-05-01,CC-202,Sales,Retail Stores,Türkiye,Forecast,Forecast,Q2 2026 Rolling Forecast,A6300,294035.31
2027-05-01,CC-202,Sales,Retail Stores,Türkiye,Forecast,Forecast,Q2 2026 Rolling Forecast,A6400,379499.21
2027-05-01,CC-202,Sales,Retail Stores,Türkiye,Forecast,Forecast,Q2 2026 Rolling Forecast,A6500,80765.95
2027-05-01,CC-202,Sales,Retail Stores,Türkiye,Forecast,Forecast,Q2 2026 Rolling Forecast,A6600,48796.65
2027-05-01,CC-202,Sales,Retail Stores,Türkiye,Forecast,Forecast,Q2 2026 Rolling Forecast,A6700,134166.67
2027-05-01,CC-301,Sales,Wholesale,Türkiye,Forecast,Forecast,Q2 2026 Rolling Forecast,A4020,22079108.12
2027-05-01,CC-301,Sales,Wholesale,Türkiye,Forecast,Forecast,Q2 2026 Rolling Forecast,A5000,12462046.35
2027-05-01,CC-301,Sales,Wholesale,Türkiye,Forecast,Forecast,Q2 2026 Rolling Forecast,A5010,218785.52
2027-05-01,CC-301,Sales,Wholesale,Türkiye,Forecast,Forecast,Q2 2026 Rolling Forecast,A5020,325304.0
2027-05-01,CC-301,Sales,Wholesale,Türkiye,Forecast,Forecast,Q2 2026 Rolling Forecast,A6000,1742218.17
2027-05-01,CC-301,Sales,Wholesale,Türkiye,Forecast,Forecast,Q2 2026 Rolling Forecast,A6010,322310.36
2027-05-01,CC-301,Sales,Wholesale,Türkiye,Forecast,Forecast,Q2 2026 Rolling Forecast,A6100,429401.28
2027-05-01,CC-301,Sales,Wholesale,Türkiye,Forecast,Forecast,Q2 2026 Rolling Forecast,A6200,220543.51
2027-05-01,CC-301,Sales,Wholesale,Türkiye,Forecast,Forecast,Q2 2026 Rolling Forecast,A6300,156339.82
2027-05-01,CC-301,Sales,Wholesale,Türkiye,Forecast,Forecast,Q2 2026 Rolling Forecast,A6400,77841.22
2027-05-01,CC-301,Sales,Wholesale,Türkiye,Forecast,Forecast,Q2 2026 Rolling Forecast,A6500,41765.8
2027-05-01,CC-301,Sales,Wholesale,Türkiye,Forecast,Forecast,Q2 2026 Rolling Forecast,A6600,26539.63
2027-05-01,CC-302,Sales,Wholesale,Europe,Forecast,Forecast,Q2 2026 Rolling Forecast,A4020,18191954.76
2027-05-01,CC-302,Sales,Wholesale,Europe,Forecast,Forecast,Q2 2026 Rolling Forecast,A5000,10613367.84
2027-05-01,CC-302,Sales,Wholesale,Europe,Forecast,Forecast,Q2 2026 Rolling Forecast,A5010,214851.1
2027-05-01,CC-302,Sales,Wholesale,Europe,Forecast,Forecast,Q2 2026 Rolling Forecast,A5020,322934.8
2027-05-01,CC-302,Sales,Wholesale,Europe,Forecast,Forecast,Q2 2026 Rolling Forecast,A6000,1463463.23
2027-05-01,CC-302,Sales,Wholesale,Europe,Forecast,Forecast,Q2 2026 Rolling Forecast,A6010,270740.7
2027-05-01,CC-302,Sales,Wholesale,Europe,Forecast,Forecast,Q2 2026 Rolling Forecast,A6100,352593.27
2027-05-01,CC-302,Sales,Wholesale,Europe,Forecast,Forecast,Q2 2026 Rolling Forecast,A6200,181470.93
2027-05-01,CC-302,Sales,Wholesale,Europe,Forecast,Forecast,Q2 2026 Rolling Forecast,A6300,125961.82
2027-05-01,CC-302,Sales,Wholesale,Europe,Forecast,Forecast,Q2 2026 Rolling Forecast,A6400,62452.34
2027-05-01,CC-302,Sales,Wholesale,Europe,Forecast,Forecast,Q2 2026 Rolling Forecast,A6500,33428.25
2027-05-01,CC-302,Sales,Wholesale,Europe,Forecast,Forecast,Q2 2026 Rolling Forecast,A6600,21421.62
2027-05-01,CC-401,Customer Success,Subscription Services,Türkiye,Forecast,Forecast,Q2 2026 Rolling Forecast,A4030,10282006.15
2027-05-01,CC-401,Customer Success,Subscription Services,Türkiye,Forecast,Forecast,Q2 2026 Rolling Forecast,A5000,2139105.53
2027-05-01,CC-401,Customer Success,Subscription Services,Türkiye,Forecast,Forecast,Q2 2026 Rolling Forecast,A5010,254710.53
2027-05-01,CC-401,Customer Success,Subscription Services,Türkiye,Forecast,Forecast,Q2 2026 Rolling Forecast,A5020,183812.73
2027-05-01,CC-401,Customer Success,Subscription Services,Türkiye,Forecast,Forecast,Q2 2026 Rolling Forecast,A6000,1742218.26
2027-05-01,CC-401,Customer Success,Subscription Services,Türkiye,Forecast,Forecast,Q2 2026 Rolling Forecast,A6010,322310.38
2027-05-01,CC-401,Customer Success,Subscription Services,Türkiye,Forecast,Forecast,Q2 2026 Rolling Forecast,A6100,554781.98
2027-05-01,CC-401,Customer Success,Subscription Services,Türkiye,Forecast,Forecast,Q2 2026 Rolling Forecast,A6200,103510.86
2027-05-01,CC-401,Customer Success,Subscription Services,Türkiye,Forecast,Forecast,Q2 2026 Rolling Forecast,A6300,928153.66
2027-05-01,CC-401,Customer Success,Subscription Services,Türkiye,Forecast,Forecast,Q2 2026 Rolling Forecast,A6400,101079.7
2027-05-01,CC-401,Customer Success,Subscription Services,Türkiye,Forecast,Forecast,Q2 2026 Rolling Forecast,A6500,53848.04
2027-05-01,CC-401,Customer Success,Subscription Services,Türkiye,Forecast,Forecast,Q2 2026 Rolling Forecast,A6600,33942.11
2027-05-01,CC-401,Customer Success,Subscription Services,Türkiye,Forecast,Forecast,Q2 2026 Rolling Forecast,A6700,420833.34
2027-05-01,CC-501,Marketing,Shared Services,Global,Forecast,Forecast,Q2 2026 Rolling Forecast,A6000,1999195.32
2027-05-01,CC-501,Marketing,Shared Services,Global,Forecast,Forecast,Q2 2026 Rolling Forecast,A6010,369851.13
2027-05-01,CC-501,Marketing,Shared Services,Global,Forecast,Forecast,Q2 2026 Rolling Forecast,A6100,4866212.67
2027-05-01,CC-501,Marketing,Shared Services,Global,Forecast,Forecast,Q2 2026 Rolling Forecast,A6300,313717.91
2027-05-01,CC-501,Marketing,Shared Services,Global,Forecast,Forecast,Q2 2026 Rolling Forecast,A6400,112328.18
2027-05-01,CC-501,Marketing,Shared Services,Global,Forecast,Forecast,Q2 2026 Rolling Forecast,A6500,416588.91
2027-05-01,CC-501,Marketing,Shared Services,Global,Forecast,Forecast,Q2 2026 Rolling Forecast,A6600,191365.89
2027-05-01,CC-601,Operations,Shared Services,Türkiye,Forecast,Forecast,Q2 2026 Rolling Forecast,A6000,3205681.49
2027-05-01,CC-601,Operations,Shared Services,Türkiye,Forecast,Forecast,Q2 2026 Rolling Forecast,A6010,593051.08
2027-05-01,CC-601,Operations,Shared Services,Türkiye,Forecast,Forecast,Q2 2026 Rolling Forecast,A6200,5452442.27
2027-05-01,CC-601,Operations,Shared Services,Türkiye,Forecast,Forecast,Q2 2026 Rolling Forecast,A6300,534789.96
2027-05-01,CC-601,Operations,Shared Services,Türkiye,Forecast,Forecast,Q2 2026 Rolling Forecast,A6400,1468560.71
2027-05-01,CC-601,Operations,Shared Services,Türkiye,Forecast,Forecast,Q2 2026 Rolling Forecast,A6500,314654.62
2027-05-01,CC-601,Operations,Shared Services,Türkiye,Forecast,Forecast,Q2 2026 Rolling Forecast,A6600,150149.42
2027-05-01,CC-601,Operations,Shared Services,Türkiye,Forecast,Forecast,Q2 2026 Rolling Forecast,A6700,465277.77
2027-05-01,CC-701,Technology,Shared Services,Global,Forecast,Forecast,Q2 2026 Rolling Forecast,A6000,3345059.0
2027-05-01,CC-701,Technology,Shared Services,Global,Forecast,Forecast,Q2 2026 Rolling Forecast,A6010,618835.92
2027-05-01,CC-701,Technology,Shared Services,Global,Forecast,Forecast,Q2 2026 Rolling Forecast,A6300,4818644.57
2027-05-01,CC-701,Technology,Shared Services,Global,Forecast,Forecast,Q2 2026 Rolling Forecast,A6400,330516.3
2027-05-01,CC-701,Technology,Shared Services,Global,Forecast,Forecast,Q2 2026 Rolling Forecast,A6500,1224809.21
2027-05-01,CC-701,Technology,Shared Services,Global,Forecast,Forecast,Q2 2026 Rolling Forecast,A6600,254433.46
2027-05-01,CC-701,Technology,Shared Services,Global,Forecast,Forecast,Q2 2026 Rolling Forecast,A6700,694791.67
2027-05-01,CC-801,Finance & Corporate,Shared Services,Global,Forecast,Forecast,Q2 2026 Rolling Forecast,A6000,2555253.31
2027-05-01,CC-801,Finance & Corporate,Shared Services,Global,Forecast,Forecast,Q2 2026 Rolling Forecast,A6010,472721.86
2027-05-01,CC-801,Finance & Corporate,Shared Services,Global,Forecast,Forecast,Q2 2026 Rolling Forecast,A6300,829389.8
2027-05-01,CC-801,Finance & Corporate,Shared Services,Global,Forecast,Forecast,Q2 2026 Rolling Forecast,A6400,1697960.56
2027-05-01,CC-801,Finance & Corporate,Shared Services,Global,Forecast,Forecast,Q2 2026 Rolling Forecast,A6500,1812431.31
2027-05-01,CC-801,Finance & Corporate,Shared Services,Global,Forecast,Forecast,Q2 2026 Rolling Forecast,A6600,412943.59
2027-05-01,CC-801,Finance & Corporate,Shared Services,Global,Forecast,Forecast,Q2 2026 Rolling Forecast,A6700,170000.0
2027-05-01,CC-801,Finance & Corporate,Shared Services,Global,Forecast,Forecast,Q2 2026 Rolling Forecast,A6800,453035.52
2027-05-01,CC-801,Finance & Corporate,Shared Services,Global,Forecast,Forecast,Q2 2026 Rolling Forecast,A6900,2611792.75
2027-06-01,CC-101,Sales,Digital Commerce,Türkiye,Forecast,Forecast,Q2 2026 Rolling Forecast,A4000,35617924.65
2027-06-01,CC-101,Sales,Digital Commerce,Türkiye,Forecast,Forecast,Q2 2026 Rolling Forecast,A5000,13396751.2
2027-06-01,CC-101,Sales,Digital Commerce,Türkiye,Forecast,Forecast,Q2 2026 Rolling Forecast,A5010,985953.6
2027-06-01,CC-101,Sales,Digital Commerce,Türkiye,Forecast,Forecast,Q2 2026 Rolling Forecast,A5020,1056155.56
2027-06-01,CC-101,Sales,Digital Commerce,Türkiye,Forecast,Forecast,Q2 2026 Rolling Forecast,A6000,2378127.78
2027-06-01,CC-101,Sales,Digital Commerce,Türkiye,Forecast,Forecast,Q2 2026 Rolling Forecast,A6010,439953.64
2027-06-01,CC-101,Sales,Digital Commerce,Türkiye,Forecast,Forecast,Q2 2026 Rolling Forecast,A6100,1726504.61
2027-06-01,CC-101,Sales,Digital Commerce,Türkiye,Forecast,Forecast,Q2 2026 Rolling Forecast,A6200,639144.11
2027-06-01,CC-101,Sales,Digital Commerce,Türkiye,Forecast,Forecast,Q2 2026 Rolling Forecast,A6300,280249.34
2027-06-01,CC-101,Sales,Digital Commerce,Türkiye,Forecast,Forecast,Q2 2026 Rolling Forecast,A6400,141832.78
2027-06-01,CC-101,Sales,Digital Commerce,Türkiye,Forecast,Forecast,Q2 2026 Rolling Forecast,A6500,77393.04
2027-06-01,CC-101,Sales,Digital Commerce,Türkiye,Forecast,Forecast,Q2 2026 Rolling Forecast,A6600,48306.52
2027-06-01,CC-102,Sales,Digital Commerce,Europe,Forecast,Forecast,Q2 2026 Rolling Forecast,A4000,23327462.86
2027-06-01,CC-102,Sales,Digital Commerce,Europe,Forecast,Forecast,Q2 2026 Rolling Forecast,A5000,9274227.49
2027-06-01,CC-102,Sales,Digital Commerce,Europe,Forecast,Forecast,Q2 2026 Rolling Forecast,A5010,740661.73
2027-06-01,CC-102,Sales,Digital Commerce,Europe,Forecast,Forecast,Q2 2026 Rolling Forecast,A5020,739916.12
2027-06-01,CC-102,Sales,Digital Commerce,Europe,Forecast,Forecast,Q2 2026 Rolling Forecast,A6000,2122602.54
2027-06-01,CC-102,Sales,Digital Commerce,Europe,Forecast,Forecast,Q2 2026 Rolling Forecast,A6010,392681.47
2027-06-01,CC-102,Sales,Digital Commerce,Europe,Forecast,Forecast,Q2 2026 Rolling Forecast,A6100,1120868.29
2027-06-01,CC-102,Sales,Digital Commerce,Europe,Forecast,Forecast,Q2 2026 Rolling Forecast,A6200,420399.74
2027-06-01,CC-102,Sales,Digital Commerce,Europe,Forecast,Forecast,Q2 2026 Rolling Forecast,A6300,171847.16
2027-06-01,CC-102,Sales,Digital Commerce,Europe,Forecast,Forecast,Q2 2026 Rolling Forecast,A6400,86814.34
2027-06-01,CC-102,Sales,Digital Commerce,Europe,Forecast,Forecast,Q2 2026 Rolling Forecast,A6500,45947.09
2027-06-01,CC-102,Sales,Digital Commerce,Europe,Forecast,Forecast,Q2 2026 Rolling Forecast,A6600,28398.99
2027-06-01,CC-103,Sales,Digital Commerce,MENA,Forecast,Forecast,Q2 2026 Rolling Forecast,A4000,14122066.63
2027-06-01,CC-103,Sales,Digital Commerce,MENA,Forecast,Forecast,Q2 2026 Rolling Forecast,A5000,5858361.85
2027-06-01,CC-103,Sales,Digital Commerce,MENA,Forecast,Forecast,Q2 2026 Rolling Forecast,A5010,731527.94
2027-06-01,CC-103,Sales,Digital Commerce,MENA,Forecast,Forecast,Q2 2026 Rolling Forecast,A5020,491228.06
2027-06-01,CC-103,Sales,Digital Commerce,MENA,Forecast,Forecast,Q2 2026 Rolling Forecast,A6000,1547670.49
2027-06-01,CC-103,Sales,Digital Commerce,MENA,Forecast,Forecast,Q2 2026 Rolling Forecast,A6010,286319.04
2027-06-01,CC-103,Sales,Digital Commerce,MENA,Forecast,Forecast,Q2 2026 Rolling Forecast,A6100,686580.56
2027-06-01,CC-103,Sales,Digital Commerce,MENA,Forecast,Forecast,Q2 2026 Rolling Forecast,A6200,253918.04
2027-06-01,CC-103,Sales,Digital Commerce,MENA,Forecast,Forecast,Q2 2026 Rolling Forecast,A6300,110336.9
2027-06-01,CC-103,Sales,Digital Commerce,MENA,Forecast,Forecast,Q2 2026 Rolling Forecast,A6400,55104.53
2027-06-01,CC-103,Sales,Digital Commerce,MENA,Forecast,Forecast,Q2 2026 Rolling Forecast,A6500,28737.32
2027-06-01,CC-103,Sales,Digital Commerce,MENA,Forecast,Forecast,Q2 2026 Rolling Forecast,A6600,17955.39
2027-06-01,CC-201,Sales,Retail Stores,Türkiye,Forecast,Forecast,Q2 2026 Rolling Forecast,A4010,25833049.93
2027-06-01,CC-201,Sales,Retail Stores,Türkiye,Forecast,Forecast,Q2 2026 Rolling Forecast,A5000,11751235.13
2027-06-01,CC-201,Sales,Retail Stores,Türkiye,Forecast,Forecast,Q2 2026 Rolling Forecast,A5010,510287.64
2027-06-01,CC-201,Sales,Retail Stores,Türkiye,Forecast,Forecast,Q2 2026 Rolling Forecast,A5020,642430.95
2027-06-01,CC-201,Sales,Retail Stores,Türkiye,Forecast,Forecast,Q2 2026 Rolling Forecast,A6000,3092437.17
2027-06-01,CC-201,Sales,Retail Stores,Türkiye,Forecast,Forecast,Q2 2026 Rolling Forecast,A6010,572100.88
2027-06-01,CC-201,Sales,Retail Stores,Türkiye,Forecast,Forecast,Q2 2026 Rolling Forecast,A6100,500486.59
2027-06-01,CC-201,Sales,Retail Stores,Türkiye,Forecast,Forecast,Q2 2026 Rolling Forecast,A6200,465084.07
2027-06-01,CC-201,Sales,Retail Stores,Türkiye,Forecast,Forecast,Q2 2026 Rolling Forecast,A6300,379768.11
2027-06-01,CC-201,Sales,Retail Stores,Türkiye,Forecast,Forecast,Q2 2026 Rolling Forecast,A6400,480089.91
2027-06-01,CC-201,Sales,Retail Stores,Türkiye,Forecast,Forecast,Q2 2026 Rolling Forecast,A6500,98263.31
2027-06-01,CC-201,Sales,Retail Stores,Türkiye,Forecast,Forecast,Q2 2026 Rolling Forecast,A6600,61703.93
2027-06-01,CC-201,Sales,Retail Stores,Türkiye,Forecast,Forecast,Q2 2026 Rolling Forecast,A6700,107500.0
2027-06-01,CC-202,Sales,Retail Stores,Türkiye,Forecast,Forecast,Q2 2026 Rolling Forecast,A4010,18432076.36
2027-06-01,CC-202,Sales,Retail Stores,Türkiye,Forecast,Forecast,Q2 2026 Rolling Forecast,A5000,8585730.6
2027-06-01,CC-202,Sales,Retail Stores,Türkiye,Forecast,Forecast,Q2 2026 Rolling Forecast,A5010,328781.39
2027-06-01,CC-202,Sales,Retail Stores,Türkiye,Forecast,Forecast,Q2 2026 Rolling Forecast,A5020,490289.15
2027-06-01,CC-202,Sales,Retail Stores,Türkiye,Forecast,Forecast,Q2 2026 Rolling Forecast,A6000,2270690.97
2027-06-01,CC-202,Sales,Retail Stores,Türkiye,Forecast,Forecast,Q2 2026 Rolling Forecast,A6010,420077.83
2027-06-01,CC-202,Sales,Retail Stores,Türkiye,Forecast,Forecast,Q2 2026 Rolling Forecast,A6100,356571.94
2027-06-01,CC-202,Sales,Retail Stores,Türkiye,Forecast,Forecast,Q2 2026 Rolling Forecast,A6200,328878.13
2027-06-01,CC-202,Sales,Retail Stores,Türkiye,Forecast,Forecast,Q2 2026 Rolling Forecast,A6300,296379.98
2027-06-01,CC-202,Sales,Retail Stores,Türkiye,Forecast,Forecast,Q2 2026 Rolling Forecast,A6400,382525.39
2027-06-01,CC-202,Sales,Retail Stores,Türkiye,Forecast,Forecast,Q2 2026 Rolling Forecast,A6500,81409.99
2027-06-01,CC-202,Sales,Retail Stores,Türkiye,Forecast,Forecast,Q2 2026 Rolling Forecast,A6600,49185.76
2027-06-01,CC-202,Sales,Retail Stores,Türkiye,Forecast,Forecast,Q2 2026 Rolling Forecast,A6700,134166.67
2027-06-01,CC-301,Sales,Wholesale,Türkiye,Forecast,Forecast,Q2 2026 Rolling Forecast,A4020,20829402.58
2027-06-01,CC-301,Sales,Wholesale,Türkiye,Forecast,Forecast,Q2 2026 Rolling Forecast,A5000,11756678.71
2027-06-01,CC-301,Sales,Wholesale,Türkiye,Forecast,Forecast,Q2 2026 Rolling Forecast,A5010,206401.98
2027-06-01,CC-301,Sales,Wholesale,Türkiye,Forecast,Forecast,Q2 2026 Rolling Forecast,A5020,306891.38
2027-06-01,CC-301,Sales,Wholesale,Türkiye,Forecast,Forecast,Q2 2026 Rolling Forecast,A6000,1742218.17
2027-06-01,CC-301,Sales,Wholesale,Türkiye,Forecast,Forecast,Q2 2026 Rolling Forecast,A6010,322310.36
2027-06-01,CC-301,Sales,Wholesale,Türkiye,Forecast,Forecast,Q2 2026 Rolling Forecast,A6100,405096.62
2027-06-01,CC-301,Sales,Wholesale,Türkiye,Forecast,Forecast,Q2 2026 Rolling Forecast,A6200,208060.46
2027-06-01,CC-301,Sales,Wholesale,Türkiye,Forecast,Forecast,Q2 2026 Rolling Forecast,A6300,157586.5
2027-06-01,CC-301,Sales,Wholesale,Türkiye,Forecast,Forecast,Q2 2026 Rolling Forecast,A6400,78461.94
2027-06-01,CC-301,Sales,Wholesale,Türkiye,Forecast,Forecast,Q2 2026 Rolling Forecast,A6500,42098.85
2027-06-01,CC-301,Sales,Wholesale,Türkiye,Forecast,Forecast,Q2 2026 Rolling Forecast,A6600,26751.26
2027-06-01,CC-302,Sales,Wholesale,Europe,Forecast,Forecast,Q2 2026 Rolling Forecast,A4020,17162267.02
2027-06-01,CC-302,Sales,Wholesale,Europe,Forecast,Forecast,Q2 2026 Rolling Forecast,A5000,10012637.75
2027-06-01,CC-302,Sales,Wholesale,Europe,Forecast,Forecast,Q2 2026 Rolling Forecast,A5010,202690.25
2027-06-01,CC-302,Sales,Wholesale,Europe,Forecast,Forecast,Q2 2026 Rolling Forecast,A5020,304656.28
2027-06-01,CC-302,Sales,Wholesale,Europe,Forecast,Forecast,Q2 2026 Rolling Forecast,A6000,1463463.23
2027-06-01,CC-302,Sales,Wholesale,Europe,Forecast,Forecast,Q2 2026 Rolling Forecast,A6010,270740.7
2027-06-01,CC-302,Sales,Wholesale,Europe,Forecast,Forecast,Q2 2026 Rolling Forecast,A6100,332636.04
2027-06-01,CC-302,Sales,Wholesale,Europe,Forecast,Forecast,Q2 2026 Rolling Forecast,A6200,171199.45
2027-06-01,CC-302,Sales,Wholesale,Europe,Forecast,Forecast,Q2 2026 Rolling Forecast,A6300,126966.26
2027-06-01,CC-302,Sales,Wholesale,Europe,Forecast,Forecast,Q2 2026 Rolling Forecast,A6400,62950.34
2027-06-01,CC-302,Sales,Wholesale,Europe,Forecast,Forecast,Q2 2026 Rolling Forecast,A6500,33694.82
2027-06-01,CC-302,Sales,Wholesale,Europe,Forecast,Forecast,Q2 2026 Rolling Forecast,A6600,21592.44
2027-06-01,CC-401,Customer Success,Subscription Services,Türkiye,Forecast,Forecast,Q2 2026 Rolling Forecast,A4030,10563161.54
2027-06-01,CC-401,Customer Success,Subscription Services,Türkiye,Forecast,Forecast,Q2 2026 Rolling Forecast,A5000,2197598.11
2027-06-01,CC-401,Customer Success,Subscription Services,Türkiye,Forecast,Forecast,Q2 2026 Rolling Forecast,A5010,261675.43
2027-06-01,CC-401,Customer Success,Subscription Services,Türkiye,Forecast,Forecast,Q2 2026 Rolling Forecast,A5020,188838.98
2027-06-01,CC-401,Customer Success,Subscription Services,Türkiye,Forecast,Forecast,Q2 2026 Rolling Forecast,A6000,1742218.26
2027-06-01,CC-401,Customer Success,Subscription Services,Türkiye,Forecast,Forecast,Q2 2026 Rolling Forecast,A6010,322310.38
2027-06-01,CC-401,Customer Success,Subscription Services,Türkiye,Forecast,Forecast,Q2 2026 Rolling Forecast,A6100,569952.17
2027-06-01,CC-401,Customer Success,Subscription Services,Türkiye,Forecast,Forecast,Q2 2026 Rolling Forecast,A6200,106341.3
2027-06-01,CC-401,Customer Success,Subscription Services,Türkiye,Forecast,Forecast,Q2 2026 Rolling Forecast,A6300,935554.89
2027-06-01,CC-401,Customer Success,Subscription Services,Türkiye,Forecast,Forecast,Q2 2026 Rolling Forecast,A6400,101885.72
2027-06-01,CC-401,Customer Success,Subscription Services,Türkiye,Forecast,Forecast,Q2 2026 Rolling Forecast,A6500,54277.43
2027-06-01,CC-401,Customer Success,Subscription Services,Türkiye,Forecast,Forecast,Q2 2026 Rolling Forecast,A6600,34212.76
2027-06-01,CC-401,Customer Success,Subscription Services,Türkiye,Forecast,Forecast,Q2 2026 Rolling Forecast,A6700,420833.34
2027-06-01,CC-501,Marketing,Shared Services,Global,Forecast,Forecast,Q2 2026 Rolling Forecast,A6000,1999195.32
2027-06-01,CC-501,Marketing,Shared Services,Global,Forecast,Forecast,Q2 2026 Rolling Forecast,A6010,369851.13
2027-06-01,CC-501,Marketing,Shared Services,Global,Forecast,Forecast,Q2 2026 Rolling Forecast,A6100,4905016.53
2027-06-01,CC-501,Marketing,Shared Services,Global,Forecast,Forecast,Q2 2026 Rolling Forecast,A6300,316219.55
2027-06-01,CC-501,Marketing,Shared Services,Global,Forecast,Forecast,Q2 2026 Rolling Forecast,A6400,113223.9
2027-06-01,CC-501,Marketing,Shared Services,Global,Forecast,Forecast,Q2 2026 Rolling Forecast,A6500,419910.85
2027-06-01,CC-501,Marketing,Shared Services,Global,Forecast,Forecast,Q2 2026 Rolling Forecast,A6600,192891.87
2027-06-01,CC-601,Operations,Shared Services,Türkiye,Forecast,Forecast,Q2 2026 Rolling Forecast,A6000,3205681.49
2027-06-01,CC-601,Operations,Shared Services,Türkiye,Forecast,Forecast,Q2 2026 Rolling Forecast,A6010,593051.08
2027-06-01,CC-601,Operations,Shared Services,Türkiye,Forecast,Forecast,Q2 2026 Rolling Forecast,A6200,5495920.81
2027-06-01,CC-601,Operations,Shared Services,Türkiye,Forecast,Forecast,Q2 2026 Rolling Forecast,A6300,539054.45
2027-06-01,CC-601,Operations,Shared Services,Türkiye,Forecast,Forecast,Q2 2026 Rolling Forecast,A6400,1480271.22
2027-06-01,CC-601,Operations,Shared Services,Türkiye,Forecast,Forecast,Q2 2026 Rolling Forecast,A6500,317163.72
2027-06-01,CC-601,Operations,Shared Services,Türkiye,Forecast,Forecast,Q2 2026 Rolling Forecast,A6600,151346.73
2027-06-01,CC-601,Operations,Shared Services,Türkiye,Forecast,Forecast,Q2 2026 Rolling Forecast,A6700,465277.77
2027-06-01,CC-701,Technology,Shared Services,Global,Forecast,Forecast,Q2 2026 Rolling Forecast,A6000,3345059.0
2027-06-01,CC-701,Technology,Shared Services,Global,Forecast,Forecast,Q2 2026 Rolling Forecast,A6010,618835.92
2027-06-01,CC-701,Technology,Shared Services,Global,Forecast,Forecast,Q2 2026 Rolling Forecast,A6300,4857069.12
2027-06-01,CC-701,Technology,Shared Services,Global,Forecast,Forecast,Q2 2026 Rolling Forecast,A6400,333151.88
2027-06-01,CC-701,Technology,Shared Services,Global,Forecast,Forecast,Q2 2026 Rolling Forecast,A6500,1234576.01
2027-06-01,CC-701,Technology,Shared Services,Global,Forecast,Forecast,Q2 2026 Rolling Forecast,A6600,256462.35
2027-06-01,CC-701,Technology,Shared Services,Global,Forecast,Forecast,Q2 2026 Rolling Forecast,A6700,525000.0
2027-06-01,CC-801,Finance & Corporate,Shared Services,Global,Forecast,Forecast,Q2 2026 Rolling Forecast,A6000,2555253.31
2027-06-01,CC-801,Finance & Corporate,Shared Services,Global,Forecast,Forecast,Q2 2026 Rolling Forecast,A6010,472721.86
2027-06-01,CC-801,Finance & Corporate,Shared Services,Global,Forecast,Forecast,Q2 2026 Rolling Forecast,A6300,836003.47
2027-06-01,CC-801,Finance & Corporate,Shared Services,Global,Forecast,Forecast,Q2 2026 Rolling Forecast,A6400,1711500.34
2027-06-01,CC-801,Finance & Corporate,Shared Services,Global,Forecast,Forecast,Q2 2026 Rolling Forecast,A6500,1826883.89
2027-06-01,CC-801,Finance & Corporate,Shared Services,Global,Forecast,Forecast,Q2 2026 Rolling Forecast,A6600,416236.46
2027-06-01,CC-801,Finance & Corporate,Shared Services,Global,Forecast,Forecast,Q2 2026 Rolling Forecast,A6700,170000.0
2027-06-01,CC-801,Finance & Corporate,Shared Services,Global,Forecast,Forecast,Q2 2026 Rolling Forecast,A6800,453035.52
2027-06-01,CC-801,Finance & Corporate,Shared Services,Global,Forecast,Forecast,Q2 2026 Rolling Forecast,A6900,2937877.68
