Month,CostCenterID,Department,BusinessUnit,Region,Version,PeriodStatus,SourceSystem,AccountKey,AmountTRY
2023-01-01,CC-101,Sales,Digital Commerce,Türkiye,Actual,Actual,Synthetic ERP,A4000,16846175.34
2023-01-01,CC-101,Sales,Digital Commerce,Türkiye,Actual,Actual,Synthetic ERP,A5000,6460082.18
2023-01-01,CC-101,Sales,Digital Commerce,Türkiye,Actual,Actual,Synthetic ERP,A5010,468351.4
2023-01-01,CC-101,Sales,Digital Commerce,Türkiye,Actual,Actual,Synthetic ERP,A5020,513200.66
2023-01-01,CC-101,Sales,Digital Commerce,Türkiye,Actual,Actual,Synthetic ERP,A6000,1378608.08
2023-01-01,CC-101,Sales,Digital Commerce,Türkiye,Actual,Actual,Synthetic ERP,A6010,255042.5
2023-01-01,CC-101,Sales,Digital Commerce,Türkiye,Actual,Actual,Synthetic ERP,A6100,874935.27
2023-01-01,CC-101,Sales,Digital Commerce,Türkiye,Actual,Actual,Synthetic ERP,A6200,298608.97
2023-01-01,CC-101,Sales,Digital Commerce,Türkiye,Actual,Actual,Synthetic ERP,A6300,167404.0
2023-01-01,CC-101,Sales,Digital Commerce,Türkiye,Actual,Actual,Synthetic ERP,A6400,81470.78
2023-01-01,CC-101,Sales,Digital Commerce,Türkiye,Actual,Actual,Synthetic ERP,A6500,38410.72
2023-01-01,CC-101,Sales,Digital Commerce,Türkiye,Actual,Actual,Synthetic ERP,A6600,26642.87
2023-01-01,CC-102,Sales,Digital Commerce,Europe,Actual,Actual,Synthetic ERP,A4000,10829969.4
2023-01-01,CC-102,Sales,Digital Commerce,Europe,Actual,Actual,Synthetic ERP,A5000,4342350.51
2023-01-01,CC-102,Sales,Digital Commerce,Europe,Actual,Actual,Synthetic ERP,A5010,347499.81
2023-01-01,CC-102,Sales,Digital Commerce,Europe,Actual,Actual,Synthetic ERP,A5020,346364.75
2023-01-01,CC-102,Sales,Digital Commerce,Europe,Actual,Actual,Synthetic ERP,A6000,957087.29
2023-01-01,CC-102,Sales,Digital Commerce,Europe,Actual,Actual,Synthetic ERP,A6010,177061.15
2023-01-01,CC-102,Sales,Digital Commerce,Europe,Actual,Actual,Synthetic ERP,A6100,529737.6
2023-01-01,CC-102,Sales,Digital Commerce,Europe,Actual,Actual,Synthetic ERP,A6200,187930.11
2023-01-01,CC-102,Sales,Digital Commerce,Europe,Actual,Actual,Synthetic ERP,A6300,96457.88
2023-01-01,CC-102,Sales,Digital Commerce,Europe,Actual,Actual,Synthetic ERP,A6400,48896.06
2023-01-01,CC-102,Sales,Digital Commerce,Europe,Actual,Actual,Synthetic ERP,A6500,26836.48
2023-01-01,CC-102,Sales,Digital Commerce,Europe,Actual,Actual,Synthetic ERP,A6600,17750.71
2023-01-01,CC-103,Sales,Digital Commerce,MENA,Actual,Actual,Synthetic ERP,A4000,6290618.77
2023-01-01,CC-103,Sales,Digital Commerce,MENA,Actual,Actual,Synthetic ERP,A5000,2658070.19
2023-01-01,CC-103,Sales,Digital Commerce,MENA,Actual,Actual,Synthetic ERP,A5010,323156.32
2023-01-01,CC-103,Sales,Digital Commerce,MENA,Actual,Actual,Synthetic ERP,A5020,219783.51
2023-01-01,CC-103,Sales,Digital Commerce,MENA,Actual,Actual,Synthetic ERP,A6000,566914.9
2023-01-01,CC-103,Sales,Digital Commerce,MENA,Actual,Actual,Synthetic ERP,A6010,104879.26
2023-01-01,CC-103,Sales,Digital Commerce,MENA,Actual,Actual,Synthetic ERP,A6100,311007.94
2023-01-01,CC-103,Sales,Digital Commerce,MENA,Actual,Actual,Synthetic ERP,A6200,117719.69
2023-01-01,CC-103,Sales,Digital Commerce,MENA,Actual,Actual,Synthetic ERP,A6300,61294.99
2023-01-01,CC-103,Sales,Digital Commerce,MENA,Actual,Actual,Synthetic ERP,A6400,31653.53
2023-01-01,CC-103,Sales,Digital Commerce,MENA,Actual,Actual,Synthetic ERP,A6500,17945.78
2023-01-01,CC-103,Sales,Digital Commerce,MENA,Actual,Actual,Synthetic ERP,A6600,10933.98
2023-01-01,CC-201,Sales,Retail Stores,Türkiye,Actual,Actual,Synthetic ERP,A4010,13245911.59
2023-01-01,CC-201,Sales,Retail Stores,Türkiye,Actual,Actual,Synthetic ERP,A5000,6151891.85
2023-01-01,CC-201,Sales,Retail Stores,Türkiye,Actual,Actual,Synthetic ERP,A5010,262581.06
2023-01-01,CC-201,Sales,Retail Stores,Türkiye,Actual,Actual,Synthetic ERP,A5020,326532.39
2023-01-01,CC-201,Sales,Retail Stores,Türkiye,Actual,Actual,Synthetic ERP,A6000,1707038.98
2023-01-01,CC-201,Sales,Retail Stores,Türkiye,Actual,Actual,Synthetic ERP,A6010,315802.21
2023-01-01,CC-201,Sales,Retail Stores,Türkiye,Actual,Actual,Synthetic ERP,A6100,259692.24
2023-01-01,CC-201,Sales,Retail Stores,Türkiye,Actual,Actual,Synthetic ERP,A6200,236710.66
2023-01-01,CC-201,Sales,Retail Stores,Türkiye,Actual,Actual,Synthetic ERP,A6300,216367.28
2023-01-01,CC-201,Sales,Retail Stores,Türkiye,Actual,Actual,Synthetic ERP,A6400,275286.38
2023-01-01,CC-201,Sales,Retail Stores,Türkiye,Actual,Actual,Synthetic ERP,A6500,58824.14
2023-01-01,CC-201,Sales,Retail Stores,Türkiye,Actual,Actual,Synthetic ERP,A6600,36433.91
2023-01-01,CC-202,Sales,Retail Stores,Türkiye,Actual,Actual,Synthetic ERP,A4010,9198835.2
2023-01-01,CC-202,Sales,Retail Stores,Türkiye,Actual,Actual,Synthetic ERP,A5000,4364536.16
2023-01-01,CC-202,Sales,Retail Stores,Türkiye,Actual,Actual,Synthetic ERP,A5010,160113.91
2023-01-01,CC-202,Sales,Retail Stores,Türkiye,Actual,Actual,Synthetic ERP,A5020,247574.91
2023-01-01,CC-202,Sales,Retail Stores,Türkiye,Actual,Actual,Synthetic ERP,A6000,1318082.57
2023-01-01,CC-202,Sales,Retail Stores,Türkiye,Actual,Actual,Synthetic ERP,A6010,243845.28
2023-01-01,CC-202,Sales,Retail Stores,Türkiye,Actual,Actual,Synthetic ERP,A6100,178241.53
2023-01-01,CC-202,Sales,Retail Stores,Türkiye,Actual,Actual,Synthetic ERP,A6200,160019.49
2023-01-01,CC-202,Sales,Retail Stores,Türkiye,Actual,Actual,Synthetic ERP,A6300,174781.85
2023-01-01,CC-202,Sales,Retail Stores,Türkiye,Actual,Actual,Synthetic ERP,A6400,214481.18
2023-01-01,CC-202,Sales,Retail Stores,Türkiye,Actual,Actual,Synthetic ERP,A6500,46461.54
2023-01-01,CC-202,Sales,Retail Stores,Türkiye,Actual,Actual,Synthetic ERP,A6600,25462.56
2023-01-01,CC-301,Sales,Wholesale,Türkiye,Actual,Actual,Synthetic ERP,A4020,12248414.07
2023-01-01,CC-301,Sales,Wholesale,Türkiye,Actual,Actual,Synthetic ERP,A5000,6920293.98
2023-01-01,CC-301,Sales,Wholesale,Türkiye,Actual,Actual,Synthetic ERP,A5010,123966.95
2023-01-01,CC-301,Sales,Wholesale,Türkiye,Actual,Actual,Synthetic ERP,A5020,183187.22
2023-01-01,CC-301,Sales,Wholesale,Türkiye,Actual,Actual,Synthetic ERP,A6000,740501.08
2023-01-01,CC-301,Sales,Wholesale,Türkiye,Actual,Actual,Synthetic ERP,A6010,136992.7
2023-01-01,CC-301,Sales,Wholesale,Türkiye,Actual,Actual,Synthetic ERP,A6100,245495.29
2023-01-01,CC-301,Sales,Wholesale,Türkiye,Actual,Actual,Synthetic ERP,A6200,121053.02
2023-01-01,CC-301,Sales,Wholesale,Türkiye,Actual,Actual,Synthetic ERP,A6300,89686.72
2023-01-01,CC-301,Sales,Wholesale,Türkiye,Actual,Actual,Synthetic ERP,A6400,45410.27
2023-01-01,CC-301,Sales,Wholesale,Türkiye,Actual,Actual,Synthetic ERP,A6500,25425.87
2023-01-01,CC-301,Sales,Wholesale,Türkiye,Actual,Actual,Synthetic ERP,A6600,14902.46
2023-01-01,CC-302,Sales,Wholesale,Europe,Actual,Actual,Synthetic ERP,A4020,10087703.07
2023-01-01,CC-302,Sales,Wholesale,Europe,Actual,Actual,Synthetic ERP,A5000,5973060.12
2023-01-01,CC-302,Sales,Wholesale,Europe,Actual,Actual,Synthetic ERP,A5010,122759.82
2023-01-01,CC-302,Sales,Wholesale,Europe,Actual,Actual,Synthetic ERP,A5020,179834.08
2023-01-01,CC-302,Sales,Wholesale,Europe,Actual,Actual,Synthetic ERP,A6000,677731.53
2023-01-01,CC-302,Sales,Wholesale,Europe,Actual,Actual,Synthetic ERP,A6010,125380.33
2023-01-01,CC-302,Sales,Wholesale,Europe,Actual,Actual,Synthetic ERP,A6100,201775.17
2023-01-01,CC-302,Sales,Wholesale,Europe,Actual,Actual,Synthetic ERP,A6200,102486.47
2023-01-01,CC-302,Sales,Wholesale,Europe,Actual,Actual,Synthetic ERP,A6300,72530.97
2023-01-01,CC-302,Sales,Wholesale,Europe,Actual,Actual,Synthetic ERP,A6400,36672.92
2023-01-01,CC-302,Sales,Wholesale,Europe,Actual,Actual,Synthetic ERP,A6500,18895.52
2023-01-01,CC-302,Sales,Wholesale,Europe,Actual,Actual,Synthetic ERP,A6600,13164.0
2023-01-01,CC-401,Customer Success,Subscription Services,Türkiye,Actual,Actual,Synthetic ERP,A4030,4217622.23
2023-01-01,CC-401,Customer Success,Subscription Services,Türkiye,Actual,Actual,Synthetic ERP,A5000,885217.67
2023-01-01,CC-401,Customer Success,Subscription Services,Türkiye,Actual,Actual,Synthetic ERP,A5010,105359.9
2023-01-01,CC-401,Customer Success,Subscription Services,Türkiye,Actual,Actual,Synthetic ERP,A5020,77491.42
2023-01-01,CC-401,Customer Success,Subscription Services,Türkiye,Actual,Actual,Synthetic ERP,A6000,1067388.46
2023-01-01,CC-401,Customer Success,Subscription Services,Türkiye,Actual,Actual,Synthetic ERP,A6010,197466.87
2023-01-01,CC-401,Customer Success,Subscription Services,Türkiye,Actual,Actual,Synthetic ERP,A6100,270510.86
2023-01-01,CC-401,Customer Success,Subscription Services,Türkiye,Actual,Actual,Synthetic ERP,A6200,41601.44
2023-01-01,CC-401,Customer Success,Subscription Services,Türkiye,Actual,Actual,Synthetic ERP,A6300,527050.42
2023-01-01,CC-401,Customer Success,Subscription Services,Türkiye,Actual,Actual,Synthetic ERP,A6400,58574.03
2023-01-01,CC-401,Customer Success,Subscription Services,Türkiye,Actual,Actual,Synthetic ERP,A6500,29903.64
2023-01-01,CC-401,Customer Success,Subscription Services,Türkiye,Actual,Actual,Synthetic ERP,A6600,20554.12
2023-01-01,CC-501,Marketing,Shared Services,Global,Actual,Actual,Synthetic ERP,A6000,1198780.15
2023-01-01,CC-501,Marketing,Shared Services,Global,Actual,Actual,Synthetic ERP,A6010,221774.33
2023-01-01,CC-501,Marketing,Shared Services,Global,Actual,Actual,Synthetic ERP,A6100,2883047.39
2023-01-01,CC-501,Marketing,Shared Services,Global,Actual,Actual,Synthetic ERP,A6300,184220.34
2023-01-01,CC-501,Marketing,Shared Services,Global,Actual,Actual,Synthetic ERP,A6400,65284.65
2023-01-01,CC-501,Marketing,Shared Services,Global,Actual,Actual,Synthetic ERP,A6500,240839.71
2023-01-01,CC-501,Marketing,Shared Services,Global,Actual,Actual,Synthetic ERP,A6600,124211.64
2023-01-01,CC-601,Operations,Shared Services,Türkiye,Actual,Actual,Synthetic ERP,A6000,1795456.16
2023-01-01,CC-601,Operations,Shared Services,Türkiye,Actual,Actual,Synthetic ERP,A6010,332159.39
2023-01-01,CC-601,Operations,Shared Services,Türkiye,Actual,Actual,Synthetic ERP,A6200,3052735.55
2023-01-01,CC-601,Operations,Shared Services,Türkiye,Actual,Actual,Synthetic ERP,A6300,311096.23
2023-01-01,CC-601,Operations,Shared Services,Türkiye,Actual,Actual,Synthetic ERP,A6400,851237.13
2023-01-01,CC-601,Operations,Shared Services,Türkiye,Actual,Actual,Synthetic ERP,A6500,180011.8
2023-01-01,CC-601,Operations,Shared Services,Türkiye,Actual,Actual,Synthetic ERP,A6600,89232.12
2023-01-01,CC-701,Technology,Shared Services,Global,Actual,Actual,Synthetic ERP,A6000,2143578.1
2023-01-01,CC-701,Technology,Shared Services,Global,Actual,Actual,Synthetic ERP,A6010,396561.95
2023-01-01,CC-701,Technology,Shared Services,Global,Actual,Actual,Synthetic ERP,A6300,2755584.84
2023-01-01,CC-701,Technology,Shared Services,Global,Actual,Actual,Synthetic ERP,A6400,190261.76
2023-01-01,CC-701,Technology,Shared Services,Global,Actual,Actual,Synthetic ERP,A6500,768569.89
2023-01-01,CC-701,Technology,Shared Services,Global,Actual,Actual,Synthetic ERP,A6600,151321.53
2023-01-01,CC-801,Finance & Corporate,Shared Services,Global,Actual,Actual,Synthetic ERP,A6000,1584313.09
2023-01-01,CC-801,Finance & Corporate,Shared Services,Global,Actual,Actual,Synthetic ERP,A6010,293097.92
2023-01-01,CC-801,Finance & Corporate,Shared Services,Global,Actual,Actual,Synthetic ERP,A6300,473658.81
2023-01-01,CC-801,Finance & Corporate,Shared Services,Global,Actual,Actual,Synthetic ERP,A6400,964883.1
2023-01-01,CC-801,Finance & Corporate,Shared Services,Global,Actual,Actual,Synthetic ERP,A6500,1053627.89
2023-01-01,CC-801,Finance & Corporate,Shared Services,Global,Actual,Actual,Synthetic ERP,A6600,228104.84
2023-01-01,CC-801,Finance & Corporate,Shared Services,Global,Actual,Actual,Synthetic ERP,A6800,420000.0
2023-01-01,CC-801,Finance & Corporate,Shared Services,Global,Actual,Actual,Synthetic ERP,A6900,378605.52
2023-02-01,CC-101,Sales,Digital Commerce,Türkiye,Actual,Actual,Synthetic ERP,A4000,17480397.69
2023-02-01,CC-101,Sales,Digital Commerce,Türkiye,Actual,Actual,Synthetic ERP,A5000,6563657.48
2023-02-01,CC-101,Sales,Digital Commerce,Türkiye,Actual,Actual,Synthetic ERP,A5010,495433.6
2023-02-01,CC-101,Sales,Digital Commerce,Türkiye,Actual,Actual,Synthetic ERP,A5020,532185.77
2023-02-01,CC-101,Sales,Digital Commerce,Türkiye,Actual,Actual,Synthetic ERP,A6000,1396530.16
2023-02-01,CC-101,Sales,Digital Commerce,Türkiye,Actual,Actual,Synthetic ERP,A6010,258358.08
2023-02-01,CC-101,Sales,Digital Commerce,Türkiye,Actual,Actual,Synthetic ERP,A6100,875448.55
2023-02-01,CC-101,Sales,Digital Commerce,Türkiye,Actual,Actual,Synthetic ERP,A6200,315208.58
2023-02-01,CC-101,Sales,Digital Commerce,Türkiye,Actual,Actual,Synthetic ERP,A6300,161670.43
2023-02-01,CC-101,Sales,Digital Commerce,Türkiye,Actual,Actual,Synthetic ERP,A6400,82692.13
2023-02-01,CC-101,Sales,Digital Commerce,Türkiye,Actual,Actual,Synthetic ERP,A6500,44705.53
2023-02-01,CC-101,Sales,Digital Commerce,Türkiye,Actual,Actual,Synthetic ERP,A6600,27069.27
2023-02-01,CC-102,Sales,Digital Commerce,Europe,Actual,Actual,Synthetic ERP,A4000,11626896.09
2023-02-01,CC-102,Sales,Digital Commerce,Europe,Actual,Actual,Synthetic ERP,A5000,4648762.33
2023-02-01,CC-102,Sales,Digital Commerce,Europe,Actual,Actual,Synthetic ERP,A5010,371018.62
2023-02-01,CC-102,Sales,Digital Commerce,Europe,Actual,Actual,Synthetic ERP,A5020,364313.34
2023-02-01,CC-102,Sales,Digital Commerce,Europe,Actual,Actual,Synthetic ERP,A6000,936060.62
2023-02-01,CC-102,Sales,Digital Commerce,Europe,Actual,Actual,Synthetic ERP,A6010,173171.22
2023-02-01,CC-102,Sales,Digital Commerce,Europe,Actual,Actual,Synthetic ERP,A6100,572959.83
2023-02-01,CC-102,Sales,Digital Commerce,Europe,Actual,Actual,Synthetic ERP,A6200,202642.79
2023-02-01,CC-102,Sales,Digital Commerce,Europe,Actual,Actual,Synthetic ERP,A6300,100522.84
2023-02-01,CC-102,Sales,Digital Commerce,Europe,Actual,Actual,Synthetic ERP,A6400,50784.56
2023-02-01,CC-102,Sales,Digital Commerce,Europe,Actual,Actual,Synthetic ERP,A6500,26032.17
2023-02-01,CC-102,Sales,Digital Commerce,Europe,Actual,Actual,Synthetic ERP,A6600,17732.78
2023-02-01,CC-103,Sales,Digital Commerce,MENA,Actual,Actual,Synthetic ERP,A4000,6300948.34
2023-02-01,CC-103,Sales,Digital Commerce,MENA,Actual,Actual,Synthetic ERP,A5000,2621707.81
2023-02-01,CC-103,Sales,Digital Commerce,MENA,Actual,Actual,Synthetic ERP,A5010,330956.81
2023-02-01,CC-103,Sales,Digital Commerce,MENA,Actual,Actual,Synthetic ERP,A5020,218654.83
2023-02-01,CC-103,Sales,Digital Commerce,MENA,Actual,Actual,Synthetic ERP,A6000,574818.33
2023-02-01,CC-103,Sales,Digital Commerce,MENA,Actual,Actual,Synthetic ERP,A6010,106341.39
2023-02-01,CC-103,Sales,Digital Commerce,MENA,Actual,Actual,Synthetic ERP,A6100,306214.91
2023-02-01,CC-103,Sales,Digital Commerce,MENA,Actual,Actual,Synthetic ERP,A6200,111851.45
2023-02-01,CC-103,Sales,Digital Commerce,MENA,Actual,Actual,Synthetic ERP,A6300,64649.54
2023-02-01,CC-103,Sales,Digital Commerce,MENA,Actual,Actual,Synthetic ERP,A6400,31478.11
2023-02-01,CC-103,Sales,Digital Commerce,MENA,Actual,Actual,Synthetic ERP,A6500,16422.21
2023-02-01,CC-103,Sales,Digital Commerce,MENA,Actual,Actual,Synthetic ERP,A6600,11489.06
2023-02-01,CC-201,Sales,Retail Stores,Türkiye,Actual,Actual,Synthetic ERP,A4010,14226912.11
2023-02-01,CC-201,Sales,Retail Stores,Türkiye,Actual,Actual,Synthetic ERP,A5000,6605141.92
2023-02-01,CC-201,Sales,Retail Stores,Türkiye,Actual,Actual,Synthetic ERP,A5010,287126.82
2023-02-01,CC-201,Sales,Retail Stores,Türkiye,Actual,Actual,Synthetic ERP,A5020,350891.01
2023-02-01,CC-201,Sales,Retail Stores,Türkiye,Actual,Actual,Synthetic ERP,A6000,1669292.13
2023-02-01,CC-201,Sales,Retail Stores,Türkiye,Actual,Actual,Synthetic ERP,A6010,308819.04
2023-02-01,CC-201,Sales,Retail Stores,Türkiye,Actual,Actual,Synthetic ERP,A6100,284890.36
2023-02-01,CC-201,Sales,Retail Stores,Türkiye,Actual,Actual,Synthetic ERP,A6200,257381.22
2023-02-01,CC-201,Sales,Retail Stores,Türkiye,Actual,Actual,Synthetic ERP,A6300,218939.63
2023-02-01,CC-201,Sales,Retail Stores,Türkiye,Actual,Actual,Synthetic ERP,A6400,280192.16
2023-02-01,CC-201,Sales,Retail Stores,Türkiye,Actual,Actual,Synthetic ERP,A6500,58778.68
2023-02-01,CC-201,Sales,Retail Stores,Türkiye,Actual,Actual,Synthetic ERP,A6600,32379.53
2023-02-01,CC-202,Sales,Retail Stores,Türkiye,Actual,Actual,Synthetic ERP,A4010,9544866.73
2023-02-01,CC-202,Sales,Retail Stores,Türkiye,Actual,Actual,Synthetic ERP,A5000,4429571.4
2023-02-01,CC-202,Sales,Retail Stores,Türkiye,Actual,Actual,Synthetic ERP,A5010,172510.31
2023-02-01,CC-202,Sales,Retail Stores,Türkiye,Actual,Actual,Synthetic ERP,A5020,254490.77
2023-02-01,CC-202,Sales,Retail Stores,Türkiye,Actual,Actual,Synthetic ERP,A6000,1336093.16
2023-02-01,CC-202,Sales,Retail Stores,Türkiye,Actual,Actual,Synthetic ERP,A6010,247177.23
2023-02-01,CC-202,Sales,Retail Stores,Türkiye,Actual,Actual,Synthetic ERP,A6100,188270.01
2023-02-01,CC-202,Sales,Retail Stores,Türkiye,Actual,Actual,Synthetic ERP,A6200,165023.37
2023-02-01,CC-202,Sales,Retail Stores,Türkiye,Actual,Actual,Synthetic ERP,A6300,164966.18
2023-02-01,CC-202,Sales,Retail Stores,Türkiye,Actual,Actual,Synthetic ERP,A6400,223762.5
2023-02-01,CC-202,Sales,Retail Stores,Türkiye,Actual,Actual,Synthetic ERP,A6500,42976.84
2023-02-01,CC-202,Sales,Retail Stores,Türkiye,Actual,Actual,Synthetic ERP,A6600,29304.82
2023-02-01,CC-301,Sales,Wholesale,Türkiye,Actual,Actual,Synthetic ERP,A4020,13850328.01
2023-02-01,CC-301,Sales,Wholesale,Türkiye,Actual,Actual,Synthetic ERP,A5000,7852288.18
2023-02-01,CC-301,Sales,Wholesale,Türkiye,Actual,Actual,Synthetic ERP,A5010,138246.66
2023-02-01,CC-301,Sales,Wholesale,Türkiye,Actual,Actual,Synthetic ERP,A5020,213046.22
2023-02-01,CC-301,Sales,Wholesale,Türkiye,Actual,Actual,Synthetic ERP,A6000,740522.24
2023-02-01,CC-301,Sales,Wholesale,Türkiye,Actual,Actual,Synthetic ERP,A6010,136996.62
2023-02-01,CC-301,Sales,Wholesale,Türkiye,Actual,Actual,Synthetic ERP,A6100,264814.93
2023-02-01,CC-301,Sales,Wholesale,Türkiye,Actual,Actual,Synthetic ERP,A6200,135101.05
2023-02-01,CC-301,Sales,Wholesale,Türkiye,Actual,Actual,Synthetic ERP,A6300,91983.88
2023-02-01,CC-301,Sales,Wholesale,Türkiye,Actual,Actual,Synthetic ERP,A6400,45003.8
2023-02-01,CC-301,Sales,Wholesale,Türkiye,Actual,Actual,Synthetic ERP,A6500,25205.39
2023-02-01,CC-301,Sales,Wholesale,Türkiye,Actual,Actual,Synthetic ERP,A6600,15087.5
2023-02-01,CC-302,Sales,Wholesale,Europe,Actual,Actual,Synthetic ERP,A4020,9962861.22
2023-02-01,CC-302,Sales,Wholesale,Europe,Actual,Actual,Synthetic ERP,A5000,5816909.57
2023-02-01,CC-302,Sales,Wholesale,Europe,Actual,Actual,Synthetic ERP,A5010,120313.26
2023-02-01,CC-302,Sales,Wholesale,Europe,Actual,Actual,Synthetic ERP,A5020,177922.72
2023-02-01,CC-302,Sales,Wholesale,Europe,Actual,Actual,Synthetic ERP,A6000,666492.23
2023-02-01,CC-302,Sales,Wholesale,Europe,Actual,Actual,Synthetic ERP,A6010,123301.06
2023-02-01,CC-302,Sales,Wholesale,Europe,Actual,Actual,Synthetic ERP,A6100,202880.88
2023-02-01,CC-302,Sales,Wholesale,Europe,Actual,Actual,Synthetic ERP,A6200,96809.28
2023-02-01,CC-302,Sales,Wholesale,Europe,Actual,Actual,Synthetic ERP,A6300,71885.13
2023-02-01,CC-302,Sales,Wholesale,Europe,Actual,Actual,Synthetic ERP,A6400,36959.3
2023-02-01,CC-302,Sales,Wholesale,Europe,Actual,Actual,Synthetic ERP,A6500,19459.12
2023-02-01,CC-302,Sales,Wholesale,Europe,Actual,Actual,Synthetic ERP,A6600,12230.91
2023-02-01,CC-401,Customer Success,Subscription Services,Türkiye,Actual,Actual,Synthetic ERP,A4030,4271921.19
2023-02-01,CC-401,Customer Success,Subscription Services,Türkiye,Actual,Actual,Synthetic ERP,A5000,899796.06
2023-02-01,CC-401,Customer Success,Subscription Services,Türkiye,Actual,Actual,Synthetic ERP,A5010,105918.38
2023-02-01,CC-401,Customer Success,Subscription Services,Türkiye,Actual,Actual,Synthetic ERP,A5020,78849.99
2023-02-01,CC-401,Customer Success,Subscription Services,Türkiye,Actual,Actual,Synthetic ERP,A6000,1035815.04
2023-02-01,CC-401,Customer Success,Subscription Services,Türkiye,Actual,Actual,Synthetic ERP,A6010,191625.78
2023-02-01,CC-401,Customer Success,Subscription Services,Türkiye,Actual,Actual,Synthetic ERP,A6100,268357.36
2023-02-01,CC-401,Customer Success,Subscription Services,Türkiye,Actual,Actual,Synthetic ERP,A6200,41914.18
2023-02-01,CC-401,Customer Success,Subscription Services,Türkiye,Actual,Actual,Synthetic ERP,A6300,533752.3
2023-02-01,CC-401,Customer Success,Subscription Services,Türkiye,Actual,Actual,Synthetic ERP,A6400,59758.42
2023-02-01,CC-401,Customer Success,Subscription Services,Türkiye,Actual,Actual,Synthetic ERP,A6500,29051.74
2023-02-01,CC-401,Customer Success,Subscription Services,Türkiye,Actual,Actual,Synthetic ERP,A6600,20071.64
2023-02-01,CC-501,Marketing,Shared Services,Global,Actual,Actual,Synthetic ERP,A6000,1196954.19
2023-02-01,CC-501,Marketing,Shared Services,Global,Actual,Actual,Synthetic ERP,A6010,221436.52
2023-02-01,CC-501,Marketing,Shared Services,Global,Actual,Actual,Synthetic ERP,A6100,2885609.04
2023-02-01,CC-501,Marketing,Shared Services,Global,Actual,Actual,Synthetic ERP,A6300,182889.19
2023-02-01,CC-501,Marketing,Shared Services,Global,Actual,Actual,Synthetic ERP,A6400,66511.41
2023-02-01,CC-501,Marketing,Shared Services,Global,Actual,Actual,Synthetic ERP,A6500,245383.75
2023-02-01,CC-501,Marketing,Shared Services,Global,Actual,Actual,Synthetic ERP,A6600,113716.44
2023-02-01,CC-601,Operations,Shared Services,Türkiye,Actual,Actual,Synthetic ERP,A6000,1794304.03
2023-02-01,CC-601,Operations,Shared Services,Türkiye,Actual,Actual,Synthetic ERP,A6010,331946.25
2023-02-01,CC-601,Operations,Shared Services,Türkiye,Actual,Actual,Synthetic ERP,A6200,3177860.02
2023-02-01,CC-601,Operations,Shared Services,Türkiye,Actual,Actual,Synthetic ERP,A6300,316835.78
2023-02-01,CC-601,Operations,Shared Services,Türkiye,Actual,Actual,Synthetic ERP,A6400,865284.92
2023-02-01,CC-601,Operations,Shared Services,Türkiye,Actual,Actual,Synthetic ERP,A6500,190472.01
2023-02-01,CC-601,Operations,Shared Services,Türkiye,Actual,Actual,Synthetic ERP,A6600,87934.7
2023-02-01,CC-701,Technology,Shared Services,Global,Actual,Actual,Synthetic ERP,A6000,2242118.05
2023-02-01,CC-701,Technology,Shared Services,Global,Actual,Actual,Synthetic ERP,A6010,414791.84
2023-02-01,CC-701,Technology,Shared Services,Global,Actual,Actual,Synthetic ERP,A6300,2793092.68
2023-02-01,CC-701,Technology,Shared Services,Global,Actual,Actual,Synthetic ERP,A6400,193247.91
2023-02-01,CC-701,Technology,Shared Services,Global,Actual,Actual,Synthetic ERP,A6500,679192.08
2023-02-01,CC-701,Technology,Shared Services,Global,Actual,Actual,Synthetic ERP,A6600,145863.68
2023-02-01,CC-801,Finance & Corporate,Shared Services,Global,Actual,Actual,Synthetic ERP,A6000,1586626.5
2023-02-01,CC-801,Finance & Corporate,Shared Services,Global,Actual,Actual,Synthetic ERP,A6010,293525.9
2023-02-01,CC-801,Finance & Corporate,Shared Services,Global,Actual,Actual,Synthetic ERP,A6300,466080.72
2023-02-01,CC-801,Finance & Corporate,Shared Services,Global,Actual,Actual,Synthetic ERP,A6400,989788.28
2023-02-01,CC-801,Finance & Corporate,Shared Services,Global,Actual,Actual,Synthetic ERP,A6500,1018062.19
2023-02-01,CC-801,Finance & Corporate,Shared Services,Global,Actual,Actual,Synthetic ERP,A6600,227027.99
2023-02-01,CC-801,Finance & Corporate,Shared Services,Global,Actual,Actual,Synthetic ERP,A6800,420000.0
2023-02-01,CC-801,Finance & Corporate,Shared Services,Global,Actual,Actual,Synthetic ERP,A6900,907670.07
2023-03-01,CC-101,Sales,Digital Commerce,Türkiye,Actual,Actual,Synthetic ERP,A4000,20204497.72
2023-03-01,CC-101,Sales,Digital Commerce,Türkiye,Actual,Actual,Synthetic ERP,A5000,7577363.3
2023-03-01,CC-101,Sales,Digital Commerce,Türkiye,Actual,Actual,Synthetic ERP,A5010,573904.15
2023-03-01,CC-101,Sales,Digital Commerce,Türkiye,Actual,Actual,Synthetic ERP,A5020,607111.69
2023-03-01,CC-101,Sales,Digital Commerce,Türkiye,Actual,Actual,Synthetic ERP,A6000,1384128.49
2023-03-01,CC-101,Sales,Digital Commerce,Türkiye,Actual,Actual,Synthetic ERP,A6010,256063.77
2023-03-01,CC-101,Sales,Digital Commerce,Türkiye,Actual,Actual,Synthetic ERP,A6100,992295.37
2023-03-01,CC-101,Sales,Digital Commerce,Türkiye,Actual,Actual,Synthetic ERP,A6200,362434.67
2023-03-01,CC-101,Sales,Digital Commerce,Türkiye,Actual,Actual,Synthetic ERP,A6300,165290.72
2023-03-01,CC-101,Sales,Digital Commerce,Türkiye,Actual,Actual,Synthetic ERP,A6400,82689.99
2023-03-01,CC-101,Sales,Digital Commerce,Türkiye,Actual,Actual,Synthetic ERP,A6500,44968.45
2023-03-01,CC-101,Sales,Digital Commerce,Türkiye,Actual,Actual,Synthetic ERP,A6600,25775.3
2023-03-01,CC-102,Sales,Digital Commerce,Europe,Actual,Actual,Synthetic ERP,A4000,11586814.78
2023-03-01,CC-102,Sales,Digital Commerce,Europe,Actual,Actual,Synthetic ERP,A5000,4631443.79
2023-03-01,CC-102,Sales,Digital Commerce,Europe,Actual,Actual,Synthetic ERP,A5010,369906.97
2023-03-01,CC-102,Sales,Digital Commerce,Europe,Actual,Actual,Synthetic ERP,A5020,368179.3
2023-03-01,CC-102,Sales,Digital Commerce,Europe,Actual,Actual,Synthetic ERP,A6000,957122.23
2023-03-01,CC-102,Sales,Digital Commerce,Europe,Actual,Actual,Synthetic ERP,A6010,177067.61
2023-03-01,CC-102,Sales,Digital Commerce,Europe,Actual,Actual,Synthetic ERP,A6100,572259.93
2023-03-01,CC-102,Sales,Digital Commerce,Europe,Actual,Actual,Synthetic ERP,A6200,207757.11
2023-03-01,CC-102,Sales,Digital Commerce,Europe,Actual,Actual,Synthetic ERP,A6300,100838.2
2023-03-01,CC-102,Sales,Digital Commerce,Europe,Actual,Actual,Synthetic ERP,A6400,50220.41
2023-03-01,CC-102,Sales,Digital Commerce,Europe,Actual,Actual,Synthetic ERP,A6500,28381.42
2023-03-01,CC-102,Sales,Digital Commerce,Europe,Actual,Actual,Synthetic ERP,A6600,15777.03
2023-03-01,CC-103,Sales,Digital Commerce,MENA,Actual,Actual,Synthetic ERP,A4000,6777462.16
2023-03-01,CC-103,Sales,Digital Commerce,MENA,Actual,Actual,Synthetic ERP,A5000,2804516.18
2023-03-01,CC-103,Sales,Digital Commerce,MENA,Actual,Actual,Synthetic ERP,A5010,352442.8
2023-03-01,CC-103,Sales,Digital Commerce,MENA,Actual,Actual,Synthetic ERP,A5020,237315.97
2023-03-01,CC-103,Sales,Digital Commerce,MENA,Actual,Actual,Synthetic ERP,A6000,568085.13
2023-03-01,CC-103,Sales,Digital Commerce,MENA,Actual,Actual,Synthetic ERP,A6010,105095.75
2023-03-01,CC-103,Sales,Digital Commerce,MENA,Actual,Actual,Synthetic ERP,A6100,337206.74
2023-03-01,CC-103,Sales,Digital Commerce,MENA,Actual,Actual,Synthetic ERP,A6200,125903.33
2023-03-01,CC-103,Sales,Digital Commerce,MENA,Actual,Actual,Synthetic ERP,A6300,61780.33
2023-03-01,CC-103,Sales,Digital Commerce,MENA,Actual,Actual,Synthetic ERP,A6400,31641.52
2023-03-01,CC-103,Sales,Digital Commerce,MENA,Actual,Actual,Synthetic ERP,A6500,16210.2
2023-03-01,CC-103,Sales,Digital Commerce,MENA,Actual,Actual,Synthetic ERP,A6600,11280.53
2023-03-01,CC-201,Sales,Retail Stores,Türkiye,Actual,Actual,Synthetic ERP,A4010,15822581.52
2023-03-01,CC-201,Sales,Retail Stores,Türkiye,Actual,Actual,Synthetic ERP,A5000,7250663.62
2023-03-01,CC-201,Sales,Retail Stores,Türkiye,Actual,Actual,Synthetic ERP,A5010,315712.2
2023-03-01,CC-201,Sales,Retail Stores,Türkiye,Actual,Actual,Synthetic ERP,A5020,396321.58
2023-03-01,CC-201,Sales,Retail Stores,Türkiye,Actual,Actual,Synthetic ERP,A6000,1696705.65
2023-03-01,CC-201,Sales,Retail Stores,Türkiye,Actual,Actual,Synthetic ERP,A6010,313890.54
2023-03-01,CC-201,Sales,Retail Stores,Türkiye,Actual,Actual,Synthetic ERP,A6100,308955.61
2023-03-01,CC-201,Sales,Retail Stores,Türkiye,Actual,Actual,Synthetic ERP,A6200,290085.51
2023-03-01,CC-201,Sales,Retail Stores,Türkiye,Actual,Actual,Synthetic ERP,A6300,224726.6
2023-03-01,CC-201,Sales,Retail Stores,Türkiye,Actual,Actual,Synthetic ERP,A6400,284729.79
2023-03-01,CC-201,Sales,Retail Stores,Türkiye,Actual,Actual,Synthetic ERP,A6500,60973.55
2023-03-01,CC-201,Sales,Retail Stores,Türkiye,Actual,Actual,Synthetic ERP,A6600,39422.43
2023-03-01,CC-202,Sales,Retail Stores,Türkiye,Actual,Actual,Synthetic ERP,A4010,10808441.79
2023-03-01,CC-202,Sales,Retail Stores,Türkiye,Actual,Actual,Synthetic ERP,A5000,5046088.9
2023-03-01,CC-202,Sales,Retail Stores,Türkiye,Actual,Actual,Synthetic ERP,A5010,193665.87
2023-03-01,CC-202,Sales,Retail Stores,Türkiye,Actual,Actual,Synthetic ERP,A5020,287862.32
2023-03-01,CC-202,Sales,Retail Stores,Türkiye,Actual,Actual,Synthetic ERP,A6000,1280973.58
2023-03-01,CC-202,Sales,Retail Stores,Türkiye,Actual,Actual,Synthetic ERP,A6010,236980.11
2023-03-01,CC-202,Sales,Retail Stores,Türkiye,Actual,Actual,Synthetic ERP,A6100,219148.9
2023-03-01,CC-202,Sales,Retail Stores,Türkiye,Actual,Actual,Synthetic ERP,A6200,196258.25
2023-03-01,CC-202,Sales,Retail Stores,Türkiye,Actual,Actual,Synthetic ERP,A6300,175840.25
2023-03-01,CC-202,Sales,Retail Stores,Türkiye,Actual,Actual,Synthetic ERP,A6400,223403.26
2023-03-01,CC-202,Sales,Retail Stores,Türkiye,Actual,Actual,Synthetic ERP,A6500,45298.01
2023-03-01,CC-202,Sales,Retail Stores,Türkiye,Actual,Actual,Synthetic ERP,A6600,27056.18
2023-03-01,CC-301,Sales,Wholesale,Türkiye,Actual,Actual,Synthetic ERP,A4020,14516025.03
2023-03-01,CC-301,Sales,Wholesale,Türkiye,Actual,Actual,Synthetic ERP,A5000,8331147.48
2023-03-01,CC-301,Sales,Wholesale,Türkiye,Actual,Actual,Synthetic ERP,A5010,143670.93
2023-03-01,CC-301,Sales,Wholesale,Türkiye,Actual,Actual,Synthetic ERP,A5020,218174.17
2023-03-01,CC-301,Sales,Wholesale,Türkiye,Actual,Actual,Synthetic ERP,A6000,754758.65
2023-03-01,CC-301,Sales,Wholesale,Türkiye,Actual,Actual,Synthetic ERP,A6010,139630.35
2023-03-01,CC-301,Sales,Wholesale,Türkiye,Actual,Actual,Synthetic ERP,A6100,290497.05
2023-03-01,CC-301,Sales,Wholesale,Türkiye,Actual,Actual,Synthetic ERP,A6200,143626.64
2023-03-01,CC-301,Sales,Wholesale,Türkiye,Actual,Actual,Synthetic ERP,A6300,90243.37
2023-03-01,CC-301,Sales,Wholesale,Türkiye,Actual,Actual,Synthetic ERP,A6400,45813.79
2023-03-01,CC-301,Sales,Wholesale,Türkiye,Actual,Actual,Synthetic ERP,A6500,21725.06
2023-03-01,CC-301,Sales,Wholesale,Türkiye,Actual,Actual,Synthetic ERP,A6600,14285.54
2023-03-01,CC-302,Sales,Wholesale,Europe,Actual,Actual,Synthetic ERP,A4020,11293132.9
2023-03-01,CC-302,Sales,Wholesale,Europe,Actual,Actual,Synthetic ERP,A5000,6625833.5
2023-03-01,CC-302,Sales,Wholesale,Europe,Actual,Actual,Synthetic ERP,A5010,136689.32
2023-03-01,CC-302,Sales,Wholesale,Europe,Actual,Actual,Synthetic ERP,A5020,203004.53
2023-03-01,CC-302,Sales,Wholesale,Europe,Actual,Actual,Synthetic ERP,A6000,667296.49
2023-03-01,CC-302,Sales,Wholesale,Europe,Actual,Actual,Synthetic ERP,A6010,123449.85
2023-03-01,CC-302,Sales,Wholesale,Europe,Actual,Actual,Synthetic ERP,A6100,229222.17
2023-03-01,CC-302,Sales,Wholesale,Europe,Actual,Actual,Synthetic ERP,A6200,117401.51
2023-03-01,CC-302,Sales,Wholesale,Europe,Actual,Actual,Synthetic ERP,A6300,73860.33
2023-03-01,CC-302,Sales,Wholesale,Europe,Actual,Actual,Synthetic ERP,A6400,36942.07
2023-03-01,CC-302,Sales,Wholesale,Europe,Actual,Actual,Synthetic ERP,A6500,18106.36
2023-03-01,CC-302,Sales,Wholesale,Europe,Actual,Actual,Synthetic ERP,A6600,11898.26
2023-03-01,CC-401,Customer Success,Subscription Services,Türkiye,Actual,Actual,Synthetic ERP,A4030,4523176.62
2023-03-01,CC-401,Customer Success,Subscription Services,Türkiye,Actual,Actual,Synthetic ERP,A5000,937694.0
2023-03-01,CC-401,Customer Success,Subscription Services,Türkiye,Actual,Actual,Synthetic ERP,A5010,113916.31
2023-03-01,CC-401,Customer Success,Subscription Services,Türkiye,Actual,Actual,Synthetic ERP,A5020,80329.27
2023-03-01,CC-401,Customer Success,Subscription Services,Türkiye,Actual,Actual,Synthetic ERP,A6000,1022803.4
2023-03-01,CC-401,Customer Success,Subscription Services,Türkiye,Actual,Actual,Synthetic ERP,A6010,189218.63
2023-03-01,CC-401,Customer Success,Subscription Services,Türkiye,Actual,Actual,Synthetic ERP,A6100,269957.36
2023-03-01,CC-401,Customer Success,Subscription Services,Türkiye,Actual,Actual,Synthetic ERP,A6200,45379.18
2023-03-01,CC-401,Customer Success,Subscription Services,Türkiye,Actual,Actual,Synthetic ERP,A6300,558394.22
2023-03-01,CC-401,Customer Success,Subscription Services,Türkiye,Actual,Actual,Synthetic ERP,A6400,59527.72
2023-03-01,CC-401,Customer Success,Subscription Services,Türkiye,Actual,Actual,Synthetic ERP,A6500,28560.64
2023-03-01,CC-401,Customer Success,Subscription Services,Türkiye,Actual,Actual,Synthetic ERP,A6600,20486.8
2023-03-01,CC-501,Marketing,Shared Services,Global,Actual,Actual,Synthetic ERP,A6000,1217292.41
2023-03-01,CC-501,Marketing,Shared Services,Global,Actual,Actual,Synthetic ERP,A6010,225199.1
2023-03-01,CC-501,Marketing,Shared Services,Global,Actual,Actual,Synthetic ERP,A6100,2922292.92
2023-03-01,CC-501,Marketing,Shared Services,Global,Actual,Actual,Synthetic ERP,A6300,186774.62
2023-03-01,CC-501,Marketing,Shared Services,Global,Actual,Actual,Synthetic ERP,A6400,66786.96
2023-03-01,CC-501,Marketing,Shared Services,Global,Actual,Actual,Synthetic ERP,A6500,268469.9
2023-03-01,CC-501,Marketing,Shared Services,Global,Actual,Actual,Synthetic ERP,A6600,118986.81
2023-03-01,CC-601,Operations,Shared Services,Türkiye,Actual,Actual,Synthetic ERP,A6000,1770371.41
2023-03-01,CC-601,Operations,Shared Services,Türkiye,Actual,Actual,Synthetic ERP,A6010,327518.71
2023-03-01,CC-601,Operations,Shared Services,Türkiye,Actual,Actual,Synthetic ERP,A6200,3203556.09
2023-03-01,CC-601,Operations,Shared Services,Türkiye,Actual,Actual,Synthetic ERP,A6300,302193.18
2023-03-01,CC-601,Operations,Shared Services,Türkiye,Actual,Actual,Synthetic ERP,A6400,868588.11
2023-03-01,CC-601,Operations,Shared Services,Türkiye,Actual,Actual,Synthetic ERP,A6500,191674.04
2023-03-01,CC-601,Operations,Shared Services,Türkiye,Actual,Actual,Synthetic ERP,A6600,97901.0
2023-03-01,CC-701,Technology,Shared Services,Global,Actual,Actual,Synthetic ERP,A6000,2204635.23
2023-03-01,CC-701,Technology,Shared Services,Global,Actual,Actual,Synthetic ERP,A6010,407857.52
2023-03-01,CC-701,Technology,Shared Services,Global,Actual,Actual,Synthetic ERP,A6300,2841272.22
2023-03-01,CC-701,Technology,Shared Services,Global,Actual,Actual,Synthetic ERP,A6400,197190.07
2023-03-01,CC-701,Technology,Shared Services,Global,Actual,Actual,Synthetic ERP,A6500,676517.9
2023-03-01,CC-701,Technology,Shared Services,Global,Actual,Actual,Synthetic ERP,A6600,118759.53
2023-03-01,CC-801,Finance & Corporate,Shared Services,Global,Actual,Actual,Synthetic ERP,A6000,1558135.71
2023-03-01,CC-801,Finance & Corporate,Shared Services,Global,Actual,Actual,Synthetic ERP,A6010,288255.11
2023-03-01,CC-801,Finance & Corporate,Shared Services,Global,Actual,Actual,Synthetic ERP,A6300,485773.9
2023-03-01,CC-801,Finance & Corporate,Shared Services,Global,Actual,Actual,Synthetic ERP,A6400,1004459.08
2023-03-01,CC-801,Finance & Corporate,Shared Services,Global,Actual,Actual,Synthetic ERP,A6500,1139189.76
2023-03-01,CC-801,Finance & Corporate,Shared Services,Global,Actual,Actual,Synthetic ERP,A6600,220090.39
2023-03-01,CC-801,Finance & Corporate,Shared Services,Global,Actual,Actual,Synthetic ERP,A6800,420000.0
2023-03-01,CC-801,Finance & Corporate,Shared Services,Global,Actual,Actual,Synthetic ERP,A6900,1780406.2
2023-04-01,CC-101,Sales,Digital Commerce,Türkiye,Actual,Actual,Synthetic ERP,A4000,20327190.9
2023-04-01,CC-101,Sales,Digital Commerce,Türkiye,Actual,Actual,Synthetic ERP,A5000,7779244.42
2023-04-01,CC-101,Sales,Digital Commerce,Türkiye,Actual,Actual,Synthetic ERP,A5010,568697.29
2023-04-01,CC-101,Sales,Digital Commerce,Türkiye,Actual,Actual,Synthetic ERP,A5020,610124.72
2023-04-01,CC-101,Sales,Digital Commerce,Türkiye,Actual,Actual,Synthetic ERP,A6000,1486217.81
2023-04-01,CC-101,Sales,Digital Commerce,Türkiye,Actual,Actual,Synthetic ERP,A6010,274950.3
2023-04-01,CC-101,Sales,Digital Commerce,Türkiye,Actual,Actual,Synthetic ERP,A6100,1022179.5
2023-04-01,CC-101,Sales,Digital Commerce,Türkiye,Actual,Actual,Synthetic ERP,A6200,361378.4
2023-04-01,CC-101,Sales,Digital Commerce,Türkiye,Actual,Actual,Synthetic ERP,A6300,170619.0
2023-04-01,CC-101,Sales,Digital Commerce,Türkiye,Actual,Actual,Synthetic ERP,A6400,83188.5
2023-04-01,CC-101,Sales,Digital Commerce,Türkiye,Actual,Actual,Synthetic ERP,A6500,44893.67
2023-04-01,CC-101,Sales,Digital Commerce,Türkiye,Actual,Actual,Synthetic ERP,A6600,26669.68
2023-04-01,CC-102,Sales,Digital Commerce,Europe,Actual,Actual,Synthetic ERP,A4000,12505217.09
2023-04-01,CC-102,Sales,Digital Commerce,Europe,Actual,Actual,Synthetic ERP,A5000,5020632.44
2023-04-01,CC-102,Sales,Digital Commerce,Europe,Actual,Actual,Synthetic ERP,A5010,401749.23
2023-04-01,CC-102,Sales,Digital Commerce,Europe,Actual,Actual,Synthetic ERP,A5020,394450.41
2023-04-01,CC-102,Sales,Digital Commerce,Europe,Actual,Actual,Synthetic ERP,A6000,1003353.39
2023-04-01,CC-102,Sales,Digital Commerce,Europe,Actual,Actual,Synthetic ERP,A6010,185620.38
2023-04-01,CC-102,Sales,Digital Commerce,Europe,Actual,Actual,Synthetic ERP,A6100,628993.43
2023-04-01,CC-102,Sales,Digital Commerce,Europe,Actual,Actual,Synthetic ERP,A6200,228835.12
2023-04-01,CC-102,Sales,Digital Commerce,Europe,Actual,Actual,Synthetic ERP,A6300,101095.17
2023-04-01,CC-102,Sales,Digital Commerce,Europe,Actual,Actual,Synthetic ERP,A6400,50684.37
2023-04-01,CC-102,Sales,Digital Commerce,Europe,Actual,Actual,Synthetic ERP,A6500,27093.26
2023-04-01,CC-102,Sales,Digital Commerce,Europe,Actual,Actual,Synthetic ERP,A6600,14930.43
2023-04-01,CC-103,Sales,Digital Commerce,MENA,Actual,Actual,Synthetic ERP,A4000,7236453.51
2023-04-01,CC-103,Sales,Digital Commerce,MENA,Actual,Actual,Synthetic ERP,A5000,3028261.84
2023-04-01,CC-103,Sales,Digital Commerce,MENA,Actual,Actual,Synthetic ERP,A5010,373564.69
2023-04-01,CC-103,Sales,Digital Commerce,MENA,Actual,Actual,Synthetic ERP,A5020,255535.08
2023-04-01,CC-103,Sales,Digital Commerce,MENA,Actual,Actual,Synthetic ERP,A6000,603819.0
2023-04-01,CC-103,Sales,Digital Commerce,MENA,Actual,Actual,Synthetic ERP,A6010,111706.51
2023-04-01,CC-103,Sales,Digital Commerce,MENA,Actual,Actual,Synthetic ERP,A6100,355767.97
2023-04-01,CC-103,Sales,Digital Commerce,MENA,Actual,Actual,Synthetic ERP,A6200,125873.09
2023-04-01,CC-103,Sales,Digital Commerce,MENA,Actual,Actual,Synthetic ERP,A6300,64830.75
2023-04-01,CC-103,Sales,Digital Commerce,MENA,Actual,Actual,Synthetic ERP,A6400,32447.42
2023-04-01,CC-103,Sales,Digital Commerce,MENA,Actual,Actual,Synthetic ERP,A6500,18300.87
2023-04-01,CC-103,Sales,Digital Commerce,MENA,Actual,Actual,Synthetic ERP,A6600,11264.87
2023-04-01,CC-201,Sales,Retail Stores,Türkiye,Actual,Actual,Synthetic ERP,A4010,16587112.96
2023-04-01,CC-201,Sales,Retail Stores,Türkiye,Actual,Actual,Synthetic ERP,A5000,7756860.0
2023-04-01,CC-201,Sales,Retail Stores,Türkiye,Actual,Actual,Synthetic ERP,A5010,331897.86
2023-04-01,CC-201,Sales,Retail Stores,Türkiye,Actual,Actual,Synthetic ERP,A5020,417213.56
2023-04-01,CC-201,Sales,Retail Stores,Türkiye,Actual,Actual,Synthetic ERP,A6000,1793418.53
2023-04-01,CC-201,Sales,Retail Stores,Türkiye,Actual,Actual,Synthetic ERP,A6010,331782.43
2023-04-01,CC-201,Sales,Retail Stores,Türkiye,Actual,Actual,Synthetic ERP,A6100,324325.54
2023-04-01,CC-201,Sales,Retail Stores,Türkiye,Actual,Actual,Synthetic ERP,A6200,300100.7
2023-04-01,CC-201,Sales,Retail Stores,Türkiye,Actual,Actual,Synthetic ERP,A6300,231931.7
2023-04-01,CC-201,Sales,Retail Stores,Türkiye,Actual,Actual,Synthetic ERP,A6400,285696.78
2023-04-01,CC-201,Sales,Retail Stores,Türkiye,Actual,Actual,Synthetic ERP,A6500,57137.29
2023-04-01,CC-201,Sales,Retail Stores,Türkiye,Actual,Actual,Synthetic ERP,A6600,38681.39
2023-04-01,CC-202,Sales,Retail Stores,Türkiye,Actual,Actual,Synthetic ERP,A4010,11541784.77
2023-04-01,CC-202,Sales,Retail Stores,Türkiye,Actual,Actual,Synthetic ERP,A5000,5377415.59
2023-04-01,CC-202,Sales,Retail Stores,Türkiye,Actual,Actual,Synthetic ERP,A5010,205991.47
2023-04-01,CC-202,Sales,Retail Stores,Türkiye,Actual,Actual,Synthetic ERP,A5020,305648.88
2023-04-01,CC-202,Sales,Retail Stores,Türkiye,Actual,Actual,Synthetic ERP,A6000,1381547.2
2023-04-01,CC-202,Sales,Retail Stores,Türkiye,Actual,Actual,Synthetic ERP,A6010,255586.23
2023-04-01,CC-202,Sales,Retail Stores,Türkiye,Actual,Actual,Synthetic ERP,A6100,229679.65
2023-04-01,CC-202,Sales,Retail Stores,Türkiye,Actual,Actual,Synthetic ERP,A6200,201445.06
2023-04-01,CC-202,Sales,Retail Stores,Türkiye,Actual,Actual,Synthetic ERP,A6300,175845.31
2023-04-01,CC-202,Sales,Retail Stores,Türkiye,Actual,Actual,Synthetic ERP,A6400,226704.88
2023-04-01,CC-202,Sales,Retail Stores,Türkiye,Actual,Actual,Synthetic ERP,A6500,46335.74
2023-04-01,CC-202,Sales,Retail Stores,Türkiye,Actual,Actual,Synthetic ERP,A6600,30394.99
2023-04-01,CC-301,Sales,Wholesale,Türkiye,Actual,Actual,Synthetic ERP,A4020,15546008.21
2023-04-01,CC-301,Sales,Wholesale,Türkiye,Actual,Actual,Synthetic ERP,A5000,8848711.94
2023-04-01,CC-301,Sales,Wholesale,Türkiye,Actual,Actual,Synthetic ERP,A5010,156144.16
2023-04-01,CC-301,Sales,Wholesale,Türkiye,Actual,Actual,Synthetic ERP,A5020,237721.89
2023-04-01,CC-301,Sales,Wholesale,Türkiye,Actual,Actual,Synthetic ERP,A6000,788486.19
2023-04-01,CC-301,Sales,Wholesale,Türkiye,Actual,Actual,Synthetic ERP,A6010,145869.94
2023-04-01,CC-301,Sales,Wholesale,Türkiye,Actual,Actual,Synthetic ERP,A6100,319718.46
2023-04-01,CC-301,Sales,Wholesale,Türkiye,Actual,Actual,Synthetic ERP,A6200,155230.48
2023-04-01,CC-301,Sales,Wholesale,Türkiye,Actual,Actual,Synthetic ERP,A6300,92672.2
2023-04-01,CC-301,Sales,Wholesale,Türkiye,Actual,Actual,Synthetic ERP,A6400,46277.22
2023-04-01,CC-301,Sales,Wholesale,Türkiye,Actual,Actual,Synthetic ERP,A6500,24932.58
2023-04-01,CC-301,Sales,Wholesale,Türkiye,Actual,Actual,Synthetic ERP,A6600,15758.23
2023-04-01,CC-302,Sales,Wholesale,Europe,Actual,Actual,Synthetic ERP,A4020,11637754.16
2023-04-01,CC-302,Sales,Wholesale,Europe,Actual,Actual,Synthetic ERP,A5000,6895484.23
2023-04-01,CC-302,Sales,Wholesale,Europe,Actual,Actual,Synthetic ERP,A5010,140674.0
2023-04-01,CC-302,Sales,Wholesale,Europe,Actual,Actual,Synthetic ERP,A5020,211034.12
2023-04-01,CC-302,Sales,Wholesale,Europe,Actual,Actual,Synthetic ERP,A6000,616527.42
2023-04-01,CC-302,Sales,Wholesale,Europe,Actual,Actual,Synthetic ERP,A6010,114057.57
2023-04-01,CC-302,Sales,Wholesale,Europe,Actual,Actual,Synthetic ERP,A6100,242001.9
2023-04-01,CC-302,Sales,Wholesale,Europe,Actual,Actual,Synthetic ERP,A6200,113538.46
2023-04-01,CC-302,Sales,Wholesale,Europe,Actual,Actual,Synthetic ERP,A6300,73701.41
2023-04-01,CC-302,Sales,Wholesale,Europe,Actual,Actual,Synthetic ERP,A6400,37126.14
2023-04-01,CC-302,Sales,Wholesale,Europe,Actual,Actual,Synthetic ERP,A6500,18961.37
2023-04-01,CC-302,Sales,Wholesale,Europe,Actual,Actual,Synthetic ERP,A6600,11945.19
2023-04-01,CC-401,Customer Success,Subscription Services,Türkiye,Actual,Actual,Synthetic ERP,A4030,4614981.93
2023-04-01,CC-401,Customer Success,Subscription Services,Türkiye,Actual,Actual,Synthetic ERP,A5000,967779.45
2023-04-01,CC-401,Customer Success,Subscription Services,Türkiye,Actual,Actual,Synthetic ERP,A5010,117161.48
2023-04-01,CC-401,Customer Success,Subscription Services,Türkiye,Actual,Actual,Synthetic ERP,A5020,82726.55
2023-04-01,CC-401,Customer Success,Subscription Services,Türkiye,Actual,Actual,Synthetic ERP,A6000,1104609.75
2023-04-01,CC-401,Customer Success,Subscription Services,Türkiye,Actual,Actual,Synthetic ERP,A6010,204352.8
2023-04-01,CC-401,Customer Success,Subscription Services,Türkiye,Actual,Actual,Synthetic ERP,A6100,273420.38
2023-04-01,CC-401,Customer Success,Subscription Services,Türkiye,Actual,Actual,Synthetic ERP,A6200,46202.91
2023-04-01,CC-401,Customer Success,Subscription Services,Türkiye,Actual,Actual,Synthetic ERP,A6300,543622.78
2023-04-01,CC-401,Customer Success,Subscription Services,Türkiye,Actual,Actual,Synthetic ERP,A6400,60128.95
2023-04-01,CC-401,Customer Success,Subscription Services,Türkiye,Actual,Actual,Synthetic ERP,A6500,34141.55
2023-04-01,CC-401,Customer Success,Subscription Services,Türkiye,Actual,Actual,Synthetic ERP,A6600,20863.9
2023-04-01,CC-501,Marketing,Shared Services,Global,Actual,Actual,Synthetic ERP,A6000,1287667.42
2023-04-01,CC-501,Marketing,Shared Services,Global,Actual,Actual,Synthetic ERP,A6010,238218.47
2023-04-01,CC-501,Marketing,Shared Services,Global,Actual,Actual,Synthetic ERP,A6100,2925966.58
2023-04-01,CC-501,Marketing,Shared Services,Global,Actual,Actual,Synthetic ERP,A6300,186044.61
2023-04-01,CC-501,Marketing,Shared Services,Global,Actual,Actual,Synthetic ERP,A6400,66839.62
2023-04-01,CC-501,Marketing,Shared Services,Global,Actual,Actual,Synthetic ERP,A6500,263337.81
2023-04-01,CC-501,Marketing,Shared Services,Global,Actual,Actual,Synthetic ERP,A6600,112270.76
2023-04-01,CC-601,Operations,Shared Services,Türkiye,Actual,Actual,Synthetic ERP,A6000,1905566.18
2023-04-01,CC-601,Operations,Shared Services,Türkiye,Actual,Actual,Synthetic ERP,A6010,352529.74
2023-04-01,CC-601,Operations,Shared Services,Türkiye,Actual,Actual,Synthetic ERP,A6200,3354928.95
2023-04-01,CC-601,Operations,Shared Services,Türkiye,Actual,Actual,Synthetic ERP,A6300,312235.61
2023-04-01,CC-601,Operations,Shared Services,Türkiye,Actual,Actual,Synthetic ERP,A6400,880201.38
2023-04-01,CC-601,Operations,Shared Services,Türkiye,Actual,Actual,Synthetic ERP,A6500,190151.94
2023-04-01,CC-601,Operations,Shared Services,Türkiye,Actual,Actual,Synthetic ERP,A6600,92793.22
2023-04-01,CC-701,Technology,Shared Services,Global,Actual,Actual,Synthetic ERP,A6000,2375687.8
2023-04-01,CC-701,Technology,Shared Services,Global,Actual,Actual,Synthetic ERP,A6010,439502.24
2023-04-01,CC-701,Technology,Shared Services,Global,Actual,Actual,Synthetic ERP,A6300,2848274.6
2023-04-01,CC-701,Technology,Shared Services,Global,Actual,Actual,Synthetic ERP,A6400,194162.9
2023-04-01,CC-701,Technology,Shared Services,Global,Actual,Actual,Synthetic ERP,A6500,812010.88
2023-04-01,CC-701,Technology,Shared Services,Global,Actual,Actual,Synthetic ERP,A6600,161346.44
2023-04-01,CC-801,Finance & Corporate,Shared Services,Global,Actual,Actual,Synthetic ERP,A6000,1670228.79
2023-04-01,CC-801,Finance & Corporate,Shared Services,Global,Actual,Actual,Synthetic ERP,A6010,308992.33
2023-04-01,CC-801,Finance & Corporate,Shared Services,Global,Actual,Actual,Synthetic ERP,A6300,477140.78
2023-04-01,CC-801,Finance & Corporate,Shared Services,Global,Actual,Actual,Synthetic ERP,A6400,991663.15
2023-04-01,CC-801,Finance & Corporate,Shared Services,Global,Actual,Actual,Synthetic ERP,A6500,1134367.89
2023-04-01,CC-801,Finance & Corporate,Shared Services,Global,Actual,Actual,Synthetic ERP,A6600,247018.78
2023-04-01,CC-801,Finance & Corporate,Shared Services,Global,Actual,Actual,Synthetic ERP,A6800,420000.0
2023-04-01,CC-801,Finance & Corporate,Shared Services,Global,Actual,Actual,Synthetic ERP,A6900,1803288.82
2023-05-01,CC-101,Sales,Digital Commerce,Türkiye,Actual,Actual,Synthetic ERP,A4000,22136351.58
2023-05-01,CC-101,Sales,Digital Commerce,Türkiye,Actual,Actual,Synthetic ERP,A5000,8373554.96
2023-05-01,CC-101,Sales,Digital Commerce,Türkiye,Actual,Actual,Synthetic ERP,A5010,612127.11
2023-05-01,CC-101,Sales,Digital Commerce,Türkiye,Actual,Actual,Synthetic ERP,A5020,675614.96
2023-05-01,CC-101,Sales,Digital Commerce,Türkiye,Actual,Actual,Synthetic ERP,A6000,1487965.41
2023-05-01,CC-101,Sales,Digital Commerce,Türkiye,Actual,Actual,Synthetic ERP,A6010,275273.6
2023-05-01,CC-101,Sales,Digital Commerce,Türkiye,Actual,Actual,Synthetic ERP,A6100,1100755.44
2023-05-01,CC-101,Sales,Digital Commerce,Türkiye,Actual,Actual,Synthetic ERP,A6200,388353.88
2023-05-01,CC-101,Sales,Digital Commerce,Türkiye,Actual,Actual,Synthetic ERP,A6300,171343.62
2023-05-01,CC-101,Sales,Digital Commerce,Türkiye,Actual,Actual,Synthetic ERP,A6400,83900.31
2023-05-01,CC-101,Sales,Digital Commerce,Türkiye,Actual,Actual,Synthetic ERP,A6500,47387.06
2023-05-01,CC-101,Sales,Digital Commerce,Türkiye,Actual,Actual,Synthetic ERP,A6600,28426.74
2023-05-01,CC-102,Sales,Digital Commerce,Europe,Actual,Actual,Synthetic ERP,A4000,13601158.01
2023-05-01,CC-102,Sales,Digital Commerce,Europe,Actual,Actual,Synthetic ERP,A5000,5414126.55
2023-05-01,CC-102,Sales,Digital Commerce,Europe,Actual,Actual,Synthetic ERP,A5010,430208.28
2023-05-01,CC-102,Sales,Digital Commerce,Europe,Actual,Actual,Synthetic ERP,A5020,428725.05
2023-05-01,CC-102,Sales,Digital Commerce,Europe,Actual,Actual,Synthetic ERP,A6000,1006235.6
2023-05-01,CC-102,Sales,Digital Commerce,Europe,Actual,Actual,Synthetic ERP,A6010,186153.59
2023-05-01,CC-102,Sales,Digital Commerce,Europe,Actual,Actual,Synthetic ERP,A6100,697360.99
2023-05-01,CC-102,Sales,Digital Commerce,Europe,Actual,Actual,Synthetic ERP,A6200,248933.9
2023-05-01,CC-102,Sales,Digital Commerce,Europe,Actual,Actual,Synthetic ERP,A6300,104426.44
2023-05-01,CC-102,Sales,Digital Commerce,Europe,Actual,Actual,Synthetic ERP,A6400,52729.19
2023-05-01,CC-102,Sales,Digital Commerce,Europe,Actual,Actual,Synthetic ERP,A6500,27569.72
2023-05-01,CC-102,Sales,Digital Commerce,Europe,Actual,Actual,Synthetic ERP,A6600,19703.96
2023-05-01,CC-103,Sales,Digital Commerce,MENA,Actual,Actual,Synthetic ERP,A4000,7508125.56
2023-05-01,CC-103,Sales,Digital Commerce,MENA,Actual,Actual,Synthetic ERP,A5000,3186127.78
2023-05-01,CC-103,Sales,Digital Commerce,MENA,Actual,Actual,Synthetic ERP,A5010,391897.65
2023-05-01,CC-103,Sales,Digital Commerce,MENA,Actual,Actual,Synthetic ERP,A5020,257225.59
2023-05-01,CC-103,Sales,Digital Commerce,MENA,Actual,Actual,Synthetic ERP,A6000,514721.89
2023-05-01,CC-103,Sales,Digital Commerce,MENA,Actual,Actual,Synthetic ERP,A6010,95223.55
2023-05-01,CC-103,Sales,Digital Commerce,MENA,Actual,Actual,Synthetic ERP,A6100,380150.45
2023-05-01,CC-103,Sales,Digital Commerce,MENA,Actual,Actual,Synthetic ERP,A6200,137696.42
2023-05-01,CC-103,Sales,Digital Commerce,MENA,Actual,Actual,Synthetic ERP,A6300,63300.8
2023-05-01,CC-103,Sales,Digital Commerce,MENA,Actual,Actual,Synthetic ERP,A6400,33242.54
2023-05-01,CC-103,Sales,Digital Commerce,MENA,Actual,Actual,Synthetic ERP,A6500,16652.86
2023-05-01,CC-103,Sales,Digital Commerce,MENA,Actual,Actual,Synthetic ERP,A6600,12673.64
2023-05-01,CC-201,Sales,Retail Stores,Türkiye,Actual,Actual,Synthetic ERP,A4010,17790193.16
2023-05-01,CC-201,Sales,Retail Stores,Türkiye,Actual,Actual,Synthetic ERP,A5000,8134433.38
2023-05-01,CC-201,Sales,Retail Stores,Türkiye,Actual,Actual,Synthetic ERP,A5010,357156.72
2023-05-01,CC-201,Sales,Retail Stores,Türkiye,Actual,Actual,Synthetic ERP,A5020,441736.46
2023-05-01,CC-201,Sales,Retail Stores,Türkiye,Actual,Actual,Synthetic ERP,A6000,1808500.48
2023-05-01,CC-201,Sales,Retail Stores,Türkiye,Actual,Actual,Synthetic ERP,A6010,334572.59
2023-05-01,CC-201,Sales,Retail Stores,Türkiye,Actual,Actual,Synthetic ERP,A6100,348345.05
2023-05-01,CC-201,Sales,Retail Stores,Türkiye,Actual,Actual,Synthetic ERP,A6200,316356.26
2023-05-01,CC-201,Sales,Retail Stores,Türkiye,Actual,Actual,Synthetic ERP,A6300,225499.03
2023-05-01,CC-201,Sales,Retail Stores,Türkiye,Actual,Actual,Synthetic ERP,A6400,290427.93
2023-05-01,CC-201,Sales,Retail Stores,Türkiye,Actual,Actual,Synthetic ERP,A6500,55060.94
2023-05-01,CC-201,Sales,Retail Stores,Türkiye,Actual,Actual,Synthetic ERP,A6600,38103.38
2023-05-01,CC-202,Sales,Retail Stores,Türkiye,Actual,Actual,Synthetic ERP,A4010,12056364.82
2023-05-01,CC-202,Sales,Retail Stores,Türkiye,Actual,Actual,Synthetic ERP,A5000,5700352.01
2023-05-01,CC-202,Sales,Retail Stores,Türkiye,Actual,Actual,Synthetic ERP,A5010,215887.55
2023-05-01,CC-202,Sales,Retail Stores,Türkiye,Actual,Actual,Synthetic ERP,A5020,330478.68
2023-05-01,CC-202,Sales,Retail Stores,Türkiye,Actual,Actual,Synthetic ERP,A6000,1359240.72
2023-05-01,CC-202,Sales,Retail Stores,Türkiye,Actual,Actual,Synthetic ERP,A6010,251459.53
2023-05-01,CC-202,Sales,Retail Stores,Türkiye,Actual,Actual,Synthetic ERP,A6100,237434.45
2023-05-01,CC-202,Sales,Retail Stores,Türkiye,Actual,Actual,Synthetic ERP,A6200,218746.62
2023-05-01,CC-202,Sales,Retail Stores,Türkiye,Actual,Actual,Synthetic ERP,A6300,182415.6
2023-05-01,CC-202,Sales,Retail Stores,Türkiye,Actual,Actual,Synthetic ERP,A6400,227405.57
2023-05-01,CC-202,Sales,Retail Stores,Türkiye,Actual,Actual,Synthetic ERP,A6500,46532.44
2023-05-01,CC-202,Sales,Retail Stores,Türkiye,Actual,Actual,Synthetic ERP,A6600,28203.6
2023-05-01,CC-301,Sales,Wholesale,Türkiye,Actual,Actual,Synthetic ERP,A4020,14301674.91
2023-05-01,CC-301,Sales,Wholesale,Türkiye,Actual,Actual,Synthetic ERP,A5000,8193831.74
2023-05-01,CC-301,Sales,Wholesale,Türkiye,Actual,Actual,Synthetic ERP,A5010,143055.86
2023-05-01,CC-301,Sales,Wholesale,Türkiye,Actual,Actual,Synthetic ERP,A5020,216159.91
2023-05-01,CC-301,Sales,Wholesale,Türkiye,Actual,Actual,Synthetic ERP,A6000,807292.93
2023-05-01,CC-301,Sales,Wholesale,Türkiye,Actual,Actual,Synthetic ERP,A6010,149349.19
2023-05-01,CC-301,Sales,Wholesale,Türkiye,Actual,Actual,Synthetic ERP,A6100,284744.14
2023-05-01,CC-301,Sales,Wholesale,Türkiye,Actual,Actual,Synthetic ERP,A6200,139432.95
2023-05-01,CC-301,Sales,Wholesale,Türkiye,Actual,Actual,Synthetic ERP,A6300,94558.73
2023-05-01,CC-301,Sales,Wholesale,Türkiye,Actual,Actual,Synthetic ERP,A6400,46072.87
2023-05-01,CC-301,Sales,Wholesale,Türkiye,Actual,Actual,Synthetic ERP,A6500,24632.67
2023-05-01,CC-301,Sales,Wholesale,Türkiye,Actual,Actual,Synthetic ERP,A6600,14159.22
2023-05-01,CC-302,Sales,Wholesale,Europe,Actual,Actual,Synthetic ERP,A4020,10882112.2
2023-05-01,CC-302,Sales,Wholesale,Europe,Actual,Actual,Synthetic ERP,A5000,6461986.93
2023-05-01,CC-302,Sales,Wholesale,Europe,Actual,Actual,Synthetic ERP,A5010,130751.61
2023-05-01,CC-302,Sales,Wholesale,Europe,Actual,Actual,Synthetic ERP,A5020,199960.52
2023-05-01,CC-302,Sales,Wholesale,Europe,Actual,Actual,Synthetic ERP,A6000,633298.42
2023-05-01,CC-302,Sales,Wholesale,Europe,Actual,Actual,Synthetic ERP,A6010,117160.21
2023-05-01,CC-302,Sales,Wholesale,Europe,Actual,Actual,Synthetic ERP,A6100,222871.71
2023-05-01,CC-302,Sales,Wholesale,Europe,Actual,Actual,Synthetic ERP,A6200,108084.02
2023-05-01,CC-302,Sales,Wholesale,Europe,Actual,Actual,Synthetic ERP,A6300,71568.31
2023-05-01,CC-302,Sales,Wholesale,Europe,Actual,Actual,Synthetic ERP,A6400,37783.16
2023-05-01,CC-302,Sales,Wholesale,Europe,Actual,Actual,Synthetic ERP,A6500,18994.34
2023-05-01,CC-302,Sales,Wholesale,Europe,Actual,Actual,Synthetic ERP,A6600,12370.78
2023-05-01,CC-401,Customer Success,Subscription Services,Türkiye,Actual,Actual,Synthetic ERP,A4030,4615057.1
2023-05-01,CC-401,Customer Success,Subscription Services,Türkiye,Actual,Actual,Synthetic ERP,A5000,968095.26
2023-05-01,CC-401,Customer Success,Subscription Services,Türkiye,Actual,Actual,Synthetic ERP,A5010,116113.9
2023-05-01,CC-401,Customer Success,Subscription Services,Türkiye,Actual,Actual,Synthetic ERP,A5020,82008.06
2023-05-01,CC-401,Customer Success,Subscription Services,Türkiye,Actual,Actual,Synthetic ERP,A6000,1090769.96
2023-05-01,CC-401,Customer Success,Subscription Services,Türkiye,Actual,Actual,Synthetic ERP,A6010,201792.44
2023-05-01,CC-401,Customer Success,Subscription Services,Türkiye,Actual,Actual,Synthetic ERP,A6100,295240.08
2023-05-01,CC-401,Customer Success,Subscription Services,Türkiye,Actual,Actual,Synthetic ERP,A6200,46355.83
2023-05-01,CC-401,Customer Success,Subscription Services,Türkiye,Actual,Actual,Synthetic ERP,A6300,558222.49
2023-05-01,CC-401,Customer Success,Subscription Services,Türkiye,Actual,Actual,Synthetic ERP,A6400,60685.51
2023-05-01,CC-401,Customer Success,Subscription Services,Türkiye,Actual,Actual,Synthetic ERP,A6500,31836.54
2023-05-01,CC-401,Customer Success,Subscription Services,Türkiye,Actual,Actual,Synthetic ERP,A6600,20304.4
2023-05-01,CC-501,Marketing,Shared Services,Global,Actual,Actual,Synthetic ERP,A6000,1280506.17
2023-05-01,CC-501,Marketing,Shared Services,Global,Actual,Actual,Synthetic ERP,A6010,236893.64
2023-05-01,CC-501,Marketing,Shared Services,Global,Actual,Actual,Synthetic ERP,A6100,2982238.61
2023-05-01,CC-501,Marketing,Shared Services,Global,Actual,Actual,Synthetic ERP,A6300,186880.59
2023-05-01,CC-501,Marketing,Shared Services,Global,Actual,Actual,Synthetic ERP,A6400,67753.11
2023-05-01,CC-501,Marketing,Shared Services,Global,Actual,Actual,Synthetic ERP,A6500,244512.75
2023-05-01,CC-501,Marketing,Shared Services,Global,Actual,Actual,Synthetic ERP,A6600,125797.29
2023-05-01,CC-601,Operations,Shared Services,Türkiye,Actual,Actual,Synthetic ERP,A6000,1911556.43
2023-05-01,CC-601,Operations,Shared Services,Türkiye,Actual,Actual,Synthetic ERP,A6010,353637.94
2023-05-01,CC-601,Operations,Shared Services,Türkiye,Actual,Actual,Synthetic ERP,A6200,3314807.27
2023-05-01,CC-601,Operations,Shared Services,Türkiye,Actual,Actual,Synthetic ERP,A6300,316014.7
2023-05-01,CC-601,Operations,Shared Services,Türkiye,Actual,Actual,Synthetic ERP,A6400,868511.95
2023-05-01,CC-601,Operations,Shared Services,Türkiye,Actual,Actual,Synthetic ERP,A6500,194169.0
2023-05-01,CC-601,Operations,Shared Services,Türkiye,Actual,Actual,Synthetic ERP,A6600,87001.9
2023-05-01,CC-701,Technology,Shared Services,Global,Actual,Actual,Synthetic ERP,A6000,2406346.04
2023-05-01,CC-701,Technology,Shared Services,Global,Actual,Actual,Synthetic ERP,A6010,445174.02
2023-05-01,CC-701,Technology,Shared Services,Global,Actual,Actual,Synthetic ERP,A6300,2940278.59
2023-05-01,CC-701,Technology,Shared Services,Global,Actual,Actual,Synthetic ERP,A6400,200097.01
2023-05-01,CC-701,Technology,Shared Services,Global,Actual,Actual,Synthetic ERP,A6500,750454.61
2023-05-01,CC-701,Technology,Shared Services,Global,Actual,Actual,Synthetic ERP,A6600,151292.78
2023-05-01,CC-801,Finance & Corporate,Shared Services,Global,Actual,Actual,Synthetic ERP,A6000,1700386.3
2023-05-01,CC-801,Finance & Corporate,Shared Services,Global,Actual,Actual,Synthetic ERP,A6010,314571.47
2023-05-01,CC-801,Finance & Corporate,Shared Services,Global,Actual,Actual,Synthetic ERP,A6300,511763.78
2023-05-01,CC-801,Finance & Corporate,Shared Services,Global,Actual,Actual,Synthetic ERP,A6400,1024299.2
2023-05-01,CC-801,Finance & Corporate,Shared Services,Global,Actual,Actual,Synthetic ERP,A6500,1130534.01
2023-05-01,CC-801,Finance & Corporate,Shared Services,Global,Actual,Actual,Synthetic ERP,A6600,272780.45
2023-05-01,CC-801,Finance & Corporate,Shared Services,Global,Actual,Actual,Synthetic ERP,A6800,420000.0
2023-05-01,CC-801,Finance & Corporate,Shared Services,Global,Actual,Actual,Synthetic ERP,A6900,2188773.63
2023-06-01,CC-101,Sales,Digital Commerce,Türkiye,Actual,Actual,Synthetic ERP,A4000,22740685.97
2023-06-01,CC-101,Sales,Digital Commerce,Türkiye,Actual,Actual,Synthetic ERP,A5000,8638248.95
2023-06-01,CC-101,Sales,Digital Commerce,Türkiye,Actual,Actual,Synthetic ERP,A5010,630678.22
2023-06-01,CC-101,Sales,Digital Commerce,Türkiye,Actual,Actual,Synthetic ERP,A5020,676267.82
2023-06-01,CC-101,Sales,Digital Commerce,Türkiye,Actual,Actual,Synthetic ERP,A6000,1477418.88
2023-06-01,CC-101,Sales,Digital Commerce,Türkiye,Actual,Actual,Synthetic ERP,A6010,273322.49
2023-06-01,CC-101,Sales,Digital Commerce,Türkiye,Actual,Actual,Synthetic ERP,A6100,1138450.16
2023-06-01,CC-101,Sales,Digital Commerce,Türkiye,Actual,Actual,Synthetic ERP,A6200,409947.58
2023-06-01,CC-101,Sales,Digital Commerce,Türkiye,Actual,Actual,Synthetic ERP,A6300,172625.54
2023-06-01,CC-101,Sales,Digital Commerce,Türkiye,Actual,Actual,Synthetic ERP,A6400,84531.52
2023-06-01,CC-101,Sales,Digital Commerce,Türkiye,Actual,Actual,Synthetic ERP,A6500,44627.59
2023-06-01,CC-101,Sales,Digital Commerce,Türkiye,Actual,Actual,Synthetic ERP,A6600,30513.75
2023-06-01,CC-102,Sales,Digital Commerce,Europe,Actual,Actual,Synthetic ERP,A4000,14145057.98
2023-06-01,CC-102,Sales,Digital Commerce,Europe,Actual,Actual,Synthetic ERP,A5000,5685434.53
2023-06-01,CC-102,Sales,Digital Commerce,Europe,Actual,Actual,Synthetic ERP,A5010,449997.18
2023-06-01,CC-102,Sales,Digital Commerce,Europe,Actual,Actual,Synthetic ERP,A5020,451259.34
2023-06-01,CC-102,Sales,Digital Commerce,Europe,Actual,Actual,Synthetic ERP,A6000,1014200.23
2023-06-01,CC-102,Sales,Digital Commerce,Europe,Actual,Actual,Synthetic ERP,A6010,187627.04
2023-06-01,CC-102,Sales,Digital Commerce,Europe,Actual,Actual,Synthetic ERP,A6100,701494.98
2023-06-01,CC-102,Sales,Digital Commerce,Europe,Actual,Actual,Synthetic ERP,A6200,245922.05
2023-06-01,CC-102,Sales,Digital Commerce,Europe,Actual,Actual,Synthetic ERP,A6300,106535.14
2023-06-01,CC-102,Sales,Digital Commerce,Europe,Actual,Actual,Synthetic ERP,A6400,53017.29
2023-06-01,CC-102,Sales,Digital Commerce,Europe,Actual,Actual,Synthetic ERP,A6500,29602.02
2023-06-01,CC-102,Sales,Digital Commerce,Europe,Actual,Actual,Synthetic ERP,A6600,17544.61
2023-06-01,CC-103,Sales,Digital Commerce,MENA,Actual,Actual,Synthetic ERP,A4000,7911793.15
2023-06-01,CC-103,Sales,Digital Commerce,MENA,Actual,Actual,Synthetic ERP,A5000,3311562.67
2023-06-01,CC-103,Sales,Digital Commerce,MENA,Actual,Actual,Synthetic ERP,A5010,404762.08
2023-06-01,CC-103,Sales,Digital Commerce,MENA,Actual,Actual,Synthetic ERP,A5020,281644.35
2023-06-01,CC-103,Sales,Digital Commerce,MENA,Actual,Actual,Synthetic ERP,A6000,506784.65
2023-06-01,CC-103,Sales,Digital Commerce,MENA,Actual,Actual,Synthetic ERP,A6010,93755.16
2023-06-01,CC-103,Sales,Digital Commerce,MENA,Actual,Actual,Synthetic ERP,A6100,392239.72
2023-06-01,CC-103,Sales,Digital Commerce,MENA,Actual,Actual,Synthetic ERP,A6200,149164.29
2023-06-01,CC-103,Sales,Digital Commerce,MENA,Actual,Actual,Synthetic ERP,A6300,65702.69
2023-06-01,CC-103,Sales,Digital Commerce,MENA,Actual,Actual,Synthetic ERP,A6400,32429.32
2023-06-01,CC-103,Sales,Digital Commerce,MENA,Actual,Actual,Synthetic ERP,A6500,18271.54
2023-06-01,CC-103,Sales,Digital Commerce,MENA,Actual,Actual,Synthetic ERP,A6600,10576.34
2023-06-01,CC-201,Sales,Retail Stores,Türkiye,Actual,Actual,Synthetic ERP,A4010,18646449.73
2023-06-01,CC-201,Sales,Retail Stores,Türkiye,Actual,Actual,Synthetic ERP,A5000,8575749.29
2023-06-01,CC-201,Sales,Retail Stores,Türkiye,Actual,Actual,Synthetic ERP,A5010,377122.78
2023-06-01,CC-201,Sales,Retail Stores,Türkiye,Actual,Actual,Synthetic ERP,A5020,467626.73
2023-06-01,CC-201,Sales,Retail Stores,Türkiye,Actual,Actual,Synthetic ERP,A6000,1884438.41
2023-06-01,CC-201,Sales,Retail Stores,Türkiye,Actual,Actual,Synthetic ERP,A6010,348621.11
2023-06-01,CC-201,Sales,Retail Stores,Türkiye,Actual,Actual,Synthetic ERP,A6100,369719.46
2023-06-01,CC-201,Sales,Retail Stores,Türkiye,Actual,Actual,Synthetic ERP,A6200,333965.97
2023-06-01,CC-201,Sales,Retail Stores,Türkiye,Actual,Actual,Synthetic ERP,A6300,226989.41
2023-06-01,CC-201,Sales,Retail Stores,Türkiye,Actual,Actual,Synthetic ERP,A6400,291739.63
2023-06-01,CC-201,Sales,Retail Stores,Türkiye,Actual,Actual,Synthetic ERP,A6500,59447.21
2023-06-01,CC-201,Sales,Retail Stores,Türkiye,Actual,Actual,Synthetic ERP,A6600,33326.17
2023-06-01,CC-202,Sales,Retail Stores,Türkiye,Actual,Actual,Synthetic ERP,A4010,12255401.57
2023-06-01,CC-202,Sales,Retail Stores,Türkiye,Actual,Actual,Synthetic ERP,A5000,5771938.01
2023-06-01,CC-202,Sales,Retail Stores,Türkiye,Actual,Actual,Synthetic ERP,A5010,216739.35
2023-06-01,CC-202,Sales,Retail Stores,Türkiye,Actual,Actual,Synthetic ERP,A5020,331819.28
2023-06-01,CC-202,Sales,Retail Stores,Türkiye,Actual,Actual,Synthetic ERP,A6000,1377336.98
2023-06-01,CC-202,Sales,Retail Stores,Türkiye,Actual,Actual,Synthetic ERP,A6010,254807.34
2023-06-01,CC-202,Sales,Retail Stores,Türkiye,Actual,Actual,Synthetic ERP,A6100,254290.53
2023-06-01,CC-202,Sales,Retail Stores,Türkiye,Actual,Actual,Synthetic ERP,A6200,220100.78
2023-06-01,CC-202,Sales,Retail Stores,Türkiye,Actual,Actual,Synthetic ERP,A6300,177297.38
2023-06-01,CC-202,Sales,Retail Stores,Türkiye,Actual,Actual,Synthetic ERP,A6400,222116.37
2023-06-01,CC-202,Sales,Retail Stores,Türkiye,Actual,Actual,Synthetic ERP,A6500,46028.2
2023-06-01,CC-202,Sales,Retail Stores,Türkiye,Actual,Actual,Synthetic ERP,A6600,27603.53
2023-06-01,CC-301,Sales,Wholesale,Türkiye,Actual,Actual,Synthetic ERP,A4020,13904935.3
2023-06-01,CC-301,Sales,Wholesale,Türkiye,Actual,Actual,Synthetic ERP,A5000,7968846.36
2023-06-01,CC-301,Sales,Wholesale,Türkiye,Actual,Actual,Synthetic ERP,A5010,138921.41
2023-06-01,CC-301,Sales,Wholesale,Türkiye,Actual,Actual,Synthetic ERP,A5020,207363.04
2023-06-01,CC-301,Sales,Wholesale,Türkiye,Actual,Actual,Synthetic ERP,A6000,803656.85
2023-06-01,CC-301,Sales,Wholesale,Türkiye,Actual,Actual,Synthetic ERP,A6010,148676.52
2023-06-01,CC-301,Sales,Wholesale,Türkiye,Actual,Actual,Synthetic ERP,A6100,287398.06
2023-06-01,CC-301,Sales,Wholesale,Türkiye,Actual,Actual,Synthetic ERP,A6200,135658.33
2023-06-01,CC-301,Sales,Wholesale,Türkiye,Actual,Actual,Synthetic ERP,A6300,92743.2
2023-06-01,CC-301,Sales,Wholesale,Türkiye,Actual,Actual,Synthetic ERP,A6400,46847.52
2023-06-01,CC-301,Sales,Wholesale,Türkiye,Actual,Actual,Synthetic ERP,A6500,26234.32
2023-06-01,CC-301,Sales,Wholesale,Türkiye,Actual,Actual,Synthetic ERP,A6600,16440.21
2023-06-01,CC-302,Sales,Wholesale,Europe,Actual,Actual,Synthetic ERP,A4020,10484825.76
2023-06-01,CC-302,Sales,Wholesale,Europe,Actual,Actual,Synthetic ERP,A5000,6240007.65
2023-06-01,CC-302,Sales,Wholesale,Europe,Actual,Actual,Synthetic ERP,A5010,126677.12
2023-06-01,CC-302,Sales,Wholesale,Europe,Actual,Actual,Synthetic ERP,A5020,189373.36
2023-06-01,CC-302,Sales,Wholesale,Europe,Actual,Actual,Synthetic ERP,A6000,624181.22
2023-06-01,CC-302,Sales,Wholesale,Europe,Actual,Actual,Synthetic ERP,A6010,115473.53
2023-06-01,CC-302,Sales,Wholesale,Europe,Actual,Actual,Synthetic ERP,A6100,215130.62
2023-06-01,CC-302,Sales,Wholesale,Europe,Actual,Actual,Synthetic ERP,A6200,103662.88
2023-06-01,CC-302,Sales,Wholesale,Europe,Actual,Actual,Synthetic ERP,A6300,77147.27
2023-06-01,CC-302,Sales,Wholesale,Europe,Actual,Actual,Synthetic ERP,A6400,37397.37
2023-06-01,CC-302,Sales,Wholesale,Europe,Actual,Actual,Synthetic ERP,A6500,19031.42
2023-06-01,CC-302,Sales,Wholesale,Europe,Actual,Actual,Synthetic ERP,A6600,13148.76
2023-06-01,CC-401,Customer Success,Subscription Services,Türkiye,Actual,Actual,Synthetic ERP,A4030,4899993.81
2023-06-01,CC-401,Customer Success,Subscription Services,Türkiye,Actual,Actual,Synthetic ERP,A5000,1030984.28
2023-06-01,CC-401,Customer Success,Subscription Services,Türkiye,Actual,Actual,Synthetic ERP,A5010,119835.87
2023-06-01,CC-401,Customer Success,Subscription Services,Türkiye,Actual,Actual,Synthetic ERP,A5020,87467.55
2023-06-01,CC-401,Customer Success,Subscription Services,Türkiye,Actual,Actual,Synthetic ERP,A6000,1192916.21
2023-06-01,CC-401,Customer Success,Subscription Services,Türkiye,Actual,Actual,Synthetic ERP,A6010,220689.5
2023-06-01,CC-401,Customer Success,Subscription Services,Türkiye,Actual,Actual,Synthetic ERP,A6100,293855.95
2023-06-01,CC-401,Customer Success,Subscription Services,Türkiye,Actual,Actual,Synthetic ERP,A6200,48535.06
2023-06-01,CC-401,Customer Success,Subscription Services,Türkiye,Actual,Actual,Synthetic ERP,A6300,550341.75
2023-06-01,CC-401,Customer Success,Subscription Services,Türkiye,Actual,Actual,Synthetic ERP,A6400,61320.12
2023-06-01,CC-401,Customer Success,Subscription Services,Türkiye,Actual,Actual,Synthetic ERP,A6500,34957.37
2023-06-01,CC-401,Customer Success,Subscription Services,Türkiye,Actual,Actual,Synthetic ERP,A6600,19097.52
2023-06-01,CC-501,Marketing,Shared Services,Global,Actual,Actual,Synthetic ERP,A6000,1282150.39
2023-06-01,CC-501,Marketing,Shared Services,Global,Actual,Actual,Synthetic ERP,A6010,237197.82
2023-06-01,CC-501,Marketing,Shared Services,Global,Actual,Actual,Synthetic ERP,A6100,2873506.83
2023-06-01,CC-501,Marketing,Shared Services,Global,Actual,Actual,Synthetic ERP,A6300,191516.2
2023-06-01,CC-501,Marketing,Shared Services,Global,Actual,Actual,Synthetic ERP,A6400,67704.49
2023-06-01,CC-501,Marketing,Shared Services,Global,Actual,Actual,Synthetic ERP,A6500,237818.18
2023-06-01,CC-501,Marketing,Shared Services,Global,Actual,Actual,Synthetic ERP,A6600,118266.95
2023-06-01,CC-601,Operations,Shared Services,Türkiye,Actual,Actual,Synthetic ERP,A6000,1893643.2
2023-06-01,CC-601,Operations,Shared Services,Türkiye,Actual,Actual,Synthetic ERP,A6010,350323.99
2023-06-01,CC-601,Operations,Shared Services,Türkiye,Actual,Actual,Synthetic ERP,A6200,3326261.34
2023-06-01,CC-601,Operations,Shared Services,Türkiye,Actual,Actual,Synthetic ERP,A6300,341843.28
2023-06-01,CC-601,Operations,Shared Services,Türkiye,Actual,Actual,Synthetic ERP,A6400,884962.04
2023-06-01,CC-601,Operations,Shared Services,Türkiye,Actual,Actual,Synthetic ERP,A6500,199423.52
2023-06-01,CC-601,Operations,Shared Services,Türkiye,Actual,Actual,Synthetic ERP,A6600,86960.14
2023-06-01,CC-701,Technology,Shared Services,Global,Actual,Actual,Synthetic ERP,A6000,2315481.97
2023-06-01,CC-701,Technology,Shared Services,Global,Actual,Actual,Synthetic ERP,A6010,428364.16
2023-06-01,CC-701,Technology,Shared Services,Global,Actual,Actual,Synthetic ERP,A6300,2887289.9
2023-06-01,CC-701,Technology,Shared Services,Global,Actual,Actual,Synthetic ERP,A6400,199912.87
2023-06-01,CC-701,Technology,Shared Services,Global,Actual,Actual,Synthetic ERP,A6500,684803.31
2023-06-01,CC-701,Technology,Shared Services,Global,Actual,Actual,Synthetic ERP,A6600,160488.57
2023-06-01,CC-701,Technology,Shared Services,Global,Actual,Actual,Synthetic ERP,A6700,169791.67
2023-06-01,CC-801,Finance & Corporate,Shared Services,Global,Actual,Actual,Synthetic ERP,A6000,1692477.51
2023-06-01,CC-801,Finance & Corporate,Shared Services,Global,Actual,Actual,Synthetic ERP,A6010,313108.34
2023-06-01,CC-801,Finance & Corporate,Shared Services,Global,Actual,Actual,Synthetic ERP,A6300,521281.7
2023-06-01,CC-801,Finance & Corporate,Shared Services,Global,Actual,Actual,Synthetic ERP,A6400,1030885.76
2023-06-01,CC-801,Finance & Corporate,Shared Services,Global,Actual,Actual,Synthetic ERP,A6500,1061106.99
2023-06-01,CC-801,Finance & Corporate,Shared Services,Global,Actual,Actual,Synthetic ERP,A6600,282887.96
2023-06-01,CC-801,Finance & Corporate,Shared Services,Global,Actual,Actual,Synthetic ERP,A6800,420000.0
2023-06-01,CC-801,Finance & Corporate,Shared Services,Global,Actual,Actual,Synthetic ERP,A6900,2445170.59
2023-07-01,CC-101,Sales,Digital Commerce,Türkiye,Actual,Actual,Synthetic ERP,A4000,22211537.28
2023-07-01,CC-101,Sales,Digital Commerce,Türkiye,Actual,Actual,Synthetic ERP,A5000,8438024.89
2023-07-01,CC-101,Sales,Digital Commerce,Türkiye,Actual,Actual,Synthetic ERP,A5010,626372.96
2023-07-01,CC-101,Sales,Digital Commerce,Türkiye,Actual,Actual,Synthetic ERP,A5020,671521.09
2023-07-01,CC-101,Sales,Digital Commerce,Türkiye,Actual,Actual,Synthetic ERP,A6000,1568898.41
2023-07-01,CC-101,Sales,Digital Commerce,Türkiye,Actual,Actual,Synthetic ERP,A6010,290246.21
2023-07-01,CC-101,Sales,Digital Commerce,Türkiye,Actual,Actual,Synthetic ERP,A6100,1116075.38
2023-07-01,CC-101,Sales,Digital Commerce,Türkiye,Actual,Actual,Synthetic ERP,A6200,389676.47
2023-07-01,CC-101,Sales,Digital Commerce,Türkiye,Actual,Actual,Synthetic ERP,A6300,171939.92
2023-07-01,CC-101,Sales,Digital Commerce,Türkiye,Actual,Actual,Synthetic ERP,A6400,87186.35
2023-07-01,CC-101,Sales,Digital Commerce,Türkiye,Actual,Actual,Synthetic ERP,A6500,48651.58
2023-07-01,CC-101,Sales,Digital Commerce,Türkiye,Actual,Actual,Synthetic ERP,A6600,26385.08
2023-07-01,CC-102,Sales,Digital Commerce,Europe,Actual,Actual,Synthetic ERP,A4000,13219006.94
2023-07-01,CC-102,Sales,Digital Commerce,Europe,Actual,Actual,Synthetic ERP,A5000,5319516.41
2023-07-01,CC-102,Sales,Digital Commerce,Europe,Actual,Actual,Synthetic ERP,A5010,429096.21
2023-07-01,CC-102,Sales,Digital Commerce,Europe,Actual,Actual,Synthetic ERP,A5020,413628.16
2023-07-01,CC-102,Sales,Digital Commerce,Europe,Actual,Actual,Synthetic ERP,A6000,1090334.3
2023-07-01,CC-102,Sales,Digital Commerce,Europe,Actual,Actual,Synthetic ERP,A6010,201711.85
2023-07-01,CC-102,Sales,Digital Commerce,Europe,Actual,Actual,Synthetic ERP,A6100,638780.18
2023-07-01,CC-102,Sales,Digital Commerce,Europe,Actual,Actual,Synthetic ERP,A6200,245099.46
2023-07-01,CC-102,Sales,Digital Commerce,Europe,Actual,Actual,Synthetic ERP,A6300,102215.86
2023-07-01,CC-102,Sales,Digital Commerce,Europe,Actual,Actual,Synthetic ERP,A6400,52169.37
2023-07-01,CC-102,Sales,Digital Commerce,Europe,Actual,Actual,Synthetic ERP,A6500,29473.68
2023-07-01,CC-102,Sales,Digital Commerce,Europe,Actual,Actual,Synthetic ERP,A6600,17696.61
2023-07-01,CC-103,Sales,Digital Commerce,MENA,Actual,Actual,Synthetic ERP,A4000,7614843.26
2023-07-01,CC-103,Sales,Digital Commerce,MENA,Actual,Actual,Synthetic ERP,A5000,3172992.55
2023-07-01,CC-103,Sales,Digital Commerce,MENA,Actual,Actual,Synthetic ERP,A5010,399924.62
2023-07-01,CC-103,Sales,Digital Commerce,MENA,Actual,Actual,Synthetic ERP,A5020,266385.77
2023-07-01,CC-103,Sales,Digital Commerce,MENA,Actual,Actual,Synthetic ERP,A6000,525911.38
2023-07-01,CC-103,Sales,Digital Commerce,MENA,Actual,Actual,Synthetic ERP,A6010,97293.61
2023-07-01,CC-103,Sales,Digital Commerce,MENA,Actual,Actual,Synthetic ERP,A6100,395478.45
2023-07-01,CC-103,Sales,Digital Commerce,MENA,Actual,Actual,Synthetic ERP,A6200,133166.03
2023-07-01,CC-103,Sales,Digital Commerce,MENA,Actual,Actual,Synthetic ERP,A6300,66920.75
2023-07-01,CC-103,Sales,Digital Commerce,MENA,Actual,Actual,Synthetic ERP,A6400,33259.53
2023-07-01,CC-103,Sales,Digital Commerce,MENA,Actual,Actual,Synthetic ERP,A6500,16518.99
2023-07-01,CC-103,Sales,Digital Commerce,MENA,Actual,Actual,Synthetic ERP,A6600,11603.15
2023-07-01,CC-201,Sales,Retail Stores,Türkiye,Actual,Actual,Synthetic ERP,A4010,19291309.98
2023-07-01,CC-201,Sales,Retail Stores,Türkiye,Actual,Actual,Synthetic ERP,A5000,8808354.97
2023-07-01,CC-201,Sales,Retail Stores,Türkiye,Actual,Actual,Synthetic ERP,A5010,387812.8
2023-07-01,CC-201,Sales,Retail Stores,Türkiye,Actual,Actual,Synthetic ERP,A5020,490872.59
2023-07-01,CC-201,Sales,Retail Stores,Türkiye,Actual,Actual,Synthetic ERP,A6000,1860067.59
2023-07-01,CC-201,Sales,Retail Stores,Türkiye,Actual,Actual,Synthetic ERP,A6010,344112.5
2023-07-01,CC-201,Sales,Retail Stores,Türkiye,Actual,Actual,Synthetic ERP,A6100,378378.4
2023-07-01,CC-201,Sales,Retail Stores,Türkiye,Actual,Actual,Synthetic ERP,A6200,350276.68
2023-07-01,CC-201,Sales,Retail Stores,Türkiye,Actual,Actual,Synthetic ERP,A6300,225686.73
2023-07-01,CC-201,Sales,Retail Stores,Türkiye,Actual,Actual,Synthetic ERP,A6400,293281.24
2023-07-01,CC-201,Sales,Retail Stores,Türkiye,Actual,Actual,Synthetic ERP,A6500,62333.0
2023-07-01,CC-201,Sales,Retail Stores,Türkiye,Actual,Actual,Synthetic ERP,A6600,40143.92
2023-07-01,CC-202,Sales,Retail Stores,Türkiye,Actual,Actual,Synthetic ERP,A4010,13632260.68
2023-07-01,CC-202,Sales,Retail Stores,Türkiye,Actual,Actual,Synthetic ERP,A5000,6376497.95
2023-07-01,CC-202,Sales,Retail Stores,Türkiye,Actual,Actual,Synthetic ERP,A5010,247901.64
2023-07-01,CC-202,Sales,Retail Stores,Türkiye,Actual,Actual,Synthetic ERP,A5020,370240.56
2023-07-01,CC-202,Sales,Retail Stores,Türkiye,Actual,Actual,Synthetic ERP,A6000,1365540.82
2023-07-01,CC-202,Sales,Retail Stores,Türkiye,Actual,Actual,Synthetic ERP,A6010,252625.05
2023-07-01,CC-202,Sales,Retail Stores,Türkiye,Actual,Actual,Synthetic ERP,A6100,278961.34
2023-07-01,CC-202,Sales,Retail Stores,Türkiye,Actual,Actual,Synthetic ERP,A6200,243193.59
2023-07-01,CC-202,Sales,Retail Stores,Türkiye,Actual,Actual,Synthetic ERP,A6300,188359.34
2023-07-01,CC-202,Sales,Retail Stores,Türkiye,Actual,Actual,Synthetic ERP,A6400,226859.01
2023-07-01,CC-202,Sales,Retail Stores,Türkiye,Actual,Actual,Synthetic ERP,A6500,48159.7
2023-07-01,CC-202,Sales,Retail Stores,Türkiye,Actual,Actual,Synthetic ERP,A6600,31365.17
2023-07-01,CC-301,Sales,Wholesale,Türkiye,Actual,Actual,Synthetic ERP,A4020,13083847.71
2023-07-01,CC-301,Sales,Wholesale,Türkiye,Actual,Actual,Synthetic ERP,A5000,7464771.49
2023-07-01,CC-301,Sales,Wholesale,Türkiye,Actual,Actual,Synthetic ERP,A5010,131310.14
2023-07-01,CC-301,Sales,Wholesale,Türkiye,Actual,Actual,Synthetic ERP,A5020,198226.58
2023-07-01,CC-301,Sales,Wholesale,Türkiye,Actual,Actual,Synthetic ERP,A6000,796793.8
2023-07-01,CC-301,Sales,Wholesale,Türkiye,Actual,Actual,Synthetic ERP,A6010,147406.85
2023-07-01,CC-301,Sales,Wholesale,Türkiye,Actual,Actual,Synthetic ERP,A6100,262520.68
2023-07-01,CC-301,Sales,Wholesale,Türkiye,Actual,Actual,Synthetic ERP,A6200,130813.66
2023-07-01,CC-301,Sales,Wholesale,Türkiye,Actual,Actual,Synthetic ERP,A6300,97013.42
2023-07-01,CC-301,Sales,Wholesale,Türkiye,Actual,Actual,Synthetic ERP,A6400,46681.88
2023-07-01,CC-301,Sales,Wholesale,Türkiye,Actual,Actual,Synthetic ERP,A6500,24279.99
2023-07-01,CC-301,Sales,Wholesale,Türkiye,Actual,Actual,Synthetic ERP,A6600,16286.31
2023-07-01,CC-302,Sales,Wholesale,Europe,Actual,Actual,Synthetic ERP,A4020,9352660.74
2023-07-01,CC-302,Sales,Wholesale,Europe,Actual,Actual,Synthetic ERP,A5000,5471367.48
2023-07-01,CC-302,Sales,Wholesale,Europe,Actual,Actual,Synthetic ERP,A5010,112955.17
2023-07-01,CC-302,Sales,Wholesale,Europe,Actual,Actual,Synthetic ERP,A5020,168564.71
2023-07-01,CC-302,Sales,Wholesale,Europe,Actual,Actual,Synthetic ERP,A6000,714534.2
2023-07-01,CC-302,Sales,Wholesale,Europe,Actual,Actual,Synthetic ERP,A6010,132188.83
2023-07-01,CC-302,Sales,Wholesale,Europe,Actual,Actual,Synthetic ERP,A6100,182493.43
2023-07-01,CC-302,Sales,Wholesale,Europe,Actual,Actual,Synthetic ERP,A6200,92974.54
2023-07-01,CC-302,Sales,Wholesale,Europe,Actual,Actual,Synthetic ERP,A6300,73668.77
2023-07-01,CC-302,Sales,Wholesale,Europe,Actual,Actual,Synthetic ERP,A6400,37695.49
2023-07-01,CC-302,Sales,Wholesale,Europe,Actual,Actual,Synthetic ERP,A6500,18671.55
2023-07-01,CC-302,Sales,Wholesale,Europe,Actual,Actual,Synthetic ERP,A6600,11626.5
2023-07-01,CC-401,Customer Success,Subscription Services,Türkiye,Actual,Actual,Synthetic ERP,A4030,5189165.55
2023-07-01,CC-401,Customer Success,Subscription Services,Türkiye,Actual,Actual,Synthetic ERP,A5000,1086161.09
2023-07-01,CC-401,Customer Success,Subscription Services,Türkiye,Actual,Actual,Synthetic ERP,A5010,131602.82
2023-07-01,CC-401,Customer Success,Subscription Services,Türkiye,Actual,Actual,Synthetic ERP,A5020,93789.57
2023-07-01,CC-401,Customer Success,Subscription Services,Türkiye,Actual,Actual,Synthetic ERP,A6000,1183781.2
2023-07-01,CC-401,Customer Success,Subscription Services,Türkiye,Actual,Actual,Synthetic ERP,A6010,218999.52
2023-07-01,CC-401,Customer Success,Subscription Services,Türkiye,Actual,Actual,Synthetic ERP,A6100,290413.62
2023-07-01,CC-401,Customer Success,Subscription Services,Türkiye,Actual,Actual,Synthetic ERP,A6200,52996.13
2023-07-01,CC-401,Customer Success,Subscription Services,Türkiye,Actual,Actual,Synthetic ERP,A6300,578400.5
2023-07-01,CC-401,Customer Success,Subscription Services,Türkiye,Actual,Actual,Synthetic ERP,A6400,62899.17
2023-07-01,CC-401,Customer Success,Subscription Services,Türkiye,Actual,Actual,Synthetic ERP,A6500,33794.71
2023-07-01,CC-401,Customer Success,Subscription Services,Türkiye,Actual,Actual,Synthetic ERP,A6600,20438.14
2023-07-01,CC-501,Marketing,Shared Services,Global,Actual,Actual,Synthetic ERP,A6000,1372782.44
2023-07-01,CC-501,Marketing,Shared Services,Global,Actual,Actual,Synthetic ERP,A6010,253964.75
2023-07-01,CC-501,Marketing,Shared Services,Global,Actual,Actual,Synthetic ERP,A6100,2920413.56
2023-07-01,CC-501,Marketing,Shared Services,Global,Actual,Actual,Synthetic ERP,A6300,193095.3
2023-07-01,CC-501,Marketing,Shared Services,Global,Actual,Actual,Synthetic ERP,A6400,68519.98
2023-07-01,CC-501,Marketing,Shared Services,Global,Actual,Actual,Synthetic ERP,A6500,240490.92
2023-07-01,CC-501,Marketing,Shared Services,Global,Actual,Actual,Synthetic ERP,A6600,111944.95
2023-07-01,CC-601,Operations,Shared Services,Türkiye,Actual,Actual,Synthetic ERP,A6000,1979158.38
2023-07-01,CC-601,Operations,Shared Services,Türkiye,Actual,Actual,Synthetic ERP,A6010,366144.3
2023-07-01,CC-601,Operations,Shared Services,Türkiye,Actual,Actual,Synthetic ERP,A6200,3256100.49
2023-07-01,CC-601,Operations,Shared Services,Türkiye,Actual,Actual,Synthetic ERP,A6300,327826.36
2023-07-01,CC-601,Operations,Shared Services,Türkiye,Actual,Actual,Synthetic ERP,A6400,893471.12
2023-07-01,CC-601,Operations,Shared Services,Türkiye,Actual,Actual,Synthetic ERP,A6500,207756.18
2023-07-01,CC-601,Operations,Shared Services,Türkiye,Actual,Actual,Synthetic ERP,A6600,90852.05
2023-07-01,CC-701,Technology,Shared Services,Global,Actual,Actual,Synthetic ERP,A6000,2410768.19
2023-07-01,CC-701,Technology,Shared Services,Global,Actual,Actual,Synthetic ERP,A6010,445992.12
2023-07-01,CC-701,Technology,Shared Services,Global,Actual,Actual,Synthetic ERP,A6300,2888284.17
2023-07-01,CC-701,Technology,Shared Services,Global,Actual,Actual,Synthetic ERP,A6400,201176.0
2023-07-01,CC-701,Technology,Shared Services,Global,Actual,Actual,Synthetic ERP,A6500,777771.08
2023-07-01,CC-701,Technology,Shared Services,Global,Actual,Actual,Synthetic ERP,A6600,154692.54
2023-07-01,CC-701,Technology,Shared Services,Global,Actual,Actual,Synthetic ERP,A6700,169791.67
2023-07-01,CC-801,Finance & Corporate,Shared Services,Global,Actual,Actual,Synthetic ERP,A6000,1690901.9
2023-07-01,CC-801,Finance & Corporate,Shared Services,Global,Actual,Actual,Synthetic ERP,A6010,312816.85
2023-07-01,CC-801,Finance & Corporate,Shared Services,Global,Actual,Actual,Synthetic ERP,A6300,481551.06
2023-07-01,CC-801,Finance & Corporate,Shared Services,Global,Actual,Actual,Synthetic ERP,A6400,1033666.24
2023-07-01,CC-801,Finance & Corporate,Shared Services,Global,Actual,Actual,Synthetic ERP,A6500,1123951.5
2023-07-01,CC-801,Finance & Corporate,Shared Services,Global,Actual,Actual,Synthetic ERP,A6600,255788.27
2023-07-01,CC-801,Finance & Corporate,Shared Services,Global,Actual,Actual,Synthetic ERP,A6800,420000.0
2023-07-01,CC-801,Finance & Corporate,Shared Services,Global,Actual,Actual,Synthetic ERP,A6900,2223414.5
2023-08-01,CC-101,Sales,Digital Commerce,Türkiye,Actual,Actual,Synthetic ERP,A4000,20753804.71
2023-08-01,CC-101,Sales,Digital Commerce,Türkiye,Actual,Actual,Synthetic ERP,A5000,7910979.86
2023-08-01,CC-101,Sales,Digital Commerce,Türkiye,Actual,Actual,Synthetic ERP,A5010,582867.22
2023-08-01,CC-101,Sales,Digital Commerce,Türkiye,Actual,Actual,Synthetic ERP,A5020,612680.75
2023-08-01,CC-101,Sales,Digital Commerce,Türkiye,Actual,Actual,Synthetic ERP,A6000,1587125.36
2023-08-01,CC-101,Sales,Digital Commerce,Türkiye,Actual,Actual,Synthetic ERP,A6010,293618.19
2023-08-01,CC-101,Sales,Digital Commerce,Türkiye,Actual,Actual,Synthetic ERP,A6100,1023568.02
2023-08-01,CC-101,Sales,Digital Commerce,Türkiye,Actual,Actual,Synthetic ERP,A6200,379922.69
2023-08-01,CC-101,Sales,Digital Commerce,Türkiye,Actual,Actual,Synthetic ERP,A6300,167299.61
2023-08-01,CC-101,Sales,Digital Commerce,Türkiye,Actual,Actual,Synthetic ERP,A6400,84984.78
2023-08-01,CC-101,Sales,Digital Commerce,Türkiye,Actual,Actual,Synthetic ERP,A6500,47753.33
2023-08-01,CC-101,Sales,Digital Commerce,Türkiye,Actual,Actual,Synthetic ERP,A6600,28627.62
2023-08-01,CC-102,Sales,Digital Commerce,Europe,Actual,Actual,Synthetic ERP,A4000,13195747.98
2023-08-01,CC-102,Sales,Digital Commerce,Europe,Actual,Actual,Synthetic ERP,A5000,5260791.36
2023-08-01,CC-102,Sales,Digital Commerce,Europe,Actual,Actual,Synthetic ERP,A5010,416132.8
2023-08-01,CC-102,Sales,Digital Commerce,Europe,Actual,Actual,Synthetic ERP,A5020,417230.0
2023-08-01,CC-102,Sales,Digital Commerce,Europe,Actual,Actual,Synthetic ERP,A6000,1102819.3
2023-08-01,CC-102,Sales,Digital Commerce,Europe,Actual,Actual,Synthetic ERP,A6010,204021.57
2023-08-01,CC-102,Sales,Digital Commerce,Europe,Actual,Actual,Synthetic ERP,A6100,668704.67
2023-08-01,CC-102,Sales,Digital Commerce,Europe,Actual,Actual,Synthetic ERP,A6200,237608.24
2023-08-01,CC-102,Sales,Digital Commerce,Europe,Actual,Actual,Synthetic ERP,A6300,105463.02
2023-08-01,CC-102,Sales,Digital Commerce,Europe,Actual,Actual,Synthetic ERP,A6400,53228.16
2023-08-01,CC-102,Sales,Digital Commerce,Europe,Actual,Actual,Synthetic ERP,A6500,29474.38
2023-08-01,CC-102,Sales,Digital Commerce,Europe,Actual,Actual,Synthetic ERP,A6600,17825.89
2023-08-01,CC-103,Sales,Digital Commerce,MENA,Actual,Actual,Synthetic ERP,A4000,7950028.72
2023-08-01,CC-103,Sales,Digital Commerce,MENA,Actual,Actual,Synthetic ERP,A5000,3366021.18
2023-08-01,CC-103,Sales,Digital Commerce,MENA,Actual,Actual,Synthetic ERP,A5010,412800.81
2023-08-01,CC-103,Sales,Digital Commerce,MENA,Actual,Actual,Synthetic ERP,A5020,283531.28
2023-08-01,CC-103,Sales,Digital Commerce,MENA,Actual,Actual,Synthetic ERP,A6000,533364.45
2023-08-01,CC-103,Sales,Digital Commerce,MENA,Actual,Actual,Synthetic ERP,A6010,98672.42
2023-08-01,CC-103,Sales,Digital Commerce,MENA,Actual,Actual,Synthetic ERP,A6100,397254.49
2023-08-01,CC-103,Sales,Digital Commerce,MENA,Actual,Actual,Synthetic ERP,A6200,142192.31
2023-08-01,CC-103,Sales,Digital Commerce,MENA,Actual,Actual,Synthetic ERP,A6300,68145.54
2023-08-01,CC-103,Sales,Digital Commerce,MENA,Actual,Actual,Synthetic ERP,A6400,33838.77
2023-08-01,CC-103,Sales,Digital Commerce,MENA,Actual,Actual,Synthetic ERP,A6500,17545.42
2023-08-01,CC-103,Sales,Digital Commerce,MENA,Actual,Actual,Synthetic ERP,A6600,9784.0
2023-08-01,CC-201,Sales,Retail Stores,Türkiye,Actual,Actual,Synthetic ERP,A4010,16238769.37
2023-08-01,CC-201,Sales,Retail Stores,Türkiye,Actual,Actual,Synthetic ERP,A5000,7566112.56
2023-08-01,CC-201,Sales,Retail Stores,Türkiye,Actual,Actual,Synthetic ERP,A5010,324638.37
2023-08-01,CC-201,Sales,Retail Stores,Türkiye,Actual,Actual,Synthetic ERP,A5020,404800.17
2023-08-01,CC-201,Sales,Retail Stores,Türkiye,Actual,Actual,Synthetic ERP,A6000,1925454.47
2023-08-01,CC-201,Sales,Retail Stores,Türkiye,Actual,Actual,Synthetic ERP,A6010,356209.08
2023-08-01,CC-201,Sales,Retail Stores,Türkiye,Actual,Actual,Synthetic ERP,A6100,331861.81
2023-08-01,CC-201,Sales,Retail Stores,Türkiye,Actual,Actual,Synthetic ERP,A6200,290019.84
2023-08-01,CC-201,Sales,Retail Stores,Türkiye,Actual,Actual,Synthetic ERP,A6300,228228.37
2023-08-01,CC-201,Sales,Retail Stores,Türkiye,Actual,Actual,Synthetic ERP,A6400,296228.69
2023-08-01,CC-201,Sales,Retail Stores,Türkiye,Actual,Actual,Synthetic ERP,A6500,63977.93
2023-08-01,CC-201,Sales,Retail Stores,Türkiye,Actual,Actual,Synthetic ERP,A6600,39269.66
2023-08-01,CC-202,Sales,Retail Stores,Türkiye,Actual,Actual,Synthetic ERP,A4010,11106609.55
2023-08-01,CC-202,Sales,Retail Stores,Türkiye,Actual,Actual,Synthetic ERP,A5000,5238421.26
2023-08-01,CC-202,Sales,Retail Stores,Türkiye,Actual,Actual,Synthetic ERP,A5010,198063.89
2023-08-01,CC-202,Sales,Retail Stores,Türkiye,Actual,Actual,Synthetic ERP,A5020,303706.34
2023-08-01,CC-202,Sales,Retail Stores,Türkiye,Actual,Actual,Synthetic ERP,A6000,1296424.69
2023-08-01,CC-202,Sales,Retail Stores,Türkiye,Actual,Actual,Synthetic ERP,A6010,239838.57
2023-08-01,CC-202,Sales,Retail Stores,Türkiye,Actual,Actual,Synthetic ERP,A6100,229761.62
2023-08-01,CC-202,Sales,Retail Stores,Türkiye,Actual,Actual,Synthetic ERP,A6200,201562.31
2023-08-01,CC-202,Sales,Retail Stores,Türkiye,Actual,Actual,Synthetic ERP,A6300,181441.34
2023-08-01,CC-202,Sales,Retail Stores,Türkiye,Actual,Actual,Synthetic ERP,A6400,234217.34
2023-08-01,CC-202,Sales,Retail Stores,Türkiye,Actual,Actual,Synthetic ERP,A6500,50836.82
2023-08-01,CC-202,Sales,Retail Stores,Türkiye,Actual,Actual,Synthetic ERP,A6600,30714.7
2023-08-01,CC-301,Sales,Wholesale,Türkiye,Actual,Actual,Synthetic ERP,A4020,13902402.96
2023-08-01,CC-301,Sales,Wholesale,Türkiye,Actual,Actual,Synthetic ERP,A5000,7862214.82
2023-08-01,CC-301,Sales,Wholesale,Türkiye,Actual,Actual,Synthetic ERP,A5010,139728.99
2023-08-01,CC-301,Sales,Wholesale,Türkiye,Actual,Actual,Synthetic ERP,A5020,199922.9
2023-08-01,CC-301,Sales,Wholesale,Türkiye,Actual,Actual,Synthetic ERP,A6000,815089.18
2023-08-01,CC-301,Sales,Wholesale,Türkiye,Actual,Actual,Synthetic ERP,A6010,150791.5
2023-08-01,CC-301,Sales,Wholesale,Türkiye,Actual,Actual,Synthetic ERP,A6100,275649.13
2023-08-01,CC-301,Sales,Wholesale,Türkiye,Actual,Actual,Synthetic ERP,A6200,137506.72
2023-08-01,CC-301,Sales,Wholesale,Türkiye,Actual,Actual,Synthetic ERP,A6300,94292.91
2023-08-01,CC-301,Sales,Wholesale,Türkiye,Actual,Actual,Synthetic ERP,A6400,47704.75
2023-08-01,CC-301,Sales,Wholesale,Türkiye,Actual,Actual,Synthetic ERP,A6500,24793.1
2023-08-01,CC-301,Sales,Wholesale,Türkiye,Actual,Actual,Synthetic ERP,A6600,16332.19
2023-08-01,CC-302,Sales,Wholesale,Europe,Actual,Actual,Synthetic ERP,A4020,10269324.98
2023-08-01,CC-302,Sales,Wholesale,Europe,Actual,Actual,Synthetic ERP,A5000,5984119.84
2023-08-01,CC-302,Sales,Wholesale,Europe,Actual,Actual,Synthetic ERP,A5010,121560.49
2023-08-01,CC-302,Sales,Wholesale,Europe,Actual,Actual,Synthetic ERP,A5020,183061.72
2023-08-01,CC-302,Sales,Wholesale,Europe,Actual,Actual,Synthetic ERP,A6000,714393.67
2023-08-01,CC-302,Sales,Wholesale,Europe,Actual,Actual,Synthetic ERP,A6010,132162.83
2023-08-01,CC-302,Sales,Wholesale,Europe,Actual,Actual,Synthetic ERP,A6100,202601.44
2023-08-01,CC-302,Sales,Wholesale,Europe,Actual,Actual,Synthetic ERP,A6200,105703.42
2023-08-01,CC-302,Sales,Wholesale,Europe,Actual,Actual,Synthetic ERP,A6300,76492.38
2023-08-01,CC-302,Sales,Wholesale,Europe,Actual,Actual,Synthetic ERP,A6400,38696.4
2023-08-01,CC-302,Sales,Wholesale,Europe,Actual,Actual,Synthetic ERP,A6500,20903.14
2023-08-01,CC-302,Sales,Wholesale,Europe,Actual,Actual,Synthetic ERP,A6600,12013.75
2023-08-01,CC-401,Customer Success,Subscription Services,Türkiye,Actual,Actual,Synthetic ERP,A4030,5308829.1
2023-08-01,CC-401,Customer Success,Subscription Services,Türkiye,Actual,Actual,Synthetic ERP,A5000,1137583.61
2023-08-01,CC-401,Customer Success,Subscription Services,Türkiye,Actual,Actual,Synthetic ERP,A5010,132641.3
2023-08-01,CC-401,Customer Success,Subscription Services,Türkiye,Actual,Actual,Synthetic ERP,A5020,94992.34
2023-08-01,CC-401,Customer Success,Subscription Services,Türkiye,Actual,Actual,Synthetic ERP,A6000,1176810.81
2023-08-01,CC-401,Customer Success,Subscription Services,Türkiye,Actual,Actual,Synthetic ERP,A6010,217710.0
2023-08-01,CC-401,Customer Success,Subscription Services,Türkiye,Actual,Actual,Synthetic ERP,A6100,292819.83
2023-08-01,CC-401,Customer Success,Subscription Services,Türkiye,Actual,Actual,Synthetic ERP,A6200,54349.22
2023-08-01,CC-401,Customer Success,Subscription Services,Türkiye,Actual,Actual,Synthetic ERP,A6300,559243.18
2023-08-01,CC-401,Customer Success,Subscription Services,Türkiye,Actual,Actual,Synthetic ERP,A6400,62942.44
2023-08-01,CC-401,Customer Success,Subscription Services,Türkiye,Actual,Actual,Synthetic ERP,A6500,35292.88
2023-08-01,CC-401,Customer Success,Subscription Services,Türkiye,Actual,Actual,Synthetic ERP,A6600,18346.38
2023-08-01,CC-501,Marketing,Shared Services,Global,Actual,Actual,Synthetic ERP,A6000,1379516.52
2023-08-01,CC-501,Marketing,Shared Services,Global,Actual,Actual,Synthetic ERP,A6010,255210.56
2023-08-01,CC-501,Marketing,Shared Services,Global,Actual,Actual,Synthetic ERP,A6100,3103999.53
2023-08-01,CC-501,Marketing,Shared Services,Global,Actual,Actual,Synthetic ERP,A6300,190950.35
2023-08-01,CC-501,Marketing,Shared Services,Global,Actual,Actual,Synthetic ERP,A6400,69608.76
2023-08-01,CC-501,Marketing,Shared Services,Global,Actual,Actual,Synthetic ERP,A6500,272740.24
2023-08-01,CC-501,Marketing,Shared Services,Global,Actual,Actual,Synthetic ERP,A6600,120814.48
2023-08-01,CC-601,Operations,Shared Services,Türkiye,Actual,Actual,Synthetic ERP,A6000,1937730.72
2023-08-01,CC-601,Operations,Shared Services,Türkiye,Actual,Actual,Synthetic ERP,A6010,358480.18
2023-08-01,CC-601,Operations,Shared Services,Türkiye,Actual,Actual,Synthetic ERP,A6200,3289204.15
2023-08-01,CC-601,Operations,Shared Services,Türkiye,Actual,Actual,Synthetic ERP,A6300,338428.2
2023-08-01,CC-601,Operations,Shared Services,Türkiye,Actual,Actual,Synthetic ERP,A6400,922233.77
2023-08-01,CC-601,Operations,Shared Services,Türkiye,Actual,Actual,Synthetic ERP,A6500,190744.51
2023-08-01,CC-601,Operations,Shared Services,Türkiye,Actual,Actual,Synthetic ERP,A6600,97037.94
2023-08-01,CC-701,Technology,Shared Services,Global,Actual,Actual,Synthetic ERP,A6000,2453623.22
2023-08-01,CC-701,Technology,Shared Services,Global,Actual,Actual,Synthetic ERP,A6010,453920.29
2023-08-01,CC-701,Technology,Shared Services,Global,Actual,Actual,Synthetic ERP,A6300,2931771.38
2023-08-01,CC-701,Technology,Shared Services,Global,Actual,Actual,Synthetic ERP,A6400,204000.54
2023-08-01,CC-701,Technology,Shared Services,Global,Actual,Actual,Synthetic ERP,A6500,762499.77
2023-08-01,CC-701,Technology,Shared Services,Global,Actual,Actual,Synthetic ERP,A6600,159153.68
2023-08-01,CC-701,Technology,Shared Services,Global,Actual,Actual,Synthetic ERP,A6700,169791.67
2023-08-01,CC-801,Finance & Corporate,Shared Services,Global,Actual,Actual,Synthetic ERP,A6000,1712149.04
2023-08-01,CC-801,Finance & Corporate,Shared Services,Global,Actual,Actual,Synthetic ERP,A6010,316747.57
2023-08-01,CC-801,Finance & Corporate,Shared Services,Global,Actual,Actual,Synthetic ERP,A6300,509478.54
2023-08-01,CC-801,Finance & Corporate,Shared Services,Global,Actual,Actual,Synthetic ERP,A6400,1036610.21
2023-08-01,CC-801,Finance & Corporate,Shared Services,Global,Actual,Actual,Synthetic ERP,A6500,1166208.46
2023-08-01,CC-801,Finance & Corporate,Shared Services,Global,Actual,Actual,Synthetic ERP,A6600,259036.7
2023-08-01,CC-801,Finance & Corporate,Shared Services,Global,Actual,Actual,Synthetic ERP,A6800,420000.0
2023-08-01,CC-801,Finance & Corporate,Shared Services,Global,Actual,Actual,Synthetic ERP,A6900,1469422.95
2023-09-01,CC-101,Sales,Digital Commerce,Türkiye,Actual,Actual,Synthetic ERP,A4000,22289757.69
2023-09-01,CC-101,Sales,Digital Commerce,Türkiye,Actual,Actual,Synthetic ERP,A5000,8474925.92
2023-09-01,CC-101,Sales,Digital Commerce,Türkiye,Actual,Actual,Synthetic ERP,A5010,627448.74
2023-09-01,CC-101,Sales,Digital Commerce,Türkiye,Actual,Actual,Synthetic ERP,A5020,662958.0
2023-09-01,CC-101,Sales,Digital Commerce,Türkiye,Actual,Actual,Synthetic ERP,A6000,1482097.99
2023-09-01,CC-101,Sales,Digital Commerce,Türkiye,Actual,Actual,Synthetic ERP,A6010,274188.13
2023-09-01,CC-101,Sales,Digital Commerce,Türkiye,Actual,Actual,Synthetic ERP,A6100,1101372.18
2023-09-01,CC-101,Sales,Digital Commerce,Türkiye,Actual,Actual,Synthetic ERP,A6200,408615.2
2023-09-01,CC-101,Sales,Digital Commerce,Türkiye,Actual,Actual,Synthetic ERP,A6300,172050.59
2023-09-01,CC-101,Sales,Digital Commerce,Türkiye,Actual,Actual,Synthetic ERP,A6400,87398.98
2023-09-01,CC-101,Sales,Digital Commerce,Türkiye,Actual,Actual,Synthetic ERP,A6500,48534.01
2023-09-01,CC-101,Sales,Digital Commerce,Türkiye,Actual,Actual,Synthetic ERP,A6600,29842.19
2023-09-01,CC-102,Sales,Digital Commerce,Europe,Actual,Actual,Synthetic ERP,A4000,13835603.13
2023-09-01,CC-102,Sales,Digital Commerce,Europe,Actual,Actual,Synthetic ERP,A5000,5646140.72
2023-09-01,CC-102,Sales,Digital Commerce,Europe,Actual,Actual,Synthetic ERP,A5010,441965.27
2023-09-01,CC-102,Sales,Digital Commerce,Europe,Actual,Actual,Synthetic ERP,A5020,444926.15
2023-09-01,CC-102,Sales,Digital Commerce,Europe,Actual,Actual,Synthetic ERP,A6000,1095251.9
2023-09-01,CC-102,Sales,Digital Commerce,Europe,Actual,Actual,Synthetic ERP,A6010,202621.6
2023-09-01,CC-102,Sales,Digital Commerce,Europe,Actual,Actual,Synthetic ERP,A6100,678072.41
2023-09-01,CC-102,Sales,Digital Commerce,Europe,Actual,Actual,Synthetic ERP,A6200,252047.05
2023-09-01,CC-102,Sales,Digital Commerce,Europe,Actual,Actual,Synthetic ERP,A6300,108051.49
2023-09-01,CC-102,Sales,Digital Commerce,Europe,Actual,Actual,Synthetic ERP,A6400,52825.84
2023-09-01,CC-102,Sales,Digital Commerce,Europe,Actual,Actual,Synthetic ERP,A6500,29977.39
2023-09-01,CC-102,Sales,Digital Commerce,Europe,Actual,Actual,Synthetic ERP,A6600,17084.06
2023-09-01,CC-103,Sales,Digital Commerce,MENA,Actual,Actual,Synthetic ERP,A4000,7977786.03
2023-09-01,CC-103,Sales,Digital Commerce,MENA,Actual,Actual,Synthetic ERP,A5000,3351325.19
2023-09-01,CC-103,Sales,Digital Commerce,MENA,Actual,Actual,Synthetic ERP,A5010,415929.63
2023-09-01,CC-103,Sales,Digital Commerce,MENA,Actual,Actual,Synthetic ERP,A5020,280353.02
2023-09-01,CC-103,Sales,Digital Commerce,MENA,Actual,Actual,Synthetic ERP,A6000,602404.12
2023-09-01,CC-103,Sales,Digital Commerce,MENA,Actual,Actual,Synthetic ERP,A6010,111444.76
2023-09-01,CC-103,Sales,Digital Commerce,MENA,Actual,Actual,Synthetic ERP,A6100,409738.83
2023-09-01,CC-103,Sales,Digital Commerce,MENA,Actual,Actual,Synthetic ERP,A6200,146692.21
2023-09-01,CC-103,Sales,Digital Commerce,MENA,Actual,Actual,Synthetic ERP,A6300,68681.67
2023-09-01,CC-103,Sales,Digital Commerce,MENA,Actual,Actual,Synthetic ERP,A6400,34452.55
2023-09-01,CC-103,Sales,Digital Commerce,MENA,Actual,Actual,Synthetic ERP,A6500,16841.85
2023-09-01,CC-103,Sales,Digital Commerce,MENA,Actual,Actual,Synthetic ERP,A6600,12002.19
2023-09-01,CC-201,Sales,Retail Stores,Türkiye,Actual,Actual,Synthetic ERP,A4010,18095888.8
2023-09-01,CC-201,Sales,Retail Stores,Türkiye,Actual,Actual,Synthetic ERP,A5000,8256718.6
2023-09-01,CC-201,Sales,Retail Stores,Türkiye,Actual,Actual,Synthetic ERP,A5010,358839.08
2023-09-01,CC-201,Sales,Retail Stores,Türkiye,Actual,Actual,Synthetic ERP,A5020,444747.06
2023-09-01,CC-201,Sales,Retail Stores,Türkiye,Actual,Actual,Synthetic ERP,A6000,1881322.95
2023-09-01,CC-201,Sales,Retail Stores,Türkiye,Actual,Actual,Synthetic ERP,A6010,348044.75
2023-09-01,CC-201,Sales,Retail Stores,Türkiye,Actual,Actual,Synthetic ERP,A6100,368887.25
2023-09-01,CC-201,Sales,Retail Stores,Türkiye,Actual,Actual,Synthetic ERP,A6200,327966.27
2023-09-01,CC-201,Sales,Retail Stores,Türkiye,Actual,Actual,Synthetic ERP,A6300,238882.22
2023-09-01,CC-201,Sales,Retail Stores,Türkiye,Actual,Actual,Synthetic ERP,A6400,299683.42
2023-09-01,CC-201,Sales,Retail Stores,Türkiye,Actual,Actual,Synthetic ERP,A6500,61607.8
2023-09-01,CC-201,Sales,Retail Stores,Türkiye,Actual,Actual,Synthetic ERP,A6600,40526.78
2023-09-01,CC-202,Sales,Retail Stores,Türkiye,Actual,Actual,Synthetic ERP,A4010,12540371.78
2023-09-01,CC-202,Sales,Retail Stores,Türkiye,Actual,Actual,Synthetic ERP,A5000,5859325.42
2023-09-01,CC-202,Sales,Retail Stores,Türkiye,Actual,Actual,Synthetic ERP,A5010,224200.91
2023-09-01,CC-202,Sales,Retail Stores,Türkiye,Actual,Actual,Synthetic ERP,A5020,346956.85
2023-09-01,CC-202,Sales,Retail Stores,Türkiye,Actual,Actual,Synthetic ERP,A6000,1306850.91
2023-09-01,CC-202,Sales,Retail Stores,Türkiye,Actual,Actual,Synthetic ERP,A6010,241767.42
2023-09-01,CC-202,Sales,Retail Stores,Türkiye,Actual,Actual,Synthetic ERP,A6100,251283.45
2023-09-01,CC-202,Sales,Retail Stores,Türkiye,Actual,Actual,Synthetic ERP,A6200,222135.14
2023-09-01,CC-202,Sales,Retail Stores,Türkiye,Actual,Actual,Synthetic ERP,A6300,184116.04
2023-09-01,CC-202,Sales,Retail Stores,Türkiye,Actual,Actual,Synthetic ERP,A6400,234480.68
2023-09-01,CC-202,Sales,Retail Stores,Türkiye,Actual,Actual,Synthetic ERP,A6500,50419.87
2023-09-01,CC-202,Sales,Retail Stores,Türkiye,Actual,Actual,Synthetic ERP,A6600,31161.6
2023-09-01,CC-301,Sales,Wholesale,Türkiye,Actual,Actual,Synthetic ERP,A4020,17408400.09
2023-09-01,CC-301,Sales,Wholesale,Türkiye,Actual,Actual,Synthetic ERP,A5000,9885610.67
2023-09-01,CC-301,Sales,Wholesale,Türkiye,Actual,Actual,Synthetic ERP,A5010,173974.69
2023-09-01,CC-301,Sales,Wholesale,Türkiye,Actual,Actual,Synthetic ERP,A5020,260479.76
2023-09-01,CC-301,Sales,Wholesale,Türkiye,Actual,Actual,Synthetic ERP,A6000,717442.17
2023-09-01,CC-301,Sales,Wholesale,Türkiye,Actual,Actual,Synthetic ERP,A6010,132726.8
2023-09-01,CC-301,Sales,Wholesale,Türkiye,Actual,Actual,Synthetic ERP,A6100,346877.59
2023-09-01,CC-301,Sales,Wholesale,Türkiye,Actual,Actual,Synthetic ERP,A6200,171000.15
2023-09-01,CC-301,Sales,Wholesale,Türkiye,Actual,Actual,Synthetic ERP,A6300,96650.52
2023-09-01,CC-301,Sales,Wholesale,Türkiye,Actual,Actual,Synthetic ERP,A6400,49051.42
2023-09-01,CC-301,Sales,Wholesale,Türkiye,Actual,Actual,Synthetic ERP,A6500,27354.07
2023-09-01,CC-301,Sales,Wholesale,Türkiye,Actual,Actual,Synthetic ERP,A6600,15764.03
2023-09-01,CC-302,Sales,Wholesale,Europe,Actual,Actual,Synthetic ERP,A4020,13842817.53
2023-09-01,CC-302,Sales,Wholesale,Europe,Actual,Actual,Synthetic ERP,A5000,8114725.4
2023-09-01,CC-302,Sales,Wholesale,Europe,Actual,Actual,Synthetic ERP,A5010,167913.16
2023-09-01,CC-302,Sales,Wholesale,Europe,Actual,Actual,Synthetic ERP,A5020,247787.91
2023-09-01,CC-302,Sales,Wholesale,Europe,Actual,Actual,Synthetic ERP,A6000,732187.53
2023-09-01,CC-302,Sales,Wholesale,Europe,Actual,Actual,Synthetic ERP,A6010,135454.69
2023-09-01,CC-302,Sales,Wholesale,Europe,Actual,Actual,Synthetic ERP,A6100,270191.53
2023-09-01,CC-302,Sales,Wholesale,Europe,Actual,Actual,Synthetic ERP,A6200,142306.22
2023-09-01,CC-302,Sales,Wholesale,Europe,Actual,Actual,Synthetic ERP,A6300,77319.01
2023-09-01,CC-302,Sales,Wholesale,Europe,Actual,Actual,Synthetic ERP,A6400,39610.15
2023-09-01,CC-302,Sales,Wholesale,Europe,Actual,Actual,Synthetic ERP,A6500,20882.83
2023-09-01,CC-302,Sales,Wholesale,Europe,Actual,Actual,Synthetic ERP,A6600,12359.61
2023-09-01,CC-401,Customer Success,Subscription Services,Türkiye,Actual,Actual,Synthetic ERP,A4030,5249140.08
2023-09-01,CC-401,Customer Success,Subscription Services,Türkiye,Actual,Actual,Synthetic ERP,A5000,1098216.2
2023-09-01,CC-401,Customer Success,Subscription Services,Türkiye,Actual,Actual,Synthetic ERP,A5010,131591.97
2023-09-01,CC-401,Customer Success,Subscription Services,Türkiye,Actual,Actual,Synthetic ERP,A5020,93782.89
2023-09-01,CC-401,Customer Success,Subscription Services,Türkiye,Actual,Actual,Synthetic ERP,A6000,1146088.66
2023-09-01,CC-401,Customer Success,Subscription Services,Türkiye,Actual,Actual,Synthetic ERP,A6010,212026.4
2023-09-01,CC-401,Customer Success,Subscription Services,Türkiye,Actual,Actual,Synthetic ERP,A6100,309709.55
2023-09-01,CC-401,Customer Success,Subscription Services,Türkiye,Actual,Actual,Synthetic ERP,A6200,51788.45
2023-09-01,CC-401,Customer Success,Subscription Services,Türkiye,Actual,Actual,Synthetic ERP,A6300,570006.64
2023-09-01,CC-401,Customer Success,Subscription Services,Türkiye,Actual,Actual,Synthetic ERP,A6400,62466.06
2023-09-01,CC-401,Customer Success,Subscription Services,Türkiye,Actual,Actual,Synthetic ERP,A6500,36766.28
2023-09-01,CC-401,Customer Success,Subscription Services,Türkiye,Actual,Actual,Synthetic ERP,A6600,18084.21
2023-09-01,CC-501,Marketing,Shared Services,Global,Actual,Actual,Synthetic ERP,A6000,1382832.97
2023-09-01,CC-501,Marketing,Shared Services,Global,Actual,Actual,Synthetic ERP,A6010,255824.1
2023-09-01,CC-501,Marketing,Shared Services,Global,Actual,Actual,Synthetic ERP,A6100,3152519.67
2023-09-01,CC-501,Marketing,Shared Services,Global,Actual,Actual,Synthetic ERP,A6300,195063.99
2023-09-01,CC-501,Marketing,Shared Services,Global,Actual,Actual,Synthetic ERP,A6400,68521.15
2023-09-01,CC-501,Marketing,Shared Services,Global,Actual,Actual,Synthetic ERP,A6500,267997.69
2023-09-01,CC-501,Marketing,Shared Services,Global,Actual,Actual,Synthetic ERP,A6600,108840.61
2023-09-01,CC-601,Operations,Shared Services,Türkiye,Actual,Actual,Synthetic ERP,A6000,2059546.75
2023-09-01,CC-601,Operations,Shared Services,Türkiye,Actual,Actual,Synthetic ERP,A6010,381016.15
2023-09-01,CC-601,Operations,Shared Services,Türkiye,Actual,Actual,Synthetic ERP,A6200,3361764.45
2023-09-01,CC-601,Operations,Shared Services,Türkiye,Actual,Actual,Synthetic ERP,A6300,348183.02
2023-09-01,CC-601,Operations,Shared Services,Türkiye,Actual,Actual,Synthetic ERP,A6400,903947.46
2023-09-01,CC-601,Operations,Shared Services,Türkiye,Actual,Actual,Synthetic ERP,A6500,196784.93
2023-09-01,CC-601,Operations,Shared Services,Türkiye,Actual,Actual,Synthetic ERP,A6600,93364.64
2023-09-01,CC-701,Technology,Shared Services,Global,Actual,Actual,Synthetic ERP,A6000,2435152.21
2023-09-01,CC-701,Technology,Shared Services,Global,Actual,Actual,Synthetic ERP,A6010,450503.16
2023-09-01,CC-701,Technology,Shared Services,Global,Actual,Actual,Synthetic ERP,A6300,2956435.52
2023-09-01,CC-701,Technology,Shared Services,Global,Actual,Actual,Synthetic ERP,A6400,203400.66
2023-09-01,CC-701,Technology,Shared Services,Global,Actual,Actual,Synthetic ERP,A6500,734566.74
2023-09-01,CC-701,Technology,Shared Services,Global,Actual,Actual,Synthetic ERP,A6600,152451.33
2023-09-01,CC-701,Technology,Shared Services,Global,Actual,Actual,Synthetic ERP,A6700,169791.67
2023-09-01,CC-801,Finance & Corporate,Shared Services,Global,Actual,Actual,Synthetic ERP,A6000,1648339.02
2023-09-01,CC-801,Finance & Corporate,Shared Services,Global,Actual,Actual,Synthetic ERP,A6010,304942.72
2023-09-01,CC-801,Finance & Corporate,Shared Services,Global,Actual,Actual,Synthetic ERP,A6300,499869.25
2023-09-01,CC-801,Finance & Corporate,Shared Services,Global,Actual,Actual,Synthetic ERP,A6400,1060610.56
2023-09-01,CC-801,Finance & Corporate,Shared Services,Global,Actual,Actual,Synthetic ERP,A6500,1099794.94
2023-09-01,CC-801,Finance & Corporate,Shared Services,Global,Actual,Actual,Synthetic ERP,A6600,238386.88
2023-09-01,CC-801,Finance & Corporate,Shared Services,Global,Actual,Actual,Synthetic ERP,A6800,420000.0
2023-09-01,CC-801,Finance & Corporate,Shared Services,Global,Actual,Actual,Synthetic ERP,A6900,2788232.34
2023-10-01,CC-101,Sales,Digital Commerce,Türkiye,Actual,Actual,Synthetic ERP,A4000,24503318.54
2023-10-01,CC-101,Sales,Digital Commerce,Türkiye,Actual,Actual,Synthetic ERP,A5000,9364156.19
2023-10-01,CC-101,Sales,Digital Commerce,Türkiye,Actual,Actual,Synthetic ERP,A5010,695522.48
2023-10-01,CC-101,Sales,Digital Commerce,Türkiye,Actual,Actual,Synthetic ERP,A5020,727468.78
2023-10-01,CC-101,Sales,Digital Commerce,Türkiye,Actual,Actual,Synthetic ERP,A6000,1469319.88
2023-10-01,CC-101,Sales,Digital Commerce,Türkiye,Actual,Actual,Synthetic ERP,A6010,271824.18
2023-10-01,CC-101,Sales,Digital Commerce,Türkiye,Actual,Actual,Synthetic ERP,A6100,1205226.18
2023-10-01,CC-101,Sales,Digital Commerce,Türkiye,Actual,Actual,Synthetic ERP,A6200,437542.17
2023-10-01,CC-101,Sales,Digital Commerce,Türkiye,Actual,Actual,Synthetic ERP,A6300,179511.05
2023-10-01,CC-101,Sales,Digital Commerce,Türkiye,Actual,Actual,Synthetic ERP,A6400,88873.79
2023-10-01,CC-101,Sales,Digital Commerce,Türkiye,Actual,Actual,Synthetic ERP,A6500,49563.16
2023-10-01,CC-101,Sales,Digital Commerce,Türkiye,Actual,Actual,Synthetic ERP,A6600,27163.38
2023-10-01,CC-102,Sales,Digital Commerce,Europe,Actual,Actual,Synthetic ERP,A4000,15949301.04
2023-10-01,CC-102,Sales,Digital Commerce,Europe,Actual,Actual,Synthetic ERP,A5000,6235887.54
2023-10-01,CC-102,Sales,Digital Commerce,Europe,Actual,Actual,Synthetic ERP,A5010,513751.32
2023-10-01,CC-102,Sales,Digital Commerce,Europe,Actual,Actual,Synthetic ERP,A5020,512357.55
2023-10-01,CC-102,Sales,Digital Commerce,Europe,Actual,Actual,Synthetic ERP,A6000,1179852.21
2023-10-01,CC-102,Sales,Digital Commerce,Europe,Actual,Actual,Synthetic ERP,A6010,218272.66
2023-10-01,CC-102,Sales,Digital Commerce,Europe,Actual,Actual,Synthetic ERP,A6100,800286.3
2023-10-01,CC-102,Sales,Digital Commerce,Europe,Actual,Actual,Synthetic ERP,A6200,285375.88
2023-10-01,CC-102,Sales,Digital Commerce,Europe,Actual,Actual,Synthetic ERP,A6300,108108.3
2023-10-01,CC-102,Sales,Digital Commerce,Europe,Actual,Actual,Synthetic ERP,A6400,54164.13
2023-10-01,CC-102,Sales,Digital Commerce,Europe,Actual,Actual,Synthetic ERP,A6500,26854.98
2023-10-01,CC-102,Sales,Digital Commerce,Europe,Actual,Actual,Synthetic ERP,A6600,16947.91
2023-10-01,CC-103,Sales,Digital Commerce,MENA,Actual,Actual,Synthetic ERP,A4000,8840145.67
2023-10-01,CC-103,Sales,Digital Commerce,MENA,Actual,Actual,Synthetic ERP,A5000,3659393.09
2023-10-01,CC-103,Sales,Digital Commerce,MENA,Actual,Actual,Synthetic ERP,A5010,453815.57
2023-10-01,CC-103,Sales,Digital Commerce,MENA,Actual,Actual,Synthetic ERP,A5020,308154.7
2023-10-01,CC-103,Sales,Digital Commerce,MENA,Actual,Actual,Synthetic ERP,A6000,606056.26
2023-10-01,CC-103,Sales,Digital Commerce,MENA,Actual,Actual,Synthetic ERP,A6010,112120.41
2023-10-01,CC-103,Sales,Digital Commerce,MENA,Actual,Actual,Synthetic ERP,A6100,447673.81
2023-10-01,CC-103,Sales,Digital Commerce,MENA,Actual,Actual,Synthetic ERP,A6200,162270.91
2023-10-01,CC-103,Sales,Digital Commerce,MENA,Actual,Actual,Synthetic ERP,A6300,68903.01
2023-10-01,CC-103,Sales,Digital Commerce,MENA,Actual,Actual,Synthetic ERP,A6400,33635.76
2023-10-01,CC-103,Sales,Digital Commerce,MENA,Actual,Actual,Synthetic ERP,A6500,17029.13
2023-10-01,CC-103,Sales,Digital Commerce,MENA,Actual,Actual,Synthetic ERP,A6600,10796.16
2023-10-01,CC-201,Sales,Retail Stores,Türkiye,Actual,Actual,Synthetic ERP,A4010,18041202.32
2023-10-01,CC-201,Sales,Retail Stores,Türkiye,Actual,Actual,Synthetic ERP,A5000,8353664.85
2023-10-01,CC-201,Sales,Retail Stores,Türkiye,Actual,Actual,Synthetic ERP,A5010,368492.97
2023-10-01,CC-201,Sales,Retail Stores,Türkiye,Actual,Actual,Synthetic ERP,A5020,449804.36
2023-10-01,CC-201,Sales,Retail Stores,Türkiye,Actual,Actual,Synthetic ERP,A6000,1897403.33
2023-10-01,CC-201,Sales,Retail Stores,Türkiye,Actual,Actual,Synthetic ERP,A6010,351019.62
2023-10-01,CC-201,Sales,Retail Stores,Türkiye,Actual,Actual,Synthetic ERP,A6100,348328.99
2023-10-01,CC-201,Sales,Retail Stores,Türkiye,Actual,Actual,Synthetic ERP,A6200,318146.85
2023-10-01,CC-201,Sales,Retail Stores,Türkiye,Actual,Actual,Synthetic ERP,A6300,241474.46
2023-10-01,CC-201,Sales,Retail Stores,Türkiye,Actual,Actual,Synthetic ERP,A6400,298766.58
2023-10-01,CC-201,Sales,Retail Stores,Türkiye,Actual,Actual,Synthetic ERP,A6500,57011.42
2023-10-01,CC-201,Sales,Retail Stores,Türkiye,Actual,Actual,Synthetic ERP,A6600,41756.93
2023-10-01,CC-201,Sales,Retail Stores,Türkiye,Actual,Actual,Synthetic ERP,A6700,107500.0
2023-10-01,CC-202,Sales,Retail Stores,Türkiye,Actual,Actual,Synthetic ERP,A4010,12112573.93
2023-10-01,CC-202,Sales,Retail Stores,Türkiye,Actual,Actual,Synthetic ERP,A5000,5707284.55
2023-10-01,CC-202,Sales,Retail Stores,Türkiye,Actual,Actual,Synthetic ERP,A5010,219197.81
2023-10-01,CC-202,Sales,Retail Stores,Türkiye,Actual,Actual,Synthetic ERP,A5020,326689.9
2023-10-01,CC-202,Sales,Retail Stores,Türkiye,Actual,Actual,Synthetic ERP,A6000,1307519.72
2023-10-01,CC-202,Sales,Retail Stores,Türkiye,Actual,Actual,Synthetic ERP,A6010,241891.15
2023-10-01,CC-202,Sales,Retail Stores,Türkiye,Actual,Actual,Synthetic ERP,A6100,245660.67
2023-10-01,CC-202,Sales,Retail Stores,Türkiye,Actual,Actual,Synthetic ERP,A6200,219032.0
2023-10-01,CC-202,Sales,Retail Stores,Türkiye,Actual,Actual,Synthetic ERP,A6300,186861.42
2023-10-01,CC-202,Sales,Retail Stores,Türkiye,Actual,Actual,Synthetic ERP,A6400,239285.25
2023-10-01,CC-202,Sales,Retail Stores,Türkiye,Actual,Actual,Synthetic ERP,A6500,51424.0
2023-10-01,CC-202,Sales,Retail Stores,Türkiye,Actual,Actual,Synthetic ERP,A6600,28995.79
2023-10-01,CC-301,Sales,Wholesale,Türkiye,Actual,Actual,Synthetic ERP,A4020,17130628.37
2023-10-01,CC-301,Sales,Wholesale,Türkiye,Actual,Actual,Synthetic ERP,A5000,9701123.99
2023-10-01,CC-301,Sales,Wholesale,Türkiye,Actual,Actual,Synthetic ERP,A5010,169988.43
2023-10-01,CC-301,Sales,Wholesale,Türkiye,Actual,Actual,Synthetic ERP,A5020,256493.2
2023-10-01,CC-301,Sales,Wholesale,Türkiye,Actual,Actual,Synthetic ERP,A6000,699785.38
2023-10-01,CC-301,Sales,Wholesale,Türkiye,Actual,Actual,Synthetic ERP,A6010,129460.3
2023-10-01,CC-301,Sales,Wholesale,Türkiye,Actual,Actual,Synthetic ERP,A6100,334526.5
2023-10-01,CC-301,Sales,Wholesale,Türkiye,Actual,Actual,Synthetic ERP,A6200,167988.2
2023-10-01,CC-301,Sales,Wholesale,Türkiye,Actual,Actual,Synthetic ERP,A6300,96755.22
2023-10-01,CC-301,Sales,Wholesale,Türkiye,Actual,Actual,Synthetic ERP,A6400,49225.83
2023-10-01,CC-301,Sales,Wholesale,Türkiye,Actual,Actual,Synthetic ERP,A6500,27920.87
2023-10-01,CC-301,Sales,Wholesale,Türkiye,Actual,Actual,Synthetic ERP,A6600,17316.06
2023-10-01,CC-302,Sales,Wholesale,Europe,Actual,Actual,Synthetic ERP,A4020,13461868.28
2023-10-01,CC-302,Sales,Wholesale,Europe,Actual,Actual,Synthetic ERP,A5000,7960753.73
2023-10-01,CC-302,Sales,Wholesale,Europe,Actual,Actual,Synthetic ERP,A5010,162804.67
2023-10-01,CC-302,Sales,Wholesale,Europe,Actual,Actual,Synthetic ERP,A5020,241805.82
2023-10-01,CC-302,Sales,Wholesale,Europe,Actual,Actual,Synthetic ERP,A6000,710549.5
2023-10-01,CC-302,Sales,Wholesale,Europe,Actual,Actual,Synthetic ERP,A6010,131451.66
2023-10-01,CC-302,Sales,Wholesale,Europe,Actual,Actual,Synthetic ERP,A6100,275391.57
2023-10-01,CC-302,Sales,Wholesale,Europe,Actual,Actual,Synthetic ERP,A6200,139208.37
2023-10-01,CC-302,Sales,Wholesale,Europe,Actual,Actual,Synthetic ERP,A6300,78446.71
2023-10-01,CC-302,Sales,Wholesale,Europe,Actual,Actual,Synthetic ERP,A6400,39319.58
2023-10-01,CC-302,Sales,Wholesale,Europe,Actual,Actual,Synthetic ERP,A6500,20602.91
2023-10-01,CC-302,Sales,Wholesale,Europe,Actual,Actual,Synthetic ERP,A6600,13561.35
2023-10-01,CC-401,Customer Success,Subscription Services,Türkiye,Actual,Actual,Synthetic ERP,A4030,5185397.28
2023-10-01,CC-401,Customer Success,Subscription Services,Türkiye,Actual,Actual,Synthetic ERP,A5000,1091995.63
2023-10-01,CC-401,Customer Success,Subscription Services,Türkiye,Actual,Actual,Synthetic ERP,A5010,129560.74
2023-10-01,CC-401,Customer Success,Subscription Services,Türkiye,Actual,Actual,Synthetic ERP,A5020,93821.43
2023-10-01,CC-401,Customer Success,Subscription Services,Türkiye,Actual,Actual,Synthetic ERP,A6000,1192305.28
2023-10-01,CC-401,Customer Success,Subscription Services,Türkiye,Actual,Actual,Synthetic ERP,A6010,220576.48
2023-10-01,CC-401,Customer Success,Subscription Services,Türkiye,Actual,Actual,Synthetic ERP,A6100,297144.23
2023-10-01,CC-401,Customer Success,Subscription Services,Türkiye,Actual,Actual,Synthetic ERP,A6200,51043.9
2023-10-01,CC-401,Customer Success,Subscription Services,Türkiye,Actual,Actual,Synthetic ERP,A6300,572031.93
2023-10-01,CC-401,Customer Success,Subscription Services,Türkiye,Actual,Actual,Synthetic ERP,A6400,63363.78
2023-10-01,CC-401,Customer Success,Subscription Services,Türkiye,Actual,Actual,Synthetic ERP,A6500,35309.31
2023-10-01,CC-401,Customer Success,Subscription Services,Türkiye,Actual,Actual,Synthetic ERP,A6600,23602.52
2023-10-01,CC-501,Marketing,Shared Services,Global,Actual,Actual,Synthetic ERP,A6000,1346542.36
2023-10-01,CC-501,Marketing,Shared Services,Global,Actual,Actual,Synthetic ERP,A6010,249110.34
2023-10-01,CC-501,Marketing,Shared Services,Global,Actual,Actual,Synthetic ERP,A6100,3179718.74
2023-10-01,CC-501,Marketing,Shared Services,Global,Actual,Actual,Synthetic ERP,A6300,192769.91
2023-10-01,CC-501,Marketing,Shared Services,Global,Actual,Actual,Synthetic ERP,A6400,71739.13
2023-10-01,CC-501,Marketing,Shared Services,Global,Actual,Actual,Synthetic ERP,A6500,258510.78
2023-10-01,CC-501,Marketing,Shared Services,Global,Actual,Actual,Synthetic ERP,A6600,116315.37
2023-10-01,CC-601,Operations,Shared Services,Türkiye,Actual,Actual,Synthetic ERP,A6000,2054461.96
2023-10-01,CC-601,Operations,Shared Services,Türkiye,Actual,Actual,Synthetic ERP,A6010,380075.46
2023-10-01,CC-601,Operations,Shared Services,Türkiye,Actual,Actual,Synthetic ERP,A6200,3475328.05
2023-10-01,CC-601,Operations,Shared Services,Türkiye,Actual,Actual,Synthetic ERP,A6300,341403.81
2023-10-01,CC-601,Operations,Shared Services,Türkiye,Actual,Actual,Synthetic ERP,A6400,920399.85
2023-10-01,CC-601,Operations,Shared Services,Türkiye,Actual,Actual,Synthetic ERP,A6500,214982.42
2023-10-01,CC-601,Operations,Shared Services,Türkiye,Actual,Actual,Synthetic ERP,A6600,87903.64
2023-10-01,CC-701,Technology,Shared Services,Global,Actual,Actual,Synthetic ERP,A6000,2348360.65
2023-10-01,CC-701,Technology,Shared Services,Global,Actual,Actual,Synthetic ERP,A6010,434446.72
2023-10-01,CC-701,Technology,Shared Services,Global,Actual,Actual,Synthetic ERP,A6300,2943222.59
2023-10-01,CC-701,Technology,Shared Services,Global,Actual,Actual,Synthetic ERP,A6400,206653.85
2023-10-01,CC-701,Technology,Shared Services,Global,Actual,Actual,Synthetic ERP,A6500,795485.96
2023-10-01,CC-701,Technology,Shared Services,Global,Actual,Actual,Synthetic ERP,A6600,162160.81
2023-10-01,CC-701,Technology,Shared Services,Global,Actual,Actual,Synthetic ERP,A6700,169791.67
2023-10-01,CC-801,Finance & Corporate,Shared Services,Global,Actual,Actual,Synthetic ERP,A6000,1659245.0
2023-10-01,CC-801,Finance & Corporate,Shared Services,Global,Actual,Actual,Synthetic ERP,A6010,306960.32
2023-10-01,CC-801,Finance & Corporate,Shared Services,Global,Actual,Actual,Synthetic ERP,A6300,526886.01
2023-10-01,CC-801,Finance & Corporate,Shared Services,Global,Actual,Actual,Synthetic ERP,A6400,1063879.52
2023-10-01,CC-801,Finance & Corporate,Shared Services,Global,Actual,Actual,Synthetic ERP,A6500,1111387.65
2023-10-01,CC-801,Finance & Corporate,Shared Services,Global,Actual,Actual,Synthetic ERP,A6600,256329.4
2023-10-01,CC-801,Finance & Corporate,Shared Services,Global,Actual,Actual,Synthetic ERP,A6800,420000.0
2023-10-01,CC-801,Finance & Corporate,Shared Services,Global,Actual,Actual,Synthetic ERP,A6900,3195009.23
2023-11-01,CC-101,Sales,Digital Commerce,Türkiye,Actual,Actual,Synthetic ERP,A4000,27330890.73
2023-11-01,CC-101,Sales,Digital Commerce,Türkiye,Actual,Actual,Synthetic ERP,A5000,10292017.77
2023-11-01,CC-101,Sales,Digital Commerce,Türkiye,Actual,Actual,Synthetic ERP,A5010,774187.21
2023-11-01,CC-101,Sales,Digital Commerce,Türkiye,Actual,Actual,Synthetic ERP,A5020,824436.29
2023-11-01,CC-101,Sales,Digital Commerce,Türkiye,Actual,Actual,Synthetic ERP,A6000,1499599.55
2023-11-01,CC-101,Sales,Digital Commerce,Türkiye,Actual,Actual,Synthetic ERP,A6010,277425.92
2023-11-01,CC-101,Sales,Digital Commerce,Türkiye,Actual,Actual,Synthetic ERP,A6100,1331127.14
2023-11-01,CC-101,Sales,Digital Commerce,Türkiye,Actual,Actual,Synthetic ERP,A6200,478089.61
2023-11-01,CC-101,Sales,Digital Commerce,Türkiye,Actual,Actual,Synthetic ERP,A6300,177396.28
2023-11-01,CC-101,Sales,Digital Commerce,Türkiye,Actual,Actual,Synthetic ERP,A6400,89242.5
2023-11-01,CC-101,Sales,Digital Commerce,Türkiye,Actual,Actual,Synthetic ERP,A6500,48501.9
2023-11-01,CC-101,Sales,Digital Commerce,Türkiye,Actual,Actual,Synthetic ERP,A6600,30661.64
2023-11-01,CC-102,Sales,Digital Commerce,Europe,Actual,Actual,Synthetic ERP,A4000,17390091.25
2023-11-01,CC-102,Sales,Digital Commerce,Europe,Actual,Actual,Synthetic ERP,A5000,7012667.97
2023-11-01,CC-102,Sales,Digital Commerce,Europe,Actual,Actual,Synthetic ERP,A5010,549700.15
2023-11-01,CC-102,Sales,Digital Commerce,Europe,Actual,Actual,Synthetic ERP,A5020,554789.95
2023-11-01,CC-102,Sales,Digital Commerce,Europe,Actual,Actual,Synthetic ERP,A6000,1106417.68
2023-11-01,CC-102,Sales,Digital Commerce,Europe,Actual,Actual,Synthetic ERP,A6010,204687.27
2023-11-01,CC-102,Sales,Digital Commerce,Europe,Actual,Actual,Synthetic ERP,A6100,880942.2
2023-11-01,CC-102,Sales,Digital Commerce,Europe,Actual,Actual,Synthetic ERP,A6200,319881.4
2023-11-01,CC-102,Sales,Digital Commerce,Europe,Actual,Actual,Synthetic ERP,A6300,107813.68
2023-11-01,CC-102,Sales,Digital Commerce,Europe,Actual,Actual,Synthetic ERP,A6400,54642.36
2023-11-01,CC-102,Sales,Digital Commerce,Europe,Actual,Actual,Synthetic ERP,A6500,27305.64
2023-11-01,CC-102,Sales,Digital Commerce,Europe,Actual,Actual,Synthetic ERP,A6600,17712.38
2023-11-01,CC-103,Sales,Digital Commerce,MENA,Actual,Actual,Synthetic ERP,A4000,10421197.66
2023-11-01,CC-103,Sales,Digital Commerce,MENA,Actual,Actual,Synthetic ERP,A5000,4398104.69
2023-11-01,CC-103,Sales,Digital Commerce,MENA,Actual,Actual,Synthetic ERP,A5010,540710.17
2023-11-01,CC-103,Sales,Digital Commerce,MENA,Actual,Actual,Synthetic ERP,A5020,369199.46
2023-11-01,CC-103,Sales,Digital Commerce,MENA,Actual,Actual,Synthetic ERP,A6000,626962.33
2023-11-01,CC-103,Sales,Digital Commerce,MENA,Actual,Actual,Synthetic ERP,A6010,115988.03
2023-11-01,CC-103,Sales,Digital Commerce,MENA,Actual,Actual,Synthetic ERP,A6100,531196.45
2023-11-01,CC-103,Sales,Digital Commerce,MENA,Actual,Actual,Synthetic ERP,A6200,188763.29
2023-11-01,CC-103,Sales,Digital Commerce,MENA,Actual,Actual,Synthetic ERP,A6300,69025.72
2023-11-01,CC-103,Sales,Digital Commerce,MENA,Actual,Actual,Synthetic ERP,A6400,34404.68
2023-11-01,CC-103,Sales,Digital Commerce,MENA,Actual,Actual,Synthetic ERP,A6500,18825.36
2023-11-01,CC-103,Sales,Digital Commerce,MENA,Actual,Actual,Synthetic ERP,A6600,10698.22
2023-11-01,CC-201,Sales,Retail Stores,Türkiye,Actual,Actual,Synthetic ERP,A4010,19574695.17
2023-11-01,CC-201,Sales,Retail Stores,Türkiye,Actual,Actual,Synthetic ERP,A5000,8971007.08
2023-11-01,CC-201,Sales,Retail Stores,Türkiye,Actual,Actual,Synthetic ERP,A5010,388898.51
2023-11-01,CC-201,Sales,Retail Stores,Türkiye,Actual,Actual,Synthetic ERP,A5020,488808.51
2023-11-01,CC-201,Sales,Retail Stores,Türkiye,Actual,Actual,Synthetic ERP,A6000,2016274.69
2023-11-01,CC-201,Sales,Retail Stores,Türkiye,Actual,Actual,Synthetic ERP,A6010,373010.82
2023-11-01,CC-201,Sales,Retail Stores,Türkiye,Actual,Actual,Synthetic ERP,A6100,392462.02
2023-11-01,CC-201,Sales,Retail Stores,Türkiye,Actual,Actual,Synthetic ERP,A6200,367365.7
2023-11-01,CC-201,Sales,Retail Stores,Türkiye,Actual,Actual,Synthetic ERP,A6300,232229.95
2023-11-01,CC-201,Sales,Retail Stores,Türkiye,Actual,Actual,Synthetic ERP,A6400,308245.63
2023-11-01,CC-201,Sales,Retail Stores,Türkiye,Actual,Actual,Synthetic ERP,A6500,62517.38
2023-11-01,CC-201,Sales,Retail Stores,Türkiye,Actual,Actual,Synthetic ERP,A6600,40572.93
2023-11-01,CC-201,Sales,Retail Stores,Türkiye,Actual,Actual,Synthetic ERP,A6700,107500.0
2023-11-01,CC-202,Sales,Retail Stores,Türkiye,Actual,Actual,Synthetic ERP,A4010,13913553.52
2023-11-01,CC-202,Sales,Retail Stores,Türkiye,Actual,Actual,Synthetic ERP,A5000,6532498.15
2023-11-01,CC-202,Sales,Retail Stores,Türkiye,Actual,Actual,Synthetic ERP,A5010,250043.48
2023-11-01,CC-202,Sales,Retail Stores,Türkiye,Actual,Actual,Synthetic ERP,A5020,373085.92
2023-11-01,CC-202,Sales,Retail Stores,Türkiye,Actual,Actual,Synthetic ERP,A6000,1252060.99
2023-11-01,CC-202,Sales,Retail Stores,Türkiye,Actual,Actual,Synthetic ERP,A6010,231631.28
2023-11-01,CC-202,Sales,Retail Stores,Türkiye,Actual,Actual,Synthetic ERP,A6100,283563.47
2023-11-01,CC-202,Sales,Retail Stores,Türkiye,Actual,Actual,Synthetic ERP,A6200,257538.06
2023-11-01,CC-202,Sales,Retail Stores,Türkiye,Actual,Actual,Synthetic ERP,A6300,188431.71
2023-11-01,CC-202,Sales,Retail Stores,Türkiye,Actual,Actual,Synthetic ERP,A6400,235637.32
2023-11-01,CC-202,Sales,Retail Stores,Türkiye,Actual,Actual,Synthetic ERP,A6500,49853.05
2023-11-01,CC-202,Sales,Retail Stores,Türkiye,Actual,Actual,Synthetic ERP,A6600,28515.0
2023-11-01,CC-301,Sales,Wholesale,Türkiye,Actual,Actual,Synthetic ERP,A4020,15601399.73
2023-11-01,CC-301,Sales,Wholesale,Türkiye,Actual,Actual,Synthetic ERP,A5000,8878247.02
2023-11-01,CC-301,Sales,Wholesale,Türkiye,Actual,Actual,Synthetic ERP,A5010,157343.62
2023-11-01,CC-301,Sales,Wholesale,Türkiye,Actual,Actual,Synthetic ERP,A5020,233829.28
2023-11-01,CC-301,Sales,Wholesale,Türkiye,Actual,Actual,Synthetic ERP,A6000,743795.64
2023-11-01,CC-301,Sales,Wholesale,Türkiye,Actual,Actual,Synthetic ERP,A6010,137602.19
2023-11-01,CC-301,Sales,Wholesale,Türkiye,Actual,Actual,Synthetic ERP,A6100,305127.23
2023-11-01,CC-301,Sales,Wholesale,Türkiye,Actual,Actual,Synthetic ERP,A6200,160128.53
2023-11-01,CC-301,Sales,Wholesale,Türkiye,Actual,Actual,Synthetic ERP,A6300,95089.21
2023-11-01,CC-301,Sales,Wholesale,Türkiye,Actual,Actual,Synthetic ERP,A6400,49608.54
2023-11-01,CC-301,Sales,Wholesale,Türkiye,Actual,Actual,Synthetic ERP,A6500,27033.44
2023-11-01,CC-301,Sales,Wholesale,Türkiye,Actual,Actual,Synthetic ERP,A6600,16913.06
2023-11-01,CC-302,Sales,Wholesale,Europe,Actual,Actual,Synthetic ERP,A4020,12084179.88
2023-11-01,CC-302,Sales,Wholesale,Europe,Actual,Actual,Synthetic ERP,A5000,7177715.77
2023-11-01,CC-302,Sales,Wholesale,Europe,Actual,Actual,Synthetic ERP,A5010,144503.64
2023-11-01,CC-302,Sales,Wholesale,Europe,Actual,Actual,Synthetic ERP,A5020,216888.61
2023-11-01,CC-302,Sales,Wholesale,Europe,Actual,Actual,Synthetic ERP,A6000,721585.9
2023-11-01,CC-302,Sales,Wholesale,Europe,Actual,Actual,Synthetic ERP,A6010,133493.39
2023-11-01,CC-302,Sales,Wholesale,Europe,Actual,Actual,Synthetic ERP,A6100,234884.62
2023-11-01,CC-302,Sales,Wholesale,Europe,Actual,Actual,Synthetic ERP,A6200,119519.48
2023-11-01,CC-302,Sales,Wholesale,Europe,Actual,Actual,Synthetic ERP,A6300,80392.21
2023-11-01,CC-302,Sales,Wholesale,Europe,Actual,Actual,Synthetic ERP,A6400,39752.64
2023-11-01,CC-302,Sales,Wholesale,Europe,Actual,Actual,Synthetic ERP,A6500,21992.68
2023-11-01,CC-302,Sales,Wholesale,Europe,Actual,Actual,Synthetic ERP,A6600,11883.6
2023-11-01,CC-401,Customer Success,Subscription Services,Türkiye,Actual,Actual,Synthetic ERP,A4030,5719859.92
2023-11-01,CC-401,Customer Success,Subscription Services,Türkiye,Actual,Actual,Synthetic ERP,A5000,1207898.1
2023-11-01,CC-401,Customer Success,Subscription Services,Türkiye,Actual,Actual,Synthetic ERP,A5010,141901.85
2023-11-01,CC-401,Customer Success,Subscription Services,Türkiye,Actual,Actual,Synthetic ERP,A5020,104421.68
2023-11-01,CC-401,Customer Success,Subscription Services,Türkiye,Actual,Actual,Synthetic ERP,A6000,1183916.59
2023-11-01,CC-401,Customer Success,Subscription Services,Türkiye,Actual,Actual,Synthetic ERP,A6010,219024.57
2023-11-01,CC-401,Customer Success,Subscription Services,Türkiye,Actual,Actual,Synthetic ERP,A6100,320096.53
2023-11-01,CC-401,Customer Success,Subscription Services,Türkiye,Actual,Actual,Synthetic ERP,A6200,57066.59
2023-11-01,CC-401,Customer Success,Subscription Services,Türkiye,Actual,Actual,Synthetic ERP,A6300,605000.8
2023-11-01,CC-401,Customer Success,Subscription Services,Türkiye,Actual,Actual,Synthetic ERP,A6400,64743.44
2023-11-01,CC-401,Customer Success,Subscription Services,Türkiye,Actual,Actual,Synthetic ERP,A6500,30210.56
2023-11-01,CC-401,Customer Success,Subscription Services,Türkiye,Actual,Actual,Synthetic ERP,A6600,19712.97
2023-11-01,CC-501,Marketing,Shared Services,Global,Actual,Actual,Synthetic ERP,A6000,1351374.57
2023-11-01,CC-501,Marketing,Shared Services,Global,Actual,Actual,Synthetic ERP,A6010,250004.29
2023-11-01,CC-501,Marketing,Shared Services,Global,Actual,Actual,Synthetic ERP,A6100,3192365.54
2023-11-01,CC-501,Marketing,Shared Services,Global,Actual,Actual,Synthetic ERP,A6300,193200.75
2023-11-01,CC-501,Marketing,Shared Services,Global,Actual,Actual,Synthetic ERP,A6400,72841.38
2023-11-01,CC-501,Marketing,Shared Services,Global,Actual,Actual,Synthetic ERP,A6500,252473.78
2023-11-01,CC-501,Marketing,Shared Services,Global,Actual,Actual,Synthetic ERP,A6600,116737.18
2023-11-01,CC-601,Operations,Shared Services,Türkiye,Actual,Actual,Synthetic ERP,A6000,2131096.87
2023-11-01,CC-601,Operations,Shared Services,Türkiye,Actual,Actual,Synthetic ERP,A6010,394252.92
2023-11-01,CC-601,Operations,Shared Services,Türkiye,Actual,Actual,Synthetic ERP,A6200,3474399.81
2023-11-01,CC-601,Operations,Shared Services,Türkiye,Actual,Actual,Synthetic ERP,A6300,338269.61
2023-11-01,CC-601,Operations,Shared Services,Türkiye,Actual,Actual,Synthetic ERP,A6400,940697.75
2023-11-01,CC-601,Operations,Shared Services,Türkiye,Actual,Actual,Synthetic ERP,A6500,203656.41
2023-11-01,CC-601,Operations,Shared Services,Türkiye,Actual,Actual,Synthetic ERP,A6600,92002.06
2023-11-01,CC-701,Technology,Shared Services,Global,Actual,Actual,Synthetic ERP,A6000,2306677.59
2023-11-01,CC-701,Technology,Shared Services,Global,Actual,Actual,Synthetic ERP,A6010,426735.35
2023-11-01,CC-701,Technology,Shared Services,Global,Actual,Actual,Synthetic ERP,A6300,2996649.99
2023-11-01,CC-701,Technology,Shared Services,Global,Actual,Actual,Synthetic ERP,A6400,210691.18
2023-11-01,CC-701,Technology,Shared Services,Global,Actual,Actual,Synthetic ERP,A6500,800655.23
2023-11-01,CC-701,Technology,Shared Services,Global,Actual,Actual,Synthetic ERP,A6600,164047.88
2023-11-01,CC-701,Technology,Shared Services,Global,Actual,Actual,Synthetic ERP,A6700,169791.67
2023-11-01,CC-801,Finance & Corporate,Shared Services,Global,Actual,Actual,Synthetic ERP,A6000,1665275.51
2023-11-01,CC-801,Finance & Corporate,Shared Services,Global,Actual,Actual,Synthetic ERP,A6010,308075.97
2023-11-01,CC-801,Finance & Corporate,Shared Services,Global,Actual,Actual,Synthetic ERP,A6300,527035.19
2023-11-01,CC-801,Finance & Corporate,Shared Services,Global,Actual,Actual,Synthetic ERP,A6400,1078424.76
2023-11-01,CC-801,Finance & Corporate,Shared Services,Global,Actual,Actual,Synthetic ERP,A6500,1101359.43
2023-11-01,CC-801,Finance & Corporate,Shared Services,Global,Actual,Actual,Synthetic ERP,A6600,243065.02
2023-11-01,CC-801,Finance & Corporate,Shared Services,Global,Actual,Actual,Synthetic ERP,A6800,420000.0
2023-11-01,CC-801,Finance & Corporate,Shared Services,Global,Actual,Actual,Synthetic ERP,A6900,3989452.41
2023-12-01,CC-101,Sales,Digital Commerce,Türkiye,Actual,Actual,Synthetic ERP,A4000,31169931.76
2023-12-01,CC-101,Sales,Digital Commerce,Türkiye,Actual,Actual,Synthetic ERP,A5000,11820001.68
2023-12-01,CC-101,Sales,Digital Commerce,Türkiye,Actual,Actual,Synthetic ERP,A5010,872661.13
2023-12-01,CC-101,Sales,Digital Commerce,Türkiye,Actual,Actual,Synthetic ERP,A5020,928282.6
2023-12-01,CC-101,Sales,Digital Commerce,Türkiye,Actual,Actual,Synthetic ERP,A6000,1533535.84
2023-12-01,CC-101,Sales,Digital Commerce,Türkiye,Actual,Actual,Synthetic ERP,A6010,283704.13
2023-12-01,CC-101,Sales,Digital Commerce,Türkiye,Actual,Actual,Synthetic ERP,A6100,1499164.2
2023-12-01,CC-101,Sales,Digital Commerce,Türkiye,Actual,Actual,Synthetic ERP,A6200,560416.33
2023-12-01,CC-101,Sales,Digital Commerce,Türkiye,Actual,Actual,Synthetic ERP,A6300,179807.07
2023-12-01,CC-101,Sales,Digital Commerce,Türkiye,Actual,Actual,Synthetic ERP,A6400,89190.56
2023-12-01,CC-101,Sales,Digital Commerce,Türkiye,Actual,Actual,Synthetic ERP,A6500,45932.74
2023-12-01,CC-101,Sales,Digital Commerce,Türkiye,Actual,Actual,Synthetic ERP,A6600,32648.41
2023-12-01,CC-102,Sales,Digital Commerce,Europe,Actual,Actual,Synthetic ERP,A4000,18501023.6
2023-12-01,CC-102,Sales,Digital Commerce,Europe,Actual,Actual,Synthetic ERP,A5000,7429047.73
2023-12-01,CC-102,Sales,Digital Commerce,Europe,Actual,Actual,Synthetic ERP,A5010,592689.42
2023-12-01,CC-102,Sales,Digital Commerce,Europe,Actual,Actual,Synthetic ERP,A5020,595831.29
2023-12-01,CC-102,Sales,Digital Commerce,Europe,Actual,Actual,Synthetic ERP,A6000,1135898.2
2023-12-01,CC-102,Sales,Digital Commerce,Europe,Actual,Actual,Synthetic ERP,A6010,210141.17
2023-12-01,CC-102,Sales,Digital Commerce,Europe,Actual,Actual,Synthetic ERP,A6100,926458.0
2023-12-01,CC-102,Sales,Digital Commerce,Europe,Actual,Actual,Synthetic ERP,A6200,333179.4
2023-12-01,CC-102,Sales,Digital Commerce,Europe,Actual,Actual,Synthetic ERP,A6300,108366.34
2023-12-01,CC-102,Sales,Digital Commerce,Europe,Actual,Actual,Synthetic ERP,A6400,55060.94
2023-12-01,CC-102,Sales,Digital Commerce,Europe,Actual,Actual,Synthetic ERP,A6500,30002.81
2023-12-01,CC-102,Sales,Digital Commerce,Europe,Actual,Actual,Synthetic ERP,A6600,17624.49
2023-12-01,CC-103,Sales,Digital Commerce,MENA,Actual,Actual,Synthetic ERP,A4000,11446173.54
2023-12-01,CC-103,Sales,Digital Commerce,MENA,Actual,Actual,Synthetic ERP,A5000,4818107.16
2023-12-01,CC-103,Sales,Digital Commerce,MENA,Actual,Actual,Synthetic ERP,A5010,582402.66
2023-12-01,CC-103,Sales,Digital Commerce,MENA,Actual,Actual,Synthetic ERP,A5020,402264.63
2023-12-01,CC-103,Sales,Digital Commerce,MENA,Actual,Actual,Synthetic ERP,A6000,611274.57
2023-12-01,CC-103,Sales,Digital Commerce,MENA,Actual,Actual,Synthetic ERP,A6010,113085.8
2023-12-01,CC-103,Sales,Digital Commerce,MENA,Actual,Actual,Synthetic ERP,A6100,582910.97
2023-12-01,CC-103,Sales,Digital Commerce,MENA,Actual,Actual,Synthetic ERP,A6200,199567.26
2023-12-01,CC-103,Sales,Digital Commerce,MENA,Actual,Actual,Synthetic ERP,A6300,70225.74
2023-12-01,CC-103,Sales,Digital Commerce,MENA,Actual,Actual,Synthetic ERP,A6400,34502.0
2023-12-01,CC-103,Sales,Digital Commerce,MENA,Actual,Actual,Synthetic ERP,A6500,19053.45
2023-12-01,CC-103,Sales,Digital Commerce,MENA,Actual,Actual,Synthetic ERP,A6600,10346.97
2023-12-01,CC-201,Sales,Retail Stores,Türkiye,Actual,Actual,Synthetic ERP,A4010,22873601.34
2023-12-01,CC-201,Sales,Retail Stores,Türkiye,Actual,Actual,Synthetic ERP,A5000,10373850.13
2023-12-01,CC-201,Sales,Retail Stores,Türkiye,Actual,Actual,Synthetic ERP,A5010,452443.71
2023-12-01,CC-201,Sales,Retail Stores,Türkiye,Actual,Actual,Synthetic ERP,A5020,570837.34
2023-12-01,CC-201,Sales,Retail Stores,Türkiye,Actual,Actual,Synthetic ERP,A6000,1998642.91
2023-12-01,CC-201,Sales,Retail Stores,Türkiye,Actual,Actual,Synthetic ERP,A6010,369748.94
2023-12-01,CC-201,Sales,Retail Stores,Türkiye,Actual,Actual,Synthetic ERP,A6100,456733.05
2023-12-01,CC-201,Sales,Retail Stores,Türkiye,Actual,Actual,Synthetic ERP,A6200,409488.68
2023-12-01,CC-201,Sales,Retail Stores,Türkiye,Actual,Actual,Synthetic ERP,A6300,238784.01
2023-12-01,CC-201,Sales,Retail Stores,Türkiye,Actual,Actual,Synthetic ERP,A6400,307320.47
2023-12-01,CC-201,Sales,Retail Stores,Türkiye,Actual,Actual,Synthetic ERP,A6500,63924.93
2023-12-01,CC-201,Sales,Retail Stores,Türkiye,Actual,Actual,Synthetic ERP,A6600,40910.23
2023-12-01,CC-201,Sales,Retail Stores,Türkiye,Actual,Actual,Synthetic ERP,A6700,107500.0
2023-12-01,CC-202,Sales,Retail Stores,Türkiye,Actual,Actual,Synthetic ERP,A4010,16109043.91
2023-12-01,CC-202,Sales,Retail Stores,Türkiye,Actual,Actual,Synthetic ERP,A5000,7630050.61
2023-12-01,CC-202,Sales,Retail Stores,Türkiye,Actual,Actual,Synthetic ERP,A5010,292238.13
2023-12-01,CC-202,Sales,Retail Stores,Türkiye,Actual,Actual,Synthetic ERP,A5020,434493.6
2023-12-01,CC-202,Sales,Retail Stores,Türkiye,Actual,Actual,Synthetic ERP,A6000,1338225.33
2023-12-01,CC-202,Sales,Retail Stores,Türkiye,Actual,Actual,Synthetic ERP,A6010,247571.69
2023-12-01,CC-202,Sales,Retail Stores,Türkiye,Actual,Actual,Synthetic ERP,A6100,311539.72
2023-12-01,CC-202,Sales,Retail Stores,Türkiye,Actual,Actual,Synthetic ERP,A6200,295169.9
2023-12-01,CC-202,Sales,Retail Stores,Türkiye,Actual,Actual,Synthetic ERP,A6300,190924.09
2023-12-01,CC-202,Sales,Retail Stores,Türkiye,Actual,Actual,Synthetic ERP,A6400,244304.97
2023-12-01,CC-202,Sales,Retail Stores,Türkiye,Actual,Actual,Synthetic ERP,A6500,50010.4
2023-12-01,CC-202,Sales,Retail Stores,Türkiye,Actual,Actual,Synthetic ERP,A6600,33202.0
2023-12-01,CC-301,Sales,Wholesale,Türkiye,Actual,Actual,Synthetic ERP,A4020,14821636.24
2023-12-01,CC-301,Sales,Wholesale,Türkiye,Actual,Actual,Synthetic ERP,A5000,8434720.91
2023-12-01,CC-301,Sales,Wholesale,Türkiye,Actual,Actual,Synthetic ERP,A5010,145602.68
2023-12-01,CC-301,Sales,Wholesale,Türkiye,Actual,Actual,Synthetic ERP,A5020,222474.13
2023-12-01,CC-301,Sales,Wholesale,Türkiye,Actual,Actual,Synthetic ERP,A6000,814980.53
2023-12-01,CC-301,Sales,Wholesale,Türkiye,Actual,Actual,Synthetic ERP,A6010,150771.4
2023-12-01,CC-301,Sales,Wholesale,Türkiye,Actual,Actual,Synthetic ERP,A6100,303040.46
2023-12-01,CC-301,Sales,Wholesale,Türkiye,Actual,Actual,Synthetic ERP,A6200,147952.01
2023-12-01,CC-301,Sales,Wholesale,Türkiye,Actual,Actual,Synthetic ERP,A6300,100635.41
2023-12-01,CC-301,Sales,Wholesale,Türkiye,Actual,Actual,Synthetic ERP,A6400,49940.06
2023-12-01,CC-301,Sales,Wholesale,Türkiye,Actual,Actual,Synthetic ERP,A6500,25430.34
2023-12-01,CC-301,Sales,Wholesale,Türkiye,Actual,Actual,Synthetic ERP,A6600,15915.48
2023-12-01,CC-302,Sales,Wholesale,Europe,Actual,Actual,Synthetic ERP,A4020,10290474.28
2023-12-01,CC-302,Sales,Wholesale,Europe,Actual,Actual,Synthetic ERP,A5000,6092654.36
2023-12-01,CC-302,Sales,Wholesale,Europe,Actual,Actual,Synthetic ERP,A5010,124919.9
2023-12-01,CC-302,Sales,Wholesale,Europe,Actual,Actual,Synthetic ERP,A5020,183623.66
2023-12-01,CC-302,Sales,Wholesale,Europe,Actual,Actual,Synthetic ERP,A6000,725101.1
2023-12-01,CC-302,Sales,Wholesale,Europe,Actual,Actual,Synthetic ERP,A6010,134143.7
2023-12-01,CC-302,Sales,Wholesale,Europe,Actual,Actual,Synthetic ERP,A6100,204086.73
2023-12-01,CC-302,Sales,Wholesale,Europe,Actual,Actual,Synthetic ERP,A6200,99119.21
2023-12-01,CC-302,Sales,Wholesale,Europe,Actual,Actual,Synthetic ERP,A6300,82104.11
2023-12-01,CC-302,Sales,Wholesale,Europe,Actual,Actual,Synthetic ERP,A6400,39946.39
2023-12-01,CC-302,Sales,Wholesale,Europe,Actual,Actual,Synthetic ERP,A6500,20267.13
2023-12-01,CC-302,Sales,Wholesale,Europe,Actual,Actual,Synthetic ERP,A6600,13206.25
2023-12-01,CC-401,Customer Success,Subscription Services,Türkiye,Actual,Actual,Synthetic ERP,A4030,5598915.96
2023-12-01,CC-401,Customer Success,Subscription Services,Türkiye,Actual,Actual,Synthetic ERP,A5000,1177549.29
2023-12-01,CC-401,Customer Success,Subscription Services,Türkiye,Actual,Actual,Synthetic ERP,A5010,139292.93
2023-12-01,CC-401,Customer Success,Subscription Services,Türkiye,Actual,Actual,Synthetic ERP,A5020,101914.21
2023-12-01,CC-401,Customer Success,Subscription Services,Türkiye,Actual,Actual,Synthetic ERP,A6000,1169717.9
2023-12-01,CC-401,Customer Success,Subscription Services,Türkiye,Actual,Actual,Synthetic ERP,A6010,216397.81
2023-12-01,CC-401,Customer Success,Subscription Services,Türkiye,Actual,Actual,Synthetic ERP,A6100,318712.94
2023-12-01,CC-401,Customer Success,Subscription Services,Türkiye,Actual,Actual,Synthetic ERP,A6200,56520.95
2023-12-01,CC-401,Customer Success,Subscription Services,Türkiye,Actual,Actual,Synthetic ERP,A6300,599954.9
2023-12-01,CC-401,Customer Success,Subscription Services,Türkiye,Actual,Actual,Synthetic ERP,A6400,65047.45
2023-12-01,CC-401,Customer Success,Subscription Services,Türkiye,Actual,Actual,Synthetic ERP,A6500,31921.91
2023-12-01,CC-401,Customer Success,Subscription Services,Türkiye,Actual,Actual,Synthetic ERP,A6600,22063.73
2023-12-01,CC-501,Marketing,Shared Services,Global,Actual,Actual,Synthetic ERP,A6000,1367265.16
2023-12-01,CC-501,Marketing,Shared Services,Global,Actual,Actual,Synthetic ERP,A6010,252944.06
2023-12-01,CC-501,Marketing,Shared Services,Global,Actual,Actual,Synthetic ERP,A6100,3168794.45
2023-12-01,CC-501,Marketing,Shared Services,Global,Actual,Actual,Synthetic ERP,A6300,197896.45
2023-12-01,CC-501,Marketing,Shared Services,Global,Actual,Actual,Synthetic ERP,A6400,72617.12
2023-12-01,CC-501,Marketing,Shared Services,Global,Actual,Actual,Synthetic ERP,A6500,281165.56
2023-12-01,CC-501,Marketing,Shared Services,Global,Actual,Actual,Synthetic ERP,A6600,118452.64
2023-12-01,CC-601,Operations,Shared Services,Türkiye,Actual,Actual,Synthetic ERP,A6000,2070318.42
2023-12-01,CC-601,Operations,Shared Services,Türkiye,Actual,Actual,Synthetic ERP,A6010,383008.91
2023-12-01,CC-601,Operations,Shared Services,Türkiye,Actual,Actual,Synthetic ERP,A6200,3665152.35
2023-12-01,CC-601,Operations,Shared Services,Türkiye,Actual,Actual,Synthetic ERP,A6300,351236.43
2023-12-01,CC-601,Operations,Shared Services,Türkiye,Actual,Actual,Synthetic ERP,A6400,955864.04
2023-12-01,CC-601,Operations,Shared Services,Türkiye,Actual,Actual,Synthetic ERP,A6500,206736.75
2023-12-01,CC-601,Operations,Shared Services,Türkiye,Actual,Actual,Synthetic ERP,A6600,86741.24
2023-12-01,CC-701,Technology,Shared Services,Global,Actual,Actual,Synthetic ERP,A6000,2438140.8
2023-12-01,CC-701,Technology,Shared Services,Global,Actual,Actual,Synthetic ERP,A6010,451056.05
2023-12-01,CC-701,Technology,Shared Services,Global,Actual,Actual,Synthetic ERP,A6300,3006382.85
2023-12-01,CC-701,Technology,Shared Services,Global,Actual,Actual,Synthetic ERP,A6400,212098.26
2023-12-01,CC-701,Technology,Shared Services,Global,Actual,Actual,Synthetic ERP,A6500,808237.3
2023-12-01,CC-701,Technology,Shared Services,Global,Actual,Actual,Synthetic ERP,A6600,153530.05
2023-12-01,CC-701,Technology,Shared Services,Global,Actual,Actual,Synthetic ERP,A6700,169791.67
2023-12-01,CC-801,Finance & Corporate,Shared Services,Global,Actual,Actual,Synthetic ERP,A6000,1582172.7
2023-12-01,CC-801,Finance & Corporate,Shared Services,Global,Actual,Actual,Synthetic ERP,A6010,292701.95
2023-12-01,CC-801,Finance & Corporate,Shared Services,Global,Actual,Actual,Synthetic ERP,A6300,524487.36
2023-12-01,CC-801,Finance & Corporate,Shared Services,Global,Actual,Actual,Synthetic ERP,A6400,1092761.94
2023-12-01,CC-801,Finance & Corporate,Shared Services,Global,Actual,Actual,Synthetic ERP,A6500,1088670.84
2023-12-01,CC-801,Finance & Corporate,Shared Services,Global,Actual,Actual,Synthetic ERP,A6600,248950.83
2023-12-01,CC-801,Finance & Corporate,Shared Services,Global,Actual,Actual,Synthetic ERP,A6800,420000.0
2023-12-01,CC-801,Finance & Corporate,Shared Services,Global,Actual,Actual,Synthetic ERP,A6900,4983148.49
2024-01-01,CC-101,Sales,Digital Commerce,Türkiye,Actual,Actual,Synthetic ERP,A4000,19255903.85
2024-01-01,CC-101,Sales,Digital Commerce,Türkiye,Actual,Actual,Synthetic ERP,A5000,7305678.77
2024-01-01,CC-101,Sales,Digital Commerce,Türkiye,Actual,Actual,Synthetic ERP,A5010,537876.49
2024-01-01,CC-101,Sales,Digital Commerce,Türkiye,Actual,Actual,Synthetic ERP,A5020,561949.05
2024-01-01,CC-101,Sales,Digital Commerce,Türkiye,Actual,Actual,Synthetic ERP,A6000,1557206.62
2024-01-01,CC-101,Sales,Digital Commerce,Türkiye,Actual,Actual,Synthetic ERP,A6010,288083.23
2024-01-01,CC-101,Sales,Digital Commerce,Türkiye,Actual,Actual,Synthetic ERP,A6100,943888.83
2024-01-01,CC-101,Sales,Digital Commerce,Türkiye,Actual,Actual,Synthetic ERP,A6200,343490.02
2024-01-01,CC-101,Sales,Digital Commerce,Türkiye,Actual,Actual,Synthetic ERP,A6300,189438.28
2024-01-01,CC-101,Sales,Digital Commerce,Türkiye,Actual,Actual,Synthetic ERP,A6400,95417.87
2024-01-01,CC-101,Sales,Digital Commerce,Türkiye,Actual,Actual,Synthetic ERP,A6500,50803.48
2024-01-01,CC-101,Sales,Digital Commerce,Türkiye,Actual,Actual,Synthetic ERP,A6600,28540.12
2024-01-01,CC-102,Sales,Digital Commerce,Europe,Actual,Actual,Synthetic ERP,A4000,12562713.64
2024-01-01,CC-102,Sales,Digital Commerce,Europe,Actual,Actual,Synthetic ERP,A5000,5021136.32
2024-01-01,CC-102,Sales,Digital Commerce,Europe,Actual,Actual,Synthetic ERP,A5010,407609.69
2024-01-01,CC-102,Sales,Digital Commerce,Europe,Actual,Actual,Synthetic ERP,A5020,404093.32
2024-01-01,CC-102,Sales,Digital Commerce,Europe,Actual,Actual,Synthetic ERP,A6000,1164728.58
2024-01-01,CC-102,Sales,Digital Commerce,Europe,Actual,Actual,Synthetic ERP,A6010,215474.79
2024-01-01,CC-102,Sales,Digital Commerce,Europe,Actual,Actual,Synthetic ERP,A6100,662949.41
2024-01-01,CC-102,Sales,Digital Commerce,Europe,Actual,Actual,Synthetic ERP,A6200,225049.93
2024-01-01,CC-102,Sales,Digital Commerce,Europe,Actual,Actual,Synthetic ERP,A6300,119675.05
2024-01-01,CC-102,Sales,Digital Commerce,Europe,Actual,Actual,Synthetic ERP,A6400,57057.86
2024-01-01,CC-102,Sales,Digital Commerce,Europe,Actual,Actual,Synthetic ERP,A6500,28408.81
2024-01-01,CC-102,Sales,Digital Commerce,Europe,Actual,Actual,Synthetic ERP,A6600,20013.08
2024-01-01,CC-103,Sales,Digital Commerce,MENA,Actual,Actual,Synthetic ERP,A4000,7552527.01
2024-01-01,CC-103,Sales,Digital Commerce,MENA,Actual,Actual,Synthetic ERP,A5000,3169904.53
2024-01-01,CC-103,Sales,Digital Commerce,MENA,Actual,Actual,Synthetic ERP,A5010,394985.36
2024-01-01,CC-103,Sales,Digital Commerce,MENA,Actual,Actual,Synthetic ERP,A5020,265063.65
2024-01-01,CC-103,Sales,Digital Commerce,MENA,Actual,Actual,Synthetic ERP,A6000,696055.28
2024-01-01,CC-103,Sales,Digital Commerce,MENA,Actual,Actual,Synthetic ERP,A6010,128770.23
2024-01-01,CC-103,Sales,Digital Commerce,MENA,Actual,Actual,Synthetic ERP,A6100,383047.73
2024-01-01,CC-103,Sales,Digital Commerce,MENA,Actual,Actual,Synthetic ERP,A6200,131887.47
2024-01-01,CC-103,Sales,Digital Commerce,MENA,Actual,Actual,Synthetic ERP,A6300,76567.38
2024-01-01,CC-103,Sales,Digital Commerce,MENA,Actual,Actual,Synthetic ERP,A6400,36863.71
2024-01-01,CC-103,Sales,Digital Commerce,MENA,Actual,Actual,Synthetic ERP,A6500,22196.22
2024-01-01,CC-103,Sales,Digital Commerce,MENA,Actual,Actual,Synthetic ERP,A6600,13030.1
2024-01-01,CC-201,Sales,Retail Stores,Türkiye,Actual,Actual,Synthetic ERP,A4010,15348472.92
2024-01-01,CC-201,Sales,Retail Stores,Türkiye,Actual,Actual,Synthetic ERP,A5000,7083731.15
2024-01-01,CC-201,Sales,Retail Stores,Türkiye,Actual,Actual,Synthetic ERP,A5010,303254.67
2024-01-01,CC-201,Sales,Retail Stores,Türkiye,Actual,Actual,Synthetic ERP,A5020,386755.95
2024-01-01,CC-201,Sales,Retail Stores,Türkiye,Actual,Actual,Synthetic ERP,A6000,1951118.04
2024-01-01,CC-201,Sales,Retail Stores,Türkiye,Actual,Actual,Synthetic ERP,A6010,360956.84
2024-01-01,CC-201,Sales,Retail Stores,Türkiye,Actual,Actual,Synthetic ERP,A6100,303334.46
2024-01-01,CC-201,Sales,Retail Stores,Türkiye,Actual,Actual,Synthetic ERP,A6200,272701.91
2024-01-01,CC-201,Sales,Retail Stores,Türkiye,Actual,Actual,Synthetic ERP,A6300,253812.69
2024-01-01,CC-201,Sales,Retail Stores,Türkiye,Actual,Actual,Synthetic ERP,A6400,317095.44
2024-01-01,CC-201,Sales,Retail Stores,Türkiye,Actual,Actual,Synthetic ERP,A6500,62488.81
2024-01-01,CC-201,Sales,Retail Stores,Türkiye,Actual,Actual,Synthetic ERP,A6600,43530.53
2024-01-01,CC-201,Sales,Retail Stores,Türkiye,Actual,Actual,Synthetic ERP,A6700,107500.0
2024-01-01,CC-202,Sales,Retail Stores,Türkiye,Actual,Actual,Synthetic ERP,A4010,9839404.84
2024-01-01,CC-202,Sales,Retail Stores,Türkiye,Actual,Actual,Synthetic ERP,A5000,4641894.12
2024-01-01,CC-202,Sales,Retail Stores,Türkiye,Actual,Actual,Synthetic ERP,A5010,179035.34
2024-01-01,CC-202,Sales,Retail Stores,Türkiye,Actual,Actual,Synthetic ERP,A5020,259492.45
2024-01-01,CC-202,Sales,Retail Stores,Türkiye,Actual,Actual,Synthetic ERP,A6000,1323192.7
2024-01-01,CC-202,Sales,Retail Stores,Türkiye,Actual,Actual,Synthetic ERP,A6010,244790.65
2024-01-01,CC-202,Sales,Retail Stores,Türkiye,Actual,Actual,Synthetic ERP,A6100,196878.34
2024-01-01,CC-202,Sales,Retail Stores,Türkiye,Actual,Actual,Synthetic ERP,A6200,175592.89
2024-01-01,CC-202,Sales,Retail Stores,Türkiye,Actual,Actual,Synthetic ERP,A6300,195479.93
2024-01-01,CC-202,Sales,Retail Stores,Türkiye,Actual,Actual,Synthetic ERP,A6400,256988.68
2024-01-01,CC-202,Sales,Retail Stores,Türkiye,Actual,Actual,Synthetic ERP,A6500,49258.0
2024-01-01,CC-202,Sales,Retail Stores,Türkiye,Actual,Actual,Synthetic ERP,A6600,32810.2
2024-01-01,CC-301,Sales,Wholesale,Türkiye,Actual,Actual,Synthetic ERP,A4020,14794788.08
2024-01-01,CC-301,Sales,Wholesale,Türkiye,Actual,Actual,Synthetic ERP,A5000,8374062.77
2024-01-01,CC-301,Sales,Wholesale,Türkiye,Actual,Actual,Synthetic ERP,A5010,146574.93
2024-01-01,CC-301,Sales,Wholesale,Türkiye,Actual,Actual,Synthetic ERP,A5020,216828.72
2024-01-01,CC-301,Sales,Wholesale,Türkiye,Actual,Actual,Synthetic ERP,A6000,793165.29
2024-01-01,CC-301,Sales,Wholesale,Türkiye,Actual,Actual,Synthetic ERP,A6010,146735.58
2024-01-01,CC-301,Sales,Wholesale,Türkiye,Actual,Actual,Synthetic ERP,A6100,296820.42
2024-01-01,CC-301,Sales,Wholesale,Türkiye,Actual,Actual,Synthetic ERP,A6200,147908.46
2024-01-01,CC-301,Sales,Wholesale,Türkiye,Actual,Actual,Synthetic ERP,A6300,105479.26
2024-01-01,CC-301,Sales,Wholesale,Türkiye,Actual,Actual,Synthetic ERP,A6400,51770.09
2024-01-01,CC-301,Sales,Wholesale,Türkiye,Actual,Actual,Synthetic ERP,A6500,27112.85
2024-01-01,CC-301,Sales,Wholesale,Türkiye,Actual,Actual,Synthetic ERP,A6600,17993.65
2024-01-01,CC-302,Sales,Wholesale,Europe,Actual,Actual,Synthetic ERP,A4020,10624986.28
2024-01-01,CC-302,Sales,Wholesale,Europe,Actual,Actual,Synthetic ERP,A5000,6313870.56
2024-01-01,CC-302,Sales,Wholesale,Europe,Actual,Actual,Synthetic ERP,A5010,127895.39
2024-01-01,CC-302,Sales,Wholesale,Europe,Actual,Actual,Synthetic ERP,A5020,193474.93
2024-01-01,CC-302,Sales,Wholesale,Europe,Actual,Actual,Synthetic ERP,A6000,789013.72
2024-01-01,CC-302,Sales,Wholesale,Europe,Actual,Actual,Synthetic ERP,A6010,145967.54
2024-01-01,CC-302,Sales,Wholesale,Europe,Actual,Actual,Synthetic ERP,A6100,210646.41
2024-01-01,CC-302,Sales,Wholesale,Europe,Actual,Actual,Synthetic ERP,A6200,105230.89
2024-01-01,CC-302,Sales,Wholesale,Europe,Actual,Actual,Synthetic ERP,A6300,82439.96
2024-01-01,CC-302,Sales,Wholesale,Europe,Actual,Actual,Synthetic ERP,A6400,41962.2
2024-01-01,CC-302,Sales,Wholesale,Europe,Actual,Actual,Synthetic ERP,A6500,24486.68
2024-01-01,CC-302,Sales,Wholesale,Europe,Actual,Actual,Synthetic ERP,A6600,14062.81
2024-01-01,CC-401,Customer Success,Subscription Services,Türkiye,Actual,Actual,Synthetic ERP,A4030,5041250.67
2024-01-01,CC-401,Customer Success,Subscription Services,Türkiye,Actual,Actual,Synthetic ERP,A5000,1039046.27
2024-01-01,CC-401,Customer Success,Subscription Services,Türkiye,Actual,Actual,Synthetic ERP,A5010,125649.55
2024-01-01,CC-401,Customer Success,Subscription Services,Türkiye,Actual,Actual,Synthetic ERP,A5020,90150.09
2024-01-01,CC-401,Customer Success,Subscription Services,Türkiye,Actual,Actual,Synthetic ERP,A6000,1217977.44
2024-01-01,CC-401,Customer Success,Subscription Services,Türkiye,Actual,Actual,Synthetic ERP,A6010,225325.83
2024-01-01,CC-401,Customer Success,Subscription Services,Türkiye,Actual,Actual,Synthetic ERP,A6100,314808.7
2024-01-01,CC-401,Customer Success,Subscription Services,Türkiye,Actual,Actual,Synthetic ERP,A6200,51001.99
2024-01-01,CC-401,Customer Success,Subscription Services,Türkiye,Actual,Actual,Synthetic ERP,A6300,635250.6
2024-01-01,CC-401,Customer Success,Subscription Services,Türkiye,Actual,Actual,Synthetic ERP,A6400,68631.71
2024-01-01,CC-401,Customer Success,Subscription Services,Türkiye,Actual,Actual,Synthetic ERP,A6500,37203.61
2024-01-01,CC-401,Customer Success,Subscription Services,Türkiye,Actual,Actual,Synthetic ERP,A6600,21778.04
2024-01-01,CC-501,Marketing,Shared Services,Global,Actual,Actual,Synthetic ERP,A6000,1359035.23
2024-01-01,CC-501,Marketing,Shared Services,Global,Actual,Actual,Synthetic ERP,A6010,251421.52
2024-01-01,CC-501,Marketing,Shared Services,Global,Actual,Actual,Synthetic ERP,A6100,3362353.7
2024-01-01,CC-501,Marketing,Shared Services,Global,Actual,Actual,Synthetic ERP,A6300,207913.8
2024-01-01,CC-501,Marketing,Shared Services,Global,Actual,Actual,Synthetic ERP,A6400,76290.77
2024-01-01,CC-501,Marketing,Shared Services,Global,Actual,Actual,Synthetic ERP,A6500,294334.19
2024-01-01,CC-501,Marketing,Shared Services,Global,Actual,Actual,Synthetic ERP,A6600,121797.9
2024-01-01,CC-601,Operations,Shared Services,Türkiye,Actual,Actual,Synthetic ERP,A6000,2024536.98
2024-01-01,CC-601,Operations,Shared Services,Türkiye,Actual,Actual,Synthetic ERP,A6010,374539.34
2024-01-01,CC-601,Operations,Shared Services,Türkiye,Actual,Actual,Synthetic ERP,A6200,3638402.13
2024-01-01,CC-601,Operations,Shared Services,Türkiye,Actual,Actual,Synthetic ERP,A6300,365556.85
2024-01-01,CC-601,Operations,Shared Services,Türkiye,Actual,Actual,Synthetic ERP,A6400,1001507.81
2024-01-01,CC-601,Operations,Shared Services,Türkiye,Actual,Actual,Synthetic ERP,A6500,216540.96
2024-01-01,CC-601,Operations,Shared Services,Türkiye,Actual,Actual,Synthetic ERP,A6600,94628.33
2024-01-01,CC-701,Technology,Shared Services,Global,Actual,Actual,Synthetic ERP,A6000,2394355.33
2024-01-01,CC-701,Technology,Shared Services,Global,Actual,Actual,Synthetic ERP,A6010,442955.74
2024-01-01,CC-701,Technology,Shared Services,Global,Actual,Actual,Synthetic ERP,A6300,3209151.03
2024-01-01,CC-701,Technology,Shared Services,Global,Actual,Actual,Synthetic ERP,A6400,225545.21
2024-01-01,CC-701,Technology,Shared Services,Global,Actual,Actual,Synthetic ERP,A6500,819768.71
2024-01-01,CC-701,Technology,Shared Services,Global,Actual,Actual,Synthetic ERP,A6600,159206.96
2024-01-01,CC-701,Technology,Shared Services,Global,Actual,Actual,Synthetic ERP,A6700,169791.67
2024-01-01,CC-801,Finance & Corporate,Shared Services,Global,Actual,Actual,Synthetic ERP,A6000,1698484.87
2024-01-01,CC-801,Finance & Corporate,Shared Services,Global,Actual,Actual,Synthetic ERP,A6010,314219.7
2024-01-01,CC-801,Finance & Corporate,Shared Services,Global,Actual,Actual,Synthetic ERP,A6300,578639.7
2024-01-01,CC-801,Finance & Corporate,Shared Services,Global,Actual,Actual,Synthetic ERP,A6400,1158823.97
2024-01-01,CC-801,Finance & Corporate,Shared Services,Global,Actual,Actual,Synthetic ERP,A6500,1147362.72
2024-01-01,CC-801,Finance & Corporate,Shared Services,Global,Actual,Actual,Synthetic ERP,A6600,251465.25
2024-01-01,CC-801,Finance & Corporate,Shared Services,Global,Actual,Actual,Synthetic ERP,A6800,445200.0
2024-01-01,CC-801,Finance & Corporate,Shared Services,Global,Actual,Actual,Synthetic ERP,A6900,466813.73
2024-02-01,CC-101,Sales,Digital Commerce,Türkiye,Actual,Actual,Synthetic ERP,A4000,20433595.91
2024-02-01,CC-101,Sales,Digital Commerce,Türkiye,Actual,Actual,Synthetic ERP,A5000,7717916.98
2024-02-01,CC-101,Sales,Digital Commerce,Türkiye,Actual,Actual,Synthetic ERP,A5010,575036.69
2024-02-01,CC-101,Sales,Digital Commerce,Türkiye,Actual,Actual,Synthetic ERP,A5020,622101.64
2024-02-01,CC-101,Sales,Digital Commerce,Türkiye,Actual,Actual,Synthetic ERP,A6000,1539853.97
2024-02-01,CC-101,Sales,Digital Commerce,Türkiye,Actual,Actual,Synthetic ERP,A6010,284872.98
2024-02-01,CC-101,Sales,Digital Commerce,Türkiye,Actual,Actual,Synthetic ERP,A6100,1013686.93
2024-02-01,CC-101,Sales,Digital Commerce,Türkiye,Actual,Actual,Synthetic ERP,A6200,364891.52
2024-02-01,CC-101,Sales,Digital Commerce,Türkiye,Actual,Actual,Synthetic ERP,A6300,187113.69
2024-02-01,CC-101,Sales,Digital Commerce,Türkiye,Actual,Actual,Synthetic ERP,A6400,95324.4
2024-02-01,CC-101,Sales,Digital Commerce,Türkiye,Actual,Actual,Synthetic ERP,A6500,52348.29
2024-02-01,CC-101,Sales,Digital Commerce,Türkiye,Actual,Actual,Synthetic ERP,A6600,32103.22
2024-02-01,CC-102,Sales,Digital Commerce,Europe,Actual,Actual,Synthetic ERP,A4000,13305188.34
2024-02-01,CC-102,Sales,Digital Commerce,Europe,Actual,Actual,Synthetic ERP,A5000,5345512.47
2024-02-01,CC-102,Sales,Digital Commerce,Europe,Actual,Actual,Synthetic ERP,A5010,416426.18
2024-02-01,CC-102,Sales,Digital Commerce,Europe,Actual,Actual,Synthetic ERP,A5020,426108.69
2024-02-01,CC-102,Sales,Digital Commerce,Europe,Actual,Actual,Synthetic ERP,A6000,1182728.26
2024-02-01,CC-102,Sales,Digital Commerce,Europe,Actual,Actual,Synthetic ERP,A6010,218804.73
2024-02-01,CC-102,Sales,Digital Commerce,Europe,Actual,Actual,Synthetic ERP,A6100,684440.98
2024-02-01,CC-102,Sales,Digital Commerce,Europe,Actual,Actual,Synthetic ERP,A6200,228917.81
2024-02-01,CC-102,Sales,Digital Commerce,Europe,Actual,Actual,Synthetic ERP,A6300,112591.08
2024-02-01,CC-102,Sales,Digital Commerce,Europe,Actual,Actual,Synthetic ERP,A6400,57459.99
2024-02-01,CC-102,Sales,Digital Commerce,Europe,Actual,Actual,Synthetic ERP,A6500,27527.07
2024-02-01,CC-102,Sales,Digital Commerce,Europe,Actual,Actual,Synthetic ERP,A6600,19290.62
2024-02-01,CC-103,Sales,Digital Commerce,MENA,Actual,Actual,Synthetic ERP,A4000,7786745.51
2024-02-01,CC-103,Sales,Digital Commerce,MENA,Actual,Actual,Synthetic ERP,A5000,3291731.38
2024-02-01,CC-103,Sales,Digital Commerce,MENA,Actual,Actual,Synthetic ERP,A5010,405375.84
2024-02-01,CC-103,Sales,Digital Commerce,MENA,Actual,Actual,Synthetic ERP,A5020,269740.09
2024-02-01,CC-103,Sales,Digital Commerce,MENA,Actual,Actual,Synthetic ERP,A6000,767349.96
2024-02-01,CC-103,Sales,Digital Commerce,MENA,Actual,Actual,Synthetic ERP,A6010,141959.74
2024-02-01,CC-103,Sales,Digital Commerce,MENA,Actual,Actual,Synthetic ERP,A6100,387643.94
2024-02-01,CC-103,Sales,Digital Commerce,MENA,Actual,Actual,Synthetic ERP,A6200,141932.0
2024-02-01,CC-103,Sales,Digital Commerce,MENA,Actual,Actual,Synthetic ERP,A6300,72585.6
2024-02-01,CC-103,Sales,Digital Commerce,MENA,Actual,Actual,Synthetic ERP,A6400,37666.49
2024-02-01,CC-103,Sales,Digital Commerce,MENA,Actual,Actual,Synthetic ERP,A6500,18810.36
2024-02-01,CC-103,Sales,Digital Commerce,MENA,Actual,Actual,Synthetic ERP,A6600,12798.61
2024-02-01,CC-201,Sales,Retail Stores,Türkiye,Actual,Actual,Synthetic ERP,A4010,15171277.78
2024-02-01,CC-201,Sales,Retail Stores,Türkiye,Actual,Actual,Synthetic ERP,A5000,7041957.71
2024-02-01,CC-201,Sales,Retail Stores,Türkiye,Actual,Actual,Synthetic ERP,A5010,302836.2
2024-02-01,CC-201,Sales,Retail Stores,Türkiye,Actual,Actual,Synthetic ERP,A5020,377787.82
2024-02-01,CC-201,Sales,Retail Stores,Türkiye,Actual,Actual,Synthetic ERP,A6000,1940869.05
2024-02-01,CC-201,Sales,Retail Stores,Türkiye,Actual,Actual,Synthetic ERP,A6010,359060.77
2024-02-01,CC-201,Sales,Retail Stores,Türkiye,Actual,Actual,Synthetic ERP,A6100,308577.87
2024-02-01,CC-201,Sales,Retail Stores,Türkiye,Actual,Actual,Synthetic ERP,A6200,276749.1
2024-02-01,CC-201,Sales,Retail Stores,Türkiye,Actual,Actual,Synthetic ERP,A6300,258596.06
2024-02-01,CC-201,Sales,Retail Stores,Türkiye,Actual,Actual,Synthetic ERP,A6400,327433.53
2024-02-01,CC-201,Sales,Retail Stores,Türkiye,Actual,Actual,Synthetic ERP,A6500,71774.59
2024-02-01,CC-201,Sales,Retail Stores,Türkiye,Actual,Actual,Synthetic ERP,A6600,46309.54
2024-02-01,CC-201,Sales,Retail Stores,Türkiye,Actual,Actual,Synthetic ERP,A6700,107500.0
2024-02-01,CC-202,Sales,Retail Stores,Türkiye,Actual,Actual,Synthetic ERP,A4010,10764975.55
2024-02-01,CC-202,Sales,Retail Stores,Türkiye,Actual,Actual,Synthetic ERP,A5000,4977759.84
2024-02-01,CC-202,Sales,Retail Stores,Türkiye,Actual,Actual,Synthetic ERP,A5010,194606.29
2024-02-01,CC-202,Sales,Retail Stores,Türkiye,Actual,Actual,Synthetic ERP,A5020,292083.93
2024-02-01,CC-202,Sales,Retail Stores,Türkiye,Actual,Actual,Synthetic ERP,A6000,1369675.43
2024-02-01,CC-202,Sales,Retail Stores,Türkiye,Actual,Actual,Synthetic ERP,A6010,253389.95
2024-02-01,CC-202,Sales,Retail Stores,Türkiye,Actual,Actual,Synthetic ERP,A6100,211087.72
2024-02-01,CC-202,Sales,Retail Stores,Türkiye,Actual,Actual,Synthetic ERP,A6200,194473.66
2024-02-01,CC-202,Sales,Retail Stores,Türkiye,Actual,Actual,Synthetic ERP,A6300,203826.56
2024-02-01,CC-202,Sales,Retail Stores,Türkiye,Actual,Actual,Synthetic ERP,A6400,257777.69
2024-02-01,CC-202,Sales,Retail Stores,Türkiye,Actual,Actual,Synthetic ERP,A6500,51551.87
2024-02-01,CC-202,Sales,Retail Stores,Türkiye,Actual,Actual,Synthetic ERP,A6600,34906.42
2024-02-01,CC-301,Sales,Wholesale,Türkiye,Actual,Actual,Synthetic ERP,A4020,14534546.98
2024-02-01,CC-301,Sales,Wholesale,Türkiye,Actual,Actual,Synthetic ERP,A5000,8333505.45
2024-02-01,CC-301,Sales,Wholesale,Türkiye,Actual,Actual,Synthetic ERP,A5010,146792.39
2024-02-01,CC-301,Sales,Wholesale,Türkiye,Actual,Actual,Synthetic ERP,A5020,215673.26
2024-02-01,CC-301,Sales,Wholesale,Türkiye,Actual,Actual,Synthetic ERP,A6000,809110.61
2024-02-01,CC-301,Sales,Wholesale,Türkiye,Actual,Actual,Synthetic ERP,A6010,149685.46
2024-02-01,CC-301,Sales,Wholesale,Türkiye,Actual,Actual,Synthetic ERP,A6100,283313.72
2024-02-01,CC-301,Sales,Wholesale,Türkiye,Actual,Actual,Synthetic ERP,A6200,144095.15
2024-02-01,CC-301,Sales,Wholesale,Türkiye,Actual,Actual,Synthetic ERP,A6300,105872.26
2024-02-01,CC-301,Sales,Wholesale,Türkiye,Actual,Actual,Synthetic ERP,A6400,52871.29
2024-02-01,CC-301,Sales,Wholesale,Türkiye,Actual,Actual,Synthetic ERP,A6500,26266.63
2024-02-01,CC-301,Sales,Wholesale,Türkiye,Actual,Actual,Synthetic ERP,A6600,15977.76
2024-02-01,CC-302,Sales,Wholesale,Europe,Actual,Actual,Synthetic ERP,A4020,12029576.26
2024-02-01,CC-302,Sales,Wholesale,Europe,Actual,Actual,Synthetic ERP,A5000,7103103.45
2024-02-01,CC-302,Sales,Wholesale,Europe,Actual,Actual,Synthetic ERP,A5010,144106.52
2024-02-01,CC-302,Sales,Wholesale,Europe,Actual,Actual,Synthetic ERP,A5020,216867.71
2024-02-01,CC-302,Sales,Wholesale,Europe,Actual,Actual,Synthetic ERP,A6000,783667.44
2024-02-01,CC-302,Sales,Wholesale,Europe,Actual,Actual,Synthetic ERP,A6010,144978.48
2024-02-01,CC-302,Sales,Wholesale,Europe,Actual,Actual,Synthetic ERP,A6100,239531.51
2024-02-01,CC-302,Sales,Wholesale,Europe,Actual,Actual,Synthetic ERP,A6200,120433.44
2024-02-01,CC-302,Sales,Wholesale,Europe,Actual,Actual,Synthetic ERP,A6300,85684.74
2024-02-01,CC-302,Sales,Wholesale,Europe,Actual,Actual,Synthetic ERP,A6400,42779.84
2024-02-01,CC-302,Sales,Wholesale,Europe,Actual,Actual,Synthetic ERP,A6500,21199.19
2024-02-01,CC-302,Sales,Wholesale,Europe,Actual,Actual,Synthetic ERP,A6600,14440.5
2024-02-01,CC-401,Customer Success,Subscription Services,Türkiye,Actual,Actual,Synthetic ERP,A4030,5178667.52
2024-02-01,CC-401,Customer Success,Subscription Services,Türkiye,Actual,Actual,Synthetic ERP,A5000,1090861.84
2024-02-01,CC-401,Customer Success,Subscription Services,Türkiye,Actual,Actual,Synthetic ERP,A5010,130024.01
2024-02-01,CC-401,Customer Success,Subscription Services,Türkiye,Actual,Actual,Synthetic ERP,A5020,92099.63
2024-02-01,CC-401,Customer Success,Subscription Services,Türkiye,Actual,Actual,Synthetic ERP,A6000,1163513.17
2024-02-01,CC-401,Customer Success,Subscription Services,Türkiye,Actual,Actual,Synthetic ERP,A6010,215249.94
2024-02-01,CC-401,Customer Success,Subscription Services,Türkiye,Actual,Actual,Synthetic ERP,A6100,308616.66
2024-02-01,CC-401,Customer Success,Subscription Services,Türkiye,Actual,Actual,Synthetic ERP,A6200,50955.21
2024-02-01,CC-401,Customer Success,Subscription Services,Türkiye,Actual,Actual,Synthetic ERP,A6300,626610.08
2024-02-01,CC-401,Customer Success,Subscription Services,Türkiye,Actual,Actual,Synthetic ERP,A6400,68974.51
2024-02-01,CC-401,Customer Success,Subscription Services,Türkiye,Actual,Actual,Synthetic ERP,A6500,40026.28
2024-02-01,CC-401,Customer Success,Subscription Services,Türkiye,Actual,Actual,Synthetic ERP,A6600,23086.67
2024-02-01,CC-501,Marketing,Shared Services,Global,Actual,Actual,Synthetic ERP,A6000,1306342.58
2024-02-01,CC-501,Marketing,Shared Services,Global,Actual,Actual,Synthetic ERP,A6010,241673.38
2024-02-01,CC-501,Marketing,Shared Services,Global,Actual,Actual,Synthetic ERP,A6100,3276111.03
2024-02-01,CC-501,Marketing,Shared Services,Global,Actual,Actual,Synthetic ERP,A6300,205344.26
2024-02-01,CC-501,Marketing,Shared Services,Global,Actual,Actual,Synthetic ERP,A6400,76840.2
2024-02-01,CC-501,Marketing,Shared Services,Global,Actual,Actual,Synthetic ERP,A6500,272218.97
2024-02-01,CC-501,Marketing,Shared Services,Global,Actual,Actual,Synthetic ERP,A6600,133506.63
2024-02-01,CC-601,Operations,Shared Services,Türkiye,Actual,Actual,Synthetic ERP,A6000,2098394.71
2024-02-01,CC-601,Operations,Shared Services,Türkiye,Actual,Actual,Synthetic ERP,A6010,388203.02
2024-02-01,CC-601,Operations,Shared Services,Türkiye,Actual,Actual,Synthetic ERP,A6200,3595252.44
2024-02-01,CC-601,Operations,Shared Services,Türkiye,Actual,Actual,Synthetic ERP,A6300,363298.99
2024-02-01,CC-601,Operations,Shared Services,Türkiye,Actual,Actual,Synthetic ERP,A6400,989265.55
2024-02-01,CC-601,Operations,Shared Services,Türkiye,Actual,Actual,Synthetic ERP,A6500,225544.91
2024-02-01,CC-601,Operations,Shared Services,Türkiye,Actual,Actual,Synthetic ERP,A6600,93484.5
2024-02-01,CC-701,Technology,Shared Services,Global,Actual,Actual,Synthetic ERP,A6000,2439364.25
2024-02-01,CC-701,Technology,Shared Services,Global,Actual,Actual,Synthetic ERP,A6010,451282.39
2024-02-01,CC-701,Technology,Shared Services,Global,Actual,Actual,Synthetic ERP,A6300,3322695.07
2024-02-01,CC-701,Technology,Shared Services,Global,Actual,Actual,Synthetic ERP,A6400,221741.5
2024-02-01,CC-701,Technology,Shared Services,Global,Actual,Actual,Synthetic ERP,A6500,854623.14
2024-02-01,CC-701,Technology,Shared Services,Global,Actual,Actual,Synthetic ERP,A6600,168748.96
2024-02-01,CC-701,Technology,Shared Services,Global,Actual,Actual,Synthetic ERP,A6700,169791.67
2024-02-01,CC-801,Finance & Corporate,Shared Services,Global,Actual,Actual,Synthetic ERP,A6000,1689030.64
2024-02-01,CC-801,Finance & Corporate,Shared Services,Global,Actual,Actual,Synthetic ERP,A6010,312470.67
2024-02-01,CC-801,Finance & Corporate,Shared Services,Global,Actual,Actual,Synthetic ERP,A6300,571792.06
2024-02-01,CC-801,Finance & Corporate,Shared Services,Global,Actual,Actual,Synthetic ERP,A6400,1158188.69
2024-02-01,CC-801,Finance & Corporate,Shared Services,Global,Actual,Actual,Synthetic ERP,A6500,1258488.19
2024-02-01,CC-801,Finance & Corporate,Shared Services,Global,Actual,Actual,Synthetic ERP,A6600,279528.72
2024-02-01,CC-801,Finance & Corporate,Shared Services,Global,Actual,Actual,Synthetic ERP,A6800,445200.0
2024-02-01,CC-801,Finance & Corporate,Shared Services,Global,Actual,Actual,Synthetic ERP,A6900,843232.03
2024-03-01,CC-101,Sales,Digital Commerce,Türkiye,Actual,Actual,Synthetic ERP,A4000,22564093.46
2024-03-01,CC-101,Sales,Digital Commerce,Türkiye,Actual,Actual,Synthetic ERP,A5000,8586391.62
2024-03-01,CC-101,Sales,Digital Commerce,Türkiye,Actual,Actual,Synthetic ERP,A5010,640263.26
2024-03-01,CC-101,Sales,Digital Commerce,Türkiye,Actual,Actual,Synthetic ERP,A5020,671524.47
2024-03-01,CC-101,Sales,Digital Commerce,Türkiye,Actual,Actual,Synthetic ERP,A6000,1570873.46
2024-03-01,CC-101,Sales,Digital Commerce,Türkiye,Actual,Actual,Synthetic ERP,A6010,290611.59
2024-03-01,CC-101,Sales,Digital Commerce,Türkiye,Actual,Actual,Synthetic ERP,A6100,1124675.97
2024-03-01,CC-101,Sales,Digital Commerce,Türkiye,Actual,Actual,Synthetic ERP,A6200,414089.57
2024-03-01,CC-101,Sales,Digital Commerce,Türkiye,Actual,Actual,Synthetic ERP,A6300,190156.88
2024-03-01,CC-101,Sales,Digital Commerce,Türkiye,Actual,Actual,Synthetic ERP,A6400,95544.57
2024-03-01,CC-101,Sales,Digital Commerce,Türkiye,Actual,Actual,Synthetic ERP,A6500,51999.65
2024-03-01,CC-101,Sales,Digital Commerce,Türkiye,Actual,Actual,Synthetic ERP,A6600,33770.6
2024-03-01,CC-102,Sales,Digital Commerce,Europe,Actual,Actual,Synthetic ERP,A4000,13412221.14
2024-03-01,CC-102,Sales,Digital Commerce,Europe,Actual,Actual,Synthetic ERP,A5000,5298631.1
2024-03-01,CC-102,Sales,Digital Commerce,Europe,Actual,Actual,Synthetic ERP,A5010,430649.21
2024-03-01,CC-102,Sales,Digital Commerce,Europe,Actual,Actual,Synthetic ERP,A5020,431031.12
2024-03-01,CC-102,Sales,Digital Commerce,Europe,Actual,Actual,Synthetic ERP,A6000,1170838.94
2024-03-01,CC-102,Sales,Digital Commerce,Europe,Actual,Actual,Synthetic ERP,A6010,216605.2
2024-03-01,CC-102,Sales,Digital Commerce,Europe,Actual,Actual,Synthetic ERP,A6100,687529.98
2024-03-01,CC-102,Sales,Digital Commerce,Europe,Actual,Actual,Synthetic ERP,A6200,242317.94
2024-03-01,CC-102,Sales,Digital Commerce,Europe,Actual,Actual,Synthetic ERP,A6300,116973.57
2024-03-01,CC-102,Sales,Digital Commerce,Europe,Actual,Actual,Synthetic ERP,A6400,59871.69
2024-03-01,CC-102,Sales,Digital Commerce,Europe,Actual,Actual,Synthetic ERP,A6500,30348.24
2024-03-01,CC-102,Sales,Digital Commerce,Europe,Actual,Actual,Synthetic ERP,A6600,20906.01
2024-03-01,CC-103,Sales,Digital Commerce,MENA,Actual,Actual,Synthetic ERP,A4000,8186737.22
2024-03-01,CC-103,Sales,Digital Commerce,MENA,Actual,Actual,Synthetic ERP,A5000,3427371.4
2024-03-01,CC-103,Sales,Digital Commerce,MENA,Actual,Actual,Synthetic ERP,A5010,422814.83
2024-03-01,CC-103,Sales,Digital Commerce,MENA,Actual,Actual,Synthetic ERP,A5020,286847.71
2024-03-01,CC-103,Sales,Digital Commerce,MENA,Actual,Actual,Synthetic ERP,A6000,792637.74
2024-03-01,CC-103,Sales,Digital Commerce,MENA,Actual,Actual,Synthetic ERP,A6010,146637.98
2024-03-01,CC-103,Sales,Digital Commerce,MENA,Actual,Actual,Synthetic ERP,A6100,402337.79
2024-03-01,CC-103,Sales,Digital Commerce,MENA,Actual,Actual,Synthetic ERP,A6200,153281.89
2024-03-01,CC-103,Sales,Digital Commerce,MENA,Actual,Actual,Synthetic ERP,A6300,75712.87
2024-03-01,CC-103,Sales,Digital Commerce,MENA,Actual,Actual,Synthetic ERP,A6400,37077.27
2024-03-01,CC-103,Sales,Digital Commerce,MENA,Actual,Actual,Synthetic ERP,A6500,20636.7
2024-03-01,CC-103,Sales,Digital Commerce,MENA,Actual,Actual,Synthetic ERP,A6600,13203.36
2024-03-01,CC-201,Sales,Retail Stores,Türkiye,Actual,Actual,Synthetic ERP,A4010,17956419.27
2024-03-01,CC-201,Sales,Retail Stores,Türkiye,Actual,Actual,Synthetic ERP,A5000,8261630.64
2024-03-01,CC-201,Sales,Retail Stores,Türkiye,Actual,Actual,Synthetic ERP,A5010,359384.52
2024-03-01,CC-201,Sales,Retail Stores,Türkiye,Actual,Actual,Synthetic ERP,A5020,456866.19
2024-03-01,CC-201,Sales,Retail Stores,Türkiye,Actual,Actual,Synthetic ERP,A6000,1947443.58
2024-03-01,CC-201,Sales,Retail Stores,Türkiye,Actual,Actual,Synthetic ERP,A6010,360277.06
2024-03-01,CC-201,Sales,Retail Stores,Türkiye,Actual,Actual,Synthetic ERP,A6100,360169.93
2024-03-01,CC-201,Sales,Retail Stores,Türkiye,Actual,Actual,Synthetic ERP,A6200,325010.02
2024-03-01,CC-201,Sales,Retail Stores,Türkiye,Actual,Actual,Synthetic ERP,A6300,256659.26
2024-03-01,CC-201,Sales,Retail Stores,Türkiye,Actual,Actual,Synthetic ERP,A6400,333561.34
2024-03-01,CC-201,Sales,Retail Stores,Türkiye,Actual,Actual,Synthetic ERP,A6500,72455.74
2024-03-01,CC-201,Sales,Retail Stores,Türkiye,Actual,Actual,Synthetic ERP,A6600,40830.08
2024-03-01,CC-201,Sales,Retail Stores,Türkiye,Actual,Actual,Synthetic ERP,A6700,107500.0
2024-03-01,CC-202,Sales,Retail Stores,Türkiye,Actual,Actual,Synthetic ERP,A4010,12704693.34
2024-03-01,CC-202,Sales,Retail Stores,Türkiye,Actual,Actual,Synthetic ERP,A5000,5973429.17
2024-03-01,CC-202,Sales,Retail Stores,Türkiye,Actual,Actual,Synthetic ERP,A5010,230809.63
2024-03-01,CC-202,Sales,Retail Stores,Türkiye,Actual,Actual,Synthetic ERP,A5020,349451.61
2024-03-01,CC-202,Sales,Retail Stores,Türkiye,Actual,Actual,Synthetic ERP,A6000,1379136.04
2024-03-01,CC-202,Sales,Retail Stores,Türkiye,Actual,Actual,Synthetic ERP,A6010,255140.17
2024-03-01,CC-202,Sales,Retail Stores,Türkiye,Actual,Actual,Synthetic ERP,A6100,255331.96
2024-03-01,CC-202,Sales,Retail Stores,Türkiye,Actual,Actual,Synthetic ERP,A6200,233046.98
2024-03-01,CC-202,Sales,Retail Stores,Türkiye,Actual,Actual,Synthetic ERP,A6300,203360.02
2024-03-01,CC-202,Sales,Retail Stores,Türkiye,Actual,Actual,Synthetic ERP,A6400,258245.61
2024-03-01,CC-202,Sales,Retail Stores,Türkiye,Actual,Actual,Synthetic ERP,A6500,57033.84
2024-03-01,CC-202,Sales,Retail Stores,Türkiye,Actual,Actual,Synthetic ERP,A6600,35473.45
2024-03-01,CC-301,Sales,Wholesale,Türkiye,Actual,Actual,Synthetic ERP,A4020,16757702.1
2024-03-01,CC-301,Sales,Wholesale,Türkiye,Actual,Actual,Synthetic ERP,A5000,9552770.93
2024-03-01,CC-301,Sales,Wholesale,Türkiye,Actual,Actual,Synthetic ERP,A5010,168695.75
2024-03-01,CC-301,Sales,Wholesale,Türkiye,Actual,Actual,Synthetic ERP,A5020,248502.15
2024-03-01,CC-301,Sales,Wholesale,Türkiye,Actual,Actual,Synthetic ERP,A6000,780808.54
2024-03-01,CC-301,Sales,Wholesale,Türkiye,Actual,Actual,Synthetic ERP,A6010,144449.58
2024-03-01,CC-301,Sales,Wholesale,Türkiye,Actual,Actual,Synthetic ERP,A6100,341987.17
2024-03-01,CC-301,Sales,Wholesale,Türkiye,Actual,Actual,Synthetic ERP,A6200,168859.27
2024-03-01,CC-301,Sales,Wholesale,Türkiye,Actual,Actual,Synthetic ERP,A6300,105515.75
2024-03-01,CC-301,Sales,Wholesale,Türkiye,Actual,Actual,Synthetic ERP,A6400,53364.38
2024-03-01,CC-301,Sales,Wholesale,Türkiye,Actual,Actual,Synthetic ERP,A6500,27721.14
2024-03-01,CC-301,Sales,Wholesale,Türkiye,Actual,Actual,Synthetic ERP,A6600,17388.21
2024-03-01,CC-302,Sales,Wholesale,Europe,Actual,Actual,Synthetic ERP,A4020,12878969.01
2024-03-01,CC-302,Sales,Wholesale,Europe,Actual,Actual,Synthetic ERP,A5000,7665938.27
2024-03-01,CC-302,Sales,Wholesale,Europe,Actual,Actual,Synthetic ERP,A5010,154468.71
2024-03-01,CC-302,Sales,Wholesale,Europe,Actual,Actual,Synthetic ERP,A5020,229476.87
2024-03-01,CC-302,Sales,Wholesale,Europe,Actual,Actual,Synthetic ERP,A6000,707119.84
2024-03-01,CC-302,Sales,Wholesale,Europe,Actual,Actual,Synthetic ERP,A6010,130817.17
2024-03-01,CC-302,Sales,Wholesale,Europe,Actual,Actual,Synthetic ERP,A6100,260211.05
2024-03-01,CC-302,Sales,Wholesale,Europe,Actual,Actual,Synthetic ERP,A6200,131252.97
2024-03-01,CC-302,Sales,Wholesale,Europe,Actual,Actual,Synthetic ERP,A6300,88002.05
2024-03-01,CC-302,Sales,Wholesale,Europe,Actual,Actual,Synthetic ERP,A6400,43328.2
2024-03-01,CC-302,Sales,Wholesale,Europe,Actual,Actual,Synthetic ERP,A6500,21713.37
2024-03-01,CC-302,Sales,Wholesale,Europe,Actual,Actual,Synthetic ERP,A6600,14001.04
2024-03-01,CC-401,Customer Success,Subscription Services,Türkiye,Actual,Actual,Synthetic ERP,A4030,5091665.82
2024-03-01,CC-401,Customer Success,Subscription Services,Türkiye,Actual,Actual,Synthetic ERP,A5000,1062382.36
2024-03-01,CC-401,Customer Success,Subscription Services,Türkiye,Actual,Actual,Synthetic ERP,A5010,128245.71
2024-03-01,CC-401,Customer Success,Subscription Services,Türkiye,Actual,Actual,Synthetic ERP,A5020,91205.04
2024-03-01,CC-401,Customer Success,Subscription Services,Türkiye,Actual,Actual,Synthetic ERP,A6000,1198550.63
2024-03-01,CC-401,Customer Success,Subscription Services,Türkiye,Actual,Actual,Synthetic ERP,A6010,221731.87
2024-03-01,CC-401,Customer Success,Subscription Services,Türkiye,Actual,Actual,Synthetic ERP,A6100,317480.56
2024-03-01,CC-401,Customer Success,Subscription Services,Türkiye,Actual,Actual,Synthetic ERP,A6200,51373.71
2024-03-01,CC-401,Customer Success,Subscription Services,Türkiye,Actual,Actual,Synthetic ERP,A6300,649929.93
2024-03-01,CC-401,Customer Success,Subscription Services,Türkiye,Actual,Actual,Synthetic ERP,A6400,69708.93
2024-03-01,CC-401,Customer Success,Subscription Services,Türkiye,Actual,Actual,Synthetic ERP,A6500,36751.59
2024-03-01,CC-401,Customer Success,Subscription Services,Türkiye,Actual,Actual,Synthetic ERP,A6600,20708.51
2024-03-01,CC-501,Marketing,Shared Services,Global,Actual,Actual,Synthetic ERP,A6000,1299468.1
2024-03-01,CC-501,Marketing,Shared Services,Global,Actual,Actual,Synthetic ERP,A6010,240401.6
2024-03-01,CC-501,Marketing,Shared Services,Global,Actual,Actual,Synthetic ERP,A6100,3323667.67
2024-03-01,CC-501,Marketing,Shared Services,Global,Actual,Actual,Synthetic ERP,A6300,216935.58
2024-03-01,CC-501,Marketing,Shared Services,Global,Actual,Actual,Synthetic ERP,A6400,78711.88
2024-03-01,CC-501,Marketing,Shared Services,Global,Actual,Actual,Synthetic ERP,A6500,262075.45
2024-03-01,CC-501,Marketing,Shared Services,Global,Actual,Actual,Synthetic ERP,A6600,131991.03
2024-03-01,CC-601,Operations,Shared Services,Türkiye,Actual,Actual,Synthetic ERP,A6000,2029743.49
2024-03-01,CC-601,Operations,Shared Services,Türkiye,Actual,Actual,Synthetic ERP,A6010,375502.55
2024-03-01,CC-601,Operations,Shared Services,Türkiye,Actual,Actual,Synthetic ERP,A6200,3731182.17
2024-03-01,CC-601,Operations,Shared Services,Türkiye,Actual,Actual,Synthetic ERP,A6300,368980.31
2024-03-01,CC-601,Operations,Shared Services,Türkiye,Actual,Actual,Synthetic ERP,A6400,1013730.24
2024-03-01,CC-601,Operations,Shared Services,Türkiye,Actual,Actual,Synthetic ERP,A6500,217182.77
2024-03-01,CC-601,Operations,Shared Services,Türkiye,Actual,Actual,Synthetic ERP,A6600,105273.54
2024-03-01,CC-701,Technology,Shared Services,Global,Actual,Actual,Synthetic ERP,A6000,2427912.62
2024-03-01,CC-701,Technology,Shared Services,Global,Actual,Actual,Synthetic ERP,A6010,449163.83
2024-03-01,CC-701,Technology,Shared Services,Global,Actual,Actual,Synthetic ERP,A6300,3255715.64
2024-03-01,CC-701,Technology,Shared Services,Global,Actual,Actual,Synthetic ERP,A6400,228817.7
2024-03-01,CC-701,Technology,Shared Services,Global,Actual,Actual,Synthetic ERP,A6500,847145.55
2024-03-01,CC-701,Technology,Shared Services,Global,Actual,Actual,Synthetic ERP,A6600,169574.47
2024-03-01,CC-701,Technology,Shared Services,Global,Actual,Actual,Synthetic ERP,A6700,169791.67
2024-03-01,CC-801,Finance & Corporate,Shared Services,Global,Actual,Actual,Synthetic ERP,A6000,1683976.54
2024-03-01,CC-801,Finance & Corporate,Shared Services,Global,Actual,Actual,Synthetic ERP,A6010,311535.66
2024-03-01,CC-801,Finance & Corporate,Shared Services,Global,Actual,Actual,Synthetic ERP,A6300,567824.45
2024-03-01,CC-801,Finance & Corporate,Shared Services,Global,Actual,Actual,Synthetic ERP,A6400,1143632.07
2024-03-01,CC-801,Finance & Corporate,Shared Services,Global,Actual,Actual,Synthetic ERP,A6500,1242103.68
2024-03-01,CC-801,Finance & Corporate,Shared Services,Global,Actual,Actual,Synthetic ERP,A6600,293098.92
2024-03-01,CC-801,Finance & Corporate,Shared Services,Global,Actual,Actual,Synthetic ERP,A6800,445200.0
2024-03-01,CC-801,Finance & Corporate,Shared Services,Global,Actual,Actual,Synthetic ERP,A6900,1937822.48
2024-04-01,CC-101,Sales,Digital Commerce,Türkiye,Actual,Actual,Synthetic ERP,A4000,23035711.08
2024-04-01,CC-101,Sales,Digital Commerce,Türkiye,Actual,Actual,Synthetic ERP,A5000,8759917.77
2024-04-01,CC-101,Sales,Digital Commerce,Türkiye,Actual,Actual,Synthetic ERP,A5010,657346.35
2024-04-01,CC-101,Sales,Digital Commerce,Türkiye,Actual,Actual,Synthetic ERP,A5020,690699.37
2024-04-01,CC-101,Sales,Digital Commerce,Türkiye,Actual,Actual,Synthetic ERP,A6000,1715662.18
2024-04-01,CC-101,Sales,Digital Commerce,Türkiye,Actual,Actual,Synthetic ERP,A6010,317397.5
2024-04-01,CC-101,Sales,Digital Commerce,Türkiye,Actual,Actual,Synthetic ERP,A6100,1155065.99
2024-04-01,CC-101,Sales,Digital Commerce,Türkiye,Actual,Actual,Synthetic ERP,A6200,409193.0
2024-04-01,CC-101,Sales,Digital Commerce,Türkiye,Actual,Actual,Synthetic ERP,A6300,191018.46
2024-04-01,CC-101,Sales,Digital Commerce,Türkiye,Actual,Actual,Synthetic ERP,A6400,97802.12
2024-04-01,CC-101,Sales,Digital Commerce,Türkiye,Actual,Actual,Synthetic ERP,A6500,50765.24
2024-04-01,CC-101,Sales,Digital Commerce,Türkiye,Actual,Actual,Synthetic ERP,A6600,33941.72
2024-04-01,CC-102,Sales,Digital Commerce,Europe,Actual,Actual,Synthetic ERP,A4000,14908318.51
2024-04-01,CC-102,Sales,Digital Commerce,Europe,Actual,Actual,Synthetic ERP,A5000,5999531.59
2024-04-01,CC-102,Sales,Digital Commerce,Europe,Actual,Actual,Synthetic ERP,A5010,478112.99
2024-04-01,CC-102,Sales,Digital Commerce,Europe,Actual,Actual,Synthetic ERP,A5020,470802.72
2024-04-01,CC-102,Sales,Digital Commerce,Europe,Actual,Actual,Synthetic ERP,A6000,1268466.26
2024-04-01,CC-102,Sales,Digital Commerce,Europe,Actual,Actual,Synthetic ERP,A6010,234666.26
2024-04-01,CC-102,Sales,Digital Commerce,Europe,Actual,Actual,Synthetic ERP,A6100,755814.98
2024-04-01,CC-102,Sales,Digital Commerce,Europe,Actual,Actual,Synthetic ERP,A6200,258854.44
2024-04-01,CC-102,Sales,Digital Commerce,Europe,Actual,Actual,Synthetic ERP,A6300,125727.44
2024-04-01,CC-102,Sales,Digital Commerce,Europe,Actual,Actual,Synthetic ERP,A6400,59680.2
2024-04-01,CC-102,Sales,Digital Commerce,Europe,Actual,Actual,Synthetic ERP,A6500,33160.46
2024-04-01,CC-102,Sales,Digital Commerce,Europe,Actual,Actual,Synthetic ERP,A6600,18433.53
2024-04-01,CC-103,Sales,Digital Commerce,MENA,Actual,Actual,Synthetic ERP,A4000,8528916.66
2024-04-01,CC-103,Sales,Digital Commerce,MENA,Actual,Actual,Synthetic ERP,A5000,3608268.58
2024-04-01,CC-103,Sales,Digital Commerce,MENA,Actual,Actual,Synthetic ERP,A5010,445841.58
2024-04-01,CC-103,Sales,Digital Commerce,MENA,Actual,Actual,Synthetic ERP,A5020,300043.0
2024-04-01,CC-103,Sales,Digital Commerce,MENA,Actual,Actual,Synthetic ERP,A6000,843862.16
2024-04-01,CC-103,Sales,Digital Commerce,MENA,Actual,Actual,Synthetic ERP,A6010,156114.5
2024-04-01,CC-103,Sales,Digital Commerce,MENA,Actual,Actual,Synthetic ERP,A6100,430996.35
2024-04-01,CC-103,Sales,Digital Commerce,MENA,Actual,Actual,Synthetic ERP,A6200,151848.33
2024-04-01,CC-103,Sales,Digital Commerce,MENA,Actual,Actual,Synthetic ERP,A6300,73871.83
2024-04-01,CC-103,Sales,Digital Commerce,MENA,Actual,Actual,Synthetic ERP,A6400,37451.77
2024-04-01,CC-103,Sales,Digital Commerce,MENA,Actual,Actual,Synthetic ERP,A6500,19615.04
2024-04-01,CC-103,Sales,Digital Commerce,MENA,Actual,Actual,Synthetic ERP,A6600,13232.58
2024-04-01,CC-201,Sales,Retail Stores,Türkiye,Actual,Actual,Synthetic ERP,A4010,19515833.54
2024-04-01,CC-201,Sales,Retail Stores,Türkiye,Actual,Actual,Synthetic ERP,A5000,8908308.61
2024-04-01,CC-201,Sales,Retail Stores,Türkiye,Actual,Actual,Synthetic ERP,A5010,397277.62
2024-04-01,CC-201,Sales,Retail Stores,Türkiye,Actual,Actual,Synthetic ERP,A5020,492310.15
2024-04-01,CC-201,Sales,Retail Stores,Türkiye,Actual,Actual,Synthetic ERP,A6000,2084835.31
2024-04-01,CC-201,Sales,Retail Stores,Türkiye,Actual,Actual,Synthetic ERP,A6010,385694.53
2024-04-01,CC-201,Sales,Retail Stores,Türkiye,Actual,Actual,Synthetic ERP,A6100,383063.17
2024-04-01,CC-201,Sales,Retail Stores,Türkiye,Actual,Actual,Synthetic ERP,A6200,349391.11
2024-04-01,CC-201,Sales,Retail Stores,Türkiye,Actual,Actual,Synthetic ERP,A6300,257879.6
2024-04-01,CC-201,Sales,Retail Stores,Türkiye,Actual,Actual,Synthetic ERP,A6400,336330.92
2024-04-01,CC-201,Sales,Retail Stores,Türkiye,Actual,Actual,Synthetic ERP,A6500,63333.39
2024-04-01,CC-201,Sales,Retail Stores,Türkiye,Actual,Actual,Synthetic ERP,A6600,35444.73
2024-04-01,CC-201,Sales,Retail Stores,Türkiye,Actual,Actual,Synthetic ERP,A6700,107500.0
2024-04-01,CC-202,Sales,Retail Stores,Türkiye,Actual,Actual,Synthetic ERP,A4010,13081290.61
2024-04-01,CC-202,Sales,Retail Stores,Türkiye,Actual,Actual,Synthetic ERP,A5000,6166151.13
2024-04-01,CC-202,Sales,Retail Stores,Türkiye,Actual,Actual,Synthetic ERP,A5010,232486.56
2024-04-01,CC-202,Sales,Retail Stores,Türkiye,Actual,Actual,Synthetic ERP,A5020,353069.74
2024-04-01,CC-202,Sales,Retail Stores,Türkiye,Actual,Actual,Synthetic ERP,A6000,1444057.44
2024-04-01,CC-202,Sales,Retail Stores,Türkiye,Actual,Actual,Synthetic ERP,A6010,267150.63
2024-04-01,CC-202,Sales,Retail Stores,Türkiye,Actual,Actual,Synthetic ERP,A6100,262802.47
2024-04-01,CC-202,Sales,Retail Stores,Türkiye,Actual,Actual,Synthetic ERP,A6200,237382.32
2024-04-01,CC-202,Sales,Retail Stores,Türkiye,Actual,Actual,Synthetic ERP,A6300,208083.02
2024-04-01,CC-202,Sales,Retail Stores,Türkiye,Actual,Actual,Synthetic ERP,A6400,263622.5
2024-04-01,CC-202,Sales,Retail Stores,Türkiye,Actual,Actual,Synthetic ERP,A6500,53245.88
2024-04-01,CC-202,Sales,Retail Stores,Türkiye,Actual,Actual,Synthetic ERP,A6600,39686.33
2024-04-01,CC-301,Sales,Wholesale,Türkiye,Actual,Actual,Synthetic ERP,A4020,17149304.73
2024-04-01,CC-301,Sales,Wholesale,Türkiye,Actual,Actual,Synthetic ERP,A5000,9855830.1
2024-04-01,CC-301,Sales,Wholesale,Türkiye,Actual,Actual,Synthetic ERP,A5010,170534.4
2024-04-01,CC-301,Sales,Wholesale,Türkiye,Actual,Actual,Synthetic ERP,A5020,257600.9
2024-04-01,CC-301,Sales,Wholesale,Türkiye,Actual,Actual,Synthetic ERP,A6000,841488.5
2024-04-01,CC-301,Sales,Wholesale,Türkiye,Actual,Actual,Synthetic ERP,A6010,155675.37
2024-04-01,CC-301,Sales,Wholesale,Türkiye,Actual,Actual,Synthetic ERP,A6100,342247.05
2024-04-01,CC-301,Sales,Wholesale,Türkiye,Actual,Actual,Synthetic ERP,A6200,170158.38
2024-04-01,CC-301,Sales,Wholesale,Türkiye,Actual,Actual,Synthetic ERP,A6300,107151.57
2024-04-01,CC-301,Sales,Wholesale,Türkiye,Actual,Actual,Synthetic ERP,A6400,53844.77
2024-04-01,CC-301,Sales,Wholesale,Türkiye,Actual,Actual,Synthetic ERP,A6500,30556.77
2024-04-01,CC-301,Sales,Wholesale,Türkiye,Actual,Actual,Synthetic ERP,A6600,19102.43
2024-04-01,CC-302,Sales,Wholesale,Europe,Actual,Actual,Synthetic ERP,A4020,13014300.05
2024-04-01,CC-302,Sales,Wholesale,Europe,Actual,Actual,Synthetic ERP,A5000,7697158.04
2024-04-01,CC-302,Sales,Wholesale,Europe,Actual,Actual,Synthetic ERP,A5010,155719.95
2024-04-01,CC-302,Sales,Wholesale,Europe,Actual,Actual,Synthetic ERP,A5020,236535.1
2024-04-01,CC-302,Sales,Wholesale,Europe,Actual,Actual,Synthetic ERP,A6000,755487.25
2024-04-01,CC-302,Sales,Wholesale,Europe,Actual,Actual,Synthetic ERP,A6010,139765.14
2024-04-01,CC-302,Sales,Wholesale,Europe,Actual,Actual,Synthetic ERP,A6100,264392.57
2024-04-01,CC-302,Sales,Wholesale,Europe,Actual,Actual,Synthetic ERP,A6200,133124.6
2024-04-01,CC-302,Sales,Wholesale,Europe,Actual,Actual,Synthetic ERP,A6300,88314.11
2024-04-01,CC-302,Sales,Wholesale,Europe,Actual,Actual,Synthetic ERP,A6400,43747.67
2024-04-01,CC-302,Sales,Wholesale,Europe,Actual,Actual,Synthetic ERP,A6500,24420.85
2024-04-01,CC-302,Sales,Wholesale,Europe,Actual,Actual,Synthetic ERP,A6600,14119.37
2024-04-01,CC-401,Customer Success,Subscription Services,Türkiye,Actual,Actual,Synthetic ERP,A4030,5708958.32
2024-04-01,CC-401,Customer Success,Subscription Services,Türkiye,Actual,Actual,Synthetic ERP,A5000,1216079.73
2024-04-01,CC-401,Customer Success,Subscription Services,Türkiye,Actual,Actual,Synthetic ERP,A5010,139710.01
2024-04-01,CC-401,Customer Success,Subscription Services,Türkiye,Actual,Actual,Synthetic ERP,A5020,103502.02
2024-04-01,CC-401,Customer Success,Subscription Services,Türkiye,Actual,Actual,Synthetic ERP,A6000,1338861.91
2024-04-01,CC-401,Customer Success,Subscription Services,Türkiye,Actual,Actual,Synthetic ERP,A6010,247689.45
2024-04-01,CC-401,Customer Success,Subscription Services,Türkiye,Actual,Actual,Synthetic ERP,A6100,338177.92
2024-04-01,CC-401,Customer Success,Subscription Services,Türkiye,Actual,Actual,Synthetic ERP,A6200,55316.03
2024-04-01,CC-401,Customer Success,Subscription Services,Türkiye,Actual,Actual,Synthetic ERP,A6300,656802.31
2024-04-01,CC-401,Customer Success,Subscription Services,Türkiye,Actual,Actual,Synthetic ERP,A6400,69810.08
2024-04-01,CC-401,Customer Success,Subscription Services,Türkiye,Actual,Actual,Synthetic ERP,A6500,38461.3
2024-04-01,CC-401,Customer Success,Subscription Services,Türkiye,Actual,Actual,Synthetic ERP,A6600,24335.0
2024-04-01,CC-501,Marketing,Shared Services,Global,Actual,Actual,Synthetic ERP,A6000,1361032.38
2024-04-01,CC-501,Marketing,Shared Services,Global,Actual,Actual,Synthetic ERP,A6010,251790.99
2024-04-01,CC-501,Marketing,Shared Services,Global,Actual,Actual,Synthetic ERP,A6100,3482475.33
2024-04-01,CC-501,Marketing,Shared Services,Global,Actual,Actual,Synthetic ERP,A6300,226877.62
2024-04-01,CC-501,Marketing,Shared Services,Global,Actual,Actual,Synthetic ERP,A6400,77136.62
2024-04-01,CC-501,Marketing,Shared Services,Global,Actual,Actual,Synthetic ERP,A6500,299767.95
2024-04-01,CC-501,Marketing,Shared Services,Global,Actual,Actual,Synthetic ERP,A6600,132173.81
2024-04-01,CC-601,Operations,Shared Services,Türkiye,Actual,Actual,Synthetic ERP,A6000,2202023.56
2024-04-01,CC-601,Operations,Shared Services,Türkiye,Actual,Actual,Synthetic ERP,A6010,407374.36
2024-04-01,CC-601,Operations,Shared Services,Türkiye,Actual,Actual,Synthetic ERP,A6200,3809337.43
2024-04-01,CC-601,Operations,Shared Services,Türkiye,Actual,Actual,Synthetic ERP,A6300,382441.35
2024-04-01,CC-601,Operations,Shared Services,Türkiye,Actual,Actual,Synthetic ERP,A6400,1039896.41
2024-04-01,CC-601,Operations,Shared Services,Türkiye,Actual,Actual,Synthetic ERP,A6500,233164.76
2024-04-01,CC-601,Operations,Shared Services,Türkiye,Actual,Actual,Synthetic ERP,A6600,97306.63
2024-04-01,CC-701,Technology,Shared Services,Global,Actual,Actual,Synthetic ERP,A6000,2656913.23
2024-04-01,CC-701,Technology,Shared Services,Global,Actual,Actual,Synthetic ERP,A6010,491528.95
2024-04-01,CC-701,Technology,Shared Services,Global,Actual,Actual,Synthetic ERP,A6300,3270755.77
2024-04-01,CC-701,Technology,Shared Services,Global,Actual,Actual,Synthetic ERP,A6400,233768.35
2024-04-01,CC-701,Technology,Shared Services,Global,Actual,Actual,Synthetic ERP,A6500,801254.7
2024-04-01,CC-701,Technology,Shared Services,Global,Actual,Actual,Synthetic ERP,A6600,184083.05
2024-04-01,CC-701,Technology,Shared Services,Global,Actual,Actual,Synthetic ERP,A6700,169791.67
2024-04-01,CC-801,Finance & Corporate,Shared Services,Global,Actual,Actual,Synthetic ERP,A6000,1749980.6
2024-04-01,CC-801,Finance & Corporate,Shared Services,Global,Actual,Actual,Synthetic ERP,A6010,323746.41
2024-04-01,CC-801,Finance & Corporate,Shared Services,Global,Actual,Actual,Synthetic ERP,A6300,557197.5
2024-04-01,CC-801,Finance & Corporate,Shared Services,Global,Actual,Actual,Synthetic ERP,A6400,1180520.74
2024-04-01,CC-801,Finance & Corporate,Shared Services,Global,Actual,Actual,Synthetic ERP,A6500,1248267.19
2024-04-01,CC-801,Finance & Corporate,Shared Services,Global,Actual,Actual,Synthetic ERP,A6600,275713.2
2024-04-01,CC-801,Finance & Corporate,Shared Services,Global,Actual,Actual,Synthetic ERP,A6800,445200.0
2024-04-01,CC-801,Finance & Corporate,Shared Services,Global,Actual,Actual,Synthetic ERP,A6900,2093269.71
2024-05-01,CC-101,Sales,Digital Commerce,Türkiye,Actual,Actual,Synthetic ERP,A4000,24147629.92
2024-05-01,CC-101,Sales,Digital Commerce,Türkiye,Actual,Actual,Synthetic ERP,A5000,9119440.76
2024-05-01,CC-101,Sales,Digital Commerce,Türkiye,Actual,Actual,Synthetic ERP,A5010,675376.66
2024-05-01,CC-101,Sales,Digital Commerce,Türkiye,Actual,Actual,Synthetic ERP,A5020,721149.15
2024-05-01,CC-101,Sales,Digital Commerce,Türkiye,Actual,Actual,Synthetic ERP,A6000,1636362.0
2024-05-01,CC-101,Sales,Digital Commerce,Türkiye,Actual,Actual,Synthetic ERP,A6010,302726.97
2024-05-01,CC-101,Sales,Digital Commerce,Türkiye,Actual,Actual,Synthetic ERP,A6100,1214285.64
2024-05-01,CC-101,Sales,Digital Commerce,Türkiye,Actual,Actual,Synthetic ERP,A6200,436842.01
2024-05-01,CC-101,Sales,Digital Commerce,Türkiye,Actual,Actual,Synthetic ERP,A6300,193572.31
2024-05-01,CC-101,Sales,Digital Commerce,Türkiye,Actual,Actual,Synthetic ERP,A6400,98580.75
2024-05-01,CC-101,Sales,Digital Commerce,Türkiye,Actual,Actual,Synthetic ERP,A6500,54427.68
2024-05-01,CC-101,Sales,Digital Commerce,Türkiye,Actual,Actual,Synthetic ERP,A6600,35743.82
2024-05-01,CC-102,Sales,Digital Commerce,Europe,Actual,Actual,Synthetic ERP,A4000,15571279.72
2024-05-01,CC-102,Sales,Digital Commerce,Europe,Actual,Actual,Synthetic ERP,A5000,6290576.76
2024-05-01,CC-102,Sales,Digital Commerce,Europe,Actual,Actual,Synthetic ERP,A5010,504181.94
2024-05-01,CC-102,Sales,Digital Commerce,Europe,Actual,Actual,Synthetic ERP,A5020,487833.71
2024-05-01,CC-102,Sales,Digital Commerce,Europe,Actual,Actual,Synthetic ERP,A6000,1267216.57
2024-05-01,CC-102,Sales,Digital Commerce,Europe,Actual,Actual,Synthetic ERP,A6010,234435.07
2024-05-01,CC-102,Sales,Digital Commerce,Europe,Actual,Actual,Synthetic ERP,A6100,782797.73
2024-05-01,CC-102,Sales,Digital Commerce,Europe,Actual,Actual,Synthetic ERP,A6200,278957.8
2024-05-01,CC-102,Sales,Digital Commerce,Europe,Actual,Actual,Synthetic ERP,A6300,119841.58
2024-05-01,CC-102,Sales,Digital Commerce,Europe,Actual,Actual,Synthetic ERP,A6400,60998.36
2024-05-01,CC-102,Sales,Digital Commerce,Europe,Actual,Actual,Synthetic ERP,A6500,33372.91
2024-05-01,CC-102,Sales,Digital Commerce,Europe,Actual,Actual,Synthetic ERP,A6600,19948.17
2024-05-01,CC-103,Sales,Digital Commerce,MENA,Actual,Actual,Synthetic ERP,A4000,9210561.23
2024-05-01,CC-103,Sales,Digital Commerce,MENA,Actual,Actual,Synthetic ERP,A5000,3858653.5
2024-05-01,CC-103,Sales,Digital Commerce,MENA,Actual,Actual,Synthetic ERP,A5010,484073.53
2024-05-01,CC-103,Sales,Digital Commerce,MENA,Actual,Actual,Synthetic ERP,A5020,313113.67
2024-05-01,CC-103,Sales,Digital Commerce,MENA,Actual,Actual,Synthetic ERP,A6000,811769.8
2024-05-01,CC-103,Sales,Digital Commerce,MENA,Actual,Actual,Synthetic ERP,A6010,150177.41
2024-05-01,CC-103,Sales,Digital Commerce,MENA,Actual,Actual,Synthetic ERP,A6100,457065.28
2024-05-01,CC-103,Sales,Digital Commerce,MENA,Actual,Actual,Synthetic ERP,A6200,168353.12
2024-05-01,CC-103,Sales,Digital Commerce,MENA,Actual,Actual,Synthetic ERP,A6300,75388.68
2024-05-01,CC-103,Sales,Digital Commerce,MENA,Actual,Actual,Synthetic ERP,A6400,38230.68
2024-05-01,CC-103,Sales,Digital Commerce,MENA,Actual,Actual,Synthetic ERP,A6500,20015.83
2024-05-01,CC-103,Sales,Digital Commerce,MENA,Actual,Actual,Synthetic ERP,A6600,13170.28
2024-05-01,CC-201,Sales,Retail Stores,Türkiye,Actual,Actual,Synthetic ERP,A4010,19197273.76
2024-05-01,CC-201,Sales,Retail Stores,Türkiye,Actual,Actual,Synthetic ERP,A5000,8798684.42
2024-05-01,CC-201,Sales,Retail Stores,Türkiye,Actual,Actual,Synthetic ERP,A5010,389027.91
2024-05-01,CC-201,Sales,Retail Stores,Türkiye,Actual,Actual,Synthetic ERP,A5020,477785.93
2024-05-01,CC-201,Sales,Retail Stores,Türkiye,Actual,Actual,Synthetic ERP,A6000,1980961.15
2024-05-01,CC-201,Sales,Retail Stores,Türkiye,Actual,Actual,Synthetic ERP,A6010,366477.81
2024-05-01,CC-201,Sales,Retail Stores,Türkiye,Actual,Actual,Synthetic ERP,A6100,374887.83
2024-05-01,CC-201,Sales,Retail Stores,Türkiye,Actual,Actual,Synthetic ERP,A6200,347540.93
2024-05-01,CC-201,Sales,Retail Stores,Türkiye,Actual,Actual,Synthetic ERP,A6300,267024.9
2024-05-01,CC-201,Sales,Retail Stores,Türkiye,Actual,Actual,Synthetic ERP,A6400,336549.32
2024-05-01,CC-201,Sales,Retail Stores,Türkiye,Actual,Actual,Synthetic ERP,A6500,68726.76
2024-05-01,CC-201,Sales,Retail Stores,Türkiye,Actual,Actual,Synthetic ERP,A6600,45097.91
2024-05-01,CC-201,Sales,Retail Stores,Türkiye,Actual,Actual,Synthetic ERP,A6700,107500.0
2024-05-01,CC-202,Sales,Retail Stores,Türkiye,Actual,Actual,Synthetic ERP,A4010,13482212.08
2024-05-01,CC-202,Sales,Retail Stores,Türkiye,Actual,Actual,Synthetic ERP,A5000,6360717.23
2024-05-01,CC-202,Sales,Retail Stores,Türkiye,Actual,Actual,Synthetic ERP,A5010,242654.82
2024-05-01,CC-202,Sales,Retail Stores,Türkiye,Actual,Actual,Synthetic ERP,A5020,359691.06
2024-05-01,CC-202,Sales,Retail Stores,Türkiye,Actual,Actual,Synthetic ERP,A6000,1446210.22
2024-05-01,CC-202,Sales,Retail Stores,Türkiye,Actual,Actual,Synthetic ERP,A6010,267548.89
2024-05-01,CC-202,Sales,Retail Stores,Türkiye,Actual,Actual,Synthetic ERP,A6100,268100.21
2024-05-01,CC-202,Sales,Retail Stores,Türkiye,Actual,Actual,Synthetic ERP,A6200,246109.28
2024-05-01,CC-202,Sales,Retail Stores,Türkiye,Actual,Actual,Synthetic ERP,A6300,210114.21
2024-05-01,CC-202,Sales,Retail Stores,Türkiye,Actual,Actual,Synthetic ERP,A6400,267889.82
2024-05-01,CC-202,Sales,Retail Stores,Türkiye,Actual,Actual,Synthetic ERP,A6500,56433.99
2024-05-01,CC-202,Sales,Retail Stores,Türkiye,Actual,Actual,Synthetic ERP,A6600,36307.08
2024-05-01,CC-301,Sales,Wholesale,Türkiye,Actual,Actual,Synthetic ERP,A4020,16143916.88
2024-05-01,CC-301,Sales,Wholesale,Türkiye,Actual,Actual,Synthetic ERP,A5000,9257512.0
2024-05-01,CC-301,Sales,Wholesale,Türkiye,Actual,Actual,Synthetic ERP,A5010,165360.67
2024-05-01,CC-301,Sales,Wholesale,Türkiye,Actual,Actual,Synthetic ERP,A5020,240572.17
2024-05-01,CC-301,Sales,Wholesale,Türkiye,Actual,Actual,Synthetic ERP,A6000,843765.96
2024-05-01,CC-301,Sales,Wholesale,Türkiye,Actual,Actual,Synthetic ERP,A6010,156096.7
2024-05-01,CC-301,Sales,Wholesale,Türkiye,Actual,Actual,Synthetic ERP,A6100,318596.44
2024-05-01,CC-301,Sales,Wholesale,Türkiye,Actual,Actual,Synthetic ERP,A6200,160631.36
2024-05-01,CC-301,Sales,Wholesale,Türkiye,Actual,Actual,Synthetic ERP,A6300,107459.42
2024-05-01,CC-301,Sales,Wholesale,Türkiye,Actual,Actual,Synthetic ERP,A6400,54003.44
2024-05-01,CC-301,Sales,Wholesale,Türkiye,Actual,Actual,Synthetic ERP,A6500,30310.5
2024-05-01,CC-301,Sales,Wholesale,Türkiye,Actual,Actual,Synthetic ERP,A6600,19224.51
2024-05-01,CC-302,Sales,Wholesale,Europe,Actual,Actual,Synthetic ERP,A4020,12367321.29
2024-05-01,CC-302,Sales,Wholesale,Europe,Actual,Actual,Synthetic ERP,A5000,7264455.53
2024-05-01,CC-302,Sales,Wholesale,Europe,Actual,Actual,Synthetic ERP,A5010,145537.31
2024-05-01,CC-302,Sales,Wholesale,Europe,Actual,Actual,Synthetic ERP,A5020,219057.93
2024-05-01,CC-302,Sales,Wholesale,Europe,Actual,Actual,Synthetic ERP,A6000,749106.2
2024-05-01,CC-302,Sales,Wholesale,Europe,Actual,Actual,Synthetic ERP,A6010,138584.65
2024-05-01,CC-302,Sales,Wholesale,Europe,Actual,Actual,Synthetic ERP,A6100,247082.91
2024-05-01,CC-302,Sales,Wholesale,Europe,Actual,Actual,Synthetic ERP,A6200,124226.05
2024-05-01,CC-302,Sales,Wholesale,Europe,Actual,Actual,Synthetic ERP,A6300,85974.89
2024-05-01,CC-302,Sales,Wholesale,Europe,Actual,Actual,Synthetic ERP,A6400,42739.37
2024-05-01,CC-302,Sales,Wholesale,Europe,Actual,Actual,Synthetic ERP,A6500,23927.23
2024-05-01,CC-302,Sales,Wholesale,Europe,Actual,Actual,Synthetic ERP,A6600,14577.01
2024-05-01,CC-401,Customer Success,Subscription Services,Türkiye,Actual,Actual,Synthetic ERP,A4030,5702611.08
2024-05-01,CC-401,Customer Success,Subscription Services,Türkiye,Actual,Actual,Synthetic ERP,A5000,1184769.54
2024-05-01,CC-401,Customer Success,Subscription Services,Türkiye,Actual,Actual,Synthetic ERP,A5010,142861.15
2024-05-01,CC-401,Customer Success,Subscription Services,Türkiye,Actual,Actual,Synthetic ERP,A5020,103666.57
2024-05-01,CC-401,Customer Success,Subscription Services,Türkiye,Actual,Actual,Synthetic ERP,A6000,1350115.96
2024-05-01,CC-401,Customer Success,Subscription Services,Türkiye,Actual,Actual,Synthetic ERP,A6010,249771.45
2024-05-01,CC-401,Customer Success,Subscription Services,Türkiye,Actual,Actual,Synthetic ERP,A6100,338427.63
2024-05-01,CC-401,Customer Success,Subscription Services,Türkiye,Actual,Actual,Synthetic ERP,A6200,56999.79
2024-05-01,CC-401,Customer Success,Subscription Services,Türkiye,Actual,Actual,Synthetic ERP,A6300,644875.44
2024-05-01,CC-401,Customer Success,Subscription Services,Türkiye,Actual,Actual,Synthetic ERP,A6400,71462.19
2024-05-01,CC-401,Customer Success,Subscription Services,Türkiye,Actual,Actual,Synthetic ERP,A6500,40411.44
2024-05-01,CC-401,Customer Success,Subscription Services,Türkiye,Actual,Actual,Synthetic ERP,A6600,23313.78
2024-05-01,CC-501,Marketing,Shared Services,Global,Actual,Actual,Synthetic ERP,A6000,1357693.02
2024-05-01,CC-501,Marketing,Shared Services,Global,Actual,Actual,Synthetic ERP,A6010,251173.21
2024-05-01,CC-501,Marketing,Shared Services,Global,Actual,Actual,Synthetic ERP,A6100,3569655.82
2024-05-01,CC-501,Marketing,Shared Services,Global,Actual,Actual,Synthetic ERP,A6300,215430.11
2024-05-01,CC-501,Marketing,Shared Services,Global,Actual,Actual,Synthetic ERP,A6400,79047.82
2024-05-01,CC-501,Marketing,Shared Services,Global,Actual,Actual,Synthetic ERP,A6500,279035.51
2024-05-01,CC-501,Marketing,Shared Services,Global,Actual,Actual,Synthetic ERP,A6600,125916.5
2024-05-01,CC-601,Operations,Shared Services,Türkiye,Actual,Actual,Synthetic ERP,A6000,2178486.12
2024-05-01,CC-601,Operations,Shared Services,Türkiye,Actual,Actual,Synthetic ERP,A6010,403019.93
2024-05-01,CC-601,Operations,Shared Services,Türkiye,Actual,Actual,Synthetic ERP,A6200,3837783.78
2024-05-01,CC-601,Operations,Shared Services,Türkiye,Actual,Actual,Synthetic ERP,A6300,380874.81
2024-05-01,CC-601,Operations,Shared Services,Türkiye,Actual,Actual,Synthetic ERP,A6400,1034677.74
2024-05-01,CC-601,Operations,Shared Services,Türkiye,Actual,Actual,Synthetic ERP,A6500,199206.08
2024-05-01,CC-601,Operations,Shared Services,Türkiye,Actual,Actual,Synthetic ERP,A6600,107907.4
2024-05-01,CC-701,Technology,Shared Services,Global,Actual,Actual,Synthetic ERP,A6000,2540984.9
2024-05-01,CC-701,Technology,Shared Services,Global,Actual,Actual,Synthetic ERP,A6010,470082.21
2024-05-01,CC-701,Technology,Shared Services,Global,Actual,Actual,Synthetic ERP,A6300,3433023.15
2024-05-01,CC-701,Technology,Shared Services,Global,Actual,Actual,Synthetic ERP,A6400,235579.55
2024-05-01,CC-701,Technology,Shared Services,Global,Actual,Actual,Synthetic ERP,A6500,852339.75
2024-05-01,CC-701,Technology,Shared Services,Global,Actual,Actual,Synthetic ERP,A6600,186078.92
2024-05-01,CC-701,Technology,Shared Services,Global,Actual,Actual,Synthetic ERP,A6700,169791.67
2024-05-01,CC-801,Finance & Corporate,Shared Services,Global,Actual,Actual,Synthetic ERP,A6000,1874561.27
2024-05-01,CC-801,Finance & Corporate,Shared Services,Global,Actual,Actual,Synthetic ERP,A6010,346793.83
2024-05-01,CC-801,Finance & Corporate,Shared Services,Global,Actual,Actual,Synthetic ERP,A6300,586528.97
2024-05-01,CC-801,Finance & Corporate,Shared Services,Global,Actual,Actual,Synthetic ERP,A6400,1214541.97
2024-05-01,CC-801,Finance & Corporate,Shared Services,Global,Actual,Actual,Synthetic ERP,A6500,1316337.77
2024-05-01,CC-801,Finance & Corporate,Shared Services,Global,Actual,Actual,Synthetic ERP,A6600,280543.44
2024-05-01,CC-801,Finance & Corporate,Shared Services,Global,Actual,Actual,Synthetic ERP,A6800,445200.0
2024-05-01,CC-801,Finance & Corporate,Shared Services,Global,Actual,Actual,Synthetic ERP,A6900,2238577.93
2024-06-01,CC-101,Sales,Digital Commerce,Türkiye,Actual,Actual,Synthetic ERP,A4000,26163953.38
2024-06-01,CC-101,Sales,Digital Commerce,Türkiye,Actual,Actual,Synthetic ERP,A5000,10017205.59
2024-06-01,CC-101,Sales,Digital Commerce,Türkiye,Actual,Actual,Synthetic ERP,A5010,730929.28
2024-06-01,CC-101,Sales,Digital Commerce,Türkiye,Actual,Actual,Synthetic ERP,A5020,804991.03
2024-06-01,CC-101,Sales,Digital Commerce,Türkiye,Actual,Actual,Synthetic ERP,A6000,1674356.5
2024-06-01,CC-101,Sales,Digital Commerce,Türkiye,Actual,Actual,Synthetic ERP,A6010,309755.95
2024-06-01,CC-101,Sales,Digital Commerce,Türkiye,Actual,Actual,Synthetic ERP,A6100,1313399.59
2024-06-01,CC-101,Sales,Digital Commerce,Türkiye,Actual,Actual,Synthetic ERP,A6200,480181.69
2024-06-01,CC-101,Sales,Digital Commerce,Türkiye,Actual,Actual,Synthetic ERP,A6300,203675.91
2024-06-01,CC-101,Sales,Digital Commerce,Türkiye,Actual,Actual,Synthetic ERP,A6400,98803.56
2024-06-01,CC-101,Sales,Digital Commerce,Türkiye,Actual,Actual,Synthetic ERP,A6500,57144.48
2024-06-01,CC-101,Sales,Digital Commerce,Türkiye,Actual,Actual,Synthetic ERP,A6600,34516.1
2024-06-01,CC-102,Sales,Digital Commerce,Europe,Actual,Actual,Synthetic ERP,A4000,15113170.32
2024-06-01,CC-102,Sales,Digital Commerce,Europe,Actual,Actual,Synthetic ERP,A5000,5987554.86
2024-06-01,CC-102,Sales,Digital Commerce,Europe,Actual,Actual,Synthetic ERP,A5010,481835.41
2024-06-01,CC-102,Sales,Digital Commerce,Europe,Actual,Actual,Synthetic ERP,A5020,476603.5
2024-06-01,CC-102,Sales,Digital Commerce,Europe,Actual,Actual,Synthetic ERP,A6000,1229285.41
2024-06-01,CC-102,Sales,Digital Commerce,Europe,Actual,Actual,Synthetic ERP,A6010,227417.8
2024-06-01,CC-102,Sales,Digital Commerce,Europe,Actual,Actual,Synthetic ERP,A6100,769047.72
2024-06-01,CC-102,Sales,Digital Commerce,Europe,Actual,Actual,Synthetic ERP,A6200,268085.01
2024-06-01,CC-102,Sales,Digital Commerce,Europe,Actual,Actual,Synthetic ERP,A6300,121415.81
2024-06-01,CC-102,Sales,Digital Commerce,Europe,Actual,Actual,Synthetic ERP,A6400,61707.11
2024-06-01,CC-102,Sales,Digital Commerce,Europe,Actual,Actual,Synthetic ERP,A6500,29097.98
2024-06-01,CC-102,Sales,Digital Commerce,Europe,Actual,Actual,Synthetic ERP,A6600,19023.21
2024-06-01,CC-103,Sales,Digital Commerce,MENA,Actual,Actual,Synthetic ERP,A4000,9251565.94
2024-06-01,CC-103,Sales,Digital Commerce,MENA,Actual,Actual,Synthetic ERP,A5000,3875253.99
2024-06-01,CC-103,Sales,Digital Commerce,MENA,Actual,Actual,Synthetic ERP,A5010,475830.73
2024-06-01,CC-103,Sales,Digital Commerce,MENA,Actual,Actual,Synthetic ERP,A5020,322812.97
2024-06-01,CC-103,Sales,Digital Commerce,MENA,Actual,Actual,Synthetic ERP,A6000,819608.3
2024-06-01,CC-103,Sales,Digital Commerce,MENA,Actual,Actual,Synthetic ERP,A6010,151627.54
2024-06-01,CC-103,Sales,Digital Commerce,MENA,Actual,Actual,Synthetic ERP,A6100,471351.62
2024-06-01,CC-103,Sales,Digital Commerce,MENA,Actual,Actual,Synthetic ERP,A6200,166639.99
2024-06-01,CC-103,Sales,Digital Commerce,MENA,Actual,Actual,Synthetic ERP,A6300,76304.33
2024-06-01,CC-103,Sales,Digital Commerce,MENA,Actual,Actual,Synthetic ERP,A6400,37846.05
2024-06-01,CC-103,Sales,Digital Commerce,MENA,Actual,Actual,Synthetic ERP,A6500,20455.4
2024-06-01,CC-103,Sales,Digital Commerce,MENA,Actual,Actual,Synthetic ERP,A6600,12428.99
2024-06-01,CC-201,Sales,Retail Stores,Türkiye,Actual,Actual,Synthetic ERP,A4010,21685997.34
2024-06-01,CC-201,Sales,Retail Stores,Türkiye,Actual,Actual,Synthetic ERP,A5000,9918750.42
2024-06-01,CC-201,Sales,Retail Stores,Türkiye,Actual,Actual,Synthetic ERP,A5010,433681.21
2024-06-01,CC-201,Sales,Retail Stores,Türkiye,Actual,Actual,Synthetic ERP,A5020,549781.59
2024-06-01,CC-201,Sales,Retail Stores,Türkiye,Actual,Actual,Synthetic ERP,A6000,2102921.96
2024-06-01,CC-201,Sales,Retail Stores,Türkiye,Actual,Actual,Synthetic ERP,A6010,389040.56
2024-06-01,CC-201,Sales,Retail Stores,Türkiye,Actual,Actual,Synthetic ERP,A6100,424745.62
2024-06-01,CC-201,Sales,Retail Stores,Türkiye,Actual,Actual,Synthetic ERP,A6200,394260.88
2024-06-01,CC-201,Sales,Retail Stores,Türkiye,Actual,Actual,Synthetic ERP,A6300,260714.89
2024-06-01,CC-201,Sales,Retail Stores,Türkiye,Actual,Actual,Synthetic ERP,A6400,335276.79
2024-06-01,CC-201,Sales,Retail Stores,Türkiye,Actual,Actual,Synthetic ERP,A6500,71859.76
2024-06-01,CC-201,Sales,Retail Stores,Türkiye,Actual,Actual,Synthetic ERP,A6600,44897.89
2024-06-01,CC-201,Sales,Retail Stores,Türkiye,Actual,Actual,Synthetic ERP,A6700,107500.0
2024-06-01,CC-202,Sales,Retail Stores,Türkiye,Actual,Actual,Synthetic ERP,A4010,14494847.62
2024-06-01,CC-202,Sales,Retail Stores,Türkiye,Actual,Actual,Synthetic ERP,A5000,6815801.83
2024-06-01,CC-202,Sales,Retail Stores,Türkiye,Actual,Actual,Synthetic ERP,A5010,259325.13
2024-06-01,CC-202,Sales,Retail Stores,Türkiye,Actual,Actual,Synthetic ERP,A5020,389814.86
2024-06-01,CC-202,Sales,Retail Stores,Türkiye,Actual,Actual,Synthetic ERP,A6000,1434359.34
2024-06-01,CC-202,Sales,Retail Stores,Türkiye,Actual,Actual,Synthetic ERP,A6010,265356.48
2024-06-01,CC-202,Sales,Retail Stores,Türkiye,Actual,Actual,Synthetic ERP,A6100,290356.43
2024-06-01,CC-202,Sales,Retail Stores,Türkiye,Actual,Actual,Synthetic ERP,A6200,261110.37
2024-06-01,CC-202,Sales,Retail Stores,Türkiye,Actual,Actual,Synthetic ERP,A6300,208485.34
2024-06-01,CC-202,Sales,Retail Stores,Türkiye,Actual,Actual,Synthetic ERP,A6400,269244.74
2024-06-01,CC-202,Sales,Retail Stores,Türkiye,Actual,Actual,Synthetic ERP,A6500,59975.45
2024-06-01,CC-202,Sales,Retail Stores,Türkiye,Actual,Actual,Synthetic ERP,A6600,31044.66
2024-06-01,CC-301,Sales,Wholesale,Türkiye,Actual,Actual,Synthetic ERP,A4020,15614333.88
2024-06-01,CC-301,Sales,Wholesale,Türkiye,Actual,Actual,Synthetic ERP,A5000,8941609.34
2024-06-01,CC-301,Sales,Wholesale,Türkiye,Actual,Actual,Synthetic ERP,A5010,158555.89
2024-06-01,CC-301,Sales,Wholesale,Türkiye,Actual,Actual,Synthetic ERP,A5020,229830.01
2024-06-01,CC-301,Sales,Wholesale,Türkiye,Actual,Actual,Synthetic ERP,A6000,845356.62
2024-06-01,CC-301,Sales,Wholesale,Türkiye,Actual,Actual,Synthetic ERP,A6010,156390.98
2024-06-01,CC-301,Sales,Wholesale,Türkiye,Actual,Actual,Synthetic ERP,A6100,306408.72
2024-06-01,CC-301,Sales,Wholesale,Türkiye,Actual,Actual,Synthetic ERP,A6200,152356.95
2024-06-01,CC-301,Sales,Wholesale,Türkiye,Actual,Actual,Synthetic ERP,A6300,109123.8
2024-06-01,CC-301,Sales,Wholesale,Türkiye,Actual,Actual,Synthetic ERP,A6400,55251.9
2024-06-01,CC-301,Sales,Wholesale,Türkiye,Actual,Actual,Synthetic ERP,A6500,28307.84
2024-06-01,CC-301,Sales,Wholesale,Türkiye,Actual,Actual,Synthetic ERP,A6600,17386.9
2024-06-01,CC-302,Sales,Wholesale,Europe,Actual,Actual,Synthetic ERP,A4020,12033365.75
2024-06-01,CC-302,Sales,Wholesale,Europe,Actual,Actual,Synthetic ERP,A5000,7116649.95
2024-06-01,CC-302,Sales,Wholesale,Europe,Actual,Actual,Synthetic ERP,A5010,143715.35
2024-06-01,CC-302,Sales,Wholesale,Europe,Actual,Actual,Synthetic ERP,A5020,215978.71
2024-06-01,CC-302,Sales,Wholesale,Europe,Actual,Actual,Synthetic ERP,A6000,850608.73
2024-06-01,CC-302,Sales,Wholesale,Europe,Actual,Actual,Synthetic ERP,A6010,157362.62
2024-06-01,CC-302,Sales,Wholesale,Europe,Actual,Actual,Synthetic ERP,A6100,241146.92
2024-06-01,CC-302,Sales,Wholesale,Europe,Actual,Actual,Synthetic ERP,A6200,117525.26
2024-06-01,CC-302,Sales,Wholesale,Europe,Actual,Actual,Synthetic ERP,A6300,86687.58
2024-06-01,CC-302,Sales,Wholesale,Europe,Actual,Actual,Synthetic ERP,A6400,44214.43
2024-06-01,CC-302,Sales,Wholesale,Europe,Actual,Actual,Synthetic ERP,A6500,24068.64
2024-06-01,CC-302,Sales,Wholesale,Europe,Actual,Actual,Synthetic ERP,A6600,14989.85
2024-06-01,CC-401,Customer Success,Subscription Services,Türkiye,Actual,Actual,Synthetic ERP,A4030,5964755.5
2024-06-01,CC-401,Customer Success,Subscription Services,Türkiye,Actual,Actual,Synthetic ERP,A5000,1259807.74
2024-06-01,CC-401,Customer Success,Subscription Services,Türkiye,Actual,Actual,Synthetic ERP,A5010,149825.87
2024-06-01,CC-401,Customer Success,Subscription Services,Türkiye,Actual,Actual,Synthetic ERP,A5020,106866.66
2024-06-01,CC-401,Customer Success,Subscription Services,Türkiye,Actual,Actual,Synthetic ERP,A6000,1368204.83
2024-06-01,CC-401,Customer Success,Subscription Services,Türkiye,Actual,Actual,Synthetic ERP,A6010,253117.89
2024-06-01,CC-401,Customer Success,Subscription Services,Türkiye,Actual,Actual,Synthetic ERP,A6100,347540.58
2024-06-01,CC-401,Customer Success,Subscription Services,Türkiye,Actual,Actual,Synthetic ERP,A6200,59371.68
2024-06-01,CC-401,Customer Success,Subscription Services,Türkiye,Actual,Actual,Synthetic ERP,A6300,678047.31
2024-06-01,CC-401,Customer Success,Subscription Services,Türkiye,Actual,Actual,Synthetic ERP,A6400,72130.2
2024-06-01,CC-401,Customer Success,Subscription Services,Türkiye,Actual,Actual,Synthetic ERP,A6500,36688.65
2024-06-01,CC-401,Customer Success,Subscription Services,Türkiye,Actual,Actual,Synthetic ERP,A6600,22722.82
2024-06-01,CC-501,Marketing,Shared Services,Global,Actual,Actual,Synthetic ERP,A6000,1368961.85
2024-06-01,CC-501,Marketing,Shared Services,Global,Actual,Actual,Synthetic ERP,A6010,253257.94
2024-06-01,CC-501,Marketing,Shared Services,Global,Actual,Actual,Synthetic ERP,A6100,3449439.05
2024-06-01,CC-501,Marketing,Shared Services,Global,Actual,Actual,Synthetic ERP,A6300,230188.88
2024-06-01,CC-501,Marketing,Shared Services,Global,Actual,Actual,Synthetic ERP,A6400,79641.25
2024-06-01,CC-501,Marketing,Shared Services,Global,Actual,Actual,Synthetic ERP,A6500,297415.94
2024-06-01,CC-501,Marketing,Shared Services,Global,Actual,Actual,Synthetic ERP,A6600,140594.98
2024-06-01,CC-601,Operations,Shared Services,Türkiye,Actual,Actual,Synthetic ERP,A6000,2284527.03
2024-06-01,CC-601,Operations,Shared Services,Türkiye,Actual,Actual,Synthetic ERP,A6010,422637.5
2024-06-01,CC-601,Operations,Shared Services,Türkiye,Actual,Actual,Synthetic ERP,A6200,3842054.23
2024-06-01,CC-601,Operations,Shared Services,Türkiye,Actual,Actual,Synthetic ERP,A6300,383911.35
2024-06-01,CC-601,Operations,Shared Services,Türkiye,Actual,Actual,Synthetic ERP,A6400,1056794.69
2024-06-01,CC-601,Operations,Shared Services,Türkiye,Actual,Actual,Synthetic ERP,A6500,231214.55
2024-06-01,CC-601,Operations,Shared Services,Türkiye,Actual,Actual,Synthetic ERP,A6600,101231.01
2024-06-01,CC-701,Technology,Shared Services,Global,Actual,Actual,Synthetic ERP,A6000,2593353.61
2024-06-01,CC-701,Technology,Shared Services,Global,Actual,Actual,Synthetic ERP,A6010,479770.42
2024-06-01,CC-701,Technology,Shared Services,Global,Actual,Actual,Synthetic ERP,A6300,3423305.75
2024-06-01,CC-701,Technology,Shared Services,Global,Actual,Actual,Synthetic ERP,A6400,229754.68
2024-06-01,CC-701,Technology,Shared Services,Global,Actual,Actual,Synthetic ERP,A6500,910022.39
2024-06-01,CC-701,Technology,Shared Services,Global,Actual,Actual,Synthetic ERP,A6600,195996.41
2024-06-01,CC-701,Technology,Shared Services,Global,Actual,Actual,Synthetic ERP,A6700,169791.67
2024-06-01,CC-801,Finance & Corporate,Shared Services,Global,Actual,Actual,Synthetic ERP,A6000,1890373.67
2024-06-01,CC-801,Finance & Corporate,Shared Services,Global,Actual,Actual,Synthetic ERP,A6010,349719.13
2024-06-01,CC-801,Finance & Corporate,Shared Services,Global,Actual,Actual,Synthetic ERP,A6300,590045.09
2024-06-01,CC-801,Finance & Corporate,Shared Services,Global,Actual,Actual,Synthetic ERP,A6400,1213214.65
2024-06-01,CC-801,Finance & Corporate,Shared Services,Global,Actual,Actual,Synthetic ERP,A6500,1254646.04
2024-06-01,CC-801,Finance & Corporate,Shared Services,Global,Actual,Actual,Synthetic ERP,A6600,266426.87
2024-06-01,CC-801,Finance & Corporate,Shared Services,Global,Actual,Actual,Synthetic ERP,A6800,445200.0
2024-06-01,CC-801,Finance & Corporate,Shared Services,Global,Actual,Actual,Synthetic ERP,A6900,2664037.07
2024-07-01,CC-101,Sales,Digital Commerce,Türkiye,Actual,Actual,Synthetic ERP,A4000,23293502.96
2024-07-01,CC-101,Sales,Digital Commerce,Türkiye,Actual,Actual,Synthetic ERP,A5000,8770786.73
2024-07-01,CC-101,Sales,Digital Commerce,Türkiye,Actual,Actual,Synthetic ERP,A5010,644891.39
2024-07-01,CC-101,Sales,Digital Commerce,Türkiye,Actual,Actual,Synthetic ERP,A5020,710841.71
2024-07-01,CC-101,Sales,Digital Commerce,Türkiye,Actual,Actual,Synthetic ERP,A6000,1676125.93
2024-07-01,CC-101,Sales,Digital Commerce,Türkiye,Actual,Actual,Synthetic ERP,A6010,310083.3
2024-07-01,CC-101,Sales,Digital Commerce,Türkiye,Actual,Actual,Synthetic ERP,A6100,1190011.09
2024-07-01,CC-101,Sales,Digital Commerce,Türkiye,Actual,Actual,Synthetic ERP,A6200,430683.67
2024-07-01,CC-101,Sales,Digital Commerce,Türkiye,Actual,Actual,Synthetic ERP,A6300,206671.16
2024-07-01,CC-101,Sales,Digital Commerce,Türkiye,Actual,Actual,Synthetic ERP,A6400,101467.39
2024-07-01,CC-101,Sales,Digital Commerce,Türkiye,Actual,Actual,Synthetic ERP,A6500,54444.91
2024-07-01,CC-101,Sales,Digital Commerce,Türkiye,Actual,Actual,Synthetic ERP,A6600,36377.94
2024-07-01,CC-102,Sales,Digital Commerce,Europe,Actual,Actual,Synthetic ERP,A4000,14779359.84
2024-07-01,CC-102,Sales,Digital Commerce,Europe,Actual,Actual,Synthetic ERP,A5000,5922237.81
2024-07-01,CC-102,Sales,Digital Commerce,Europe,Actual,Actual,Synthetic ERP,A5010,471419.46
2024-07-01,CC-102,Sales,Digital Commerce,Europe,Actual,Actual,Synthetic ERP,A5020,476839.2
2024-07-01,CC-102,Sales,Digital Commerce,Europe,Actual,Actual,Synthetic ERP,A6000,1254110.98
2024-07-01,CC-102,Sales,Digital Commerce,Europe,Actual,Actual,Synthetic ERP,A6010,232010.53
2024-07-01,CC-102,Sales,Digital Commerce,Europe,Actual,Actual,Synthetic ERP,A6100,737633.85
2024-07-01,CC-102,Sales,Digital Commerce,Europe,Actual,Actual,Synthetic ERP,A6200,268625.88
2024-07-01,CC-102,Sales,Digital Commerce,Europe,Actual,Actual,Synthetic ERP,A6300,121888.99
2024-07-01,CC-102,Sales,Digital Commerce,Europe,Actual,Actual,Synthetic ERP,A6400,61897.66
2024-07-01,CC-102,Sales,Digital Commerce,Europe,Actual,Actual,Synthetic ERP,A6500,33631.12
2024-07-01,CC-102,Sales,Digital Commerce,Europe,Actual,Actual,Synthetic ERP,A6600,20847.03
2024-07-01,CC-103,Sales,Digital Commerce,MENA,Actual,Actual,Synthetic ERP,A4000,9490663.03
2024-07-01,CC-103,Sales,Digital Commerce,MENA,Actual,Actual,Synthetic ERP,A5000,3922458.86
2024-07-01,CC-103,Sales,Digital Commerce,MENA,Actual,Actual,Synthetic ERP,A5010,494688.71
2024-07-01,CC-103,Sales,Digital Commerce,MENA,Actual,Actual,Synthetic ERP,A5020,330914.73
2024-07-01,CC-103,Sales,Digital Commerce,MENA,Actual,Actual,Synthetic ERP,A6000,826380.54
2024-07-01,CC-103,Sales,Digital Commerce,MENA,Actual,Actual,Synthetic ERP,A6010,152880.4
2024-07-01,CC-103,Sales,Digital Commerce,MENA,Actual,Actual,Synthetic ERP,A6100,461970.03
2024-07-01,CC-103,Sales,Digital Commerce,MENA,Actual,Actual,Synthetic ERP,A6200,172155.66
2024-07-01,CC-103,Sales,Digital Commerce,MENA,Actual,Actual,Synthetic ERP,A6300,77385.99
2024-07-01,CC-103,Sales,Digital Commerce,MENA,Actual,Actual,Synthetic ERP,A6400,38493.79
2024-07-01,CC-103,Sales,Digital Commerce,MENA,Actual,Actual,Synthetic ERP,A6500,21045.75
2024-07-01,CC-103,Sales,Digital Commerce,MENA,Actual,Actual,Synthetic ERP,A6600,13123.21
2024-07-01,CC-201,Sales,Retail Stores,Türkiye,Actual,Actual,Synthetic ERP,A4010,20830172.09
2024-07-01,CC-201,Sales,Retail Stores,Türkiye,Actual,Actual,Synthetic ERP,A5000,9668535.12
2024-07-01,CC-201,Sales,Retail Stores,Türkiye,Actual,Actual,Synthetic ERP,A5010,416150.47
2024-07-01,CC-201,Sales,Retail Stores,Türkiye,Actual,Actual,Synthetic ERP,A5020,515106.07
2024-07-01,CC-201,Sales,Retail Stores,Türkiye,Actual,Actual,Synthetic ERP,A6000,2100986.17
2024-07-01,CC-201,Sales,Retail Stores,Türkiye,Actual,Actual,Synthetic ERP,A6010,388682.44
2024-07-01,CC-201,Sales,Retail Stores,Türkiye,Actual,Actual,Synthetic ERP,A6100,412396.72
2024-07-01,CC-201,Sales,Retail Stores,Türkiye,Actual,Actual,Synthetic ERP,A6200,370709.79
2024-07-01,CC-201,Sales,Retail Stores,Türkiye,Actual,Actual,Synthetic ERP,A6300,274989.84
2024-07-01,CC-201,Sales,Retail Stores,Türkiye,Actual,Actual,Synthetic ERP,A6400,341441.87
2024-07-01,CC-201,Sales,Retail Stores,Türkiye,Actual,Actual,Synthetic ERP,A6500,77640.58
2024-07-01,CC-201,Sales,Retail Stores,Türkiye,Actual,Actual,Synthetic ERP,A6600,41739.36
2024-07-01,CC-201,Sales,Retail Stores,Türkiye,Actual,Actual,Synthetic ERP,A6700,107500.0
2024-07-01,CC-202,Sales,Retail Stores,Türkiye,Actual,Actual,Synthetic ERP,A4010,13713884.9
2024-07-01,CC-202,Sales,Retail Stores,Türkiye,Actual,Actual,Synthetic ERP,A5000,6472086.4
2024-07-01,CC-202,Sales,Retail Stores,Türkiye,Actual,Actual,Synthetic ERP,A5010,239345.45
2024-07-01,CC-202,Sales,Retail Stores,Türkiye,Actual,Actual,Synthetic ERP,A5020,374532.06
2024-07-01,CC-202,Sales,Retail Stores,Türkiye,Actual,Actual,Synthetic ERP,A6000,1458850.76
2024-07-01,CC-202,Sales,Retail Stores,Türkiye,Actual,Actual,Synthetic ERP,A6010,269887.39
2024-07-01,CC-202,Sales,Retail Stores,Türkiye,Actual,Actual,Synthetic ERP,A6100,273941.01
2024-07-01,CC-202,Sales,Retail Stores,Türkiye,Actual,Actual,Synthetic ERP,A6200,241480.84
2024-07-01,CC-202,Sales,Retail Stores,Türkiye,Actual,Actual,Synthetic ERP,A6300,210857.74
2024-07-01,CC-202,Sales,Retail Stores,Türkiye,Actual,Actual,Synthetic ERP,A6400,274225.46
2024-07-01,CC-202,Sales,Retail Stores,Türkiye,Actual,Actual,Synthetic ERP,A6500,58462.01
2024-07-01,CC-202,Sales,Retail Stores,Türkiye,Actual,Actual,Synthetic ERP,A6600,32464.61
2024-07-01,CC-301,Sales,Wholesale,Türkiye,Actual,Actual,Synthetic ERP,A4020,14210410.98
2024-07-01,CC-301,Sales,Wholesale,Türkiye,Actual,Actual,Synthetic ERP,A5000,8108422.36
2024-07-01,CC-301,Sales,Wholesale,Türkiye,Actual,Actual,Synthetic ERP,A5010,140921.04
2024-07-01,CC-301,Sales,Wholesale,Türkiye,Actual,Actual,Synthetic ERP,A5020,210128.36
2024-07-01,CC-301,Sales,Wholesale,Türkiye,Actual,Actual,Synthetic ERP,A6000,922053.44
2024-07-01,CC-301,Sales,Wholesale,Türkiye,Actual,Actual,Synthetic ERP,A6010,170579.89
2024-07-01,CC-301,Sales,Wholesale,Türkiye,Actual,Actual,Synthetic ERP,A6100,277727.6
2024-07-01,CC-301,Sales,Wholesale,Türkiye,Actual,Actual,Synthetic ERP,A6200,143153.7
2024-07-01,CC-301,Sales,Wholesale,Türkiye,Actual,Actual,Synthetic ERP,A6300,113391.67
2024-07-01,CC-301,Sales,Wholesale,Türkiye,Actual,Actual,Synthetic ERP,A6400,55026.03
2024-07-01,CC-301,Sales,Wholesale,Türkiye,Actual,Actual,Synthetic ERP,A6500,27505.79
2024-07-01,CC-301,Sales,Wholesale,Türkiye,Actual,Actual,Synthetic ERP,A6600,19411.17
2024-07-01,CC-302,Sales,Wholesale,Europe,Actual,Actual,Synthetic ERP,A4020,10742614.03
2024-07-01,CC-302,Sales,Wholesale,Europe,Actual,Actual,Synthetic ERP,A5000,6397791.86
2024-07-01,CC-302,Sales,Wholesale,Europe,Actual,Actual,Synthetic ERP,A5010,127515.66
2024-07-01,CC-302,Sales,Wholesale,Europe,Actual,Actual,Synthetic ERP,A5020,194534.58
2024-07-01,CC-302,Sales,Wholesale,Europe,Actual,Actual,Synthetic ERP,A6000,838825.15
2024-07-01,CC-302,Sales,Wholesale,Europe,Actual,Actual,Synthetic ERP,A6010,155182.65
2024-07-01,CC-302,Sales,Wholesale,Europe,Actual,Actual,Synthetic ERP,A6100,214100.61
2024-07-01,CC-302,Sales,Wholesale,Europe,Actual,Actual,Synthetic ERP,A6200,109568.87
2024-07-01,CC-302,Sales,Wholesale,Europe,Actual,Actual,Synthetic ERP,A6300,91033.67
2024-07-01,CC-302,Sales,Wholesale,Europe,Actual,Actual,Synthetic ERP,A6400,44364.26
2024-07-01,CC-302,Sales,Wholesale,Europe,Actual,Actual,Synthetic ERP,A6500,24065.76
2024-07-01,CC-302,Sales,Wholesale,Europe,Actual,Actual,Synthetic ERP,A6600,14566.44
2024-07-01,CC-401,Customer Success,Subscription Services,Türkiye,Actual,Actual,Synthetic ERP,A4030,6032576.53
2024-07-01,CC-401,Customer Success,Subscription Services,Türkiye,Actual,Actual,Synthetic ERP,A5000,1256828.65
2024-07-01,CC-401,Customer Success,Subscription Services,Türkiye,Actual,Actual,Synthetic ERP,A5010,150609.76
2024-07-01,CC-401,Customer Success,Subscription Services,Türkiye,Actual,Actual,Synthetic ERP,A5020,107553.09
2024-07-01,CC-401,Customer Success,Subscription Services,Türkiye,Actual,Actual,Synthetic ERP,A6000,1341242.5
2024-07-01,CC-401,Customer Success,Subscription Services,Türkiye,Actual,Actual,Synthetic ERP,A6010,248129.86
2024-07-01,CC-401,Customer Success,Subscription Services,Türkiye,Actual,Actual,Synthetic ERP,A6100,344505.73
2024-07-01,CC-401,Customer Success,Subscription Services,Türkiye,Actual,Actual,Synthetic ERP,A6200,60319.4
2024-07-01,CC-401,Customer Success,Subscription Services,Türkiye,Actual,Actual,Synthetic ERP,A6300,681478.21
2024-07-01,CC-401,Customer Success,Subscription Services,Türkiye,Actual,Actual,Synthetic ERP,A6400,72944.36
2024-07-01,CC-401,Customer Success,Subscription Services,Türkiye,Actual,Actual,Synthetic ERP,A6500,39569.27
2024-07-01,CC-401,Customer Success,Subscription Services,Türkiye,Actual,Actual,Synthetic ERP,A6600,24773.2
2024-07-01,CC-501,Marketing,Shared Services,Global,Actual,Actual,Synthetic ERP,A6000,1376352.81
2024-07-01,CC-501,Marketing,Shared Services,Global,Actual,Actual,Synthetic ERP,A6010,254625.27
2024-07-01,CC-501,Marketing,Shared Services,Global,Actual,Actual,Synthetic ERP,A6100,3536355.33
2024-07-01,CC-501,Marketing,Shared Services,Global,Actual,Actual,Synthetic ERP,A6300,224397.32
2024-07-01,CC-501,Marketing,Shared Services,Global,Actual,Actual,Synthetic ERP,A6400,81379.16
2024-07-01,CC-501,Marketing,Shared Services,Global,Actual,Actual,Synthetic ERP,A6500,298931.24
2024-07-01,CC-501,Marketing,Shared Services,Global,Actual,Actual,Synthetic ERP,A6600,142415.45
2024-07-01,CC-601,Operations,Shared Services,Türkiye,Actual,Actual,Synthetic ERP,A6000,2371138.82
2024-07-01,CC-601,Operations,Shared Services,Türkiye,Actual,Actual,Synthetic ERP,A6010,438660.68
2024-07-01,CC-601,Operations,Shared Services,Türkiye,Actual,Actual,Synthetic ERP,A6200,3734837.5
2024-07-01,CC-601,Operations,Shared Services,Türkiye,Actual,Actual,Synthetic ERP,A6300,396284.49
2024-07-01,CC-601,Operations,Shared Services,Türkiye,Actual,Actual,Synthetic ERP,A6400,1057746.88
2024-07-01,CC-601,Operations,Shared Services,Türkiye,Actual,Actual,Synthetic ERP,A6500,228734.99
2024-07-01,CC-601,Operations,Shared Services,Türkiye,Actual,Actual,Synthetic ERP,A6600,106439.65
2024-07-01,CC-701,Technology,Shared Services,Global,Actual,Actual,Synthetic ERP,A6000,2624912.95
2024-07-01,CC-701,Technology,Shared Services,Global,Actual,Actual,Synthetic ERP,A6010,485608.9
2024-07-01,CC-701,Technology,Shared Services,Global,Actual,Actual,Synthetic ERP,A6300,3303294.99
2024-07-01,CC-701,Technology,Shared Services,Global,Actual,Actual,Synthetic ERP,A6400,237818.14
2024-07-01,CC-701,Technology,Shared Services,Global,Actual,Actual,Synthetic ERP,A6500,905419.81
2024-07-01,CC-701,Technology,Shared Services,Global,Actual,Actual,Synthetic ERP,A6600,179990.48
2024-07-01,CC-701,Technology,Shared Services,Global,Actual,Actual,Synthetic ERP,A6700,426041.67
2024-07-01,CC-801,Finance & Corporate,Shared Services,Global,Actual,Actual,Synthetic ERP,A6000,1862978.2
2024-07-01,CC-801,Finance & Corporate,Shared Services,Global,Actual,Actual,Synthetic ERP,A6010,344650.97
2024-07-01,CC-801,Finance & Corporate,Shared Services,Global,Actual,Actual,Synthetic ERP,A6300,581272.55
2024-07-01,CC-801,Finance & Corporate,Shared Services,Global,Actual,Actual,Synthetic ERP,A6400,1203265.12
2024-07-01,CC-801,Finance & Corporate,Shared Services,Global,Actual,Actual,Synthetic ERP,A6500,1311681.94
2024-07-01,CC-801,Finance & Corporate,Shared Services,Global,Actual,Actual,Synthetic ERP,A6600,297209.77
2024-07-01,CC-801,Finance & Corporate,Shared Services,Global,Actual,Actual,Synthetic ERP,A6800,445200.0
2024-07-01,CC-801,Finance & Corporate,Shared Services,Global,Actual,Actual,Synthetic ERP,A6900,1760169.28
2024-08-01,CC-101,Sales,Digital Commerce,Türkiye,Actual,Actual,Synthetic ERP,A4000,22206549.08
2024-08-01,CC-101,Sales,Digital Commerce,Türkiye,Actual,Actual,Synthetic ERP,A5000,8440441.07
2024-08-01,CC-101,Sales,Digital Commerce,Türkiye,Actual,Actual,Synthetic ERP,A5010,625454.45
2024-08-01,CC-101,Sales,Digital Commerce,Türkiye,Actual,Actual,Synthetic ERP,A5020,666017.73
2024-08-01,CC-101,Sales,Digital Commerce,Türkiye,Actual,Actual,Synthetic ERP,A6000,1640420.87
2024-08-01,CC-101,Sales,Digital Commerce,Türkiye,Actual,Actual,Synthetic ERP,A6010,303477.86
2024-08-01,CC-101,Sales,Digital Commerce,Türkiye,Actual,Actual,Synthetic ERP,A6100,1125485.44
2024-08-01,CC-101,Sales,Digital Commerce,Türkiye,Actual,Actual,Synthetic ERP,A6200,414038.45
2024-08-01,CC-101,Sales,Digital Commerce,Türkiye,Actual,Actual,Synthetic ERP,A6300,203763.19
2024-08-01,CC-101,Sales,Digital Commerce,Türkiye,Actual,Actual,Synthetic ERP,A6400,99557.29
2024-08-01,CC-101,Sales,Digital Commerce,Türkiye,Actual,Actual,Synthetic ERP,A6500,54519.29
2024-08-01,CC-101,Sales,Digital Commerce,Türkiye,Actual,Actual,Synthetic ERP,A6600,33388.08
2024-08-01,CC-102,Sales,Digital Commerce,Europe,Actual,Actual,Synthetic ERP,A4000,15293926.48
2024-08-01,CC-102,Sales,Digital Commerce,Europe,Actual,Actual,Synthetic ERP,A5000,6074181.65
2024-08-01,CC-102,Sales,Digital Commerce,Europe,Actual,Actual,Synthetic ERP,A5010,500710.85
2024-08-01,CC-102,Sales,Digital Commerce,Europe,Actual,Actual,Synthetic ERP,A5020,492305.73
2024-08-01,CC-102,Sales,Digital Commerce,Europe,Actual,Actual,Synthetic ERP,A6000,1342707.85
2024-08-01,CC-102,Sales,Digital Commerce,Europe,Actual,Actual,Synthetic ERP,A6010,248400.95
2024-08-01,CC-102,Sales,Digital Commerce,Europe,Actual,Actual,Synthetic ERP,A6100,765000.13
2024-08-01,CC-102,Sales,Digital Commerce,Europe,Actual,Actual,Synthetic ERP,A6200,275978.91
2024-08-01,CC-102,Sales,Digital Commerce,Europe,Actual,Actual,Synthetic ERP,A6300,121860.11
2024-08-01,CC-102,Sales,Digital Commerce,Europe,Actual,Actual,Synthetic ERP,A6400,60438.17
2024-08-01,CC-102,Sales,Digital Commerce,Europe,Actual,Actual,Synthetic ERP,A6500,31597.34
2024-08-01,CC-102,Sales,Digital Commerce,Europe,Actual,Actual,Synthetic ERP,A6600,22128.16
2024-08-01,CC-103,Sales,Digital Commerce,MENA,Actual,Actual,Synthetic ERP,A4000,8626533.87
2024-08-01,CC-103,Sales,Digital Commerce,MENA,Actual,Actual,Synthetic ERP,A5000,3596546.01
2024-08-01,CC-103,Sales,Digital Commerce,MENA,Actual,Actual,Synthetic ERP,A5010,446234.52
2024-08-01,CC-103,Sales,Digital Commerce,MENA,Actual,Actual,Synthetic ERP,A5020,301864.52
2024-08-01,CC-103,Sales,Digital Commerce,MENA,Actual,Actual,Synthetic ERP,A6000,806750.49
2024-08-01,CC-103,Sales,Digital Commerce,MENA,Actual,Actual,Synthetic ERP,A6010,149248.84
2024-08-01,CC-103,Sales,Digital Commerce,MENA,Actual,Actual,Synthetic ERP,A6100,434816.62
2024-08-01,CC-103,Sales,Digital Commerce,MENA,Actual,Actual,Synthetic ERP,A6200,156519.84
2024-08-01,CC-103,Sales,Digital Commerce,MENA,Actual,Actual,Synthetic ERP,A6300,78618.53
2024-08-01,CC-103,Sales,Digital Commerce,MENA,Actual,Actual,Synthetic ERP,A6400,39905.82
2024-08-01,CC-103,Sales,Digital Commerce,MENA,Actual,Actual,Synthetic ERP,A6500,21500.49
2024-08-01,CC-103,Sales,Digital Commerce,MENA,Actual,Actual,Synthetic ERP,A6600,13163.56
2024-08-01,CC-201,Sales,Retail Stores,Türkiye,Actual,Actual,Synthetic ERP,A4010,17380979.12
2024-08-01,CC-201,Sales,Retail Stores,Türkiye,Actual,Actual,Synthetic ERP,A5000,7952487.04
2024-08-01,CC-201,Sales,Retail Stores,Türkiye,Actual,Actual,Synthetic ERP,A5010,348705.36
2024-08-01,CC-201,Sales,Retail Stores,Türkiye,Actual,Actual,Synthetic ERP,A5020,435564.81
2024-08-01,CC-201,Sales,Retail Stores,Türkiye,Actual,Actual,Synthetic ERP,A6000,2161994.23
2024-08-01,CC-201,Sales,Retail Stores,Türkiye,Actual,Actual,Synthetic ERP,A6010,399968.93
2024-08-01,CC-201,Sales,Retail Stores,Türkiye,Actual,Actual,Synthetic ERP,A6100,346133.26
2024-08-01,CC-201,Sales,Retail Stores,Türkiye,Actual,Actual,Synthetic ERP,A6200,309283.85
2024-08-01,CC-201,Sales,Retail Stores,Türkiye,Actual,Actual,Synthetic ERP,A6300,272190.17
2024-08-01,CC-201,Sales,Retail Stores,Türkiye,Actual,Actual,Synthetic ERP,A6400,348580.74
2024-08-01,CC-201,Sales,Retail Stores,Türkiye,Actual,Actual,Synthetic ERP,A6500,78154.24
2024-08-01,CC-201,Sales,Retail Stores,Türkiye,Actual,Actual,Synthetic ERP,A6600,41090.91
2024-08-01,CC-201,Sales,Retail Stores,Türkiye,Actual,Actual,Synthetic ERP,A6700,107500.0
2024-08-01,CC-202,Sales,Retail Stores,Türkiye,Actual,Actual,Synthetic ERP,A4010,12005338.9
2024-08-01,CC-202,Sales,Retail Stores,Türkiye,Actual,Actual,Synthetic ERP,A5000,5644628.39
2024-08-01,CC-202,Sales,Retail Stores,Türkiye,Actual,Actual,Synthetic ERP,A5010,218146.79
2024-08-01,CC-202,Sales,Retail Stores,Türkiye,Actual,Actual,Synthetic ERP,A5020,319791.52
2024-08-01,CC-202,Sales,Retail Stores,Türkiye,Actual,Actual,Synthetic ERP,A6000,1423856.84
2024-08-01,CC-202,Sales,Retail Stores,Türkiye,Actual,Actual,Synthetic ERP,A6010,263413.52
2024-08-01,CC-202,Sales,Retail Stores,Türkiye,Actual,Actual,Synthetic ERP,A6100,242670.76
2024-08-01,CC-202,Sales,Retail Stores,Türkiye,Actual,Actual,Synthetic ERP,A6200,220476.97
2024-08-01,CC-202,Sales,Retail Stores,Türkiye,Actual,Actual,Synthetic ERP,A6300,225807.28
2024-08-01,CC-202,Sales,Retail Stores,Türkiye,Actual,Actual,Synthetic ERP,A6400,273929.79
2024-08-01,CC-202,Sales,Retail Stores,Türkiye,Actual,Actual,Synthetic ERP,A6500,55438.62
2024-08-01,CC-202,Sales,Retail Stores,Türkiye,Actual,Actual,Synthetic ERP,A6600,37980.71
2024-08-01,CC-301,Sales,Wholesale,Türkiye,Actual,Actual,Synthetic ERP,A4020,14442068.93
2024-08-01,CC-301,Sales,Wholesale,Türkiye,Actual,Actual,Synthetic ERP,A5000,8194498.94
2024-08-01,CC-301,Sales,Wholesale,Türkiye,Actual,Actual,Synthetic ERP,A5010,146104.18
2024-08-01,CC-301,Sales,Wholesale,Türkiye,Actual,Actual,Synthetic ERP,A5020,219892.92
2024-08-01,CC-301,Sales,Wholesale,Türkiye,Actual,Actual,Synthetic ERP,A6000,1009788.55
2024-08-01,CC-301,Sales,Wholesale,Türkiye,Actual,Actual,Synthetic ERP,A6010,186810.88
2024-08-01,CC-301,Sales,Wholesale,Türkiye,Actual,Actual,Synthetic ERP,A6100,297040.44
2024-08-01,CC-301,Sales,Wholesale,Türkiye,Actual,Actual,Synthetic ERP,A6200,142872.64
2024-08-01,CC-301,Sales,Wholesale,Türkiye,Actual,Actual,Synthetic ERP,A6300,110115.96
2024-08-01,CC-301,Sales,Wholesale,Türkiye,Actual,Actual,Synthetic ERP,A6400,56247.8
2024-08-01,CC-301,Sales,Wholesale,Türkiye,Actual,Actual,Synthetic ERP,A6500,29445.18
2024-08-01,CC-301,Sales,Wholesale,Türkiye,Actual,Actual,Synthetic ERP,A6600,19188.87
2024-08-01,CC-302,Sales,Wholesale,Europe,Actual,Actual,Synthetic ERP,A4020,12066266.13
2024-08-01,CC-302,Sales,Wholesale,Europe,Actual,Actual,Synthetic ERP,A5000,7133515.26
2024-08-01,CC-302,Sales,Wholesale,Europe,Actual,Actual,Synthetic ERP,A5010,145532.07
2024-08-01,CC-302,Sales,Wholesale,Europe,Actual,Actual,Synthetic ERP,A5020,215038.87
2024-08-01,CC-302,Sales,Wholesale,Europe,Actual,Actual,Synthetic ERP,A6000,839071.46
2024-08-01,CC-302,Sales,Wholesale,Europe,Actual,Actual,Synthetic ERP,A6010,155228.22
2024-08-01,CC-302,Sales,Wholesale,Europe,Actual,Actual,Synthetic ERP,A6100,247727.93
2024-08-01,CC-302,Sales,Wholesale,Europe,Actual,Actual,Synthetic ERP,A6200,121492.24
2024-08-01,CC-302,Sales,Wholesale,Europe,Actual,Actual,Synthetic ERP,A6300,90045.32
2024-08-01,CC-302,Sales,Wholesale,Europe,Actual,Actual,Synthetic ERP,A6400,44519.06
2024-08-01,CC-302,Sales,Wholesale,Europe,Actual,Actual,Synthetic ERP,A6500,24004.36
2024-08-01,CC-302,Sales,Wholesale,Europe,Actual,Actual,Synthetic ERP,A6600,15823.07
2024-08-01,CC-401,Customer Success,Subscription Services,Türkiye,Actual,Actual,Synthetic ERP,A4030,6262270.45
2024-08-01,CC-401,Customer Success,Subscription Services,Türkiye,Actual,Actual,Synthetic ERP,A5000,1311783.54
2024-08-01,CC-401,Customer Success,Subscription Services,Türkiye,Actual,Actual,Synthetic ERP,A5010,157313.43
2024-08-01,CC-401,Customer Success,Subscription Services,Türkiye,Actual,Actual,Synthetic ERP,A5020,114228.01
2024-08-01,CC-401,Customer Success,Subscription Services,Türkiye,Actual,Actual,Synthetic ERP,A6000,1347775.67
2024-08-01,CC-401,Customer Success,Subscription Services,Türkiye,Actual,Actual,Synthetic ERP,A6010,249338.5
2024-08-01,CC-401,Customer Success,Subscription Services,Türkiye,Actual,Actual,Synthetic ERP,A6100,348136.63
2024-08-01,CC-401,Customer Success,Subscription Services,Türkiye,Actual,Actual,Synthetic ERP,A6200,64537.84
2024-08-01,CC-401,Customer Success,Subscription Services,Türkiye,Actual,Actual,Synthetic ERP,A6300,677146.66
2024-08-01,CC-401,Customer Success,Subscription Services,Türkiye,Actual,Actual,Synthetic ERP,A6400,72186.94
2024-08-01,CC-401,Customer Success,Subscription Services,Türkiye,Actual,Actual,Synthetic ERP,A6500,35743.22
2024-08-01,CC-401,Customer Success,Subscription Services,Türkiye,Actual,Actual,Synthetic ERP,A6600,22839.33
2024-08-01,CC-501,Marketing,Shared Services,Global,Actual,Actual,Synthetic ERP,A6000,1465940.22
2024-08-01,CC-501,Marketing,Shared Services,Global,Actual,Actual,Synthetic ERP,A6010,271198.94
2024-08-01,CC-501,Marketing,Shared Services,Global,Actual,Actual,Synthetic ERP,A6100,3542289.09
2024-08-01,CC-501,Marketing,Shared Services,Global,Actual,Actual,Synthetic ERP,A6300,233649.32
2024-08-01,CC-501,Marketing,Shared Services,Global,Actual,Actual,Synthetic ERP,A6400,81507.98
2024-08-01,CC-501,Marketing,Shared Services,Global,Actual,Actual,Synthetic ERP,A6500,300739.82
2024-08-01,CC-501,Marketing,Shared Services,Global,Actual,Actual,Synthetic ERP,A6600,133997.45
2024-08-01,CC-601,Operations,Shared Services,Türkiye,Actual,Actual,Synthetic ERP,A6000,2339709.64
2024-08-01,CC-601,Operations,Shared Services,Türkiye,Actual,Actual,Synthetic ERP,A6010,432846.28
2024-08-01,CC-601,Operations,Shared Services,Türkiye,Actual,Actual,Synthetic ERP,A6200,4076876.63
2024-08-01,CC-601,Operations,Shared Services,Türkiye,Actual,Actual,Synthetic ERP,A6300,385426.09
2024-08-01,CC-601,Operations,Shared Services,Türkiye,Actual,Actual,Synthetic ERP,A6400,1063786.07
2024-08-01,CC-601,Operations,Shared Services,Türkiye,Actual,Actual,Synthetic ERP,A6500,223015.28
2024-08-01,CC-601,Operations,Shared Services,Türkiye,Actual,Actual,Synthetic ERP,A6600,112572.45
2024-08-01,CC-701,Technology,Shared Services,Global,Actual,Actual,Synthetic ERP,A6000,2581529.84
2024-08-01,CC-701,Technology,Shared Services,Global,Actual,Actual,Synthetic ERP,A6010,477583.02
2024-08-01,CC-701,Technology,Shared Services,Global,Actual,Actual,Synthetic ERP,A6300,3493835.65
2024-08-01,CC-701,Technology,Shared Services,Global,Actual,Actual,Synthetic ERP,A6400,237572.16
2024-08-01,CC-701,Technology,Shared Services,Global,Actual,Actual,Synthetic ERP,A6500,950283.46
2024-08-01,CC-701,Technology,Shared Services,Global,Actual,Actual,Synthetic ERP,A6600,163802.76
2024-08-01,CC-701,Technology,Shared Services,Global,Actual,Actual,Synthetic ERP,A6700,426041.67
2024-08-01,CC-801,Finance & Corporate,Shared Services,Global,Actual,Actual,Synthetic ERP,A6000,1910967.56
2024-08-01,CC-801,Finance & Corporate,Shared Services,Global,Actual,Actual,Synthetic ERP,A6010,353529.0
2024-08-01,CC-801,Finance & Corporate,Shared Services,Global,Actual,Actual,Synthetic ERP,A6300,593294.03
2024-08-01,CC-801,Finance & Corporate,Shared Services,Global,Actual,Actual,Synthetic ERP,A6400,1197084.96
2024-08-01,CC-801,Finance & Corporate,Shared Services,Global,Actual,Actual,Synthetic ERP,A6500,1258236.98
2024-08-01,CC-801,Finance & Corporate,Shared Services,Global,Actual,Actual,Synthetic ERP,A6600,291047.42
2024-08-01,CC-801,Finance & Corporate,Shared Services,Global,Actual,Actual,Synthetic ERP,A6800,445200.0
2024-08-01,CC-801,Finance & Corporate,Shared Services,Global,Actual,Actual,Synthetic ERP,A6900,1020124.42
2024-09-01,CC-101,Sales,Digital Commerce,Türkiye,Actual,Actual,Synthetic ERP,A4000,24924239.23
2024-09-01,CC-101,Sales,Digital Commerce,Türkiye,Actual,Actual,Synthetic ERP,A5000,9556810.57
2024-09-01,CC-101,Sales,Digital Commerce,Türkiye,Actual,Actual,Synthetic ERP,A5010,698870.48
2024-09-01,CC-101,Sales,Digital Commerce,Türkiye,Actual,Actual,Synthetic ERP,A5020,775349.81
2024-09-01,CC-101,Sales,Digital Commerce,Türkiye,Actual,Actual,Synthetic ERP,A6000,1663707.99
2024-09-01,CC-101,Sales,Digital Commerce,Türkiye,Actual,Actual,Synthetic ERP,A6010,307785.98
2024-09-01,CC-101,Sales,Digital Commerce,Türkiye,Actual,Actual,Synthetic ERP,A6100,1204420.83
2024-09-01,CC-101,Sales,Digital Commerce,Türkiye,Actual,Actual,Synthetic ERP,A6200,441152.14
2024-09-01,CC-101,Sales,Digital Commerce,Türkiye,Actual,Actual,Synthetic ERP,A6300,203944.9
2024-09-01,CC-101,Sales,Digital Commerce,Türkiye,Actual,Actual,Synthetic ERP,A6400,101754.04
2024-09-01,CC-101,Sales,Digital Commerce,Türkiye,Actual,Actual,Synthetic ERP,A6500,57498.25
2024-09-01,CC-101,Sales,Digital Commerce,Türkiye,Actual,Actual,Synthetic ERP,A6600,32148.13
2024-09-01,CC-102,Sales,Digital Commerce,Europe,Actual,Actual,Synthetic ERP,A4000,15744604.77
2024-09-01,CC-102,Sales,Digital Commerce,Europe,Actual,Actual,Synthetic ERP,A5000,6367251.75
2024-09-01,CC-102,Sales,Digital Commerce,Europe,Actual,Actual,Synthetic ERP,A5010,506992.84
2024-09-01,CC-102,Sales,Digital Commerce,Europe,Actual,Actual,Synthetic ERP,A5020,492458.14
2024-09-01,CC-102,Sales,Digital Commerce,Europe,Actual,Actual,Synthetic ERP,A6000,1374343.82
2024-09-01,CC-102,Sales,Digital Commerce,Europe,Actual,Actual,Synthetic ERP,A6010,254253.61
2024-09-01,CC-102,Sales,Digital Commerce,Europe,Actual,Actual,Synthetic ERP,A6100,781225.51
2024-09-01,CC-102,Sales,Digital Commerce,Europe,Actual,Actual,Synthetic ERP,A6200,275665.19
2024-09-01,CC-102,Sales,Digital Commerce,Europe,Actual,Actual,Synthetic ERP,A6300,123807.11
2024-09-01,CC-102,Sales,Digital Commerce,Europe,Actual,Actual,Synthetic ERP,A6400,62235.92
2024-09-01,CC-102,Sales,Digital Commerce,Europe,Actual,Actual,Synthetic ERP,A6500,31859.15
2024-09-01,CC-102,Sales,Digital Commerce,Europe,Actual,Actual,Synthetic ERP,A6600,18919.54
2024-09-01,CC-103,Sales,Digital Commerce,MENA,Actual,Actual,Synthetic ERP,A4000,9756172.12
2024-09-01,CC-103,Sales,Digital Commerce,MENA,Actual,Actual,Synthetic ERP,A5000,4006312.84
2024-09-01,CC-103,Sales,Digital Commerce,MENA,Actual,Actual,Synthetic ERP,A5010,504141.89
2024-09-01,CC-103,Sales,Digital Commerce,MENA,Actual,Actual,Synthetic ERP,A5020,336455.98
2024-09-01,CC-103,Sales,Digital Commerce,MENA,Actual,Actual,Synthetic ERP,A6000,834270.72
2024-09-01,CC-103,Sales,Digital Commerce,MENA,Actual,Actual,Synthetic ERP,A6010,154340.08
2024-09-01,CC-103,Sales,Digital Commerce,MENA,Actual,Actual,Synthetic ERP,A6100,480480.67
2024-09-01,CC-103,Sales,Digital Commerce,MENA,Actual,Actual,Synthetic ERP,A6200,171312.46
2024-09-01,CC-103,Sales,Digital Commerce,MENA,Actual,Actual,Synthetic ERP,A6300,78701.27
2024-09-01,CC-103,Sales,Digital Commerce,MENA,Actual,Actual,Synthetic ERP,A6400,40488.57
2024-09-01,CC-103,Sales,Digital Commerce,MENA,Actual,Actual,Synthetic ERP,A6500,20748.41
2024-09-01,CC-103,Sales,Digital Commerce,MENA,Actual,Actual,Synthetic ERP,A6600,13000.04
2024-09-01,CC-201,Sales,Retail Stores,Türkiye,Actual,Actual,Synthetic ERP,A4010,19298260.86
2024-09-01,CC-201,Sales,Retail Stores,Türkiye,Actual,Actual,Synthetic ERP,A5000,8791479.04
2024-09-01,CC-201,Sales,Retail Stores,Türkiye,Actual,Actual,Synthetic ERP,A5010,390768.13
2024-09-01,CC-201,Sales,Retail Stores,Türkiye,Actual,Actual,Synthetic ERP,A5020,477573.42
2024-09-01,CC-201,Sales,Retail Stores,Türkiye,Actual,Actual,Synthetic ERP,A6000,2146997.92
2024-09-01,CC-201,Sales,Retail Stores,Türkiye,Actual,Actual,Synthetic ERP,A6010,397194.61
2024-09-01,CC-201,Sales,Retail Stores,Türkiye,Actual,Actual,Synthetic ERP,A6100,379929.96
2024-09-01,CC-201,Sales,Retail Stores,Türkiye,Actual,Actual,Synthetic ERP,A6200,349363.69
2024-09-01,CC-201,Sales,Retail Stores,Türkiye,Actual,Actual,Synthetic ERP,A6300,271343.53
2024-09-01,CC-201,Sales,Retail Stores,Türkiye,Actual,Actual,Synthetic ERP,A6400,345370.19
2024-09-01,CC-201,Sales,Retail Stores,Türkiye,Actual,Actual,Synthetic ERP,A6500,71745.47
2024-09-01,CC-201,Sales,Retail Stores,Türkiye,Actual,Actual,Synthetic ERP,A6600,45591.2
2024-09-01,CC-201,Sales,Retail Stores,Türkiye,Actual,Actual,Synthetic ERP,A6700,107500.0
2024-09-01,CC-202,Sales,Retail Stores,Türkiye,Actual,Actual,Synthetic ERP,A4010,14273654.2
2024-09-01,CC-202,Sales,Retail Stores,Türkiye,Actual,Actual,Synthetic ERP,A5000,6756604.27
2024-09-01,CC-202,Sales,Retail Stores,Türkiye,Actual,Actual,Synthetic ERP,A5010,259326.78
2024-09-01,CC-202,Sales,Retail Stores,Türkiye,Actual,Actual,Synthetic ERP,A5020,383725.29
2024-09-01,CC-202,Sales,Retail Stores,Türkiye,Actual,Actual,Synthetic ERP,A6000,1535343.05
2024-09-01,CC-202,Sales,Retail Stores,Türkiye,Actual,Actual,Synthetic ERP,A6010,284038.46
2024-09-01,CC-202,Sales,Retail Stores,Türkiye,Actual,Actual,Synthetic ERP,A6100,293448.9
2024-09-01,CC-202,Sales,Retail Stores,Türkiye,Actual,Actual,Synthetic ERP,A6200,251018.29
2024-09-01,CC-202,Sales,Retail Stores,Türkiye,Actual,Actual,Synthetic ERP,A6300,220675.6
2024-09-01,CC-202,Sales,Retail Stores,Türkiye,Actual,Actual,Synthetic ERP,A6400,272801.38
2024-09-01,CC-202,Sales,Retail Stores,Türkiye,Actual,Actual,Synthetic ERP,A6500,57514.43
2024-09-01,CC-202,Sales,Retail Stores,Türkiye,Actual,Actual,Synthetic ERP,A6600,33406.46
2024-09-01,CC-301,Sales,Wholesale,Türkiye,Actual,Actual,Synthetic ERP,A4020,19246998.44
2024-09-01,CC-301,Sales,Wholesale,Türkiye,Actual,Actual,Synthetic ERP,A5000,10957534.76
2024-09-01,CC-301,Sales,Wholesale,Türkiye,Actual,Actual,Synthetic ERP,A5010,189312.28
2024-09-01,CC-301,Sales,Wholesale,Türkiye,Actual,Actual,Synthetic ERP,A5020,293370.04
2024-09-01,CC-301,Sales,Wholesale,Türkiye,Actual,Actual,Synthetic ERP,A6000,1022514.12
2024-09-01,CC-301,Sales,Wholesale,Türkiye,Actual,Actual,Synthetic ERP,A6010,189165.11
2024-09-01,CC-301,Sales,Wholesale,Türkiye,Actual,Actual,Synthetic ERP,A6100,389795.15
2024-09-01,CC-301,Sales,Wholesale,Türkiye,Actual,Actual,Synthetic ERP,A6200,199895.03
2024-09-01,CC-301,Sales,Wholesale,Türkiye,Actual,Actual,Synthetic ERP,A6300,116126.14
2024-09-01,CC-301,Sales,Wholesale,Türkiye,Actual,Actual,Synthetic ERP,A6400,56999.07
2024-09-01,CC-301,Sales,Wholesale,Türkiye,Actual,Actual,Synthetic ERP,A6500,28861.2
2024-09-01,CC-301,Sales,Wholesale,Türkiye,Actual,Actual,Synthetic ERP,A6600,19126.85
2024-09-01,CC-302,Sales,Wholesale,Europe,Actual,Actual,Synthetic ERP,A4020,16031381.49
2024-09-01,CC-302,Sales,Wholesale,Europe,Actual,Actual,Synthetic ERP,A5000,9322030.74
2024-09-01,CC-302,Sales,Wholesale,Europe,Actual,Actual,Synthetic ERP,A5010,196407.6
2024-09-01,CC-302,Sales,Wholesale,Europe,Actual,Actual,Synthetic ERP,A5020,289243.91
2024-09-01,CC-302,Sales,Wholesale,Europe,Actual,Actual,Synthetic ERP,A6000,844639.22
2024-09-01,CC-302,Sales,Wholesale,Europe,Actual,Actual,Synthetic ERP,A6010,156258.26
2024-09-01,CC-302,Sales,Wholesale,Europe,Actual,Actual,Synthetic ERP,A6100,313220.17
2024-09-01,CC-302,Sales,Wholesale,Europe,Actual,Actual,Synthetic ERP,A6200,162110.94
2024-09-01,CC-302,Sales,Wholesale,Europe,Actual,Actual,Synthetic ERP,A6300,91959.42
2024-09-01,CC-302,Sales,Wholesale,Europe,Actual,Actual,Synthetic ERP,A6400,45697.32
2024-09-01,CC-302,Sales,Wholesale,Europe,Actual,Actual,Synthetic ERP,A6500,22689.02
2024-09-01,CC-302,Sales,Wholesale,Europe,Actual,Actual,Synthetic ERP,A6600,13980.7
2024-09-01,CC-401,Customer Success,Subscription Services,Türkiye,Actual,Actual,Synthetic ERP,A4030,6391142.62
2024-09-01,CC-401,Customer Success,Subscription Services,Türkiye,Actual,Actual,Synthetic ERP,A5000,1346364.43
2024-09-01,CC-401,Customer Success,Subscription Services,Türkiye,Actual,Actual,Synthetic ERP,A5010,157985.44
2024-09-01,CC-401,Customer Success,Subscription Services,Türkiye,Actual,Actual,Synthetic ERP,A5020,115684.39
2024-09-01,CC-401,Customer Success,Subscription Services,Türkiye,Actual,Actual,Synthetic ERP,A6000,1352464.94
2024-09-01,CC-401,Customer Success,Subscription Services,Türkiye,Actual,Actual,Synthetic ERP,A6010,250206.01
2024-09-01,CC-401,Customer Success,Subscription Services,Türkiye,Actual,Actual,Synthetic ERP,A6100,353826.14
2024-09-01,CC-401,Customer Success,Subscription Services,Türkiye,Actual,Actual,Synthetic ERP,A6200,63650.9
2024-09-01,CC-401,Customer Success,Subscription Services,Türkiye,Actual,Actual,Synthetic ERP,A6300,688060.89
2024-09-01,CC-401,Customer Success,Subscription Services,Türkiye,Actual,Actual,Synthetic ERP,A6400,72416.14
2024-09-01,CC-401,Customer Success,Subscription Services,Türkiye,Actual,Actual,Synthetic ERP,A6500,41334.2
2024-09-01,CC-401,Customer Success,Subscription Services,Türkiye,Actual,Actual,Synthetic ERP,A6600,21650.22
2024-09-01,CC-501,Marketing,Shared Services,Global,Actual,Actual,Synthetic ERP,A6000,1562334.12
2024-09-01,CC-501,Marketing,Shared Services,Global,Actual,Actual,Synthetic ERP,A6010,289031.81
2024-09-01,CC-501,Marketing,Shared Services,Global,Actual,Actual,Synthetic ERP,A6100,3535177.3
2024-09-01,CC-501,Marketing,Shared Services,Global,Actual,Actual,Synthetic ERP,A6300,225495.35
2024-09-01,CC-501,Marketing,Shared Services,Global,Actual,Actual,Synthetic ERP,A6400,82637.21
2024-09-01,CC-501,Marketing,Shared Services,Global,Actual,Actual,Synthetic ERP,A6500,325724.34
2024-09-01,CC-501,Marketing,Shared Services,Global,Actual,Actual,Synthetic ERP,A6600,149172.23
2024-09-01,CC-601,Operations,Shared Services,Türkiye,Actual,Actual,Synthetic ERP,A6000,2220843.19
2024-09-01,CC-601,Operations,Shared Services,Türkiye,Actual,Actual,Synthetic ERP,A6010,410855.99
2024-09-01,CC-601,Operations,Shared Services,Türkiye,Actual,Actual,Synthetic ERP,A6200,3737111.17
2024-09-01,CC-601,Operations,Shared Services,Türkiye,Actual,Actual,Synthetic ERP,A6300,383771.52
2024-09-01,CC-601,Operations,Shared Services,Türkiye,Actual,Actual,Synthetic ERP,A6400,1076397.06
2024-09-01,CC-601,Operations,Shared Services,Türkiye,Actual,Actual,Synthetic ERP,A6500,217475.12
2024-09-01,CC-601,Operations,Shared Services,Türkiye,Actual,Actual,Synthetic ERP,A6600,104031.69
2024-09-01,CC-701,Technology,Shared Services,Global,Actual,Actual,Synthetic ERP,A6000,2567415.76
2024-09-01,CC-701,Technology,Shared Services,Global,Actual,Actual,Synthetic ERP,A6010,474971.92
2024-09-01,CC-701,Technology,Shared Services,Global,Actual,Actual,Synthetic ERP,A6300,3386619.85
2024-09-01,CC-701,Technology,Shared Services,Global,Actual,Actual,Synthetic ERP,A6400,238077.0
2024-09-01,CC-701,Technology,Shared Services,Global,Actual,Actual,Synthetic ERP,A6500,883208.28
2024-09-01,CC-701,Technology,Shared Services,Global,Actual,Actual,Synthetic ERP,A6600,175280.61
2024-09-01,CC-701,Technology,Shared Services,Global,Actual,Actual,Synthetic ERP,A6700,426041.67
2024-09-01,CC-801,Finance & Corporate,Shared Services,Global,Actual,Actual,Synthetic ERP,A6000,1893972.02
2024-09-01,CC-801,Finance & Corporate,Shared Services,Global,Actual,Actual,Synthetic ERP,A6010,350384.82
2024-09-01,CC-801,Finance & Corporate,Shared Services,Global,Actual,Actual,Synthetic ERP,A6300,604206.03
2024-09-01,CC-801,Finance & Corporate,Shared Services,Global,Actual,Actual,Synthetic ERP,A6400,1228818.97
2024-09-01,CC-801,Finance & Corporate,Shared Services,Global,Actual,Actual,Synthetic ERP,A6500,1431731.61
2024-09-01,CC-801,Finance & Corporate,Shared Services,Global,Actual,Actual,Synthetic ERP,A6600,301971.64
2024-09-01,CC-801,Finance & Corporate,Shared Services,Global,Actual,Actual,Synthetic ERP,A6800,445200.0
2024-09-01,CC-801,Finance & Corporate,Shared Services,Global,Actual,Actual,Synthetic ERP,A6900,2864611.5
2024-10-01,CC-101,Sales,Digital Commerce,Türkiye,Actual,Actual,Synthetic ERP,A4000,26351301.04
2024-10-01,CC-101,Sales,Digital Commerce,Türkiye,Actual,Actual,Synthetic ERP,A5000,9796452.36
2024-10-01,CC-101,Sales,Digital Commerce,Türkiye,Actual,Actual,Synthetic ERP,A5010,740682.84
2024-10-01,CC-101,Sales,Digital Commerce,Türkiye,Actual,Actual,Synthetic ERP,A5020,776074.59
2024-10-01,CC-101,Sales,Digital Commerce,Türkiye,Actual,Actual,Synthetic ERP,A6000,1661849.18
2024-10-01,CC-101,Sales,Digital Commerce,Türkiye,Actual,Actual,Synthetic ERP,A6010,307442.1
2024-10-01,CC-101,Sales,Digital Commerce,Türkiye,Actual,Actual,Synthetic ERP,A6100,1317973.37
2024-10-01,CC-101,Sales,Digital Commerce,Türkiye,Actual,Actual,Synthetic ERP,A6200,473314.78
2024-10-01,CC-101,Sales,Digital Commerce,Türkiye,Actual,Actual,Synthetic ERP,A6300,201161.84
2024-10-01,CC-101,Sales,Digital Commerce,Türkiye,Actual,Actual,Synthetic ERP,A6400,101846.03
2024-10-01,CC-101,Sales,Digital Commerce,Türkiye,Actual,Actual,Synthetic ERP,A6500,50022.77
2024-10-01,CC-101,Sales,Digital Commerce,Türkiye,Actual,Actual,Synthetic ERP,A6600,34883.07
2024-10-01,CC-102,Sales,Digital Commerce,Europe,Actual,Actual,Synthetic ERP,A4000,17830213.83
2024-10-01,CC-102,Sales,Digital Commerce,Europe,Actual,Actual,Synthetic ERP,A5000,7090338.07
2024-10-01,CC-102,Sales,Digital Commerce,Europe,Actual,Actual,Synthetic ERP,A5010,567336.98
2024-10-01,CC-102,Sales,Digital Commerce,Europe,Actual,Actual,Synthetic ERP,A5020,577576.7
2024-10-01,CC-102,Sales,Digital Commerce,Europe,Actual,Actual,Synthetic ERP,A6000,1356450.5
2024-10-01,CC-102,Sales,Digital Commerce,Europe,Actual,Actual,Synthetic ERP,A6010,250943.34
2024-10-01,CC-102,Sales,Digital Commerce,Europe,Actual,Actual,Synthetic ERP,A6100,921663.81
2024-10-01,CC-102,Sales,Digital Commerce,Europe,Actual,Actual,Synthetic ERP,A6200,322177.94
2024-10-01,CC-102,Sales,Digital Commerce,Europe,Actual,Actual,Synthetic ERP,A6300,129464.48
2024-10-01,CC-102,Sales,Digital Commerce,Europe,Actual,Actual,Synthetic ERP,A6400,63721.52
2024-10-01,CC-102,Sales,Digital Commerce,Europe,Actual,Actual,Synthetic ERP,A6500,31625.15
2024-10-01,CC-102,Sales,Digital Commerce,Europe,Actual,Actual,Synthetic ERP,A6600,19179.92
2024-10-01,CC-103,Sales,Digital Commerce,MENA,Actual,Actual,Synthetic ERP,A4000,10599037.46
2024-10-01,CC-103,Sales,Digital Commerce,MENA,Actual,Actual,Synthetic ERP,A5000,4506782.61
2024-10-01,CC-103,Sales,Digital Commerce,MENA,Actual,Actual,Synthetic ERP,A5010,546616.23
2024-10-01,CC-103,Sales,Digital Commerce,MENA,Actual,Actual,Synthetic ERP,A5020,372287.17
2024-10-01,CC-103,Sales,Digital Commerce,MENA,Actual,Actual,Synthetic ERP,A6000,833678.33
2024-10-01,CC-103,Sales,Digital Commerce,MENA,Actual,Actual,Synthetic ERP,A6010,154230.49
2024-10-01,CC-103,Sales,Digital Commerce,MENA,Actual,Actual,Synthetic ERP,A6100,541182.73
2024-10-01,CC-103,Sales,Digital Commerce,MENA,Actual,Actual,Synthetic ERP,A6200,194361.4
2024-10-01,CC-103,Sales,Digital Commerce,MENA,Actual,Actual,Synthetic ERP,A6300,79231.96
2024-10-01,CC-103,Sales,Digital Commerce,MENA,Actual,Actual,Synthetic ERP,A6400,40014.61
2024-10-01,CC-103,Sales,Digital Commerce,MENA,Actual,Actual,Synthetic ERP,A6500,20218.63
2024-10-01,CC-103,Sales,Digital Commerce,MENA,Actual,Actual,Synthetic ERP,A6600,13754.36
2024-10-01,CC-201,Sales,Retail Stores,Türkiye,Actual,Actual,Synthetic ERP,A4010,20355729.11
2024-10-01,CC-201,Sales,Retail Stores,Türkiye,Actual,Actual,Synthetic ERP,A5000,9344329.47
2024-10-01,CC-201,Sales,Retail Stores,Türkiye,Actual,Actual,Synthetic ERP,A5010,402309.29
2024-10-01,CC-201,Sales,Retail Stores,Türkiye,Actual,Actual,Synthetic ERP,A5020,511285.32
2024-10-01,CC-201,Sales,Retail Stores,Türkiye,Actual,Actual,Synthetic ERP,A6000,2155843.26
2024-10-01,CC-201,Sales,Retail Stores,Türkiye,Actual,Actual,Synthetic ERP,A6010,398831.0
2024-10-01,CC-201,Sales,Retail Stores,Türkiye,Actual,Actual,Synthetic ERP,A6100,394780.98
2024-10-01,CC-201,Sales,Retail Stores,Türkiye,Actual,Actual,Synthetic ERP,A6200,363458.5
2024-10-01,CC-201,Sales,Retail Stores,Türkiye,Actual,Actual,Synthetic ERP,A6300,274640.84
2024-10-01,CC-201,Sales,Retail Stores,Türkiye,Actual,Actual,Synthetic ERP,A6400,352415.18
2024-10-01,CC-201,Sales,Retail Stores,Türkiye,Actual,Actual,Synthetic ERP,A6500,72117.9
2024-10-01,CC-201,Sales,Retail Stores,Türkiye,Actual,Actual,Synthetic ERP,A6600,48328.87
2024-10-01,CC-201,Sales,Retail Stores,Türkiye,Actual,Actual,Synthetic ERP,A6700,107500.0
2024-10-01,CC-202,Sales,Retail Stores,Türkiye,Actual,Actual,Synthetic ERP,A4010,13489598.27
2024-10-01,CC-202,Sales,Retail Stores,Türkiye,Actual,Actual,Synthetic ERP,A5000,6447909.51
2024-10-01,CC-202,Sales,Retail Stores,Türkiye,Actual,Actual,Synthetic ERP,A5010,245399.76
2024-10-01,CC-202,Sales,Retail Stores,Türkiye,Actual,Actual,Synthetic ERP,A5020,363616.16
2024-10-01,CC-202,Sales,Retail Stores,Türkiye,Actual,Actual,Synthetic ERP,A6000,1546500.11
2024-10-01,CC-202,Sales,Retail Stores,Türkiye,Actual,Actual,Synthetic ERP,A6010,286102.52
2024-10-01,CC-202,Sales,Retail Stores,Türkiye,Actual,Actual,Synthetic ERP,A6100,271826.75
2024-10-01,CC-202,Sales,Retail Stores,Türkiye,Actual,Actual,Synthetic ERP,A6200,242211.24
2024-10-01,CC-202,Sales,Retail Stores,Türkiye,Actual,Actual,Synthetic ERP,A6300,217787.74
2024-10-01,CC-202,Sales,Retail Stores,Türkiye,Actual,Actual,Synthetic ERP,A6400,273986.96
2024-10-01,CC-202,Sales,Retail Stores,Türkiye,Actual,Actual,Synthetic ERP,A6500,61035.92
2024-10-01,CC-202,Sales,Retail Stores,Türkiye,Actual,Actual,Synthetic ERP,A6600,35173.9
2024-10-01,CC-301,Sales,Wholesale,Türkiye,Actual,Actual,Synthetic ERP,A4020,18908757.25
2024-10-01,CC-301,Sales,Wholesale,Türkiye,Actual,Actual,Synthetic ERP,A5000,10743424.35
2024-10-01,CC-301,Sales,Wholesale,Türkiye,Actual,Actual,Synthetic ERP,A5010,187246.0
2024-10-01,CC-301,Sales,Wholesale,Türkiye,Actual,Actual,Synthetic ERP,A5020,285013.11
2024-10-01,CC-301,Sales,Wholesale,Türkiye,Actual,Actual,Synthetic ERP,A6000,1021320.33
2024-10-01,CC-301,Sales,Wholesale,Türkiye,Actual,Actual,Synthetic ERP,A6010,188944.26
2024-10-01,CC-301,Sales,Wholesale,Türkiye,Actual,Actual,Synthetic ERP,A6100,364435.42
2024-10-01,CC-301,Sales,Wholesale,Türkiye,Actual,Actual,Synthetic ERP,A6200,192162.76
2024-10-01,CC-301,Sales,Wholesale,Türkiye,Actual,Actual,Synthetic ERP,A6300,112717.04
2024-10-01,CC-301,Sales,Wholesale,Türkiye,Actual,Actual,Synthetic ERP,A6400,57453.35
2024-10-01,CC-301,Sales,Wholesale,Türkiye,Actual,Actual,Synthetic ERP,A6500,31756.7
2024-10-01,CC-301,Sales,Wholesale,Türkiye,Actual,Actual,Synthetic ERP,A6600,19176.52
2024-10-01,CC-302,Sales,Wholesale,Europe,Actual,Actual,Synthetic ERP,A4020,15409797.06
2024-10-01,CC-302,Sales,Wholesale,Europe,Actual,Actual,Synthetic ERP,A5000,9163281.4
2024-10-01,CC-302,Sales,Wholesale,Europe,Actual,Actual,Synthetic ERP,A5010,183135.78
2024-10-01,CC-302,Sales,Wholesale,Europe,Actual,Actual,Synthetic ERP,A5020,276832.0
2024-10-01,CC-302,Sales,Wholesale,Europe,Actual,Actual,Synthetic ERP,A6000,860351.94
2024-10-01,CC-302,Sales,Wholesale,Europe,Actual,Actual,Synthetic ERP,A6010,159165.11
2024-10-01,CC-302,Sales,Wholesale,Europe,Actual,Actual,Synthetic ERP,A6100,304129.82
2024-10-01,CC-302,Sales,Wholesale,Europe,Actual,Actual,Synthetic ERP,A6200,156531.77
2024-10-01,CC-302,Sales,Wholesale,Europe,Actual,Actual,Synthetic ERP,A6300,91616.36
2024-10-01,CC-302,Sales,Wholesale,Europe,Actual,Actual,Synthetic ERP,A6400,46212.86
2024-10-01,CC-302,Sales,Wholesale,Europe,Actual,Actual,Synthetic ERP,A6500,23596.46
2024-10-01,CC-302,Sales,Wholesale,Europe,Actual,Actual,Synthetic ERP,A6600,14511.57
2024-10-01,CC-401,Customer Success,Subscription Services,Türkiye,Actual,Actual,Synthetic ERP,A4030,6504846.59
2024-10-01,CC-401,Customer Success,Subscription Services,Türkiye,Actual,Actual,Synthetic ERP,A5000,1356136.85
2024-10-01,CC-401,Customer Success,Subscription Services,Türkiye,Actual,Actual,Synthetic ERP,A5010,163519.63
2024-10-01,CC-401,Customer Success,Subscription Services,Türkiye,Actual,Actual,Synthetic ERP,A5020,118063.32
2024-10-01,CC-401,Customer Success,Subscription Services,Türkiye,Actual,Actual,Synthetic ERP,A6000,1352229.66
2024-10-01,CC-401,Customer Success,Subscription Services,Türkiye,Actual,Actual,Synthetic ERP,A6010,250162.49
2024-10-01,CC-401,Customer Success,Subscription Services,Türkiye,Actual,Actual,Synthetic ERP,A6100,356943.32
2024-10-01,CC-401,Customer Success,Subscription Services,Türkiye,Actual,Actual,Synthetic ERP,A6200,66280.05
2024-10-01,CC-401,Customer Success,Subscription Services,Türkiye,Actual,Actual,Synthetic ERP,A6300,685594.11
2024-10-01,CC-401,Customer Success,Subscription Services,Türkiye,Actual,Actual,Synthetic ERP,A6400,74424.2
2024-10-01,CC-401,Customer Success,Subscription Services,Türkiye,Actual,Actual,Synthetic ERP,A6500,37762.85
2024-10-01,CC-401,Customer Success,Subscription Services,Türkiye,Actual,Actual,Synthetic ERP,A6600,22726.26
2024-10-01,CC-501,Marketing,Shared Services,Global,Actual,Actual,Synthetic ERP,A6000,1521984.57
2024-10-01,CC-501,Marketing,Shared Services,Global,Actual,Actual,Synthetic ERP,A6010,281567.15
2024-10-01,CC-501,Marketing,Shared Services,Global,Actual,Actual,Synthetic ERP,A6100,3597532.7
2024-10-01,CC-501,Marketing,Shared Services,Global,Actual,Actual,Synthetic ERP,A6300,226165.81
2024-10-01,CC-501,Marketing,Shared Services,Global,Actual,Actual,Synthetic ERP,A6400,82582.15
2024-10-01,CC-501,Marketing,Shared Services,Global,Actual,Actual,Synthetic ERP,A6500,328062.48
2024-10-01,CC-501,Marketing,Shared Services,Global,Actual,Actual,Synthetic ERP,A6600,135132.07
2024-10-01,CC-601,Operations,Shared Services,Türkiye,Actual,Actual,Synthetic ERP,A6000,2207990.95
2024-10-01,CC-601,Operations,Shared Services,Türkiye,Actual,Actual,Synthetic ERP,A6010,408478.33
2024-10-01,CC-601,Operations,Shared Services,Türkiye,Actual,Actual,Synthetic ERP,A6200,4018557.55
2024-10-01,CC-601,Operations,Shared Services,Türkiye,Actual,Actual,Synthetic ERP,A6300,389411.16
2024-10-01,CC-601,Operations,Shared Services,Türkiye,Actual,Actual,Synthetic ERP,A6400,1087166.33
2024-10-01,CC-601,Operations,Shared Services,Türkiye,Actual,Actual,Synthetic ERP,A6500,239010.6
2024-10-01,CC-601,Operations,Shared Services,Türkiye,Actual,Actual,Synthetic ERP,A6600,108558.31
2024-10-01,CC-701,Technology,Shared Services,Global,Actual,Actual,Synthetic ERP,A6000,2615153.43
2024-10-01,CC-701,Technology,Shared Services,Global,Actual,Actual,Synthetic ERP,A6010,483803.39
2024-10-01,CC-701,Technology,Shared Services,Global,Actual,Actual,Synthetic ERP,A6300,3482031.68
2024-10-01,CC-701,Technology,Shared Services,Global,Actual,Actual,Synthetic ERP,A6400,239903.41
2024-10-01,CC-701,Technology,Shared Services,Global,Actual,Actual,Synthetic ERP,A6500,970244.71
2024-10-01,CC-701,Technology,Shared Services,Global,Actual,Actual,Synthetic ERP,A6600,188145.34
2024-10-01,CC-701,Technology,Shared Services,Global,Actual,Actual,Synthetic ERP,A6700,426041.67
2024-10-01,CC-801,Finance & Corporate,Shared Services,Global,Actual,Actual,Synthetic ERP,A6000,1850622.4
2024-10-01,CC-801,Finance & Corporate,Shared Services,Global,Actual,Actual,Synthetic ERP,A6010,342365.14
2024-10-01,CC-801,Finance & Corporate,Shared Services,Global,Actual,Actual,Synthetic ERP,A6300,594989.07
2024-10-01,CC-801,Finance & Corporate,Shared Services,Global,Actual,Actual,Synthetic ERP,A6400,1234137.76
2024-10-01,CC-801,Finance & Corporate,Shared Services,Global,Actual,Actual,Synthetic ERP,A6500,1329304.37
2024-10-01,CC-801,Finance & Corporate,Shared Services,Global,Actual,Actual,Synthetic ERP,A6600,314144.19
2024-10-01,CC-801,Finance & Corporate,Shared Services,Global,Actual,Actual,Synthetic ERP,A6800,445200.0
2024-10-01,CC-801,Finance & Corporate,Shared Services,Global,Actual,Actual,Synthetic ERP,A6900,3205551.3
2024-11-01,CC-101,Sales,Digital Commerce,Türkiye,Actual,Actual,Synthetic ERP,A4000,31323992.28
2024-11-01,CC-101,Sales,Digital Commerce,Türkiye,Actual,Actual,Synthetic ERP,A5000,12021069.39
2024-11-01,CC-101,Sales,Digital Commerce,Türkiye,Actual,Actual,Synthetic ERP,A5010,868256.79
2024-11-01,CC-101,Sales,Digital Commerce,Türkiye,Actual,Actual,Synthetic ERP,A5020,931223.78
2024-11-01,CC-101,Sales,Digital Commerce,Türkiye,Actual,Actual,Synthetic ERP,A6000,1717021.67
2024-11-01,CC-101,Sales,Digital Commerce,Türkiye,Actual,Actual,Synthetic ERP,A6010,317649.01
2024-11-01,CC-101,Sales,Digital Commerce,Türkiye,Actual,Actual,Synthetic ERP,A6100,1563396.0
2024-11-01,CC-101,Sales,Digital Commerce,Türkiye,Actual,Actual,Synthetic ERP,A6200,556869.51
2024-11-01,CC-101,Sales,Digital Commerce,Türkiye,Actual,Actual,Synthetic ERP,A6300,202532.46
2024-11-01,CC-101,Sales,Digital Commerce,Türkiye,Actual,Actual,Synthetic ERP,A6400,102104.84
2024-11-01,CC-101,Sales,Digital Commerce,Türkiye,Actual,Actual,Synthetic ERP,A6500,52226.21
2024-11-01,CC-101,Sales,Digital Commerce,Türkiye,Actual,Actual,Synthetic ERP,A6600,35106.72
2024-11-01,CC-102,Sales,Digital Commerce,Europe,Actual,Actual,Synthetic ERP,A4000,19840365.32
2024-11-01,CC-102,Sales,Digital Commerce,Europe,Actual,Actual,Synthetic ERP,A5000,8001074.61
2024-11-01,CC-102,Sales,Digital Commerce,Europe,Actual,Actual,Synthetic ERP,A5010,630564.77
2024-11-01,CC-102,Sales,Digital Commerce,Europe,Actual,Actual,Synthetic ERP,A5020,631753.33
2024-11-01,CC-102,Sales,Digital Commerce,Europe,Actual,Actual,Synthetic ERP,A6000,1378257.67
2024-11-01,CC-102,Sales,Digital Commerce,Europe,Actual,Actual,Synthetic ERP,A6010,254977.67
2024-11-01,CC-102,Sales,Digital Commerce,Europe,Actual,Actual,Synthetic ERP,A6100,986396.88
2024-11-01,CC-102,Sales,Digital Commerce,Europe,Actual,Actual,Synthetic ERP,A6200,363616.56
2024-11-01,CC-102,Sales,Digital Commerce,Europe,Actual,Actual,Synthetic ERP,A6300,126584.21
2024-11-01,CC-102,Sales,Digital Commerce,Europe,Actual,Actual,Synthetic ERP,A6400,62598.58
2024-11-01,CC-102,Sales,Digital Commerce,Europe,Actual,Actual,Synthetic ERP,A6500,33618.4
2024-11-01,CC-102,Sales,Digital Commerce,Europe,Actual,Actual,Synthetic ERP,A6600,21615.36
2024-11-01,CC-103,Sales,Digital Commerce,MENA,Actual,Actual,Synthetic ERP,A4000,12145191.39
2024-11-01,CC-103,Sales,Digital Commerce,MENA,Actual,Actual,Synthetic ERP,A5000,5109626.19
2024-11-01,CC-103,Sales,Digital Commerce,MENA,Actual,Actual,Synthetic ERP,A5010,626665.98
2024-11-01,CC-103,Sales,Digital Commerce,MENA,Actual,Actual,Synthetic ERP,A5020,434223.39
2024-11-01,CC-103,Sales,Digital Commerce,MENA,Actual,Actual,Synthetic ERP,A6000,760105.41
2024-11-01,CC-103,Sales,Digital Commerce,MENA,Actual,Actual,Synthetic ERP,A6010,140619.5
2024-11-01,CC-103,Sales,Digital Commerce,MENA,Actual,Actual,Synthetic ERP,A6100,596717.45
2024-11-01,CC-103,Sales,Digital Commerce,MENA,Actual,Actual,Synthetic ERP,A6200,217403.85
2024-11-01,CC-103,Sales,Digital Commerce,MENA,Actual,Actual,Synthetic ERP,A6300,80403.91
2024-11-01,CC-103,Sales,Digital Commerce,MENA,Actual,Actual,Synthetic ERP,A6400,40439.84
2024-11-01,CC-103,Sales,Digital Commerce,MENA,Actual,Actual,Synthetic ERP,A6500,21194.12
2024-11-01,CC-103,Sales,Digital Commerce,MENA,Actual,Actual,Synthetic ERP,A6600,14578.7
2024-11-01,CC-201,Sales,Retail Stores,Türkiye,Actual,Actual,Synthetic ERP,A4010,20426061.44
2024-11-01,CC-201,Sales,Retail Stores,Türkiye,Actual,Actual,Synthetic ERP,A5000,9347195.26
2024-11-01,CC-201,Sales,Retail Stores,Türkiye,Actual,Actual,Synthetic ERP,A5010,406559.18
2024-11-01,CC-201,Sales,Retail Stores,Türkiye,Actual,Actual,Synthetic ERP,A5020,516642.32
2024-11-01,CC-201,Sales,Retail Stores,Türkiye,Actual,Actual,Synthetic ERP,A6000,2238377.54
2024-11-01,CC-201,Sales,Retail Stores,Türkiye,Actual,Actual,Synthetic ERP,A6010,414099.85
2024-11-01,CC-201,Sales,Retail Stores,Türkiye,Actual,Actual,Synthetic ERP,A6100,418975.82
2024-11-01,CC-201,Sales,Retail Stores,Türkiye,Actual,Actual,Synthetic ERP,A6200,357686.6
2024-11-01,CC-201,Sales,Retail Stores,Türkiye,Actual,Actual,Synthetic ERP,A6300,271828.18
2024-11-01,CC-201,Sales,Retail Stores,Türkiye,Actual,Actual,Synthetic ERP,A6400,355227.15
2024-11-01,CC-201,Sales,Retail Stores,Türkiye,Actual,Actual,Synthetic ERP,A6500,69514.05
2024-11-01,CC-201,Sales,Retail Stores,Türkiye,Actual,Actual,Synthetic ERP,A6600,44356.98
2024-11-01,CC-201,Sales,Retail Stores,Türkiye,Actual,Actual,Synthetic ERP,A6700,107500.0
2024-11-01,CC-202,Sales,Retail Stores,Türkiye,Actual,Actual,Synthetic ERP,A4010,14638889.98
2024-11-01,CC-202,Sales,Retail Stores,Türkiye,Actual,Actual,Synthetic ERP,A5000,6926241.38
2024-11-01,CC-202,Sales,Retail Stores,Türkiye,Actual,Actual,Synthetic ERP,A5010,266141.64
2024-11-01,CC-202,Sales,Retail Stores,Türkiye,Actual,Actual,Synthetic ERP,A5020,390592.85
2024-11-01,CC-202,Sales,Retail Stores,Türkiye,Actual,Actual,Synthetic ERP,A6000,1559068.65
2024-11-01,CC-202,Sales,Retail Stores,Türkiye,Actual,Actual,Synthetic ERP,A6010,288427.7
2024-11-01,CC-202,Sales,Retail Stores,Türkiye,Actual,Actual,Synthetic ERP,A6100,298318.9
2024-11-01,CC-202,Sales,Retail Stores,Türkiye,Actual,Actual,Synthetic ERP,A6200,269252.7
2024-11-01,CC-202,Sales,Retail Stores,Türkiye,Actual,Actual,Synthetic ERP,A6300,215490.25
2024-11-01,CC-202,Sales,Retail Stores,Türkiye,Actual,Actual,Synthetic ERP,A6400,276888.82
2024-11-01,CC-202,Sales,Retail Stores,Türkiye,Actual,Actual,Synthetic ERP,A6500,54285.11
2024-11-01,CC-202,Sales,Retail Stores,Türkiye,Actual,Actual,Synthetic ERP,A6600,38392.9
2024-11-01,CC-301,Sales,Wholesale,Türkiye,Actual,Actual,Synthetic ERP,A4020,16800509.2
2024-11-01,CC-301,Sales,Wholesale,Türkiye,Actual,Actual,Synthetic ERP,A5000,9688135.93
2024-11-01,CC-301,Sales,Wholesale,Türkiye,Actual,Actual,Synthetic ERP,A5010,169198.71
2024-11-01,CC-301,Sales,Wholesale,Türkiye,Actual,Actual,Synthetic ERP,A5020,243958.42
2024-11-01,CC-301,Sales,Wholesale,Türkiye,Actual,Actual,Synthetic ERP,A6000,1036853.17
2024-11-01,CC-301,Sales,Wholesale,Türkiye,Actual,Actual,Synthetic ERP,A6010,191817.84
2024-11-01,CC-301,Sales,Wholesale,Türkiye,Actual,Actual,Synthetic ERP,A6100,336712.91
2024-11-01,CC-301,Sales,Wholesale,Türkiye,Actual,Actual,Synthetic ERP,A6200,171942.08
2024-11-01,CC-301,Sales,Wholesale,Türkiye,Actual,Actual,Synthetic ERP,A6300,112428.93
2024-11-01,CC-301,Sales,Wholesale,Türkiye,Actual,Actual,Synthetic ERP,A6400,56607.29
2024-11-01,CC-301,Sales,Wholesale,Türkiye,Actual,Actual,Synthetic ERP,A6500,30349.14
2024-11-01,CC-301,Sales,Wholesale,Türkiye,Actual,Actual,Synthetic ERP,A6600,20164.19
2024-11-01,CC-302,Sales,Wholesale,Europe,Actual,Actual,Synthetic ERP,A4020,13722604.43
2024-11-01,CC-302,Sales,Wholesale,Europe,Actual,Actual,Synthetic ERP,A5000,8097746.16
2024-11-01,CC-302,Sales,Wholesale,Europe,Actual,Actual,Synthetic ERP,A5010,165494.22
2024-11-01,CC-302,Sales,Wholesale,Europe,Actual,Actual,Synthetic ERP,A5020,249723.66
2024-11-01,CC-302,Sales,Wholesale,Europe,Actual,Actual,Synthetic ERP,A6000,863098.14
2024-11-01,CC-302,Sales,Wholesale,Europe,Actual,Actual,Synthetic ERP,A6010,159673.16
2024-11-01,CC-302,Sales,Wholesale,Europe,Actual,Actual,Synthetic ERP,A6100,279589.57
2024-11-01,CC-302,Sales,Wholesale,Europe,Actual,Actual,Synthetic ERP,A6200,132314.85
2024-11-01,CC-302,Sales,Wholesale,Europe,Actual,Actual,Synthetic ERP,A6300,92008.31
2024-11-01,CC-302,Sales,Wholesale,Europe,Actual,Actual,Synthetic ERP,A6400,46459.04
2024-11-01,CC-302,Sales,Wholesale,Europe,Actual,Actual,Synthetic ERP,A6500,24021.56
2024-11-01,CC-302,Sales,Wholesale,Europe,Actual,Actual,Synthetic ERP,A6600,16159.73
2024-11-01,CC-401,Customer Success,Subscription Services,Türkiye,Actual,Actual,Synthetic ERP,A4030,6351966.55
2024-11-01,CC-401,Customer Success,Subscription Services,Türkiye,Actual,Actual,Synthetic ERP,A5000,1336827.1
2024-11-01,CC-401,Customer Success,Subscription Services,Türkiye,Actual,Actual,Synthetic ERP,A5010,160174.04
2024-11-01,CC-401,Customer Success,Subscription Services,Türkiye,Actual,Actual,Synthetic ERP,A5020,113990.26
2024-11-01,CC-401,Customer Success,Subscription Services,Türkiye,Actual,Actual,Synthetic ERP,A6000,1351075.93
2024-11-01,CC-401,Customer Success,Subscription Services,Türkiye,Actual,Actual,Synthetic ERP,A6010,249949.05
2024-11-01,CC-401,Customer Success,Subscription Services,Türkiye,Actual,Actual,Synthetic ERP,A6100,373884.32
2024-11-01,CC-401,Customer Success,Subscription Services,Türkiye,Actual,Actual,Synthetic ERP,A6200,64891.51
2024-11-01,CC-401,Customer Success,Subscription Services,Türkiye,Actual,Actual,Synthetic ERP,A6300,681346.04
2024-11-01,CC-401,Customer Success,Subscription Services,Türkiye,Actual,Actual,Synthetic ERP,A6400,75528.87
2024-11-01,CC-401,Customer Success,Subscription Services,Türkiye,Actual,Actual,Synthetic ERP,A6500,41908.91
2024-11-01,CC-401,Customer Success,Subscription Services,Türkiye,Actual,Actual,Synthetic ERP,A6600,25429.01
2024-11-01,CC-501,Marketing,Shared Services,Global,Actual,Actual,Synthetic ERP,A6000,1524798.02
2024-11-01,CC-501,Marketing,Shared Services,Global,Actual,Actual,Synthetic ERP,A6010,282087.63
2024-11-01,CC-501,Marketing,Shared Services,Global,Actual,Actual,Synthetic ERP,A6100,3591224.04
2024-11-01,CC-501,Marketing,Shared Services,Global,Actual,Actual,Synthetic ERP,A6300,233718.94
2024-11-01,CC-501,Marketing,Shared Services,Global,Actual,Actual,Synthetic ERP,A6400,82797.02
2024-11-01,CC-501,Marketing,Shared Services,Global,Actual,Actual,Synthetic ERP,A6500,311038.98
2024-11-01,CC-501,Marketing,Shared Services,Global,Actual,Actual,Synthetic ERP,A6600,130941.54
2024-11-01,CC-601,Operations,Shared Services,Türkiye,Actual,Actual,Synthetic ERP,A6000,2293679.07
2024-11-01,CC-601,Operations,Shared Services,Türkiye,Actual,Actual,Synthetic ERP,A6010,424330.63
2024-11-01,CC-601,Operations,Shared Services,Türkiye,Actual,Actual,Synthetic ERP,A6200,4074957.84
2024-11-01,CC-601,Operations,Shared Services,Türkiye,Actual,Actual,Synthetic ERP,A6300,416938.25
2024-11-01,CC-601,Operations,Shared Services,Türkiye,Actual,Actual,Synthetic ERP,A6400,1097705.41
2024-11-01,CC-601,Operations,Shared Services,Türkiye,Actual,Actual,Synthetic ERP,A6500,246217.76
2024-11-01,CC-601,Operations,Shared Services,Türkiye,Actual,Actual,Synthetic ERP,A6600,107869.91
2024-11-01,CC-601,Operations,Shared Services,Türkiye,Actual,Actual,Synthetic ERP,A6700,220833.33
2024-11-01,CC-701,Technology,Shared Services,Global,Actual,Actual,Synthetic ERP,A6000,2591035.14
2024-11-01,CC-701,Technology,Shared Services,Global,Actual,Actual,Synthetic ERP,A6010,479341.5
2024-11-01,CC-701,Technology,Shared Services,Global,Actual,Actual,Synthetic ERP,A6300,3382463.37
2024-11-01,CC-701,Technology,Shared Services,Global,Actual,Actual,Synthetic ERP,A6400,240634.73
2024-11-01,CC-701,Technology,Shared Services,Global,Actual,Actual,Synthetic ERP,A6500,922102.32
2024-11-01,CC-701,Technology,Shared Services,Global,Actual,Actual,Synthetic ERP,A6600,166556.66
2024-11-01,CC-701,Technology,Shared Services,Global,Actual,Actual,Synthetic ERP,A6700,426041.67
2024-11-01,CC-801,Finance & Corporate,Shared Services,Global,Actual,Actual,Synthetic ERP,A6000,1892821.22
2024-11-01,CC-801,Finance & Corporate,Shared Services,Global,Actual,Actual,Synthetic ERP,A6010,350171.93
2024-11-01,CC-801,Finance & Corporate,Shared Services,Global,Actual,Actual,Synthetic ERP,A6300,593791.08
2024-11-01,CC-801,Finance & Corporate,Shared Services,Global,Actual,Actual,Synthetic ERP,A6400,1267373.5
2024-11-01,CC-801,Finance & Corporate,Shared Services,Global,Actual,Actual,Synthetic ERP,A6500,1430394.45
2024-11-01,CC-801,Finance & Corporate,Shared Services,Global,Actual,Actual,Synthetic ERP,A6600,266480.36
2024-11-01,CC-801,Finance & Corporate,Shared Services,Global,Actual,Actual,Synthetic ERP,A6800,445200.0
2024-11-01,CC-801,Finance & Corporate,Shared Services,Global,Actual,Actual,Synthetic ERP,A6900,3766253.91
2024-12-01,CC-101,Sales,Digital Commerce,Türkiye,Actual,Actual,Synthetic ERP,A4000,34325634.94
2024-12-01,CC-101,Sales,Digital Commerce,Türkiye,Actual,Actual,Synthetic ERP,A5000,13001625.0
2024-12-01,CC-101,Sales,Digital Commerce,Türkiye,Actual,Actual,Synthetic ERP,A5010,976983.39
2024-12-01,CC-101,Sales,Digital Commerce,Türkiye,Actual,Actual,Synthetic ERP,A5020,1041579.53
2024-12-01,CC-101,Sales,Digital Commerce,Türkiye,Actual,Actual,Synthetic ERP,A6000,1717378.44
2024-12-01,CC-101,Sales,Digital Commerce,Türkiye,Actual,Actual,Synthetic ERP,A6010,317715.01
2024-12-01,CC-101,Sales,Digital Commerce,Türkiye,Actual,Actual,Synthetic ERP,A6100,1777869.55
2024-12-01,CC-101,Sales,Digital Commerce,Türkiye,Actual,Actual,Synthetic ERP,A6200,620355.2
2024-12-01,CC-101,Sales,Digital Commerce,Türkiye,Actual,Actual,Synthetic ERP,A6300,207333.0
2024-12-01,CC-101,Sales,Digital Commerce,Türkiye,Actual,Actual,Synthetic ERP,A6400,105901.82
2024-12-01,CC-101,Sales,Digital Commerce,Türkiye,Actual,Actual,Synthetic ERP,A6500,59910.42
2024-12-01,CC-101,Sales,Digital Commerce,Türkiye,Actual,Actual,Synthetic ERP,A6600,35616.18
2024-12-01,CC-102,Sales,Digital Commerce,Europe,Actual,Actual,Synthetic ERP,A4000,21902754.61
2024-12-01,CC-102,Sales,Digital Commerce,Europe,Actual,Actual,Synthetic ERP,A5000,8713649.35
2024-12-01,CC-102,Sales,Digital Commerce,Europe,Actual,Actual,Synthetic ERP,A5010,697425.18
2024-12-01,CC-102,Sales,Digital Commerce,Europe,Actual,Actual,Synthetic ERP,A5020,702440.11
2024-12-01,CC-102,Sales,Digital Commerce,Europe,Actual,Actual,Synthetic ERP,A6000,1407454.99
2024-12-01,CC-102,Sales,Digital Commerce,Europe,Actual,Actual,Synthetic ERP,A6010,260379.17
2024-12-01,CC-102,Sales,Digital Commerce,Europe,Actual,Actual,Synthetic ERP,A6100,1119827.48
2024-12-01,CC-102,Sales,Digital Commerce,Europe,Actual,Actual,Synthetic ERP,A6200,395101.37
2024-12-01,CC-102,Sales,Digital Commerce,Europe,Actual,Actual,Synthetic ERP,A6300,129058.93
2024-12-01,CC-102,Sales,Digital Commerce,Europe,Actual,Actual,Synthetic ERP,A6400,64386.69
2024-12-01,CC-102,Sales,Digital Commerce,Europe,Actual,Actual,Synthetic ERP,A6500,32716.98
2024-12-01,CC-102,Sales,Digital Commerce,Europe,Actual,Actual,Synthetic ERP,A6600,21499.33
2024-12-01,CC-103,Sales,Digital Commerce,MENA,Actual,Actual,Synthetic ERP,A4000,13869874.48
2024-12-01,CC-103,Sales,Digital Commerce,MENA,Actual,Actual,Synthetic ERP,A5000,5868104.61
2024-12-01,CC-103,Sales,Digital Commerce,MENA,Actual,Actual,Synthetic ERP,A5010,719015.33
2024-12-01,CC-103,Sales,Digital Commerce,MENA,Actual,Actual,Synthetic ERP,A5020,491142.81
2024-12-01,CC-103,Sales,Digital Commerce,MENA,Actual,Actual,Synthetic ERP,A6000,750316.99
2024-12-01,CC-103,Sales,Digital Commerce,MENA,Actual,Actual,Synthetic ERP,A6010,138808.64
2024-12-01,CC-103,Sales,Digital Commerce,MENA,Actual,Actual,Synthetic ERP,A6100,687022.14
2024-12-01,CC-103,Sales,Digital Commerce,MENA,Actual,Actual,Synthetic ERP,A6200,249757.22
2024-12-01,CC-103,Sales,Digital Commerce,MENA,Actual,Actual,Synthetic ERP,A6300,82570.78
2024-12-01,CC-103,Sales,Digital Commerce,MENA,Actual,Actual,Synthetic ERP,A6400,40952.85
2024-12-01,CC-103,Sales,Digital Commerce,MENA,Actual,Actual,Synthetic ERP,A6500,20077.52
2024-12-01,CC-103,Sales,Digital Commerce,MENA,Actual,Actual,Synthetic ERP,A6600,13870.07
2024-12-01,CC-201,Sales,Retail Stores,Türkiye,Actual,Actual,Synthetic ERP,A4010,25897943.85
2024-12-01,CC-201,Sales,Retail Stores,Türkiye,Actual,Actual,Synthetic ERP,A5000,11981215.87
2024-12-01,CC-201,Sales,Retail Stores,Türkiye,Actual,Actual,Synthetic ERP,A5010,518007.6
2024-12-01,CC-201,Sales,Retail Stores,Türkiye,Actual,Actual,Synthetic ERP,A5020,635122.22
2024-12-01,CC-201,Sales,Retail Stores,Türkiye,Actual,Actual,Synthetic ERP,A6000,2217114.7
2024-12-01,CC-201,Sales,Retail Stores,Türkiye,Actual,Actual,Synthetic ERP,A6010,410166.22
2024-12-01,CC-201,Sales,Retail Stores,Türkiye,Actual,Actual,Synthetic ERP,A6100,515552.87
2024-12-01,CC-201,Sales,Retail Stores,Türkiye,Actual,Actual,Synthetic ERP,A6200,458514.88
2024-12-01,CC-201,Sales,Retail Stores,Türkiye,Actual,Actual,Synthetic ERP,A6300,278397.48
2024-12-01,CC-201,Sales,Retail Stores,Türkiye,Actual,Actual,Synthetic ERP,A6400,354936.68
2024-12-01,CC-201,Sales,Retail Stores,Türkiye,Actual,Actual,Synthetic ERP,A6500,69228.35
2024-12-01,CC-201,Sales,Retail Stores,Türkiye,Actual,Actual,Synthetic ERP,A6600,45782.82
2024-12-01,CC-201,Sales,Retail Stores,Türkiye,Actual,Actual,Synthetic ERP,A6700,107500.0
2024-12-01,CC-202,Sales,Retail Stores,Türkiye,Actual,Actual,Synthetic ERP,A4010,17538637.67
2024-12-01,CC-202,Sales,Retail Stores,Türkiye,Actual,Actual,Synthetic ERP,A5000,8188276.83
2024-12-01,CC-202,Sales,Retail Stores,Türkiye,Actual,Actual,Synthetic ERP,A5010,320009.49
2024-12-01,CC-202,Sales,Retail Stores,Türkiye,Actual,Actual,Synthetic ERP,A5020,471811.03
2024-12-01,CC-202,Sales,Retail Stores,Türkiye,Actual,Actual,Synthetic ERP,A6000,1667803.44
2024-12-01,CC-202,Sales,Retail Stores,Türkiye,Actual,Actual,Synthetic ERP,A6010,308543.64
2024-12-01,CC-202,Sales,Retail Stores,Türkiye,Actual,Actual,Synthetic ERP,A6100,350051.17
2024-12-01,CC-202,Sales,Retail Stores,Türkiye,Actual,Actual,Synthetic ERP,A6200,313391.74
2024-12-01,CC-202,Sales,Retail Stores,Türkiye,Actual,Actual,Synthetic ERP,A6300,225981.12
2024-12-01,CC-202,Sales,Retail Stores,Türkiye,Actual,Actual,Synthetic ERP,A6400,279139.97
2024-12-01,CC-202,Sales,Retail Stores,Türkiye,Actual,Actual,Synthetic ERP,A6500,61118.69
2024-12-01,CC-202,Sales,Retail Stores,Türkiye,Actual,Actual,Synthetic ERP,A6600,37856.72
2024-12-01,CC-301,Sales,Wholesale,Türkiye,Actual,Actual,Synthetic ERP,A4020,15182624.42
2024-12-01,CC-301,Sales,Wholesale,Türkiye,Actual,Actual,Synthetic ERP,A5000,8526757.17
2024-12-01,CC-301,Sales,Wholesale,Türkiye,Actual,Actual,Synthetic ERP,A5010,151784.32
2024-12-01,CC-301,Sales,Wholesale,Türkiye,Actual,Actual,Synthetic ERP,A5020,225669.08
2024-12-01,CC-301,Sales,Wholesale,Türkiye,Actual,Actual,Synthetic ERP,A6000,1009909.12
2024-12-01,CC-301,Sales,Wholesale,Türkiye,Actual,Actual,Synthetic ERP,A6010,186833.19
2024-12-01,CC-301,Sales,Wholesale,Türkiye,Actual,Actual,Synthetic ERP,A6100,308371.57
2024-12-01,CC-301,Sales,Wholesale,Türkiye,Actual,Actual,Synthetic ERP,A6200,152565.65
2024-12-01,CC-301,Sales,Wholesale,Türkiye,Actual,Actual,Synthetic ERP,A6300,118352.28
2024-12-01,CC-301,Sales,Wholesale,Türkiye,Actual,Actual,Synthetic ERP,A6400,58666.89
2024-12-01,CC-301,Sales,Wholesale,Türkiye,Actual,Actual,Synthetic ERP,A6500,32672.55
2024-12-01,CC-301,Sales,Wholesale,Türkiye,Actual,Actual,Synthetic ERP,A6600,19040.51
2024-12-01,CC-302,Sales,Wholesale,Europe,Actual,Actual,Synthetic ERP,A4020,12617149.47
2024-12-01,CC-302,Sales,Wholesale,Europe,Actual,Actual,Synthetic ERP,A5000,7410887.17
2024-12-01,CC-302,Sales,Wholesale,Europe,Actual,Actual,Synthetic ERP,A5010,149956.87
2024-12-01,CC-302,Sales,Wholesale,Europe,Actual,Actual,Synthetic ERP,A5020,225389.76
2024-12-01,CC-302,Sales,Wholesale,Europe,Actual,Actual,Synthetic ERP,A6000,950330.37
2024-12-01,CC-302,Sales,Wholesale,Europe,Actual,Actual,Synthetic ERP,A6010,175811.12
2024-12-01,CC-302,Sales,Wholesale,Europe,Actual,Actual,Synthetic ERP,A6100,257806.72
2024-12-01,CC-302,Sales,Wholesale,Europe,Actual,Actual,Synthetic ERP,A6200,127056.42
2024-12-01,CC-302,Sales,Wholesale,Europe,Actual,Actual,Synthetic ERP,A6300,94595.04
2024-12-01,CC-302,Sales,Wholesale,Europe,Actual,Actual,Synthetic ERP,A6400,46994.95
2024-12-01,CC-302,Sales,Wholesale,Europe,Actual,Actual,Synthetic ERP,A6500,25181.62
2024-12-01,CC-302,Sales,Wholesale,Europe,Actual,Actual,Synthetic ERP,A6600,16090.44
2024-12-01,CC-401,Customer Success,Subscription Services,Türkiye,Actual,Actual,Synthetic ERP,A4030,6669692.47
2024-12-01,CC-401,Customer Success,Subscription Services,Türkiye,Actual,Actual,Synthetic ERP,A5000,1396809.19
2024-12-01,CC-401,Customer Success,Subscription Services,Türkiye,Actual,Actual,Synthetic ERP,A5010,164395.29
2024-12-01,CC-401,Customer Success,Subscription Services,Türkiye,Actual,Actual,Synthetic ERP,A5020,120007.57
2024-12-01,CC-401,Customer Success,Subscription Services,Türkiye,Actual,Actual,Synthetic ERP,A6000,1356537.78
2024-12-01,CC-401,Customer Success,Subscription Services,Türkiye,Actual,Actual,Synthetic ERP,A6010,250959.49
2024-12-01,CC-401,Customer Success,Subscription Services,Türkiye,Actual,Actual,Synthetic ERP,A6100,358445.02
2024-12-01,CC-401,Customer Success,Subscription Services,Türkiye,Actual,Actual,Synthetic ERP,A6200,66645.24
2024-12-01,CC-401,Customer Success,Subscription Services,Türkiye,Actual,Actual,Synthetic ERP,A6300,694493.27
2024-12-01,CC-401,Customer Success,Subscription Services,Türkiye,Actual,Actual,Synthetic ERP,A6400,76418.88
2024-12-01,CC-401,Customer Success,Subscription Services,Türkiye,Actual,Actual,Synthetic ERP,A6500,41985.77
2024-12-01,CC-401,Customer Success,Subscription Services,Türkiye,Actual,Actual,Synthetic ERP,A6600,24104.62
2024-12-01,CC-501,Marketing,Shared Services,Global,Actual,Actual,Synthetic ERP,A6000,1539194.87
2024-12-01,CC-501,Marketing,Shared Services,Global,Actual,Actual,Synthetic ERP,A6010,284751.05
2024-12-01,CC-501,Marketing,Shared Services,Global,Actual,Actual,Synthetic ERP,A6100,3624318.23
2024-12-01,CC-501,Marketing,Shared Services,Global,Actual,Actual,Synthetic ERP,A6300,233196.1
2024-12-01,CC-501,Marketing,Shared Services,Global,Actual,Actual,Synthetic ERP,A6400,83891.01
2024-12-01,CC-501,Marketing,Shared Services,Global,Actual,Actual,Synthetic ERP,A6500,320247.26
2024-12-01,CC-501,Marketing,Shared Services,Global,Actual,Actual,Synthetic ERP,A6600,131223.69
2024-12-01,CC-601,Operations,Shared Services,Türkiye,Actual,Actual,Synthetic ERP,A6000,2284777.86
2024-12-01,CC-601,Operations,Shared Services,Türkiye,Actual,Actual,Synthetic ERP,A6010,422683.9
2024-12-01,CC-601,Operations,Shared Services,Türkiye,Actual,Actual,Synthetic ERP,A6200,4102685.15
2024-12-01,CC-601,Operations,Shared Services,Türkiye,Actual,Actual,Synthetic ERP,A6300,408882.57
2024-12-01,CC-601,Operations,Shared Services,Türkiye,Actual,Actual,Synthetic ERP,A6400,1104487.58
2024-12-01,CC-601,Operations,Shared Services,Türkiye,Actual,Actual,Synthetic ERP,A6500,241262.57
2024-12-01,CC-601,Operations,Shared Services,Türkiye,Actual,Actual,Synthetic ERP,A6600,113405.54
2024-12-01,CC-601,Operations,Shared Services,Türkiye,Actual,Actual,Synthetic ERP,A6700,220833.33
2024-12-01,CC-701,Technology,Shared Services,Global,Actual,Actual,Synthetic ERP,A6000,2555573.9
2024-12-01,CC-701,Technology,Shared Services,Global,Actual,Actual,Synthetic ERP,A6010,472781.17
2024-12-01,CC-701,Technology,Shared Services,Global,Actual,Actual,Synthetic ERP,A6300,3681612.46
2024-12-01,CC-701,Technology,Shared Services,Global,Actual,Actual,Synthetic ERP,A6400,245803.12
2024-12-01,CC-701,Technology,Shared Services,Global,Actual,Actual,Synthetic ERP,A6500,1020268.68
2024-12-01,CC-701,Technology,Shared Services,Global,Actual,Actual,Synthetic ERP,A6600,203915.17
2024-12-01,CC-701,Technology,Shared Services,Global,Actual,Actual,Synthetic ERP,A6700,426041.67
2024-12-01,CC-801,Finance & Corporate,Shared Services,Global,Actual,Actual,Synthetic ERP,A6000,1904822.13
2024-12-01,CC-801,Finance & Corporate,Shared Services,Global,Actual,Actual,Synthetic ERP,A6010,352392.09
2024-12-01,CC-801,Finance & Corporate,Shared Services,Global,Actual,Actual,Synthetic ERP,A6300,625446.31
2024-12-01,CC-801,Finance & Corporate,Shared Services,Global,Actual,Actual,Synthetic ERP,A6400,1265532.6
2024-12-01,CC-801,Finance & Corporate,Shared Services,Global,Actual,Actual,Synthetic ERP,A6500,1464725.39
2024-12-01,CC-801,Finance & Corporate,Shared Services,Global,Actual,Actual,Synthetic ERP,A6600,323652.24
2024-12-01,CC-801,Finance & Corporate,Shared Services,Global,Actual,Actual,Synthetic ERP,A6800,445200.0
2024-12-01,CC-801,Finance & Corporate,Shared Services,Global,Actual,Actual,Synthetic ERP,A6900,5198952.43
2025-01-01,CC-101,Sales,Digital Commerce,Türkiye,Actual,Actual,Synthetic ERP,A4000,22974213.84
2025-01-01,CC-101,Sales,Digital Commerce,Türkiye,Actual,Actual,Synthetic ERP,A5000,8662450.96
2025-01-01,CC-101,Sales,Digital Commerce,Türkiye,Actual,Actual,Synthetic ERP,A5010,652167.67
2025-01-01,CC-101,Sales,Digital Commerce,Türkiye,Actual,Actual,Synthetic ERP,A5020,684503.01
2025-01-01,CC-101,Sales,Digital Commerce,Türkiye,Actual,Actual,Synthetic ERP,A6000,1654625.75
2025-01-01,CC-101,Sales,Digital Commerce,Türkiye,Actual,Actual,Synthetic ERP,A6010,306105.76
2025-01-01,CC-101,Sales,Digital Commerce,Türkiye,Actual,Actual,Synthetic ERP,A6100,1186646.02
2025-01-01,CC-101,Sales,Digital Commerce,Türkiye,Actual,Actual,Synthetic ERP,A6200,410032.92
2025-01-01,CC-101,Sales,Digital Commerce,Türkiye,Actual,Actual,Synthetic ERP,A6300,213630.2
2025-01-01,CC-101,Sales,Digital Commerce,Türkiye,Actual,Actual,Synthetic ERP,A6400,110759.99
2025-01-01,CC-101,Sales,Digital Commerce,Türkiye,Actual,Actual,Synthetic ERP,A6500,58165.71
2025-01-01,CC-101,Sales,Digital Commerce,Türkiye,Actual,Actual,Synthetic ERP,A6600,39332.25
2025-01-01,CC-102,Sales,Digital Commerce,Europe,Actual,Actual,Synthetic ERP,A4000,14305691.95
2025-01-01,CC-102,Sales,Digital Commerce,Europe,Actual,Actual,Synthetic ERP,A5000,5670842.18
2025-01-01,CC-102,Sales,Digital Commerce,Europe,Actual,Actual,Synthetic ERP,A5010,462505.4
2025-01-01,CC-102,Sales,Digital Commerce,Europe,Actual,Actual,Synthetic ERP,A5020,459478.82
2025-01-01,CC-102,Sales,Digital Commerce,Europe,Actual,Actual,Synthetic ERP,A6000,1455852.27
2025-01-01,CC-102,Sales,Digital Commerce,Europe,Actual,Actual,Synthetic ERP,A6010,269332.67
2025-01-01,CC-102,Sales,Digital Commerce,Europe,Actual,Actual,Synthetic ERP,A6100,687249.97
2025-01-01,CC-102,Sales,Digital Commerce,Europe,Actual,Actual,Synthetic ERP,A6200,254259.42
2025-01-01,CC-102,Sales,Digital Commerce,Europe,Actual,Actual,Synthetic ERP,A6300,126290.34
2025-01-01,CC-102,Sales,Digital Commerce,Europe,Actual,Actual,Synthetic ERP,A6400,68331.93
2025-01-01,CC-102,Sales,Digital Commerce,Europe,Actual,Actual,Synthetic ERP,A6500,37488.54
2025-01-01,CC-102,Sales,Digital Commerce,Europe,Actual,Actual,Synthetic ERP,A6600,24003.49
2025-01-01,CC-103,Sales,Digital Commerce,MENA,Actual,Actual,Synthetic ERP,A4000,8794781.52
2025-01-01,CC-103,Sales,Digital Commerce,MENA,Actual,Actual,Synthetic ERP,A5000,3674165.13
2025-01-01,CC-103,Sales,Digital Commerce,MENA,Actual,Actual,Synthetic ERP,A5010,463011.46
2025-01-01,CC-103,Sales,Digital Commerce,MENA,Actual,Actual,Synthetic ERP,A5020,302874.66
2025-01-01,CC-103,Sales,Digital Commerce,MENA,Actual,Actual,Synthetic ERP,A6000,642477.03
2025-01-01,CC-103,Sales,Digital Commerce,MENA,Actual,Actual,Synthetic ERP,A6010,118858.25
2025-01-01,CC-103,Sales,Digital Commerce,MENA,Actual,Actual,Synthetic ERP,A6100,428791.29
2025-01-01,CC-103,Sales,Digital Commerce,MENA,Actual,Actual,Synthetic ERP,A6200,160445.05
2025-01-01,CC-103,Sales,Digital Commerce,MENA,Actual,Actual,Synthetic ERP,A6300,85058.16
2025-01-01,CC-103,Sales,Digital Commerce,MENA,Actual,Actual,Synthetic ERP,A6400,43150.53
2025-01-01,CC-103,Sales,Digital Commerce,MENA,Actual,Actual,Synthetic ERP,A6500,22893.99
2025-01-01,CC-103,Sales,Digital Commerce,MENA,Actual,Actual,Synthetic ERP,A6600,13636.23
2025-01-01,CC-201,Sales,Retail Stores,Türkiye,Actual,Actual,Synthetic ERP,A4010,16145279.23
2025-01-01,CC-201,Sales,Retail Stores,Türkiye,Actual,Actual,Synthetic ERP,A5000,7412867.3
2025-01-01,CC-201,Sales,Retail Stores,Türkiye,Actual,Actual,Synthetic ERP,A5010,323023.78
2025-01-01,CC-201,Sales,Retail Stores,Türkiye,Actual,Actual,Synthetic ERP,A5020,396750.83
2025-01-01,CC-201,Sales,Retail Stores,Türkiye,Actual,Actual,Synthetic ERP,A6000,2125677.86
2025-01-01,CC-201,Sales,Retail Stores,Türkiye,Actual,Actual,Synthetic ERP,A6010,393250.4
2025-01-01,CC-201,Sales,Retail Stores,Türkiye,Actual,Actual,Synthetic ERP,A6100,328804.33
2025-01-01,CC-201,Sales,Retail Stores,Türkiye,Actual,Actual,Synthetic ERP,A6200,278329.11
2025-01-01,CC-201,Sales,Retail Stores,Türkiye,Actual,Actual,Synthetic ERP,A6300,299517.57
2025-01-01,CC-201,Sales,Retail Stores,Türkiye,Actual,Actual,Synthetic ERP,A6400,373809.8
2025-01-01,CC-201,Sales,Retail Stores,Türkiye,Actual,Actual,Synthetic ERP,A6500,81603.29
2025-01-01,CC-201,Sales,Retail Stores,Türkiye,Actual,Actual,Synthetic ERP,A6600,57296.78
2025-01-01,CC-201,Sales,Retail Stores,Türkiye,Actual,Actual,Synthetic ERP,A6700,107500.0
2025-01-01,CC-202,Sales,Retail Stores,Türkiye,Actual,Actual,Synthetic ERP,A4010,11822765.16
2025-01-01,CC-202,Sales,Retail Stores,Türkiye,Actual,Actual,Synthetic ERP,A5000,5555814.43
2025-01-01,CC-202,Sales,Retail Stores,Türkiye,Actual,Actual,Synthetic ERP,A5010,210572.94
2025-01-01,CC-202,Sales,Retail Stores,Türkiye,Actual,Actual,Synthetic ERP,A5020,317406.81
2025-01-01,CC-202,Sales,Retail Stores,Türkiye,Actual,Actual,Synthetic ERP,A6000,1584812.58
2025-01-01,CC-202,Sales,Retail Stores,Türkiye,Actual,Actual,Synthetic ERP,A6010,293190.33
2025-01-01,CC-202,Sales,Retail Stores,Türkiye,Actual,Actual,Synthetic ERP,A6100,231984.53
2025-01-01,CC-202,Sales,Retail Stores,Türkiye,Actual,Actual,Synthetic ERP,A6200,210577.07
2025-01-01,CC-202,Sales,Retail Stores,Türkiye,Actual,Actual,Synthetic ERP,A6300,229612.8
2025-01-01,CC-202,Sales,Retail Stores,Türkiye,Actual,Actual,Synthetic ERP,A6400,302404.63
2025-01-01,CC-202,Sales,Retail Stores,Türkiye,Actual,Actual,Synthetic ERP,A6500,65694.18
2025-01-01,CC-202,Sales,Retail Stores,Türkiye,Actual,Actual,Synthetic ERP,A6600,38761.85
2025-01-01,CC-301,Sales,Wholesale,Türkiye,Actual,Actual,Synthetic ERP,A4020,15430538.13
2025-01-01,CC-301,Sales,Wholesale,Türkiye,Actual,Actual,Synthetic ERP,A5000,8694164.09
2025-01-01,CC-301,Sales,Wholesale,Türkiye,Actual,Actual,Synthetic ERP,A5010,152116.5
2025-01-01,CC-301,Sales,Wholesale,Türkiye,Actual,Actual,Synthetic ERP,A5020,232730.41
2025-01-01,CC-301,Sales,Wholesale,Türkiye,Actual,Actual,Synthetic ERP,A6000,999865.96
2025-01-01,CC-301,Sales,Wholesale,Türkiye,Actual,Actual,Synthetic ERP,A6010,184975.2
2025-01-01,CC-301,Sales,Wholesale,Türkiye,Actual,Actual,Synthetic ERP,A6100,293078.85
2025-01-01,CC-301,Sales,Wholesale,Türkiye,Actual,Actual,Synthetic ERP,A6200,152307.68
2025-01-01,CC-301,Sales,Wholesale,Türkiye,Actual,Actual,Synthetic ERP,A6300,121858.25
2025-01-01,CC-301,Sales,Wholesale,Türkiye,Actual,Actual,Synthetic ERP,A6400,61280.52
2025-01-01,CC-301,Sales,Wholesale,Türkiye,Actual,Actual,Synthetic ERP,A6500,30717.68
2025-01-01,CC-301,Sales,Wholesale,Türkiye,Actual,Actual,Synthetic ERP,A6600,20237.43
2025-01-01,CC-302,Sales,Wholesale,Europe,Actual,Actual,Synthetic ERP,A4020,12445163.25
2025-01-01,CC-302,Sales,Wholesale,Europe,Actual,Actual,Synthetic ERP,A5000,7300443.47
2025-01-01,CC-302,Sales,Wholesale,Europe,Actual,Actual,Synthetic ERP,A5010,147502.74
2025-01-01,CC-302,Sales,Wholesale,Europe,Actual,Actual,Synthetic ERP,A5020,223238.14
2025-01-01,CC-302,Sales,Wholesale,Europe,Actual,Actual,Synthetic ERP,A6000,930639.53
2025-01-01,CC-302,Sales,Wholesale,Europe,Actual,Actual,Synthetic ERP,A6010,172168.31
2025-01-01,CC-302,Sales,Wholesale,Europe,Actual,Actual,Synthetic ERP,A6100,247789.73
2025-01-01,CC-302,Sales,Wholesale,Europe,Actual,Actual,Synthetic ERP,A6200,127218.83
2025-01-01,CC-302,Sales,Wholesale,Europe,Actual,Actual,Synthetic ERP,A6300,100404.37
2025-01-01,CC-302,Sales,Wholesale,Europe,Actual,Actual,Synthetic ERP,A6400,49592.7
2025-01-01,CC-302,Sales,Wholesale,Europe,Actual,Actual,Synthetic ERP,A6500,27134.7
2025-01-01,CC-302,Sales,Wholesale,Europe,Actual,Actual,Synthetic ERP,A6600,17542.66
2025-01-01,CC-401,Customer Success,Subscription Services,Türkiye,Actual,Actual,Synthetic ERP,A4030,6151609.15
2025-01-01,CC-401,Customer Success,Subscription Services,Türkiye,Actual,Actual,Synthetic ERP,A5000,1300046.81
2025-01-01,CC-401,Customer Success,Subscription Services,Türkiye,Actual,Actual,Synthetic ERP,A5010,153743.28
2025-01-01,CC-401,Customer Success,Subscription Services,Türkiye,Actual,Actual,Synthetic ERP,A5020,112722.45
2025-01-01,CC-401,Customer Success,Subscription Services,Türkiye,Actual,Actual,Synthetic ERP,A6000,1356326.58
2025-01-01,CC-401,Customer Success,Subscription Services,Türkiye,Actual,Actual,Synthetic ERP,A6010,250920.42
2025-01-01,CC-401,Customer Success,Subscription Services,Türkiye,Actual,Actual,Synthetic ERP,A6100,353387.37
2025-01-01,CC-401,Customer Success,Subscription Services,Türkiye,Actual,Actual,Synthetic ERP,A6200,62490.35
2025-01-01,CC-401,Customer Success,Subscription Services,Türkiye,Actual,Actual,Synthetic ERP,A6300,747778.89
2025-01-01,CC-401,Customer Success,Subscription Services,Türkiye,Actual,Actual,Synthetic ERP,A6400,78943.65
2025-01-01,CC-401,Customer Success,Subscription Services,Türkiye,Actual,Actual,Synthetic ERP,A6500,40961.87
2025-01-01,CC-401,Customer Success,Subscription Services,Türkiye,Actual,Actual,Synthetic ERP,A6600,27349.85
2025-01-01,CC-501,Marketing,Shared Services,Global,Actual,Actual,Synthetic ERP,A6000,1538583.4
2025-01-01,CC-501,Marketing,Shared Services,Global,Actual,Actual,Synthetic ERP,A6010,284637.93
2025-01-01,CC-501,Marketing,Shared Services,Global,Actual,Actual,Synthetic ERP,A6100,3829947.73
2025-01-01,CC-501,Marketing,Shared Services,Global,Actual,Actual,Synthetic ERP,A6300,253591.5
2025-01-01,CC-501,Marketing,Shared Services,Global,Actual,Actual,Synthetic ERP,A6400,90186.83
2025-01-01,CC-501,Marketing,Shared Services,Global,Actual,Actual,Synthetic ERP,A6500,350838.72
2025-01-01,CC-501,Marketing,Shared Services,Global,Actual,Actual,Synthetic ERP,A6600,151243.01
2025-01-01,CC-601,Operations,Shared Services,Türkiye,Actual,Actual,Synthetic ERP,A6000,2275702.51
2025-01-01,CC-601,Operations,Shared Services,Türkiye,Actual,Actual,Synthetic ERP,A6010,421004.97
2025-01-01,CC-601,Operations,Shared Services,Türkiye,Actual,Actual,Synthetic ERP,A6200,4316257.62
2025-01-01,CC-601,Operations,Shared Services,Türkiye,Actual,Actual,Synthetic ERP,A6300,403339.55
2025-01-01,CC-601,Operations,Shared Services,Türkiye,Actual,Actual,Synthetic ERP,A6400,1161381.13
2025-01-01,CC-601,Operations,Shared Services,Türkiye,Actual,Actual,Synthetic ERP,A6500,251591.9
2025-01-01,CC-601,Operations,Shared Services,Türkiye,Actual,Actual,Synthetic ERP,A6600,110411.28
2025-01-01,CC-601,Operations,Shared Services,Türkiye,Actual,Actual,Synthetic ERP,A6700,220833.33
2025-01-01,CC-701,Technology,Shared Services,Global,Actual,Actual,Synthetic ERP,A6000,2623079.25
2025-01-01,CC-701,Technology,Shared Services,Global,Actual,Actual,Synthetic ERP,A6010,485269.66
2025-01-01,CC-701,Technology,Shared Services,Global,Actual,Actual,Synthetic ERP,A6300,3732248.09
2025-01-01,CC-701,Technology,Shared Services,Global,Actual,Actual,Synthetic ERP,A6400,259147.54
2025-01-01,CC-701,Technology,Shared Services,Global,Actual,Actual,Synthetic ERP,A6500,979589.38
2025-01-01,CC-701,Technology,Shared Services,Global,Actual,Actual,Synthetic ERP,A6600,206227.95
2025-01-01,CC-701,Technology,Shared Services,Global,Actual,Actual,Synthetic ERP,A6700,426041.67
2025-01-01,CC-801,Finance & Corporate,Shared Services,Global,Actual,Actual,Synthetic ERP,A6000,1966689.68
2025-01-01,CC-801,Finance & Corporate,Shared Services,Global,Actual,Actual,Synthetic ERP,A6010,363837.59
2025-01-01,CC-801,Finance & Corporate,Shared Services,Global,Actual,Actual,Synthetic ERP,A6300,661370.91
2025-01-01,CC-801,Finance & Corporate,Shared Services,Global,Actual,Actual,Synthetic ERP,A6400,1359529.97
2025-01-01,CC-801,Finance & Corporate,Shared Services,Global,Actual,Actual,Synthetic ERP,A6500,1430120.93
2025-01-01,CC-801,Finance & Corporate,Shared Services,Global,Actual,Actual,Synthetic ERP,A6600,325389.66
2025-01-01,CC-801,Finance & Corporate,Shared Services,Global,Actual,Actual,Synthetic ERP,A6800,471912.0
2025-01-01,CC-801,Finance & Corporate,Shared Services,Global,Actual,Actual,Synthetic ERP,A6900,419919.26
2025-02-01,CC-101,Sales,Digital Commerce,Türkiye,Actual,Actual,Synthetic ERP,A4000,23256547.7
2025-02-01,CC-101,Sales,Digital Commerce,Türkiye,Actual,Actual,Synthetic ERP,A5000,8821732.41
2025-02-01,CC-101,Sales,Digital Commerce,Türkiye,Actual,Actual,Synthetic ERP,A5010,653412.75
2025-02-01,CC-101,Sales,Digital Commerce,Türkiye,Actual,Actual,Synthetic ERP,A5020,691380.87
2025-02-01,CC-101,Sales,Digital Commerce,Türkiye,Actual,Actual,Synthetic ERP,A6000,1641909.68
2025-02-01,CC-101,Sales,Digital Commerce,Türkiye,Actual,Actual,Synthetic ERP,A6010,303753.29
2025-02-01,CC-101,Sales,Digital Commerce,Türkiye,Actual,Actual,Synthetic ERP,A6100,1137617.49
2025-02-01,CC-101,Sales,Digital Commerce,Türkiye,Actual,Actual,Synthetic ERP,A6200,429035.01
2025-02-01,CC-101,Sales,Digital Commerce,Türkiye,Actual,Actual,Synthetic ERP,A6300,225914.76
2025-02-01,CC-101,Sales,Digital Commerce,Türkiye,Actual,Actual,Synthetic ERP,A6400,111742.85
2025-02-01,CC-101,Sales,Digital Commerce,Türkiye,Actual,Actual,Synthetic ERP,A6500,61078.64
2025-02-01,CC-101,Sales,Digital Commerce,Türkiye,Actual,Actual,Synthetic ERP,A6600,39482.79
2025-02-01,CC-102,Sales,Digital Commerce,Europe,Actual,Actual,Synthetic ERP,A4000,14979044.16
2025-02-01,CC-102,Sales,Digital Commerce,Europe,Actual,Actual,Synthetic ERP,A5000,5948993.91
2025-02-01,CC-102,Sales,Digital Commerce,Europe,Actual,Actual,Synthetic ERP,A5010,483954.67
2025-02-01,CC-102,Sales,Digital Commerce,Europe,Actual,Actual,Synthetic ERP,A5020,481191.69
2025-02-01,CC-102,Sales,Digital Commerce,Europe,Actual,Actual,Synthetic ERP,A6000,1440844.07
2025-02-01,CC-102,Sales,Digital Commerce,Europe,Actual,Actual,Synthetic ERP,A6010,266556.15
2025-02-01,CC-102,Sales,Digital Commerce,Europe,Actual,Actual,Synthetic ERP,A6100,756217.98
2025-02-01,CC-102,Sales,Digital Commerce,Europe,Actual,Actual,Synthetic ERP,A6200,275455.15
2025-02-01,CC-102,Sales,Digital Commerce,Europe,Actual,Actual,Synthetic ERP,A6300,131925.74
2025-02-01,CC-102,Sales,Digital Commerce,Europe,Actual,Actual,Synthetic ERP,A6400,68699.42
2025-02-01,CC-102,Sales,Digital Commerce,Europe,Actual,Actual,Synthetic ERP,A6500,37145.22
2025-02-01,CC-102,Sales,Digital Commerce,Europe,Actual,Actual,Synthetic ERP,A6600,22098.08
2025-02-01,CC-103,Sales,Digital Commerce,MENA,Actual,Actual,Synthetic ERP,A4000,8882252.34
2025-02-01,CC-103,Sales,Digital Commerce,MENA,Actual,Actual,Synthetic ERP,A5000,3703867.0
2025-02-01,CC-103,Sales,Digital Commerce,MENA,Actual,Actual,Synthetic ERP,A5010,457832.35
2025-02-01,CC-103,Sales,Digital Commerce,MENA,Actual,Actual,Synthetic ERP,A5020,315254.82
2025-02-01,CC-103,Sales,Digital Commerce,MENA,Actual,Actual,Synthetic ERP,A6000,650612.07
2025-02-01,CC-103,Sales,Digital Commerce,MENA,Actual,Actual,Synthetic ERP,A6010,120363.23
2025-02-01,CC-103,Sales,Digital Commerce,MENA,Actual,Actual,Synthetic ERP,A6100,442993.62
2025-02-01,CC-103,Sales,Digital Commerce,MENA,Actual,Actual,Synthetic ERP,A6200,157210.29
2025-02-01,CC-103,Sales,Digital Commerce,MENA,Actual,Actual,Synthetic ERP,A6300,89063.69
2025-02-01,CC-103,Sales,Digital Commerce,MENA,Actual,Actual,Synthetic ERP,A6400,43760.21
2025-02-01,CC-103,Sales,Digital Commerce,MENA,Actual,Actual,Synthetic ERP,A6500,21412.11
2025-02-01,CC-103,Sales,Digital Commerce,MENA,Actual,Actual,Synthetic ERP,A6600,14580.54
2025-02-01,CC-201,Sales,Retail Stores,Türkiye,Actual,Actual,Synthetic ERP,A4010,16988772.33
2025-02-01,CC-201,Sales,Retail Stores,Türkiye,Actual,Actual,Synthetic ERP,A5000,7879405.53
2025-02-01,CC-201,Sales,Retail Stores,Türkiye,Actual,Actual,Synthetic ERP,A5010,339626.91
2025-02-01,CC-201,Sales,Retail Stores,Türkiye,Actual,Actual,Synthetic ERP,A5020,423122.6
2025-02-01,CC-201,Sales,Retail Stores,Türkiye,Actual,Actual,Synthetic ERP,A6000,2198794.61
2025-02-01,CC-201,Sales,Retail Stores,Türkiye,Actual,Actual,Synthetic ERP,A6010,406777.0
2025-02-01,CC-201,Sales,Retail Stores,Türkiye,Actual,Actual,Synthetic ERP,A6100,341500.46
2025-02-01,CC-201,Sales,Retail Stores,Türkiye,Actual,Actual,Synthetic ERP,A6200,295425.75
2025-02-01,CC-201,Sales,Retail Stores,Türkiye,Actual,Actual,Synthetic ERP,A6300,303567.71
2025-02-01,CC-201,Sales,Retail Stores,Türkiye,Actual,Actual,Synthetic ERP,A6400,374240.8
2025-02-01,CC-201,Sales,Retail Stores,Türkiye,Actual,Actual,Synthetic ERP,A6500,79738.69
2025-02-01,CC-201,Sales,Retail Stores,Türkiye,Actual,Actual,Synthetic ERP,A6600,42193.85
2025-02-01,CC-201,Sales,Retail Stores,Türkiye,Actual,Actual,Synthetic ERP,A6700,107500.0
2025-02-01,CC-202,Sales,Retail Stores,Türkiye,Actual,Actual,Synthetic ERP,A4010,12036419.85
2025-02-01,CC-202,Sales,Retail Stores,Türkiye,Actual,Actual,Synthetic ERP,A5000,5710497.73
2025-02-01,CC-202,Sales,Retail Stores,Türkiye,Actual,Actual,Synthetic ERP,A5010,219211.7
2025-02-01,CC-202,Sales,Retail Stores,Türkiye,Actual,Actual,Synthetic ERP,A5020,318785.76
2025-02-01,CC-202,Sales,Retail Stores,Türkiye,Actual,Actual,Synthetic ERP,A6000,1600318.39
2025-02-01,CC-202,Sales,Retail Stores,Türkiye,Actual,Actual,Synthetic ERP,A6010,296058.9
2025-02-01,CC-202,Sales,Retail Stores,Türkiye,Actual,Actual,Synthetic ERP,A6100,241001.42
2025-02-01,CC-202,Sales,Retail Stores,Türkiye,Actual,Actual,Synthetic ERP,A6200,214415.31
2025-02-01,CC-202,Sales,Retail Stores,Türkiye,Actual,Actual,Synthetic ERP,A6300,233575.78
2025-02-01,CC-202,Sales,Retail Stores,Türkiye,Actual,Actual,Synthetic ERP,A6400,303637.85
2025-02-01,CC-202,Sales,Retail Stores,Türkiye,Actual,Actual,Synthetic ERP,A6500,64386.16
2025-02-01,CC-202,Sales,Retail Stores,Türkiye,Actual,Actual,Synthetic ERP,A6600,36743.22
2025-02-01,CC-301,Sales,Wholesale,Türkiye,Actual,Actual,Synthetic ERP,A4020,16396898.6
2025-02-01,CC-301,Sales,Wholesale,Türkiye,Actual,Actual,Synthetic ERP,A5000,9380166.63
2025-02-01,CC-301,Sales,Wholesale,Türkiye,Actual,Actual,Synthetic ERP,A5010,164566.91
2025-02-01,CC-301,Sales,Wholesale,Türkiye,Actual,Actual,Synthetic ERP,A5020,252194.82
2025-02-01,CC-301,Sales,Wholesale,Türkiye,Actual,Actual,Synthetic ERP,A6000,1010777.36
2025-02-01,CC-301,Sales,Wholesale,Türkiye,Actual,Actual,Synthetic ERP,A6010,186993.81
2025-02-01,CC-301,Sales,Wholesale,Türkiye,Actual,Actual,Synthetic ERP,A6100,331690.14
2025-02-01,CC-301,Sales,Wholesale,Türkiye,Actual,Actual,Synthetic ERP,A6200,166874.68
2025-02-01,CC-301,Sales,Wholesale,Türkiye,Actual,Actual,Synthetic ERP,A6300,124420.79
2025-02-01,CC-301,Sales,Wholesale,Türkiye,Actual,Actual,Synthetic ERP,A6400,62077.58
2025-02-01,CC-301,Sales,Wholesale,Türkiye,Actual,Actual,Synthetic ERP,A6500,32154.09
2025-02-01,CC-301,Sales,Wholesale,Türkiye,Actual,Actual,Synthetic ERP,A6600,18439.33
2025-02-01,CC-302,Sales,Wholesale,Europe,Actual,Actual,Synthetic ERP,A4020,13385956.44
2025-02-01,CC-302,Sales,Wholesale,Europe,Actual,Actual,Synthetic ERP,A5000,7916269.54
2025-02-01,CC-302,Sales,Wholesale,Europe,Actual,Actual,Synthetic ERP,A5010,162096.48
2025-02-01,CC-302,Sales,Wholesale,Europe,Actual,Actual,Synthetic ERP,A5020,238432.94
2025-02-01,CC-302,Sales,Wholesale,Europe,Actual,Actual,Synthetic ERP,A6000,963385.35
2025-02-01,CC-302,Sales,Wholesale,Europe,Actual,Actual,Synthetic ERP,A6010,178226.29
2025-02-01,CC-302,Sales,Wholesale,Europe,Actual,Actual,Synthetic ERP,A6100,265619.68
2025-02-01,CC-302,Sales,Wholesale,Europe,Actual,Actual,Synthetic ERP,A6200,131653.55
2025-02-01,CC-302,Sales,Wholesale,Europe,Actual,Actual,Synthetic ERP,A6300,99337.83
2025-02-01,CC-302,Sales,Wholesale,Europe,Actual,Actual,Synthetic ERP,A6400,50320.92
2025-02-01,CC-302,Sales,Wholesale,Europe,Actual,Actual,Synthetic ERP,A6500,26502.35
2025-02-01,CC-302,Sales,Wholesale,Europe,Actual,Actual,Synthetic ERP,A6600,14533.3
2025-02-01,CC-401,Customer Success,Subscription Services,Türkiye,Actual,Actual,Synthetic ERP,A4030,6257308.92
2025-02-01,CC-401,Customer Success,Subscription Services,Türkiye,Actual,Actual,Synthetic ERP,A5000,1312388.8
2025-02-01,CC-401,Customer Success,Subscription Services,Türkiye,Actual,Actual,Synthetic ERP,A5010,157018.8
2025-02-01,CC-401,Customer Success,Subscription Services,Türkiye,Actual,Actual,Synthetic ERP,A5020,114129.25
2025-02-01,CC-401,Customer Success,Subscription Services,Türkiye,Actual,Actual,Synthetic ERP,A6000,1442616.08
2025-02-01,CC-401,Customer Success,Subscription Services,Türkiye,Actual,Actual,Synthetic ERP,A6010,266883.98
2025-02-01,CC-401,Customer Success,Subscription Services,Türkiye,Actual,Actual,Synthetic ERP,A6100,388713.59
2025-02-01,CC-401,Customer Success,Subscription Services,Türkiye,Actual,Actual,Synthetic ERP,A6200,61964.89
2025-02-01,CC-401,Customer Success,Subscription Services,Türkiye,Actual,Actual,Synthetic ERP,A6300,753531.32
2025-02-01,CC-401,Customer Success,Subscription Services,Türkiye,Actual,Actual,Synthetic ERP,A6400,80810.89
2025-02-01,CC-401,Customer Success,Subscription Services,Türkiye,Actual,Actual,Synthetic ERP,A6500,43352.3
2025-02-01,CC-401,Customer Success,Subscription Services,Türkiye,Actual,Actual,Synthetic ERP,A6600,29952.35
2025-02-01,CC-501,Marketing,Shared Services,Global,Actual,Actual,Synthetic ERP,A6000,1528389.91
2025-02-01,CC-501,Marketing,Shared Services,Global,Actual,Actual,Synthetic ERP,A6010,282752.13
2025-02-01,CC-501,Marketing,Shared Services,Global,Actual,Actual,Synthetic ERP,A6100,3970527.13
2025-02-01,CC-501,Marketing,Shared Services,Global,Actual,Actual,Synthetic ERP,A6300,250970.14
2025-02-01,CC-501,Marketing,Shared Services,Global,Actual,Actual,Synthetic ERP,A6400,89094.34
2025-02-01,CC-501,Marketing,Shared Services,Global,Actual,Actual,Synthetic ERP,A6500,335994.84
2025-02-01,CC-501,Marketing,Shared Services,Global,Actual,Actual,Synthetic ERP,A6600,154842.24
2025-02-01,CC-601,Operations,Shared Services,Türkiye,Actual,Actual,Synthetic ERP,A6000,2172024.07
2025-02-01,CC-601,Operations,Shared Services,Türkiye,Actual,Actual,Synthetic ERP,A6010,401824.45
2025-02-01,CC-601,Operations,Shared Services,Türkiye,Actual,Actual,Synthetic ERP,A6200,4423957.81
2025-02-01,CC-601,Operations,Shared Services,Türkiye,Actual,Actual,Synthetic ERP,A6300,421056.74
2025-02-01,CC-601,Operations,Shared Services,Türkiye,Actual,Actual,Synthetic ERP,A6400,1188913.08
2025-02-01,CC-601,Operations,Shared Services,Türkiye,Actual,Actual,Synthetic ERP,A6500,249514.1
2025-02-01,CC-601,Operations,Shared Services,Türkiye,Actual,Actual,Synthetic ERP,A6600,112753.38
2025-02-01,CC-601,Operations,Shared Services,Türkiye,Actual,Actual,Synthetic ERP,A6700,220833.33
2025-02-01,CC-701,Technology,Shared Services,Global,Actual,Actual,Synthetic ERP,A6000,2572436.93
2025-02-01,CC-701,Technology,Shared Services,Global,Actual,Actual,Synthetic ERP,A6010,475900.83
2025-02-01,CC-701,Technology,Shared Services,Global,Actual,Actual,Synthetic ERP,A6300,3811452.8
2025-02-01,CC-701,Technology,Shared Services,Global,Actual,Actual,Synthetic ERP,A6400,265930.5
2025-02-01,CC-701,Technology,Shared Services,Global,Actual,Actual,Synthetic ERP,A6500,1029774.64
2025-02-01,CC-701,Technology,Shared Services,Global,Actual,Actual,Synthetic ERP,A6600,184839.37
2025-02-01,CC-701,Technology,Shared Services,Global,Actual,Actual,Synthetic ERP,A6700,426041.67
2025-02-01,CC-801,Finance & Corporate,Shared Services,Global,Actual,Actual,Synthetic ERP,A6000,1959497.38
2025-02-01,CC-801,Finance & Corporate,Shared Services,Global,Actual,Actual,Synthetic ERP,A6010,362507.02
2025-02-01,CC-801,Finance & Corporate,Shared Services,Global,Actual,Actual,Synthetic ERP,A6300,681804.21
2025-02-01,CC-801,Finance & Corporate,Shared Services,Global,Actual,Actual,Synthetic ERP,A6400,1368969.95
2025-02-01,CC-801,Finance & Corporate,Shared Services,Global,Actual,Actual,Synthetic ERP,A6500,1428469.02
2025-02-01,CC-801,Finance & Corporate,Shared Services,Global,Actual,Actual,Synthetic ERP,A6600,312031.38
2025-02-01,CC-801,Finance & Corporate,Shared Services,Global,Actual,Actual,Synthetic ERP,A6800,471912.0
2025-02-01,CC-801,Finance & Corporate,Shared Services,Global,Actual,Actual,Synthetic ERP,A6900,630617.41
2025-03-01,CC-101,Sales,Digital Commerce,Türkiye,Actual,Actual,Synthetic ERP,A4000,26050630.51
2025-03-01,CC-101,Sales,Digital Commerce,Türkiye,Actual,Actual,Synthetic ERP,A5000,9804050.39
2025-03-01,CC-101,Sales,Digital Commerce,Türkiye,Actual,Actual,Synthetic ERP,A5010,724442.96
2025-03-01,CC-101,Sales,Digital Commerce,Türkiye,Actual,Actual,Synthetic ERP,A5020,771028.58
2025-03-01,CC-101,Sales,Digital Commerce,Türkiye,Actual,Actual,Synthetic ERP,A6000,1642051.97
2025-03-01,CC-101,Sales,Digital Commerce,Türkiye,Actual,Actual,Synthetic ERP,A6010,303779.61
2025-03-01,CC-101,Sales,Digital Commerce,Türkiye,Actual,Actual,Synthetic ERP,A6100,1273744.5
2025-03-01,CC-101,Sales,Digital Commerce,Türkiye,Actual,Actual,Synthetic ERP,A6200,469434.79
2025-03-01,CC-101,Sales,Digital Commerce,Türkiye,Actual,Actual,Synthetic ERP,A6300,228355.39
2025-03-01,CC-101,Sales,Digital Commerce,Türkiye,Actual,Actual,Synthetic ERP,A6400,112768.4
2025-03-01,CC-101,Sales,Digital Commerce,Türkiye,Actual,Actual,Synthetic ERP,A6500,63035.02
2025-03-01,CC-101,Sales,Digital Commerce,Türkiye,Actual,Actual,Synthetic ERP,A6600,39183.76
2025-03-01,CC-102,Sales,Digital Commerce,Europe,Actual,Actual,Synthetic ERP,A4000,17290255.97
2025-03-01,CC-102,Sales,Digital Commerce,Europe,Actual,Actual,Synthetic ERP,A5000,7054541.21
2025-03-01,CC-102,Sales,Digital Commerce,Europe,Actual,Actual,Synthetic ERP,A5010,545546.65
2025-03-01,CC-102,Sales,Digital Commerce,Europe,Actual,Actual,Synthetic ERP,A5020,559132.2
2025-03-01,CC-102,Sales,Digital Commerce,Europe,Actual,Actual,Synthetic ERP,A6000,1452357.33
2025-03-01,CC-102,Sales,Digital Commerce,Europe,Actual,Actual,Synthetic ERP,A6010,268686.11
2025-03-01,CC-102,Sales,Digital Commerce,Europe,Actual,Actual,Synthetic ERP,A6100,866958.97
2025-03-01,CC-102,Sales,Digital Commerce,Europe,Actual,Actual,Synthetic ERP,A6200,308525.07
2025-03-01,CC-102,Sales,Digital Commerce,Europe,Actual,Actual,Synthetic ERP,A6300,142508.77
2025-03-01,CC-102,Sales,Digital Commerce,Europe,Actual,Actual,Synthetic ERP,A6400,69224.89
2025-03-01,CC-102,Sales,Digital Commerce,Europe,Actual,Actual,Synthetic ERP,A6500,34886.03
2025-03-01,CC-102,Sales,Digital Commerce,Europe,Actual,Actual,Synthetic ERP,A6600,23940.51
2025-03-01,CC-103,Sales,Digital Commerce,MENA,Actual,Actual,Synthetic ERP,A4000,10032570.47
2025-03-01,CC-103,Sales,Digital Commerce,MENA,Actual,Actual,Synthetic ERP,A5000,4240654.44
2025-03-01,CC-103,Sales,Digital Commerce,MENA,Actual,Actual,Synthetic ERP,A5010,517789.64
2025-03-01,CC-103,Sales,Digital Commerce,MENA,Actual,Actual,Synthetic ERP,A5020,356091.11
2025-03-01,CC-103,Sales,Digital Commerce,MENA,Actual,Actual,Synthetic ERP,A6000,646686.77
2025-03-01,CC-103,Sales,Digital Commerce,MENA,Actual,Actual,Synthetic ERP,A6010,119637.05
2025-03-01,CC-103,Sales,Digital Commerce,MENA,Actual,Actual,Synthetic ERP,A6100,498272.54
2025-03-01,CC-103,Sales,Digital Commerce,MENA,Actual,Actual,Synthetic ERP,A6200,173787.4
2025-03-01,CC-103,Sales,Digital Commerce,MENA,Actual,Actual,Synthetic ERP,A6300,86579.34
2025-03-01,CC-103,Sales,Digital Commerce,MENA,Actual,Actual,Synthetic ERP,A6400,44092.42
2025-03-01,CC-103,Sales,Digital Commerce,MENA,Actual,Actual,Synthetic ERP,A6500,24122.16
2025-03-01,CC-103,Sales,Digital Commerce,MENA,Actual,Actual,Synthetic ERP,A6600,14582.01
2025-03-01,CC-201,Sales,Retail Stores,Türkiye,Actual,Actual,Synthetic ERP,A4010,19138499.79
2025-03-01,CC-201,Sales,Retail Stores,Türkiye,Actual,Actual,Synthetic ERP,A5000,8885996.56
2025-03-01,CC-201,Sales,Retail Stores,Türkiye,Actual,Actual,Synthetic ERP,A5010,384046.63
2025-03-01,CC-201,Sales,Retail Stores,Türkiye,Actual,Actual,Synthetic ERP,A5020,471925.6
2025-03-01,CC-201,Sales,Retail Stores,Türkiye,Actual,Actual,Synthetic ERP,A6000,2237689.68
2025-03-01,CC-201,Sales,Retail Stores,Türkiye,Actual,Actual,Synthetic ERP,A6010,413972.59
2025-03-01,CC-201,Sales,Retail Stores,Türkiye,Actual,Actual,Synthetic ERP,A6100,380895.32
2025-03-01,CC-201,Sales,Retail Stores,Türkiye,Actual,Actual,Synthetic ERP,A6200,334683.46
2025-03-01,CC-201,Sales,Retail Stores,Türkiye,Actual,Actual,Synthetic ERP,A6300,310417.39
2025-03-01,CC-201,Sales,Retail Stores,Türkiye,Actual,Actual,Synthetic ERP,A6400,387814.65
2025-03-01,CC-201,Sales,Retail Stores,Türkiye,Actual,Actual,Synthetic ERP,A6500,73305.04
2025-03-01,CC-201,Sales,Retail Stores,Türkiye,Actual,Actual,Synthetic ERP,A6600,49914.24
2025-03-01,CC-201,Sales,Retail Stores,Türkiye,Actual,Actual,Synthetic ERP,A6700,107500.0
2025-03-01,CC-202,Sales,Retail Stores,Türkiye,Actual,Actual,Synthetic ERP,A4010,14106291.9
2025-03-01,CC-202,Sales,Retail Stores,Türkiye,Actual,Actual,Synthetic ERP,A5000,6633241.0
2025-03-01,CC-202,Sales,Retail Stores,Türkiye,Actual,Actual,Synthetic ERP,A5010,254683.99
2025-03-01,CC-202,Sales,Retail Stores,Türkiye,Actual,Actual,Synthetic ERP,A5020,389434.61
2025-03-01,CC-202,Sales,Retail Stores,Türkiye,Actual,Actual,Synthetic ERP,A6000,1594035.94
2025-03-01,CC-202,Sales,Retail Stores,Türkiye,Actual,Actual,Synthetic ERP,A6010,294896.65
2025-03-01,CC-202,Sales,Retail Stores,Türkiye,Actual,Actual,Synthetic ERP,A6100,287211.11
2025-03-01,CC-202,Sales,Retail Stores,Türkiye,Actual,Actual,Synthetic ERP,A6200,265809.18
2025-03-01,CC-202,Sales,Retail Stores,Türkiye,Actual,Actual,Synthetic ERP,A6300,237800.35
2025-03-01,CC-202,Sales,Retail Stores,Türkiye,Actual,Actual,Synthetic ERP,A6400,303980.01
2025-03-01,CC-202,Sales,Retail Stores,Türkiye,Actual,Actual,Synthetic ERP,A6500,60561.44
2025-03-01,CC-202,Sales,Retail Stores,Türkiye,Actual,Actual,Synthetic ERP,A6600,38093.0
2025-03-01,CC-301,Sales,Wholesale,Türkiye,Actual,Actual,Synthetic ERP,A4020,18999963.88
2025-03-01,CC-301,Sales,Wholesale,Türkiye,Actual,Actual,Synthetic ERP,A5000,10910298.55
2025-03-01,CC-301,Sales,Wholesale,Türkiye,Actual,Actual,Synthetic ERP,A5010,189079.12
2025-03-01,CC-301,Sales,Wholesale,Türkiye,Actual,Actual,Synthetic ERP,A5020,285057.39
2025-03-01,CC-301,Sales,Wholesale,Türkiye,Actual,Actual,Synthetic ERP,A6000,1000400.92
2025-03-01,CC-301,Sales,Wholesale,Türkiye,Actual,Actual,Synthetic ERP,A6010,185074.17
2025-03-01,CC-301,Sales,Wholesale,Türkiye,Actual,Actual,Synthetic ERP,A6100,363981.72
2025-03-01,CC-301,Sales,Wholesale,Türkiye,Actual,Actual,Synthetic ERP,A6200,186769.89
2025-03-01,CC-301,Sales,Wholesale,Türkiye,Actual,Actual,Synthetic ERP,A6300,127309.83
2025-03-01,CC-301,Sales,Wholesale,Türkiye,Actual,Actual,Synthetic ERP,A6400,63865.04
2025-03-01,CC-301,Sales,Wholesale,Türkiye,Actual,Actual,Synthetic ERP,A6500,33757.24
2025-03-01,CC-301,Sales,Wholesale,Türkiye,Actual,Actual,Synthetic ERP,A6600,21289.42
2025-03-01,CC-302,Sales,Wholesale,Europe,Actual,Actual,Synthetic ERP,A4020,15221634.1
2025-03-01,CC-302,Sales,Wholesale,Europe,Actual,Actual,Synthetic ERP,A5000,9125473.95
2025-03-01,CC-302,Sales,Wholesale,Europe,Actual,Actual,Synthetic ERP,A5010,180182.41
2025-03-01,CC-302,Sales,Wholesale,Europe,Actual,Actual,Synthetic ERP,A5020,271415.95
2025-03-01,CC-302,Sales,Wholesale,Europe,Actual,Actual,Synthetic ERP,A6000,939677.39
2025-03-01,CC-302,Sales,Wholesale,Europe,Actual,Actual,Synthetic ERP,A6010,173840.32
2025-03-01,CC-302,Sales,Wholesale,Europe,Actual,Actual,Synthetic ERP,A6100,315122.75
2025-03-01,CC-302,Sales,Wholesale,Europe,Actual,Actual,Synthetic ERP,A6200,154864.43
2025-03-01,CC-302,Sales,Wholesale,Europe,Actual,Actual,Synthetic ERP,A6300,98607.63
2025-03-01,CC-302,Sales,Wholesale,Europe,Actual,Actual,Synthetic ERP,A6400,50601.59
2025-03-01,CC-302,Sales,Wholesale,Europe,Actual,Actual,Synthetic ERP,A6500,25738.95
2025-03-01,CC-302,Sales,Wholesale,Europe,Actual,Actual,Synthetic ERP,A6600,17891.72
2025-03-01,CC-401,Customer Success,Subscription Services,Türkiye,Actual,Actual,Synthetic ERP,A4030,6713853.35
2025-03-01,CC-401,Customer Success,Subscription Services,Türkiye,Actual,Actual,Synthetic ERP,A5000,1395937.29
2025-03-01,CC-401,Customer Success,Subscription Services,Türkiye,Actual,Actual,Synthetic ERP,A5010,170016.38
2025-03-01,CC-401,Customer Success,Subscription Services,Türkiye,Actual,Actual,Synthetic ERP,A5020,120927.64
2025-03-01,CC-401,Customer Success,Subscription Services,Türkiye,Actual,Actual,Synthetic ERP,A6000,1452327.89
2025-03-01,CC-401,Customer Success,Subscription Services,Türkiye,Actual,Actual,Synthetic ERP,A6010,268680.66
2025-03-01,CC-401,Customer Success,Subscription Services,Türkiye,Actual,Actual,Synthetic ERP,A6100,380238.0
2025-03-01,CC-401,Customer Success,Subscription Services,Türkiye,Actual,Actual,Synthetic ERP,A6200,69179.18
2025-03-01,CC-401,Customer Success,Subscription Services,Türkiye,Actual,Actual,Synthetic ERP,A6300,740820.73
2025-03-01,CC-401,Customer Success,Subscription Services,Türkiye,Actual,Actual,Synthetic ERP,A6400,80871.35
2025-03-01,CC-401,Customer Success,Subscription Services,Türkiye,Actual,Actual,Synthetic ERP,A6500,45391.09
2025-03-01,CC-401,Customer Success,Subscription Services,Türkiye,Actual,Actual,Synthetic ERP,A6600,28422.88
2025-03-01,CC-501,Marketing,Shared Services,Global,Actual,Actual,Synthetic ERP,A6000,1525917.82
2025-03-01,CC-501,Marketing,Shared Services,Global,Actual,Actual,Synthetic ERP,A6010,282294.8
2025-03-01,CC-501,Marketing,Shared Services,Global,Actual,Actual,Synthetic ERP,A6100,3821932.9
2025-03-01,CC-501,Marketing,Shared Services,Global,Actual,Actual,Synthetic ERP,A6300,255011.66
2025-03-01,CC-501,Marketing,Shared Services,Global,Actual,Actual,Synthetic ERP,A6400,90450.56
2025-03-01,CC-501,Marketing,Shared Services,Global,Actual,Actual,Synthetic ERP,A6500,307862.5
2025-03-01,CC-501,Marketing,Shared Services,Global,Actual,Actual,Synthetic ERP,A6600,134503.64
2025-03-01,CC-601,Operations,Shared Services,Türkiye,Actual,Actual,Synthetic ERP,A6000,2131010.82
2025-03-01,CC-601,Operations,Shared Services,Türkiye,Actual,Actual,Synthetic ERP,A6010,394237.0
2025-03-01,CC-601,Operations,Shared Services,Türkiye,Actual,Actual,Synthetic ERP,A6200,4386791.06
2025-03-01,CC-601,Operations,Shared Services,Türkiye,Actual,Actual,Synthetic ERP,A6300,423924.99
2025-03-01,CC-601,Operations,Shared Services,Türkiye,Actual,Actual,Synthetic ERP,A6400,1189858.09
2025-03-01,CC-601,Operations,Shared Services,Türkiye,Actual,Actual,Synthetic ERP,A6500,250503.73
2025-03-01,CC-601,Operations,Shared Services,Türkiye,Actual,Actual,Synthetic ERP,A6600,123639.57
2025-03-01,CC-601,Operations,Shared Services,Türkiye,Actual,Actual,Synthetic ERP,A6700,220833.33
2025-03-01,CC-701,Technology,Shared Services,Global,Actual,Actual,Synthetic ERP,A6000,2442708.29
2025-03-01,CC-701,Technology,Shared Services,Global,Actual,Actual,Synthetic ERP,A6010,451901.03
2025-03-01,CC-701,Technology,Shared Services,Global,Actual,Actual,Synthetic ERP,A6300,3845569.92
2025-03-01,CC-701,Technology,Shared Services,Global,Actual,Actual,Synthetic ERP,A6400,266873.48
2025-03-01,CC-701,Technology,Shared Services,Global,Actual,Actual,Synthetic ERP,A6500,950856.38
2025-03-01,CC-701,Technology,Shared Services,Global,Actual,Actual,Synthetic ERP,A6600,191485.31
2025-03-01,CC-701,Technology,Shared Services,Global,Actual,Actual,Synthetic ERP,A6700,426041.67
2025-03-01,CC-801,Finance & Corporate,Shared Services,Global,Actual,Actual,Synthetic ERP,A6000,1949980.87
2025-03-01,CC-801,Finance & Corporate,Shared Services,Global,Actual,Actual,Synthetic ERP,A6010,360746.46
2025-03-01,CC-801,Finance & Corporate,Shared Services,Global,Actual,Actual,Synthetic ERP,A6300,667084.38
2025-03-01,CC-801,Finance & Corporate,Shared Services,Global,Actual,Actual,Synthetic ERP,A6400,1354685.86
2025-03-01,CC-801,Finance & Corporate,Shared Services,Global,Actual,Actual,Synthetic ERP,A6500,1520503.5
2025-03-01,CC-801,Finance & Corporate,Shared Services,Global,Actual,Actual,Synthetic ERP,A6600,344725.51
2025-03-01,CC-801,Finance & Corporate,Shared Services,Global,Actual,Actual,Synthetic ERP,A6800,471912.0
2025-03-01,CC-801,Finance & Corporate,Shared Services,Global,Actual,Actual,Synthetic ERP,A6900,2354588.24
2025-04-01,CC-101,Sales,Digital Commerce,Türkiye,Actual,Actual,Synthetic ERP,A4000,26352004.55
2025-04-01,CC-101,Sales,Digital Commerce,Türkiye,Actual,Actual,Synthetic ERP,A5000,9858520.89
2025-04-01,CC-101,Sales,Digital Commerce,Türkiye,Actual,Actual,Synthetic ERP,A5010,744093.14
2025-04-01,CC-101,Sales,Digital Commerce,Türkiye,Actual,Actual,Synthetic ERP,A5020,807053.2
2025-04-01,CC-101,Sales,Digital Commerce,Türkiye,Actual,Actual,Synthetic ERP,A6000,1801342.73
2025-04-01,CC-101,Sales,Digital Commerce,Türkiye,Actual,Actual,Synthetic ERP,A6010,333248.4
2025-04-01,CC-101,Sales,Digital Commerce,Türkiye,Actual,Actual,Synthetic ERP,A6100,1393838.33
2025-04-01,CC-101,Sales,Digital Commerce,Türkiye,Actual,Actual,Synthetic ERP,A6200,455154.48
2025-04-01,CC-101,Sales,Digital Commerce,Türkiye,Actual,Actual,Synthetic ERP,A6300,222296.23
2025-04-01,CC-101,Sales,Digital Commerce,Türkiye,Actual,Actual,Synthetic ERP,A6400,112802.01
2025-04-01,CC-101,Sales,Digital Commerce,Türkiye,Actual,Actual,Synthetic ERP,A6500,63991.13
2025-04-01,CC-101,Sales,Digital Commerce,Türkiye,Actual,Actual,Synthetic ERP,A6600,40353.07
2025-04-01,CC-102,Sales,Digital Commerce,Europe,Actual,Actual,Synthetic ERP,A4000,17314263.8
2025-04-01,CC-102,Sales,Digital Commerce,Europe,Actual,Actual,Synthetic ERP,A5000,6896108.5
2025-04-01,CC-102,Sales,Digital Commerce,Europe,Actual,Actual,Synthetic ERP,A5010,560022.53
2025-04-01,CC-102,Sales,Digital Commerce,Europe,Actual,Actual,Synthetic ERP,A5020,547751.4
2025-04-01,CC-102,Sales,Digital Commerce,Europe,Actual,Actual,Synthetic ERP,A6000,1549965.94
2025-04-01,CC-102,Sales,Digital Commerce,Europe,Actual,Actual,Synthetic ERP,A6010,286743.7
2025-04-01,CC-102,Sales,Digital Commerce,Europe,Actual,Actual,Synthetic ERP,A6100,839829.14
2025-04-01,CC-102,Sales,Digital Commerce,Europe,Actual,Actual,Synthetic ERP,A6200,312804.55
2025-04-01,CC-102,Sales,Digital Commerce,Europe,Actual,Actual,Synthetic ERP,A6300,139444.97
2025-04-01,CC-102,Sales,Digital Commerce,Europe,Actual,Actual,Synthetic ERP,A6400,70459.91
2025-04-01,CC-102,Sales,Digital Commerce,Europe,Actual,Actual,Synthetic ERP,A6500,35323.2
2025-04-01,CC-102,Sales,Digital Commerce,Europe,Actual,Actual,Synthetic ERP,A6600,23660.45
2025-04-01,CC-103,Sales,Digital Commerce,MENA,Actual,Actual,Synthetic ERP,A4000,10528760.37
2025-04-01,CC-103,Sales,Digital Commerce,MENA,Actual,Actual,Synthetic ERP,A5000,4394435.86
2025-04-01,CC-103,Sales,Digital Commerce,MENA,Actual,Actual,Synthetic ERP,A5010,554460.27
2025-04-01,CC-103,Sales,Digital Commerce,MENA,Actual,Actual,Synthetic ERP,A5020,368780.03
2025-04-01,CC-103,Sales,Digital Commerce,MENA,Actual,Actual,Synthetic ERP,A6000,681369.17
2025-04-01,CC-103,Sales,Digital Commerce,MENA,Actual,Actual,Synthetic ERP,A6010,126053.3
2025-04-01,CC-103,Sales,Digital Commerce,MENA,Actual,Actual,Synthetic ERP,A6100,526156.93
2025-04-01,CC-103,Sales,Digital Commerce,MENA,Actual,Actual,Synthetic ERP,A6200,193945.92
2025-04-01,CC-103,Sales,Digital Commerce,MENA,Actual,Actual,Synthetic ERP,A6300,86342.49
2025-04-01,CC-103,Sales,Digital Commerce,MENA,Actual,Actual,Synthetic ERP,A6400,44886.58
2025-04-01,CC-103,Sales,Digital Commerce,MENA,Actual,Actual,Synthetic ERP,A6500,22657.37
2025-04-01,CC-103,Sales,Digital Commerce,MENA,Actual,Actual,Synthetic ERP,A6600,14305.41
2025-04-01,CC-201,Sales,Retail Stores,Türkiye,Actual,Actual,Synthetic ERP,A4010,20798530.03
2025-04-01,CC-201,Sales,Retail Stores,Türkiye,Actual,Actual,Synthetic ERP,A5000,9584655.59
2025-04-01,CC-201,Sales,Retail Stores,Türkiye,Actual,Actual,Synthetic ERP,A5010,416529.73
2025-04-01,CC-201,Sales,Retail Stores,Türkiye,Actual,Actual,Synthetic ERP,A5020,509319.8
2025-04-01,CC-201,Sales,Retail Stores,Türkiye,Actual,Actual,Synthetic ERP,A6000,2361708.94
2025-04-01,CC-201,Sales,Retail Stores,Türkiye,Actual,Actual,Synthetic ERP,A6010,436916.15
2025-04-01,CC-201,Sales,Retail Stores,Türkiye,Actual,Actual,Synthetic ERP,A6100,433082.92
2025-04-01,CC-201,Sales,Retail Stores,Türkiye,Actual,Actual,Synthetic ERP,A6200,376162.82
2025-04-01,CC-201,Sales,Retail Stores,Türkiye,Actual,Actual,Synthetic ERP,A6300,289370.1
2025-04-01,CC-201,Sales,Retail Stores,Türkiye,Actual,Actual,Synthetic ERP,A6400,385815.85
2025-04-01,CC-201,Sales,Retail Stores,Türkiye,Actual,Actual,Synthetic ERP,A6500,74223.95
2025-04-01,CC-201,Sales,Retail Stores,Türkiye,Actual,Actual,Synthetic ERP,A6600,46278.1
2025-04-01,CC-201,Sales,Retail Stores,Türkiye,Actual,Actual,Synthetic ERP,A6700,107500.0
2025-04-01,CC-202,Sales,Retail Stores,Türkiye,Actual,Actual,Synthetic ERP,A4010,14392736.08
2025-04-01,CC-202,Sales,Retail Stores,Türkiye,Actual,Actual,Synthetic ERP,A5000,6772779.45
2025-04-01,CC-202,Sales,Retail Stores,Türkiye,Actual,Actual,Synthetic ERP,A5010,258512.35
2025-04-01,CC-202,Sales,Retail Stores,Türkiye,Actual,Actual,Synthetic ERP,A5020,389014.0
2025-04-01,CC-202,Sales,Retail Stores,Türkiye,Actual,Actual,Synthetic ERP,A6000,1679545.33
2025-04-01,CC-202,Sales,Retail Stores,Türkiye,Actual,Actual,Synthetic ERP,A6010,310715.89
2025-04-01,CC-202,Sales,Retail Stores,Türkiye,Actual,Actual,Synthetic ERP,A6100,290251.21
2025-04-01,CC-202,Sales,Retail Stores,Türkiye,Actual,Actual,Synthetic ERP,A6200,254328.02
2025-04-01,CC-202,Sales,Retail Stores,Türkiye,Actual,Actual,Synthetic ERP,A6300,239128.47
2025-04-01,CC-202,Sales,Retail Stores,Türkiye,Actual,Actual,Synthetic ERP,A6400,311318.9
2025-04-01,CC-202,Sales,Retail Stores,Türkiye,Actual,Actual,Synthetic ERP,A6500,69437.27
2025-04-01,CC-202,Sales,Retail Stores,Türkiye,Actual,Actual,Synthetic ERP,A6600,43343.02
2025-04-01,CC-301,Sales,Wholesale,Türkiye,Actual,Actual,Synthetic ERP,A4020,18342749.1
2025-04-01,CC-301,Sales,Wholesale,Türkiye,Actual,Actual,Synthetic ERP,A5000,10421515.52
2025-04-01,CC-301,Sales,Wholesale,Türkiye,Actual,Actual,Synthetic ERP,A5010,181657.27
2025-04-01,CC-301,Sales,Wholesale,Türkiye,Actual,Actual,Synthetic ERP,A5020,275763.32
2025-04-01,CC-301,Sales,Wholesale,Türkiye,Actual,Actual,Synthetic ERP,A6000,1095749.26
2025-04-01,CC-301,Sales,Wholesale,Türkiye,Actual,Actual,Synthetic ERP,A6010,202713.61
2025-04-01,CC-301,Sales,Wholesale,Türkiye,Actual,Actual,Synthetic ERP,A6100,357863.17
2025-04-01,CC-301,Sales,Wholesale,Türkiye,Actual,Actual,Synthetic ERP,A6200,178314.45
2025-04-01,CC-301,Sales,Wholesale,Türkiye,Actual,Actual,Synthetic ERP,A6300,127131.05
2025-04-01,CC-301,Sales,Wholesale,Türkiye,Actual,Actual,Synthetic ERP,A6400,63536.56
2025-04-01,CC-301,Sales,Wholesale,Türkiye,Actual,Actual,Synthetic ERP,A6500,35632.94
2025-04-01,CC-301,Sales,Wholesale,Türkiye,Actual,Actual,Synthetic ERP,A6600,21506.0
2025-04-01,CC-302,Sales,Wholesale,Europe,Actual,Actual,Synthetic ERP,A4020,15267030.9
2025-04-01,CC-302,Sales,Wholesale,Europe,Actual,Actual,Synthetic ERP,A5000,8984894.95
2025-04-01,CC-302,Sales,Wholesale,Europe,Actual,Actual,Synthetic ERP,A5010,184735.83
2025-04-01,CC-302,Sales,Wholesale,Europe,Actual,Actual,Synthetic ERP,A5020,271032.69
2025-04-01,CC-302,Sales,Wholesale,Europe,Actual,Actual,Synthetic ERP,A6000,994759.28
2025-04-01,CC-302,Sales,Wholesale,Europe,Actual,Actual,Synthetic ERP,A6010,184030.47
2025-04-01,CC-302,Sales,Wholesale,Europe,Actual,Actual,Synthetic ERP,A6100,300580.8
2025-04-01,CC-302,Sales,Wholesale,Europe,Actual,Actual,Synthetic ERP,A6200,152569.38
2025-04-01,CC-302,Sales,Wholesale,Europe,Actual,Actual,Synthetic ERP,A6300,103076.16
2025-04-01,CC-302,Sales,Wholesale,Europe,Actual,Actual,Synthetic ERP,A6400,49774.17
2025-04-01,CC-302,Sales,Wholesale,Europe,Actual,Actual,Synthetic ERP,A6500,27853.85
2025-04-01,CC-302,Sales,Wholesale,Europe,Actual,Actual,Synthetic ERP,A6600,16435.08
2025-04-01,CC-401,Customer Success,Subscription Services,Türkiye,Actual,Actual,Synthetic ERP,A4030,6773644.35
2025-04-01,CC-401,Customer Success,Subscription Services,Türkiye,Actual,Actual,Synthetic ERP,A5000,1433142.8
2025-04-01,CC-401,Customer Success,Subscription Services,Türkiye,Actual,Actual,Synthetic ERP,A5010,171176.89
2025-04-01,CC-401,Customer Success,Subscription Services,Türkiye,Actual,Actual,Synthetic ERP,A5020,123477.8
2025-04-01,CC-401,Customer Success,Subscription Services,Türkiye,Actual,Actual,Synthetic ERP,A6000,1503679.81
2025-04-01,CC-401,Customer Success,Subscription Services,Türkiye,Actual,Actual,Synthetic ERP,A6010,278180.76
2025-04-01,CC-401,Customer Success,Subscription Services,Türkiye,Actual,Actual,Synthetic ERP,A6100,373224.38
2025-04-01,CC-401,Customer Success,Subscription Services,Türkiye,Actual,Actual,Synthetic ERP,A6200,68345.89
2025-04-01,CC-401,Customer Success,Subscription Services,Türkiye,Actual,Actual,Synthetic ERP,A6300,744881.77
2025-04-01,CC-401,Customer Success,Subscription Services,Türkiye,Actual,Actual,Synthetic ERP,A6400,82783.96
2025-04-01,CC-401,Customer Success,Subscription Services,Türkiye,Actual,Actual,Synthetic ERP,A6500,37000.84
2025-04-01,CC-401,Customer Success,Subscription Services,Türkiye,Actual,Actual,Synthetic ERP,A6600,27707.62
2025-04-01,CC-501,Marketing,Shared Services,Global,Actual,Actual,Synthetic ERP,A6000,1627892.83
2025-04-01,CC-501,Marketing,Shared Services,Global,Actual,Actual,Synthetic ERP,A6010,301160.17
2025-04-01,CC-501,Marketing,Shared Services,Global,Actual,Actual,Synthetic ERP,A6100,3978393.13
2025-04-01,CC-501,Marketing,Shared Services,Global,Actual,Actual,Synthetic ERP,A6300,259139.88
2025-04-01,CC-501,Marketing,Shared Services,Global,Actual,Actual,Synthetic ERP,A6400,92848.53
2025-04-01,CC-501,Marketing,Shared Services,Global,Actual,Actual,Synthetic ERP,A6500,325351.78
2025-04-01,CC-501,Marketing,Shared Services,Global,Actual,Actual,Synthetic ERP,A6600,144417.57
2025-04-01,CC-601,Operations,Shared Services,Türkiye,Actual,Actual,Synthetic ERP,A6000,2344272.76
2025-04-01,CC-601,Operations,Shared Services,Türkiye,Actual,Actual,Synthetic ERP,A6010,433690.46
2025-04-01,CC-601,Operations,Shared Services,Türkiye,Actual,Actual,Synthetic ERP,A6200,4364575.33
2025-04-01,CC-601,Operations,Shared Services,Türkiye,Actual,Actual,Synthetic ERP,A6300,448219.31
2025-04-01,CC-601,Operations,Shared Services,Türkiye,Actual,Actual,Synthetic ERP,A6400,1195038.16
2025-04-01,CC-601,Operations,Shared Services,Türkiye,Actual,Actual,Synthetic ERP,A6500,249720.27
2025-04-01,CC-601,Operations,Shared Services,Türkiye,Actual,Actual,Synthetic ERP,A6600,123412.84
2025-04-01,CC-601,Operations,Shared Services,Türkiye,Actual,Actual,Synthetic ERP,A6700,220833.33
2025-04-01,CC-701,Technology,Shared Services,Global,Actual,Actual,Synthetic ERP,A6000,2616172.07
2025-04-01,CC-701,Technology,Shared Services,Global,Actual,Actual,Synthetic ERP,A6010,483991.83
2025-04-01,CC-701,Technology,Shared Services,Global,Actual,Actual,Synthetic ERP,A6300,3857481.09
2025-04-01,CC-701,Technology,Shared Services,Global,Actual,Actual,Synthetic ERP,A6400,270505.79
2025-04-01,CC-701,Technology,Shared Services,Global,Actual,Actual,Synthetic ERP,A6500,924578.71
2025-04-01,CC-701,Technology,Shared Services,Global,Actual,Actual,Synthetic ERP,A6600,219569.4
2025-04-01,CC-701,Technology,Shared Services,Global,Actual,Actual,Synthetic ERP,A6700,426041.67
2025-04-01,CC-801,Finance & Corporate,Shared Services,Global,Actual,Actual,Synthetic ERP,A6000,2116899.66
2025-04-01,CC-801,Finance & Corporate,Shared Services,Global,Actual,Actual,Synthetic ERP,A6010,391626.44
2025-04-01,CC-801,Finance & Corporate,Shared Services,Global,Actual,Actual,Synthetic ERP,A6300,682048.73
2025-04-01,CC-801,Finance & Corporate,Shared Services,Global,Actual,Actual,Synthetic ERP,A6400,1381955.64
2025-04-01,CC-801,Finance & Corporate,Shared Services,Global,Actual,Actual,Synthetic ERP,A6500,1479653.4
2025-04-01,CC-801,Finance & Corporate,Shared Services,Global,Actual,Actual,Synthetic ERP,A6600,330735.68
2025-04-01,CC-801,Finance & Corporate,Shared Services,Global,Actual,Actual,Synthetic ERP,A6800,471912.0
2025-04-01,CC-801,Finance & Corporate,Shared Services,Global,Actual,Actual,Synthetic ERP,A6900,2296178.32
2025-05-01,CC-101,Sales,Digital Commerce,Türkiye,Actual,Actual,Synthetic ERP,A4000,27198011.22
2025-05-01,CC-101,Sales,Digital Commerce,Türkiye,Actual,Actual,Synthetic ERP,A5000,10384929.33
2025-05-01,CC-101,Sales,Digital Commerce,Türkiye,Actual,Actual,Synthetic ERP,A5010,770180.11
2025-05-01,CC-101,Sales,Digital Commerce,Türkiye,Actual,Actual,Synthetic ERP,A5020,820310.47
2025-05-01,CC-101,Sales,Digital Commerce,Türkiye,Actual,Actual,Synthetic ERP,A6000,1767939.38
2025-05-01,CC-101,Sales,Digital Commerce,Türkiye,Actual,Actual,Synthetic ERP,A6010,327068.79
2025-05-01,CC-101,Sales,Digital Commerce,Türkiye,Actual,Actual,Synthetic ERP,A6100,1378507.92
2025-05-01,CC-101,Sales,Digital Commerce,Türkiye,Actual,Actual,Synthetic ERP,A6200,482781.91
2025-05-01,CC-101,Sales,Digital Commerce,Türkiye,Actual,Actual,Synthetic ERP,A6300,230577.98
2025-05-01,CC-101,Sales,Digital Commerce,Türkiye,Actual,Actual,Synthetic ERP,A6400,116180.28
2025-05-01,CC-101,Sales,Digital Commerce,Türkiye,Actual,Actual,Synthetic ERP,A6500,68351.85
2025-05-01,CC-101,Sales,Digital Commerce,Türkiye,Actual,Actual,Synthetic ERP,A6600,40477.07
2025-05-01,CC-102,Sales,Digital Commerce,Europe,Actual,Actual,Synthetic ERP,A4000,18002612.32
2025-05-01,CC-102,Sales,Digital Commerce,Europe,Actual,Actual,Synthetic ERP,A5000,7151446.78
2025-05-01,CC-102,Sales,Digital Commerce,Europe,Actual,Actual,Synthetic ERP,A5010,583269.75
2025-05-01,CC-102,Sales,Digital Commerce,Europe,Actual,Actual,Synthetic ERP,A5020,582167.51
2025-05-01,CC-102,Sales,Digital Commerce,Europe,Actual,Actual,Synthetic ERP,A6000,1548616.13
2025-05-01,CC-102,Sales,Digital Commerce,Europe,Actual,Actual,Synthetic ERP,A6010,286493.98
2025-05-01,CC-102,Sales,Digital Commerce,Europe,Actual,Actual,Synthetic ERP,A6100,905255.28
2025-05-01,CC-102,Sales,Digital Commerce,Europe,Actual,Actual,Synthetic ERP,A6200,330244.88
2025-05-01,CC-102,Sales,Digital Commerce,Europe,Actual,Actual,Synthetic ERP,A6300,139682.39
2025-05-01,CC-102,Sales,Digital Commerce,Europe,Actual,Actual,Synthetic ERP,A6400,70142.83
2025-05-01,CC-102,Sales,Digital Commerce,Europe,Actual,Actual,Synthetic ERP,A6500,39348.93
2025-05-01,CC-102,Sales,Digital Commerce,Europe,Actual,Actual,Synthetic ERP,A6600,23230.48
2025-05-01,CC-103,Sales,Digital Commerce,MENA,Actual,Actual,Synthetic ERP,A4000,10838397.64
2025-05-01,CC-103,Sales,Digital Commerce,MENA,Actual,Actual,Synthetic ERP,A5000,4527754.95
2025-05-01,CC-103,Sales,Digital Commerce,MENA,Actual,Actual,Synthetic ERP,A5010,567812.42
2025-05-01,CC-103,Sales,Digital Commerce,MENA,Actual,Actual,Synthetic ERP,A5020,378770.48
2025-05-01,CC-103,Sales,Digital Commerce,MENA,Actual,Actual,Synthetic ERP,A6000,682838.92
2025-05-01,CC-103,Sales,Digital Commerce,MENA,Actual,Actual,Synthetic ERP,A6010,126325.2
2025-05-01,CC-103,Sales,Digital Commerce,MENA,Actual,Actual,Synthetic ERP,A6100,534820.71
2025-05-01,CC-103,Sales,Digital Commerce,MENA,Actual,Actual,Synthetic ERP,A6200,192243.5
2025-05-01,CC-103,Sales,Digital Commerce,MENA,Actual,Actual,Synthetic ERP,A6300,86487.03
2025-05-01,CC-103,Sales,Digital Commerce,MENA,Actual,Actual,Synthetic ERP,A6400,44742.85
2025-05-01,CC-103,Sales,Digital Commerce,MENA,Actual,Actual,Synthetic ERP,A6500,23818.05
2025-05-01,CC-103,Sales,Digital Commerce,MENA,Actual,Actual,Synthetic ERP,A6600,14190.19
2025-05-01,CC-201,Sales,Retail Stores,Türkiye,Actual,Actual,Synthetic ERP,A4010,21390304.83
2025-05-01,CC-201,Sales,Retail Stores,Türkiye,Actual,Actual,Synthetic ERP,A5000,9788866.5
2025-05-01,CC-201,Sales,Retail Stores,Türkiye,Actual,Actual,Synthetic ERP,A5010,430548.71
2025-05-01,CC-201,Sales,Retail Stores,Türkiye,Actual,Actual,Synthetic ERP,A5020,522752.6
2025-05-01,CC-201,Sales,Retail Stores,Türkiye,Actual,Actual,Synthetic ERP,A6000,2363238.96
2025-05-01,CC-201,Sales,Retail Stores,Türkiye,Actual,Actual,Synthetic ERP,A6010,437199.21
2025-05-01,CC-201,Sales,Retail Stores,Türkiye,Actual,Actual,Synthetic ERP,A6100,428287.57
2025-05-01,CC-201,Sales,Retail Stores,Türkiye,Actual,Actual,Synthetic ERP,A6200,389621.3
2025-05-01,CC-201,Sales,Retail Stores,Türkiye,Actual,Actual,Synthetic ERP,A6300,311403.47
2025-05-01,CC-201,Sales,Retail Stores,Türkiye,Actual,Actual,Synthetic ERP,A6400,390788.42
2025-05-01,CC-201,Sales,Retail Stores,Türkiye,Actual,Actual,Synthetic ERP,A6500,82577.94
2025-05-01,CC-201,Sales,Retail Stores,Türkiye,Actual,Actual,Synthetic ERP,A6600,54175.12
2025-05-01,CC-201,Sales,Retail Stores,Türkiye,Actual,Actual,Synthetic ERP,A6700,107500.0
2025-05-01,CC-202,Sales,Retail Stores,Türkiye,Actual,Actual,Synthetic ERP,A4010,15105195.05
2025-05-01,CC-202,Sales,Retail Stores,Türkiye,Actual,Actual,Synthetic ERP,A5000,7136738.12
2025-05-01,CC-202,Sales,Retail Stores,Türkiye,Actual,Actual,Synthetic ERP,A5010,274101.67
2025-05-01,CC-202,Sales,Retail Stores,Türkiye,Actual,Actual,Synthetic ERP,A5020,408028.85
2025-05-01,CC-202,Sales,Retail Stores,Türkiye,Actual,Actual,Synthetic ERP,A6000,1731974.77
2025-05-01,CC-202,Sales,Retail Stores,Türkiye,Actual,Actual,Synthetic ERP,A6010,320415.33
2025-05-01,CC-202,Sales,Retail Stores,Türkiye,Actual,Actual,Synthetic ERP,A6100,300180.45
2025-05-01,CC-202,Sales,Retail Stores,Türkiye,Actual,Actual,Synthetic ERP,A6200,269108.39
2025-05-01,CC-202,Sales,Retail Stores,Türkiye,Actual,Actual,Synthetic ERP,A6300,243538.65
2025-05-01,CC-202,Sales,Retail Stores,Türkiye,Actual,Actual,Synthetic ERP,A6400,312244.26
2025-05-01,CC-202,Sales,Retail Stores,Türkiye,Actual,Actual,Synthetic ERP,A6500,65964.36
2025-05-01,CC-202,Sales,Retail Stores,Türkiye,Actual,Actual,Synthetic ERP,A6600,43511.21
2025-05-01,CC-301,Sales,Wholesale,Türkiye,Actual,Actual,Synthetic ERP,A4020,17797294.61
2025-05-01,CC-301,Sales,Wholesale,Türkiye,Actual,Actual,Synthetic ERP,A5000,10142852.36
2025-05-01,CC-301,Sales,Wholesale,Türkiye,Actual,Actual,Synthetic ERP,A5010,176202.4
2025-05-01,CC-301,Sales,Wholesale,Türkiye,Actual,Actual,Synthetic ERP,A5020,275003.8
2025-05-01,CC-301,Sales,Wholesale,Türkiye,Actual,Actual,Synthetic ERP,A6000,1090984.39
2025-05-01,CC-301,Sales,Wholesale,Türkiye,Actual,Actual,Synthetic ERP,A6010,201832.11
2025-05-01,CC-301,Sales,Wholesale,Türkiye,Actual,Actual,Synthetic ERP,A6100,344474.52
2025-05-01,CC-301,Sales,Wholesale,Türkiye,Actual,Actual,Synthetic ERP,A6200,173546.48
2025-05-01,CC-301,Sales,Wholesale,Türkiye,Actual,Actual,Synthetic ERP,A6300,131398.49
2025-05-01,CC-301,Sales,Wholesale,Türkiye,Actual,Actual,Synthetic ERP,A6400,63472.68
2025-05-01,CC-301,Sales,Wholesale,Türkiye,Actual,Actual,Synthetic ERP,A6500,33676.02
2025-05-01,CC-301,Sales,Wholesale,Türkiye,Actual,Actual,Synthetic ERP,A6600,20346.74
2025-05-01,CC-302,Sales,Wholesale,Europe,Actual,Actual,Synthetic ERP,A4020,14223308.87
2025-05-01,CC-302,Sales,Wholesale,Europe,Actual,Actual,Synthetic ERP,A5000,8319104.88
2025-05-01,CC-302,Sales,Wholesale,Europe,Actual,Actual,Synthetic ERP,A5010,170531.03
2025-05-01,CC-302,Sales,Wholesale,Europe,Actual,Actual,Synthetic ERP,A5020,251895.41
2025-05-01,CC-302,Sales,Wholesale,Europe,Actual,Actual,Synthetic ERP,A6000,1010997.54
2025-05-01,CC-302,Sales,Wholesale,Europe,Actual,Actual,Synthetic ERP,A6010,187034.54
2025-05-01,CC-302,Sales,Wholesale,Europe,Actual,Actual,Synthetic ERP,A6100,277380.56
2025-05-01,CC-302,Sales,Wholesale,Europe,Actual,Actual,Synthetic ERP,A6200,143852.05
2025-05-01,CC-302,Sales,Wholesale,Europe,Actual,Actual,Synthetic ERP,A6300,104643.61
2025-05-01,CC-302,Sales,Wholesale,Europe,Actual,Actual,Synthetic ERP,A6400,50709.6
2025-05-01,CC-302,Sales,Wholesale,Europe,Actual,Actual,Synthetic ERP,A6500,27502.64
2025-05-01,CC-302,Sales,Wholesale,Europe,Actual,Actual,Synthetic ERP,A6600,18092.52
2025-05-01,CC-401,Customer Success,Subscription Services,Türkiye,Actual,Actual,Synthetic ERP,A4030,7037750.21
2025-05-01,CC-401,Customer Success,Subscription Services,Türkiye,Actual,Actual,Synthetic ERP,A5000,1475708.63
2025-05-01,CC-401,Customer Success,Subscription Services,Türkiye,Actual,Actual,Synthetic ERP,A5010,172125.85
2025-05-01,CC-401,Customer Success,Subscription Services,Türkiye,Actual,Actual,Synthetic ERP,A5020,127929.79
2025-05-01,CC-401,Customer Success,Subscription Services,Türkiye,Actual,Actual,Synthetic ERP,A6000,1531341.66
2025-05-01,CC-401,Customer Success,Subscription Services,Türkiye,Actual,Actual,Synthetic ERP,A6010,283298.21
2025-05-01,CC-401,Customer Success,Subscription Services,Türkiye,Actual,Actual,Synthetic ERP,A6100,406463.14
2025-05-01,CC-401,Customer Success,Subscription Services,Türkiye,Actual,Actual,Synthetic ERP,A6200,68791.54
2025-05-01,CC-401,Customer Success,Subscription Services,Türkiye,Actual,Actual,Synthetic ERP,A6300,768425.96
2025-05-01,CC-401,Customer Success,Subscription Services,Türkiye,Actual,Actual,Synthetic ERP,A6400,82318.02
2025-05-01,CC-401,Customer Success,Subscription Services,Türkiye,Actual,Actual,Synthetic ERP,A6500,46431.76
2025-05-01,CC-401,Customer Success,Subscription Services,Türkiye,Actual,Actual,Synthetic ERP,A6600,26703.51
2025-05-01,CC-501,Marketing,Shared Services,Global,Actual,Actual,Synthetic ERP,A6000,1645225.7
2025-05-01,CC-501,Marketing,Shared Services,Global,Actual,Actual,Synthetic ERP,A6010,304366.76
2025-05-01,CC-501,Marketing,Shared Services,Global,Actual,Actual,Synthetic ERP,A6100,4015048.97
2025-05-01,CC-501,Marketing,Shared Services,Global,Actual,Actual,Synthetic ERP,A6300,256710.78
2025-05-01,CC-501,Marketing,Shared Services,Global,Actual,Actual,Synthetic ERP,A6400,92821.38
2025-05-01,CC-501,Marketing,Shared Services,Global,Actual,Actual,Synthetic ERP,A6500,350280.34
2025-05-01,CC-501,Marketing,Shared Services,Global,Actual,Actual,Synthetic ERP,A6600,174734.48
2025-05-01,CC-601,Operations,Shared Services,Türkiye,Actual,Actual,Synthetic ERP,A6000,2364520.39
2025-05-01,CC-601,Operations,Shared Services,Türkiye,Actual,Actual,Synthetic ERP,A6010,437436.27
2025-05-01,CC-601,Operations,Shared Services,Türkiye,Actual,Actual,Synthetic ERP,A6200,4491598.48
2025-05-01,CC-601,Operations,Shared Services,Türkiye,Actual,Actual,Synthetic ERP,A6300,443752.09
2025-05-01,CC-601,Operations,Shared Services,Türkiye,Actual,Actual,Synthetic ERP,A6400,1208911.75
2025-05-01,CC-601,Operations,Shared Services,Türkiye,Actual,Actual,Synthetic ERP,A6500,261463.03
2025-05-01,CC-601,Operations,Shared Services,Türkiye,Actual,Actual,Synthetic ERP,A6600,126035.87
2025-05-01,CC-601,Operations,Shared Services,Türkiye,Actual,Actual,Synthetic ERP,A6700,220833.33
2025-05-01,CC-701,Technology,Shared Services,Global,Actual,Actual,Synthetic ERP,A6000,2496883.9
2025-05-01,CC-701,Technology,Shared Services,Global,Actual,Actual,Synthetic ERP,A6010,461923.52
2025-05-01,CC-701,Technology,Shared Services,Global,Actual,Actual,Synthetic ERP,A6300,4046512.23
2025-05-01,CC-701,Technology,Shared Services,Global,Actual,Actual,Synthetic ERP,A6400,272767.13
2025-05-01,CC-701,Technology,Shared Services,Global,Actual,Actual,Synthetic ERP,A6500,957036.82
2025-05-01,CC-701,Technology,Shared Services,Global,Actual,Actual,Synthetic ERP,A6600,192974.55
2025-05-01,CC-701,Technology,Shared Services,Global,Actual,Actual,Synthetic ERP,A6700,426041.67
2025-05-01,CC-801,Finance & Corporate,Shared Services,Global,Actual,Actual,Synthetic ERP,A6000,2087770.28
2025-05-01,CC-801,Finance & Corporate,Shared Services,Global,Actual,Actual,Synthetic ERP,A6010,386237.5
2025-05-01,CC-801,Finance & Corporate,Shared Services,Global,Actual,Actual,Synthetic ERP,A6300,657898.8
2025-05-01,CC-801,Finance & Corporate,Shared Services,Global,Actual,Actual,Synthetic ERP,A6400,1374253.53
2025-05-01,CC-801,Finance & Corporate,Shared Services,Global,Actual,Actual,Synthetic ERP,A6500,1483338.09
2025-05-01,CC-801,Finance & Corporate,Shared Services,Global,Actual,Actual,Synthetic ERP,A6600,333008.02
2025-05-01,CC-801,Finance & Corporate,Shared Services,Global,Actual,Actual,Synthetic ERP,A6800,471912.0
2025-05-01,CC-801,Finance & Corporate,Shared Services,Global,Actual,Actual,Synthetic ERP,A6900,2426432.61
2025-06-01,CC-101,Sales,Digital Commerce,Türkiye,Actual,Actual,Synthetic ERP,A4000,27809897.34
2025-06-01,CC-101,Sales,Digital Commerce,Türkiye,Actual,Actual,Synthetic ERP,A5000,10520872.42
2025-06-01,CC-101,Sales,Digital Commerce,Türkiye,Actual,Actual,Synthetic ERP,A5010,788204.53
2025-06-01,CC-101,Sales,Digital Commerce,Türkiye,Actual,Actual,Synthetic ERP,A5020,825432.29
2025-06-01,CC-101,Sales,Digital Commerce,Türkiye,Actual,Actual,Synthetic ERP,A6000,1818183.88
2025-06-01,CC-101,Sales,Digital Commerce,Türkiye,Actual,Actual,Synthetic ERP,A6010,336364.02
2025-06-01,CC-101,Sales,Digital Commerce,Türkiye,Actual,Actual,Synthetic ERP,A6100,1405623.69
2025-06-01,CC-101,Sales,Digital Commerce,Türkiye,Actual,Actual,Synthetic ERP,A6200,489044.19
2025-06-01,CC-101,Sales,Digital Commerce,Türkiye,Actual,Actual,Synthetic ERP,A6300,224061.17
2025-06-01,CC-101,Sales,Digital Commerce,Türkiye,Actual,Actual,Synthetic ERP,A6400,117555.85
2025-06-01,CC-101,Sales,Digital Commerce,Türkiye,Actual,Actual,Synthetic ERP,A6500,61857.07
2025-06-01,CC-101,Sales,Digital Commerce,Türkiye,Actual,Actual,Synthetic ERP,A6600,39046.19
2025-06-01,CC-102,Sales,Digital Commerce,Europe,Actual,Actual,Synthetic ERP,A4000,18945112.58
2025-06-01,CC-102,Sales,Digital Commerce,Europe,Actual,Actual,Synthetic ERP,A5000,7553907.19
2025-06-01,CC-102,Sales,Digital Commerce,Europe,Actual,Actual,Synthetic ERP,A5010,599178.46
2025-06-01,CC-102,Sales,Digital Commerce,Europe,Actual,Actual,Synthetic ERP,A5020,608910.67
2025-06-01,CC-102,Sales,Digital Commerce,Europe,Actual,Actual,Synthetic ERP,A6000,1549484.23
2025-06-01,CC-102,Sales,Digital Commerce,Europe,Actual,Actual,Synthetic ERP,A6010,286654.58
2025-06-01,CC-102,Sales,Digital Commerce,Europe,Actual,Actual,Synthetic ERP,A6100,972806.21
2025-06-01,CC-102,Sales,Digital Commerce,Europe,Actual,Actual,Synthetic ERP,A6200,343984.49
2025-06-01,CC-102,Sales,Digital Commerce,Europe,Actual,Actual,Synthetic ERP,A6300,142181.07
2025-06-01,CC-102,Sales,Digital Commerce,Europe,Actual,Actual,Synthetic ERP,A6400,71183.37
2025-06-01,CC-102,Sales,Digital Commerce,Europe,Actual,Actual,Synthetic ERP,A6500,37554.64
2025-06-01,CC-102,Sales,Digital Commerce,Europe,Actual,Actual,Synthetic ERP,A6600,23078.69
2025-06-01,CC-103,Sales,Digital Commerce,MENA,Actual,Actual,Synthetic ERP,A4000,11345065.31
2025-06-01,CC-103,Sales,Digital Commerce,MENA,Actual,Actual,Synthetic ERP,A5000,4787652.47
2025-06-01,CC-103,Sales,Digital Commerce,MENA,Actual,Actual,Synthetic ERP,A5010,582008.97
2025-06-01,CC-103,Sales,Digital Commerce,MENA,Actual,Actual,Synthetic ERP,A5020,395183.04
2025-06-01,CC-103,Sales,Digital Commerce,MENA,Actual,Actual,Synthetic ERP,A6000,691671.12
2025-06-01,CC-103,Sales,Digital Commerce,MENA,Actual,Actual,Synthetic ERP,A6010,127959.16
2025-06-01,CC-103,Sales,Digital Commerce,MENA,Actual,Actual,Synthetic ERP,A6100,567392.93
2025-06-01,CC-103,Sales,Digital Commerce,MENA,Actual,Actual,Synthetic ERP,A6200,201289.19
2025-06-01,CC-103,Sales,Digital Commerce,MENA,Actual,Actual,Synthetic ERP,A6300,92790.67
2025-06-01,CC-103,Sales,Digital Commerce,MENA,Actual,Actual,Synthetic ERP,A6400,45993.89
2025-06-01,CC-103,Sales,Digital Commerce,MENA,Actual,Actual,Synthetic ERP,A6500,23264.97
2025-06-01,CC-103,Sales,Digital Commerce,MENA,Actual,Actual,Synthetic ERP,A6600,14904.56
2025-06-01,CC-201,Sales,Retail Stores,Türkiye,Actual,Actual,Synthetic ERP,A4010,22631752.36
2025-06-01,CC-201,Sales,Retail Stores,Türkiye,Actual,Actual,Synthetic ERP,A5000,10521838.91
2025-06-01,CC-201,Sales,Retail Stores,Türkiye,Actual,Actual,Synthetic ERP,A5010,459593.69
2025-06-01,CC-201,Sales,Retail Stores,Türkiye,Actual,Actual,Synthetic ERP,A5020,571216.78
2025-06-01,CC-201,Sales,Retail Stores,Türkiye,Actual,Actual,Synthetic ERP,A6000,2379496.27
2025-06-01,CC-201,Sales,Retail Stores,Türkiye,Actual,Actual,Synthetic ERP,A6010,440206.81
2025-06-01,CC-201,Sales,Retail Stores,Türkiye,Actual,Actual,Synthetic ERP,A6100,444125.63
2025-06-01,CC-201,Sales,Retail Stores,Türkiye,Actual,Actual,Synthetic ERP,A6200,391928.31
2025-06-01,CC-201,Sales,Retail Stores,Türkiye,Actual,Actual,Synthetic ERP,A6300,311290.17
2025-06-01,CC-201,Sales,Retail Stores,Türkiye,Actual,Actual,Synthetic ERP,A6400,396638.82
2025-06-01,CC-201,Sales,Retail Stores,Türkiye,Actual,Actual,Synthetic ERP,A6500,79031.86
2025-06-01,CC-201,Sales,Retail Stores,Türkiye,Actual,Actual,Synthetic ERP,A6600,48661.31
2025-06-01,CC-201,Sales,Retail Stores,Türkiye,Actual,Actual,Synthetic ERP,A6700,107500.0
2025-06-01,CC-202,Sales,Retail Stores,Türkiye,Actual,Actual,Synthetic ERP,A4010,16059822.35
2025-06-01,CC-202,Sales,Retail Stores,Türkiye,Actual,Actual,Synthetic ERP,A5000,7473193.7
2025-06-01,CC-202,Sales,Retail Stores,Türkiye,Actual,Actual,Synthetic ERP,A5010,292705.22
2025-06-01,CC-202,Sales,Retail Stores,Türkiye,Actual,Actual,Synthetic ERP,A5020,430054.64
2025-06-01,CC-202,Sales,Retail Stores,Türkiye,Actual,Actual,Synthetic ERP,A6000,1683866.9
2025-06-01,CC-202,Sales,Retail Stores,Türkiye,Actual,Actual,Synthetic ERP,A6010,311515.38
2025-06-01,CC-202,Sales,Retail Stores,Türkiye,Actual,Actual,Synthetic ERP,A6100,317617.79
2025-06-01,CC-202,Sales,Retail Stores,Türkiye,Actual,Actual,Synthetic ERP,A6200,281260.69
2025-06-01,CC-202,Sales,Retail Stores,Türkiye,Actual,Actual,Synthetic ERP,A6300,247337.1
2025-06-01,CC-202,Sales,Retail Stores,Türkiye,Actual,Actual,Synthetic ERP,A6400,311325.35
2025-06-01,CC-202,Sales,Retail Stores,Türkiye,Actual,Actual,Synthetic ERP,A6500,69469.4
2025-06-01,CC-202,Sales,Retail Stores,Türkiye,Actual,Actual,Synthetic ERP,A6600,38491.59
2025-06-01,CC-301,Sales,Wholesale,Türkiye,Actual,Actual,Synthetic ERP,A4020,16963466.36
2025-06-01,CC-301,Sales,Wholesale,Türkiye,Actual,Actual,Synthetic ERP,A5000,9779862.23
2025-06-01,CC-301,Sales,Wholesale,Türkiye,Actual,Actual,Synthetic ERP,A5010,171972.73
2025-06-01,CC-301,Sales,Wholesale,Türkiye,Actual,Actual,Synthetic ERP,A5020,257150.3
2025-06-01,CC-301,Sales,Wholesale,Türkiye,Actual,Actual,Synthetic ERP,A6000,1090464.25
2025-06-01,CC-301,Sales,Wholesale,Türkiye,Actual,Actual,Synthetic ERP,A6010,201735.89
2025-06-01,CC-301,Sales,Wholesale,Türkiye,Actual,Actual,Synthetic ERP,A6100,329808.31
2025-06-01,CC-301,Sales,Wholesale,Türkiye,Actual,Actual,Synthetic ERP,A6200,172821.95
2025-06-01,CC-301,Sales,Wholesale,Türkiye,Actual,Actual,Synthetic ERP,A6300,127078.75
2025-06-01,CC-301,Sales,Wholesale,Türkiye,Actual,Actual,Synthetic ERP,A6400,64320.07
2025-06-01,CC-301,Sales,Wholesale,Türkiye,Actual,Actual,Synthetic ERP,A6500,35764.86
2025-06-01,CC-301,Sales,Wholesale,Türkiye,Actual,Actual,Synthetic ERP,A6600,21575.82
2025-06-01,CC-302,Sales,Wholesale,Europe,Actual,Actual,Synthetic ERP,A4020,14204855.31
2025-06-01,CC-302,Sales,Wholesale,Europe,Actual,Actual,Synthetic ERP,A5000,8367959.49
2025-06-01,CC-302,Sales,Wholesale,Europe,Actual,Actual,Synthetic ERP,A5010,168781.94
2025-06-01,CC-302,Sales,Wholesale,Europe,Actual,Actual,Synthetic ERP,A5020,252820.83
2025-06-01,CC-302,Sales,Wholesale,Europe,Actual,Actual,Synthetic ERP,A6000,1016426.43
2025-06-01,CC-302,Sales,Wholesale,Europe,Actual,Actual,Synthetic ERP,A6010,188038.89
2025-06-01,CC-302,Sales,Wholesale,Europe,Actual,Actual,Synthetic ERP,A6100,283243.68
2025-06-01,CC-302,Sales,Wholesale,Europe,Actual,Actual,Synthetic ERP,A6200,144164.26
2025-06-01,CC-302,Sales,Wholesale,Europe,Actual,Actual,Synthetic ERP,A6300,105718.97
2025-06-01,CC-302,Sales,Wholesale,Europe,Actual,Actual,Synthetic ERP,A6400,51102.82
2025-06-01,CC-302,Sales,Wholesale,Europe,Actual,Actual,Synthetic ERP,A6500,26843.86
2025-06-01,CC-302,Sales,Wholesale,Europe,Actual,Actual,Synthetic ERP,A6600,17651.34
2025-06-01,CC-401,Customer Success,Subscription Services,Türkiye,Actual,Actual,Synthetic ERP,A4030,7229871.81
2025-06-01,CC-401,Customer Success,Subscription Services,Türkiye,Actual,Actual,Synthetic ERP,A5000,1509505.35
2025-06-01,CC-401,Customer Success,Subscription Services,Türkiye,Actual,Actual,Synthetic ERP,A5010,180855.26
2025-06-01,CC-401,Customer Success,Subscription Services,Türkiye,Actual,Actual,Synthetic ERP,A5020,127849.28
2025-06-01,CC-401,Customer Success,Subscription Services,Türkiye,Actual,Actual,Synthetic ERP,A6000,1537808.14
2025-06-01,CC-401,Customer Success,Subscription Services,Türkiye,Actual,Actual,Synthetic ERP,A6010,284494.51
2025-06-01,CC-401,Customer Success,Subscription Services,Türkiye,Actual,Actual,Synthetic ERP,A6100,397803.04
2025-06-01,CC-401,Customer Success,Subscription Services,Türkiye,Actual,Actual,Synthetic ERP,A6200,71289.99
2025-06-01,CC-401,Customer Success,Subscription Services,Türkiye,Actual,Actual,Synthetic ERP,A6300,780287.45
2025-06-01,CC-401,Customer Success,Subscription Services,Türkiye,Actual,Actual,Synthetic ERP,A6400,84285.03
2025-06-01,CC-401,Customer Success,Subscription Services,Türkiye,Actual,Actual,Synthetic ERP,A6500,44146.9
2025-06-01,CC-401,Customer Success,Subscription Services,Türkiye,Actual,Actual,Synthetic ERP,A6600,28013.28
2025-06-01,CC-401,Customer Success,Subscription Services,Türkiye,Actual,Actual,Synthetic ERP,A6700,194791.67
2025-06-01,CC-501,Marketing,Shared Services,Global,Actual,Actual,Synthetic ERP,A6000,1705424.47
2025-06-01,CC-501,Marketing,Shared Services,Global,Actual,Actual,Synthetic ERP,A6010,315503.53
2025-06-01,CC-501,Marketing,Shared Services,Global,Actual,Actual,Synthetic ERP,A6100,4162490.98
2025-06-01,CC-501,Marketing,Shared Services,Global,Actual,Actual,Synthetic ERP,A6300,260849.17
2025-06-01,CC-501,Marketing,Shared Services,Global,Actual,Actual,Synthetic ERP,A6400,92969.31
2025-06-01,CC-501,Marketing,Shared Services,Global,Actual,Actual,Synthetic ERP,A6500,357429.71
2025-06-01,CC-501,Marketing,Shared Services,Global,Actual,Actual,Synthetic ERP,A6600,171047.1
2025-06-01,CC-601,Operations,Shared Services,Türkiye,Actual,Actual,Synthetic ERP,A6000,2391364.16
2025-06-01,CC-601,Operations,Shared Services,Türkiye,Actual,Actual,Synthetic ERP,A6010,442402.37
2025-06-01,CC-601,Operations,Shared Services,Türkiye,Actual,Actual,Synthetic ERP,A6200,4533429.19
2025-06-01,CC-601,Operations,Shared Services,Türkiye,Actual,Actual,Synthetic ERP,A6300,427969.87
2025-06-01,CC-601,Operations,Shared Services,Türkiye,Actual,Actual,Synthetic ERP,A6400,1215405.89
2025-06-01,CC-601,Operations,Shared Services,Türkiye,Actual,Actual,Synthetic ERP,A6500,267240.14
2025-06-01,CC-601,Operations,Shared Services,Türkiye,Actual,Actual,Synthetic ERP,A6600,126713.74
2025-06-01,CC-601,Operations,Shared Services,Türkiye,Actual,Actual,Synthetic ERP,A6700,220833.33
2025-06-01,CC-701,Technology,Shared Services,Global,Actual,Actual,Synthetic ERP,A6000,2500297.58
2025-06-01,CC-701,Technology,Shared Services,Global,Actual,Actual,Synthetic ERP,A6010,462555.05
2025-06-01,CC-701,Technology,Shared Services,Global,Actual,Actual,Synthetic ERP,A6300,3944270.7
2025-06-01,CC-701,Technology,Shared Services,Global,Actual,Actual,Synthetic ERP,A6400,277545.47
2025-06-01,CC-701,Technology,Shared Services,Global,Actual,Actual,Synthetic ERP,A6500,1042689.37
2025-06-01,CC-701,Technology,Shared Services,Global,Actual,Actual,Synthetic ERP,A6600,214115.97
2025-06-01,CC-701,Technology,Shared Services,Global,Actual,Actual,Synthetic ERP,A6700,426041.67
2025-06-01,CC-801,Finance & Corporate,Shared Services,Global,Actual,Actual,Synthetic ERP,A6000,2059954.22
2025-06-01,CC-801,Finance & Corporate,Shared Services,Global,Actual,Actual,Synthetic ERP,A6010,381091.53
2025-06-01,CC-801,Finance & Corporate,Shared Services,Global,Actual,Actual,Synthetic ERP,A6300,675059.41
2025-06-01,CC-801,Finance & Corporate,Shared Services,Global,Actual,Actual,Synthetic ERP,A6400,1399714.78
2025-06-01,CC-801,Finance & Corporate,Shared Services,Global,Actual,Actual,Synthetic ERP,A6500,1593670.65
2025-06-01,CC-801,Finance & Corporate,Shared Services,Global,Actual,Actual,Synthetic ERP,A6600,350687.25
2025-06-01,CC-801,Finance & Corporate,Shared Services,Global,Actual,Actual,Synthetic ERP,A6800,471912.0
2025-06-01,CC-801,Finance & Corporate,Shared Services,Global,Actual,Actual,Synthetic ERP,A6900,2657270.26
2025-07-01,CC-101,Sales,Digital Commerce,Türkiye,Actual,Actual,Synthetic ERP,A4000,25860412.46
2025-07-01,CC-101,Sales,Digital Commerce,Türkiye,Actual,Actual,Synthetic ERP,A5000,9843985.76
2025-07-01,CC-101,Sales,Digital Commerce,Türkiye,Actual,Actual,Synthetic ERP,A5010,719658.94
2025-07-01,CC-101,Sales,Digital Commerce,Türkiye,Actual,Actual,Synthetic ERP,A5020,766345.56
2025-07-01,CC-101,Sales,Digital Commerce,Türkiye,Actual,Actual,Synthetic ERP,A6000,1850982.89
2025-07-01,CC-101,Sales,Digital Commerce,Türkiye,Actual,Actual,Synthetic ERP,A6010,342431.83
2025-07-01,CC-101,Sales,Digital Commerce,Türkiye,Actual,Actual,Synthetic ERP,A6100,1253744.48
2025-07-01,CC-101,Sales,Digital Commerce,Türkiye,Actual,Actual,Synthetic ERP,A6200,462885.17
2025-07-01,CC-101,Sales,Digital Commerce,Türkiye,Actual,Actual,Synthetic ERP,A6300,231846.57
2025-07-01,CC-101,Sales,Digital Commerce,Türkiye,Actual,Actual,Synthetic ERP,A6400,119458.02
2025-07-01,CC-101,Sales,Digital Commerce,Türkiye,Actual,Actual,Synthetic ERP,A6500,66453.94
2025-07-01,CC-101,Sales,Digital Commerce,Türkiye,Actual,Actual,Synthetic ERP,A6600,38279.33
2025-07-01,CC-102,Sales,Digital Commerce,Europe,Actual,Actual,Synthetic ERP,A4000,17853963.5
2025-07-01,CC-102,Sales,Digital Commerce,Europe,Actual,Actual,Synthetic ERP,A5000,7219879.71
2025-07-01,CC-102,Sales,Digital Commerce,Europe,Actual,Actual,Synthetic ERP,A5010,568128.58
2025-07-01,CC-102,Sales,Digital Commerce,Europe,Actual,Actual,Synthetic ERP,A5020,573250.24
2025-07-01,CC-102,Sales,Digital Commerce,Europe,Actual,Actual,Synthetic ERP,A6000,1561400.03
2025-07-01,CC-102,Sales,Digital Commerce,Europe,Actual,Actual,Synthetic ERP,A6010,288859.0
2025-07-01,CC-102,Sales,Digital Commerce,Europe,Actual,Actual,Synthetic ERP,A6100,898983.59
2025-07-01,CC-102,Sales,Digital Commerce,Europe,Actual,Actual,Synthetic ERP,A6200,329515.79
2025-07-01,CC-102,Sales,Digital Commerce,Europe,Actual,Actual,Synthetic ERP,A6300,142217.03
2025-07-01,CC-102,Sales,Digital Commerce,Europe,Actual,Actual,Synthetic ERP,A6400,72285.98
2025-07-01,CC-102,Sales,Digital Commerce,Europe,Actual,Actual,Synthetic ERP,A6500,35212.53
2025-07-01,CC-102,Sales,Digital Commerce,Europe,Actual,Actual,Synthetic ERP,A6600,22963.84
2025-07-01,CC-103,Sales,Digital Commerce,MENA,Actual,Actual,Synthetic ERP,A4000,11030657.15
2025-07-01,CC-103,Sales,Digital Commerce,MENA,Actual,Actual,Synthetic ERP,A5000,4611042.66
2025-07-01,CC-103,Sales,Digital Commerce,MENA,Actual,Actual,Synthetic ERP,A5010,576684.09
2025-07-01,CC-103,Sales,Digital Commerce,MENA,Actual,Actual,Synthetic ERP,A5020,392430.72
2025-07-01,CC-103,Sales,Digital Commerce,MENA,Actual,Actual,Synthetic ERP,A6000,686666.51
2025-07-01,CC-103,Sales,Digital Commerce,MENA,Actual,Actual,Synthetic ERP,A6010,127033.3
2025-07-01,CC-103,Sales,Digital Commerce,MENA,Actual,Actual,Synthetic ERP,A6100,546553.46
2025-07-01,CC-103,Sales,Digital Commerce,MENA,Actual,Actual,Synthetic ERP,A6200,200692.64
2025-07-01,CC-103,Sales,Digital Commerce,MENA,Actual,Actual,Synthetic ERP,A6300,88593.49
2025-07-01,CC-103,Sales,Digital Commerce,MENA,Actual,Actual,Synthetic ERP,A6400,45462.04
2025-07-01,CC-103,Sales,Digital Commerce,MENA,Actual,Actual,Synthetic ERP,A6500,23081.42
2025-07-01,CC-103,Sales,Digital Commerce,MENA,Actual,Actual,Synthetic ERP,A6600,14687.78
2025-07-01,CC-201,Sales,Retail Stores,Türkiye,Actual,Actual,Synthetic ERP,A4010,21933641.12
2025-07-01,CC-201,Sales,Retail Stores,Türkiye,Actual,Actual,Synthetic ERP,A5000,10197140.24
2025-07-01,CC-201,Sales,Retail Stores,Türkiye,Actual,Actual,Synthetic ERP,A5010,442657.0
2025-07-01,CC-201,Sales,Retail Stores,Türkiye,Actual,Actual,Synthetic ERP,A5020,541320.02
2025-07-01,CC-201,Sales,Retail Stores,Türkiye,Actual,Actual,Synthetic ERP,A6000,2340130.41
2025-07-01,CC-201,Sales,Retail Stores,Türkiye,Actual,Actual,Synthetic ERP,A6010,432924.12
2025-07-01,CC-201,Sales,Retail Stores,Türkiye,Actual,Actual,Synthetic ERP,A6100,432212.55
2025-07-01,CC-201,Sales,Retail Stores,Türkiye,Actual,Actual,Synthetic ERP,A6200,402473.5
2025-07-01,CC-201,Sales,Retail Stores,Türkiye,Actual,Actual,Synthetic ERP,A6300,323404.25
2025-07-01,CC-201,Sales,Retail Stores,Türkiye,Actual,Actual,Synthetic ERP,A6400,403906.88
2025-07-01,CC-201,Sales,Retail Stores,Türkiye,Actual,Actual,Synthetic ERP,A6500,81027.51
2025-07-01,CC-201,Sales,Retail Stores,Türkiye,Actual,Actual,Synthetic ERP,A6600,45196.48
2025-07-01,CC-201,Sales,Retail Stores,Türkiye,Actual,Actual,Synthetic ERP,A6700,107500.0
2025-07-01,CC-202,Sales,Retail Stores,Türkiye,Actual,Actual,Synthetic ERP,A4010,15812714.97
2025-07-01,CC-202,Sales,Retail Stores,Türkiye,Actual,Actual,Synthetic ERP,A5000,7427009.14
2025-07-01,CC-202,Sales,Retail Stores,Türkiye,Actual,Actual,Synthetic ERP,A5010,287250.46
2025-07-01,CC-202,Sales,Retail Stores,Türkiye,Actual,Actual,Synthetic ERP,A5020,419749.6
2025-07-01,CC-202,Sales,Retail Stores,Türkiye,Actual,Actual,Synthetic ERP,A6000,1710384.29
2025-07-01,CC-202,Sales,Retail Stores,Türkiye,Actual,Actual,Synthetic ERP,A6010,316421.09
2025-07-01,CC-202,Sales,Retail Stores,Türkiye,Actual,Actual,Synthetic ERP,A6100,318207.11
2025-07-01,CC-202,Sales,Retail Stores,Türkiye,Actual,Actual,Synthetic ERP,A6200,284027.17
2025-07-01,CC-202,Sales,Retail Stores,Türkiye,Actual,Actual,Synthetic ERP,A6300,247336.41
2025-07-01,CC-202,Sales,Retail Stores,Türkiye,Actual,Actual,Synthetic ERP,A6400,315318.01
2025-07-01,CC-202,Sales,Retail Stores,Türkiye,Actual,Actual,Synthetic ERP,A6500,64736.76
2025-07-01,CC-202,Sales,Retail Stores,Türkiye,Actual,Actual,Synthetic ERP,A6600,41216.18
2025-07-01,CC-301,Sales,Wholesale,Türkiye,Actual,Actual,Synthetic ERP,A4020,15493267.57
2025-07-01,CC-301,Sales,Wholesale,Türkiye,Actual,Actual,Synthetic ERP,A5000,8900070.09
2025-07-01,CC-301,Sales,Wholesale,Türkiye,Actual,Actual,Synthetic ERP,A5010,153930.1
2025-07-01,CC-301,Sales,Wholesale,Türkiye,Actual,Actual,Synthetic ERP,A5020,235485.71
2025-07-01,CC-301,Sales,Wholesale,Türkiye,Actual,Actual,Synthetic ERP,A6000,1075169.51
2025-07-01,CC-301,Sales,Wholesale,Türkiye,Actual,Actual,Synthetic ERP,A6010,198906.36
2025-07-01,CC-301,Sales,Wholesale,Türkiye,Actual,Actual,Synthetic ERP,A6100,311300.14
2025-07-01,CC-301,Sales,Wholesale,Türkiye,Actual,Actual,Synthetic ERP,A6200,154677.13
2025-07-01,CC-301,Sales,Wholesale,Türkiye,Actual,Actual,Synthetic ERP,A6300,131792.57
2025-07-01,CC-301,Sales,Wholesale,Türkiye,Actual,Actual,Synthetic ERP,A6400,65285.58
2025-07-01,CC-301,Sales,Wholesale,Türkiye,Actual,Actual,Synthetic ERP,A6500,34015.89
2025-07-01,CC-301,Sales,Wholesale,Türkiye,Actual,Actual,Synthetic ERP,A6600,22135.38
2025-07-01,CC-302,Sales,Wholesale,Europe,Actual,Actual,Synthetic ERP,A4020,12593115.69
2025-07-01,CC-302,Sales,Wholesale,Europe,Actual,Actual,Synthetic ERP,A5000,7458202.77
2025-07-01,CC-302,Sales,Wholesale,Europe,Actual,Actual,Synthetic ERP,A5010,148598.12
2025-07-01,CC-302,Sales,Wholesale,Europe,Actual,Actual,Synthetic ERP,A5020,229202.95
2025-07-01,CC-302,Sales,Wholesale,Europe,Actual,Actual,Synthetic ERP,A6000,983465.21
2025-07-01,CC-302,Sales,Wholesale,Europe,Actual,Actual,Synthetic ERP,A6010,181941.06
2025-07-01,CC-302,Sales,Wholesale,Europe,Actual,Actual,Synthetic ERP,A6100,244216.67
2025-07-01,CC-302,Sales,Wholesale,Europe,Actual,Actual,Synthetic ERP,A6200,123286.01
2025-07-01,CC-302,Sales,Wholesale,Europe,Actual,Actual,Synthetic ERP,A6300,106489.56
2025-07-01,CC-302,Sales,Wholesale,Europe,Actual,Actual,Synthetic ERP,A6400,52265.29
2025-07-01,CC-302,Sales,Wholesale,Europe,Actual,Actual,Synthetic ERP,A6500,26178.9
2025-07-01,CC-302,Sales,Wholesale,Europe,Actual,Actual,Synthetic ERP,A6600,18106.09
2025-07-01,CC-401,Customer Success,Subscription Services,Türkiye,Actual,Actual,Synthetic ERP,A4030,7377543.37
2025-07-01,CC-401,Customer Success,Subscription Services,Türkiye,Actual,Actual,Synthetic ERP,A5000,1545284.57
2025-07-01,CC-401,Customer Success,Subscription Services,Türkiye,Actual,Actual,Synthetic ERP,A5010,185319.29
2025-07-01,CC-401,Customer Success,Subscription Services,Türkiye,Actual,Actual,Synthetic ERP,A5020,131820.33
2025-07-01,CC-401,Customer Success,Subscription Services,Türkiye,Actual,Actual,Synthetic ERP,A6000,1527133.65
2025-07-01,CC-401,Customer Success,Subscription Services,Türkiye,Actual,Actual,Synthetic ERP,A6010,282519.72
2025-07-01,CC-401,Customer Success,Subscription Services,Türkiye,Actual,Actual,Synthetic ERP,A6100,397161.73
2025-07-01,CC-401,Customer Success,Subscription Services,Türkiye,Actual,Actual,Synthetic ERP,A6200,74314.07
2025-07-01,CC-401,Customer Success,Subscription Services,Türkiye,Actual,Actual,Synthetic ERP,A6300,760548.06
2025-07-01,CC-401,Customer Success,Subscription Services,Türkiye,Actual,Actual,Synthetic ERP,A6400,84303.81
2025-07-01,CC-401,Customer Success,Subscription Services,Türkiye,Actual,Actual,Synthetic ERP,A6500,44736.82
2025-07-01,CC-401,Customer Success,Subscription Services,Türkiye,Actual,Actual,Synthetic ERP,A6600,26427.71
2025-07-01,CC-401,Customer Success,Subscription Services,Türkiye,Actual,Actual,Synthetic ERP,A6700,194791.67
2025-07-01,CC-501,Marketing,Shared Services,Global,Actual,Actual,Synthetic ERP,A6000,1781406.49
2025-07-01,CC-501,Marketing,Shared Services,Global,Actual,Actual,Synthetic ERP,A6010,329560.2
2025-07-01,CC-501,Marketing,Shared Services,Global,Actual,Actual,Synthetic ERP,A6100,3990184.99
2025-07-01,CC-501,Marketing,Shared Services,Global,Actual,Actual,Synthetic ERP,A6300,261368.24
2025-07-01,CC-501,Marketing,Shared Services,Global,Actual,Actual,Synthetic ERP,A6400,92983.62
2025-07-01,CC-501,Marketing,Shared Services,Global,Actual,Actual,Synthetic ERP,A6500,360091.41
2025-07-01,CC-501,Marketing,Shared Services,Global,Actual,Actual,Synthetic ERP,A6600,166577.09
2025-07-01,CC-601,Operations,Shared Services,Türkiye,Actual,Actual,Synthetic ERP,A6000,2358620.44
2025-07-01,CC-601,Operations,Shared Services,Türkiye,Actual,Actual,Synthetic ERP,A6010,436344.78
2025-07-01,CC-601,Operations,Shared Services,Türkiye,Actual,Actual,Synthetic ERP,A6200,4547029.22
2025-07-01,CC-601,Operations,Shared Services,Türkiye,Actual,Actual,Synthetic ERP,A6300,460352.77
2025-07-01,CC-601,Operations,Shared Services,Türkiye,Actual,Actual,Synthetic ERP,A6400,1233500.24
2025-07-01,CC-601,Operations,Shared Services,Türkiye,Actual,Actual,Synthetic ERP,A6500,255339.63
2025-07-01,CC-601,Operations,Shared Services,Türkiye,Actual,Actual,Synthetic ERP,A6600,121045.43
2025-07-01,CC-601,Operations,Shared Services,Türkiye,Actual,Actual,Synthetic ERP,A6700,220833.33
2025-07-01,CC-701,Technology,Shared Services,Global,Actual,Actual,Synthetic ERP,A6000,2483917.03
2025-07-01,CC-701,Technology,Shared Services,Global,Actual,Actual,Synthetic ERP,A6010,459524.65
2025-07-01,CC-701,Technology,Shared Services,Global,Actual,Actual,Synthetic ERP,A6300,3935208.07
2025-07-01,CC-701,Technology,Shared Services,Global,Actual,Actual,Synthetic ERP,A6400,275579.14
2025-07-01,CC-701,Technology,Shared Services,Global,Actual,Actual,Synthetic ERP,A6500,1056452.79
2025-07-01,CC-701,Technology,Shared Services,Global,Actual,Actual,Synthetic ERP,A6600,236239.95
2025-07-01,CC-701,Technology,Shared Services,Global,Actual,Actual,Synthetic ERP,A6700,426041.67
2025-07-01,CC-801,Finance & Corporate,Shared Services,Global,Actual,Actual,Synthetic ERP,A6000,2217026.2
2025-07-01,CC-801,Finance & Corporate,Shared Services,Global,Actual,Actual,Synthetic ERP,A6010,410149.85
2025-07-01,CC-801,Finance & Corporate,Shared Services,Global,Actual,Actual,Synthetic ERP,A6300,705485.06
2025-07-01,CC-801,Finance & Corporate,Shared Services,Global,Actual,Actual,Synthetic ERP,A6400,1426117.78
2025-07-01,CC-801,Finance & Corporate,Shared Services,Global,Actual,Actual,Synthetic ERP,A6500,1388958.48
2025-07-01,CC-801,Finance & Corporate,Shared Services,Global,Actual,Actual,Synthetic ERP,A6600,366486.99
2025-07-01,CC-801,Finance & Corporate,Shared Services,Global,Actual,Actual,Synthetic ERP,A6800,471912.0
2025-07-01,CC-801,Finance & Corporate,Shared Services,Global,Actual,Actual,Synthetic ERP,A6900,1867162.42
2025-08-01,CC-101,Sales,Digital Commerce,Türkiye,Actual,Actual,Synthetic ERP,A4000,26041088.51
2025-08-01,CC-101,Sales,Digital Commerce,Türkiye,Actual,Actual,Synthetic ERP,A5000,9866105.0
2025-08-01,CC-101,Sales,Digital Commerce,Türkiye,Actual,Actual,Synthetic ERP,A5010,720311.45
2025-08-01,CC-101,Sales,Digital Commerce,Türkiye,Actual,Actual,Synthetic ERP,A5020,772574.87
2025-08-01,CC-101,Sales,Digital Commerce,Türkiye,Actual,Actual,Synthetic ERP,A6000,1815059.4
2025-08-01,CC-101,Sales,Digital Commerce,Türkiye,Actual,Actual,Synthetic ERP,A6010,335785.99
2025-08-01,CC-101,Sales,Digital Commerce,Türkiye,Actual,Actual,Synthetic ERP,A6100,1271056.72
2025-08-01,CC-101,Sales,Digital Commerce,Türkiye,Actual,Actual,Synthetic ERP,A6200,478749.5
2025-08-01,CC-101,Sales,Digital Commerce,Türkiye,Actual,Actual,Synthetic ERP,A6300,240411.7
2025-08-01,CC-101,Sales,Digital Commerce,Türkiye,Actual,Actual,Synthetic ERP,A6400,119077.34
2025-08-01,CC-101,Sales,Digital Commerce,Türkiye,Actual,Actual,Synthetic ERP,A6500,68162.3
2025-08-01,CC-101,Sales,Digital Commerce,Türkiye,Actual,Actual,Synthetic ERP,A6600,41551.76
2025-08-01,CC-102,Sales,Digital Commerce,Europe,Actual,Actual,Synthetic ERP,A4000,16779169.4
2025-08-01,CC-102,Sales,Digital Commerce,Europe,Actual,Actual,Synthetic ERP,A5000,6691353.84
2025-08-01,CC-102,Sales,Digital Commerce,Europe,Actual,Actual,Synthetic ERP,A5010,535773.42
2025-08-01,CC-102,Sales,Digital Commerce,Europe,Actual,Actual,Synthetic ERP,A5020,535010.51
2025-08-01,CC-102,Sales,Digital Commerce,Europe,Actual,Actual,Synthetic ERP,A6000,1550206.94
2025-08-01,CC-102,Sales,Digital Commerce,Europe,Actual,Actual,Synthetic ERP,A6010,286788.28
2025-08-01,CC-102,Sales,Digital Commerce,Europe,Actual,Actual,Synthetic ERP,A6100,850601.36
2025-08-01,CC-102,Sales,Digital Commerce,Europe,Actual,Actual,Synthetic ERP,A6200,304360.67
2025-08-01,CC-102,Sales,Digital Commerce,Europe,Actual,Actual,Synthetic ERP,A6300,146458.87
2025-08-01,CC-102,Sales,Digital Commerce,Europe,Actual,Actual,Synthetic ERP,A6400,72714.9
2025-08-01,CC-102,Sales,Digital Commerce,Europe,Actual,Actual,Synthetic ERP,A6500,39173.88
2025-08-01,CC-102,Sales,Digital Commerce,Europe,Actual,Actual,Synthetic ERP,A6600,23260.38
2025-08-01,CC-103,Sales,Digital Commerce,MENA,Actual,Actual,Synthetic ERP,A4000,10417028.56
2025-08-01,CC-103,Sales,Digital Commerce,MENA,Actual,Actual,Synthetic ERP,A5000,4327452.69
2025-08-01,CC-103,Sales,Digital Commerce,MENA,Actual,Actual,Synthetic ERP,A5010,546721.08
2025-08-01,CC-103,Sales,Digital Commerce,MENA,Actual,Actual,Synthetic ERP,A5020,364820.53
2025-08-01,CC-103,Sales,Digital Commerce,MENA,Actual,Actual,Synthetic ERP,A6000,785327.54
2025-08-01,CC-103,Sales,Digital Commerce,MENA,Actual,Actual,Synthetic ERP,A6010,145285.6
2025-08-01,CC-103,Sales,Digital Commerce,MENA,Actual,Actual,Synthetic ERP,A6100,520839.98
2025-08-01,CC-103,Sales,Digital Commerce,MENA,Actual,Actual,Synthetic ERP,A6200,185817.06
2025-08-01,CC-103,Sales,Digital Commerce,MENA,Actual,Actual,Synthetic ERP,A6300,93678.83
2025-08-01,CC-103,Sales,Digital Commerce,MENA,Actual,Actual,Synthetic ERP,A6400,45763.42
2025-08-01,CC-103,Sales,Digital Commerce,MENA,Actual,Actual,Synthetic ERP,A6500,24727.26
2025-08-01,CC-103,Sales,Digital Commerce,MENA,Actual,Actual,Synthetic ERP,A6600,15054.86
2025-08-01,CC-201,Sales,Retail Stores,Türkiye,Actual,Actual,Synthetic ERP,A4010,19288768.69
2025-08-01,CC-201,Sales,Retail Stores,Türkiye,Actual,Actual,Synthetic ERP,A5000,8889520.6
2025-08-01,CC-201,Sales,Retail Stores,Türkiye,Actual,Actual,Synthetic ERP,A5010,385674.75
2025-08-01,CC-201,Sales,Retail Stores,Türkiye,Actual,Actual,Synthetic ERP,A5020,476872.52
2025-08-01,CC-201,Sales,Retail Stores,Türkiye,Actual,Actual,Synthetic ERP,A6000,2383265.56
2025-08-01,CC-201,Sales,Retail Stores,Türkiye,Actual,Actual,Synthetic ERP,A6010,440904.13
2025-08-01,CC-201,Sales,Retail Stores,Türkiye,Actual,Actual,Synthetic ERP,A6100,393596.32
2025-08-01,CC-201,Sales,Retail Stores,Türkiye,Actual,Actual,Synthetic ERP,A6200,359385.98
2025-08-01,CC-201,Sales,Retail Stores,Türkiye,Actual,Actual,Synthetic ERP,A6300,311112.57
2025-08-01,CC-201,Sales,Retail Stores,Türkiye,Actual,Actual,Synthetic ERP,A6400,400809.09
2025-08-01,CC-201,Sales,Retail Stores,Türkiye,Actual,Actual,Synthetic ERP,A6500,80993.93
2025-08-01,CC-201,Sales,Retail Stores,Türkiye,Actual,Actual,Synthetic ERP,A6600,51868.67
2025-08-01,CC-201,Sales,Retail Stores,Türkiye,Actual,Actual,Synthetic ERP,A6700,107500.0
2025-08-01,CC-202,Sales,Retail Stores,Türkiye,Actual,Actual,Synthetic ERP,A4010,14013454.02
2025-08-01,CC-202,Sales,Retail Stores,Türkiye,Actual,Actual,Synthetic ERP,A5000,6613201.73
2025-08-01,CC-202,Sales,Retail Stores,Türkiye,Actual,Actual,Synthetic ERP,A5010,254059.83
2025-08-01,CC-202,Sales,Retail Stores,Türkiye,Actual,Actual,Synthetic ERP,A5020,377054.72
2025-08-01,CC-202,Sales,Retail Stores,Türkiye,Actual,Actual,Synthetic ERP,A6000,1723785.0
2025-08-01,CC-202,Sales,Retail Stores,Türkiye,Actual,Actual,Synthetic ERP,A6010,318900.23
2025-08-01,CC-202,Sales,Retail Stores,Türkiye,Actual,Actual,Synthetic ERP,A6100,287680.99
2025-08-01,CC-202,Sales,Retail Stores,Türkiye,Actual,Actual,Synthetic ERP,A6200,250457.63
2025-08-01,CC-202,Sales,Retail Stores,Türkiye,Actual,Actual,Synthetic ERP,A6300,244947.65
2025-08-01,CC-202,Sales,Retail Stores,Türkiye,Actual,Actual,Synthetic ERP,A6400,323205.55
2025-08-01,CC-202,Sales,Retail Stores,Türkiye,Actual,Actual,Synthetic ERP,A6500,70740.61
2025-08-01,CC-202,Sales,Retail Stores,Türkiye,Actual,Actual,Synthetic ERP,A6600,41691.15
2025-08-01,CC-301,Sales,Wholesale,Türkiye,Actual,Actual,Synthetic ERP,A4020,16300437.81
2025-08-01,CC-301,Sales,Wholesale,Türkiye,Actual,Actual,Synthetic ERP,A5000,9184090.03
2025-08-01,CC-301,Sales,Wholesale,Türkiye,Actual,Actual,Synthetic ERP,A5010,161235.45
2025-08-01,CC-301,Sales,Wholesale,Türkiye,Actual,Actual,Synthetic ERP,A5020,248002.32
2025-08-01,CC-301,Sales,Wholesale,Türkiye,Actual,Actual,Synthetic ERP,A6000,1061774.98
2025-08-01,CC-301,Sales,Wholesale,Türkiye,Actual,Actual,Synthetic ERP,A6010,196428.37
2025-08-01,CC-301,Sales,Wholesale,Türkiye,Actual,Actual,Synthetic ERP,A6100,327943.34
2025-08-01,CC-301,Sales,Wholesale,Türkiye,Actual,Actual,Synthetic ERP,A6200,168214.99
2025-08-01,CC-301,Sales,Wholesale,Türkiye,Actual,Actual,Synthetic ERP,A6300,131085.76
2025-08-01,CC-301,Sales,Wholesale,Türkiye,Actual,Actual,Synthetic ERP,A6400,64942.77
2025-08-01,CC-301,Sales,Wholesale,Türkiye,Actual,Actual,Synthetic ERP,A6500,36281.3
2025-08-01,CC-301,Sales,Wholesale,Türkiye,Actual,Actual,Synthetic ERP,A6600,23048.47
2025-08-01,CC-302,Sales,Wholesale,Europe,Actual,Actual,Synthetic ERP,A4020,12961033.82
2025-08-01,CC-302,Sales,Wholesale,Europe,Actual,Actual,Synthetic ERP,A5000,7569921.09
2025-08-01,CC-302,Sales,Wholesale,Europe,Actual,Actual,Synthetic ERP,A5010,154236.26
2025-08-01,CC-302,Sales,Wholesale,Europe,Actual,Actual,Synthetic ERP,A5020,233015.32
2025-08-01,CC-302,Sales,Wholesale,Europe,Actual,Actual,Synthetic ERP,A6000,996850.75
2025-08-01,CC-302,Sales,Wholesale,Europe,Actual,Actual,Synthetic ERP,A6010,184417.39
2025-08-01,CC-302,Sales,Wholesale,Europe,Actual,Actual,Synthetic ERP,A6100,256055.14
2025-08-01,CC-302,Sales,Wholesale,Europe,Actual,Actual,Synthetic ERP,A6200,126242.01
2025-08-01,CC-302,Sales,Wholesale,Europe,Actual,Actual,Synthetic ERP,A6300,105509.42
2025-08-01,CC-302,Sales,Wholesale,Europe,Actual,Actual,Synthetic ERP,A6400,53850.49
2025-08-01,CC-302,Sales,Wholesale,Europe,Actual,Actual,Synthetic ERP,A6500,27886.71
2025-08-01,CC-302,Sales,Wholesale,Europe,Actual,Actual,Synthetic ERP,A6600,19305.35
2025-08-01,CC-401,Customer Success,Subscription Services,Türkiye,Actual,Actual,Synthetic ERP,A4030,7712089.4
2025-08-01,CC-401,Customer Success,Subscription Services,Türkiye,Actual,Actual,Synthetic ERP,A5000,1637649.83
2025-08-01,CC-401,Customer Success,Subscription Services,Türkiye,Actual,Actual,Synthetic ERP,A5010,189968.69
2025-08-01,CC-401,Customer Success,Subscription Services,Türkiye,Actual,Actual,Synthetic ERP,A5020,136988.93
2025-08-01,CC-401,Customer Success,Subscription Services,Türkiye,Actual,Actual,Synthetic ERP,A6000,1525364.05
2025-08-01,CC-401,Customer Success,Subscription Services,Türkiye,Actual,Actual,Synthetic ERP,A6010,282192.35
2025-08-01,CC-401,Customer Success,Subscription Services,Türkiye,Actual,Actual,Synthetic ERP,A6100,410956.14
2025-08-01,CC-401,Customer Success,Subscription Services,Türkiye,Actual,Actual,Synthetic ERP,A6200,75212.89
2025-08-01,CC-401,Customer Success,Subscription Services,Türkiye,Actual,Actual,Synthetic ERP,A6300,788875.45
2025-08-01,CC-401,Customer Success,Subscription Services,Türkiye,Actual,Actual,Synthetic ERP,A6400,85054.54
2025-08-01,CC-401,Customer Success,Subscription Services,Türkiye,Actual,Actual,Synthetic ERP,A6500,43054.19
2025-08-01,CC-401,Customer Success,Subscription Services,Türkiye,Actual,Actual,Synthetic ERP,A6600,29478.39
2025-08-01,CC-401,Customer Success,Subscription Services,Türkiye,Actual,Actual,Synthetic ERP,A6700,194791.67
2025-08-01,CC-501,Marketing,Shared Services,Global,Actual,Actual,Synthetic ERP,A6000,1731014.32
2025-08-01,CC-501,Marketing,Shared Services,Global,Actual,Actual,Synthetic ERP,A6010,320237.65
2025-08-01,CC-501,Marketing,Shared Services,Global,Actual,Actual,Synthetic ERP,A6100,4256224.78
2025-08-01,CC-501,Marketing,Shared Services,Global,Actual,Actual,Synthetic ERP,A6300,261014.49
2025-08-01,CC-501,Marketing,Shared Services,Global,Actual,Actual,Synthetic ERP,A6400,94255.14
2025-08-01,CC-501,Marketing,Shared Services,Global,Actual,Actual,Synthetic ERP,A6500,350612.4
2025-08-01,CC-501,Marketing,Shared Services,Global,Actual,Actual,Synthetic ERP,A6600,155069.08
2025-08-01,CC-601,Operations,Shared Services,Türkiye,Actual,Actual,Synthetic ERP,A6000,2379621.95
2025-08-01,CC-601,Operations,Shared Services,Türkiye,Actual,Actual,Synthetic ERP,A6010,440230.06
2025-08-01,CC-601,Operations,Shared Services,Türkiye,Actual,Actual,Synthetic ERP,A6200,4690847.73
2025-08-01,CC-601,Operations,Shared Services,Türkiye,Actual,Actual,Synthetic ERP,A6300,457568.74
2025-08-01,CC-601,Operations,Shared Services,Türkiye,Actual,Actual,Synthetic ERP,A6400,1228049.83
2025-08-01,CC-601,Operations,Shared Services,Türkiye,Actual,Actual,Synthetic ERP,A6500,261007.56
2025-08-01,CC-601,Operations,Shared Services,Türkiye,Actual,Actual,Synthetic ERP,A6600,128447.25
2025-08-01,CC-601,Operations,Shared Services,Türkiye,Actual,Actual,Synthetic ERP,A6700,220833.33
2025-08-01,CC-701,Technology,Shared Services,Global,Actual,Actual,Synthetic ERP,A6000,2520798.51
2025-08-01,CC-701,Technology,Shared Services,Global,Actual,Actual,Synthetic ERP,A6010,466347.72
2025-08-01,CC-701,Technology,Shared Services,Global,Actual,Actual,Synthetic ERP,A6300,4048528.5
2025-08-01,CC-701,Technology,Shared Services,Global,Actual,Actual,Synthetic ERP,A6400,281193.26
2025-08-01,CC-701,Technology,Shared Services,Global,Actual,Actual,Synthetic ERP,A6500,1027198.64
2025-08-01,CC-701,Technology,Shared Services,Global,Actual,Actual,Synthetic ERP,A6600,225048.35
2025-08-01,CC-701,Technology,Shared Services,Global,Actual,Actual,Synthetic ERP,A6700,426041.67
2025-08-01,CC-801,Finance & Corporate,Shared Services,Global,Actual,Actual,Synthetic ERP,A6000,2198581.98
2025-08-01,CC-801,Finance & Corporate,Shared Services,Global,Actual,Actual,Synthetic ERP,A6010,406737.67
2025-08-01,CC-801,Finance & Corporate,Shared Services,Global,Actual,Actual,Synthetic ERP,A6300,708138.46
2025-08-01,CC-801,Finance & Corporate,Shared Services,Global,Actual,Actual,Synthetic ERP,A6400,1444942.83
2025-08-01,CC-801,Finance & Corporate,Shared Services,Global,Actual,Actual,Synthetic ERP,A6500,1736122.92
2025-08-01,CC-801,Finance & Corporate,Shared Services,Global,Actual,Actual,Synthetic ERP,A6600,355774.15
2025-08-01,CC-801,Finance & Corporate,Shared Services,Global,Actual,Actual,Synthetic ERP,A6800,471912.0
2025-08-01,CC-801,Finance & Corporate,Shared Services,Global,Actual,Actual,Synthetic ERP,A6900,1220869.32
2025-09-01,CC-101,Sales,Digital Commerce,Türkiye,Actual,Actual,Synthetic ERP,A4000,27889703.5
2025-09-01,CC-101,Sales,Digital Commerce,Türkiye,Actual,Actual,Synthetic ERP,A5000,10698725.04
2025-09-01,CC-101,Sales,Digital Commerce,Türkiye,Actual,Actual,Synthetic ERP,A5010,782010.7
2025-09-01,CC-101,Sales,Digital Commerce,Türkiye,Actual,Actual,Synthetic ERP,A5020,838105.06
2025-09-01,CC-101,Sales,Digital Commerce,Türkiye,Actual,Actual,Synthetic ERP,A6000,1854310.25
2025-09-01,CC-101,Sales,Digital Commerce,Türkiye,Actual,Actual,Synthetic ERP,A6010,343047.4
2025-09-01,CC-101,Sales,Digital Commerce,Türkiye,Actual,Actual,Synthetic ERP,A6100,1430290.28
2025-09-01,CC-101,Sales,Digital Commerce,Türkiye,Actual,Actual,Synthetic ERP,A6200,494370.34
2025-09-01,CC-101,Sales,Digital Commerce,Türkiye,Actual,Actual,Synthetic ERP,A6300,232782.57
2025-09-01,CC-101,Sales,Digital Commerce,Türkiye,Actual,Actual,Synthetic ERP,A6400,119459.98
2025-09-01,CC-101,Sales,Digital Commerce,Türkiye,Actual,Actual,Synthetic ERP,A6500,59785.22
2025-09-01,CC-101,Sales,Digital Commerce,Türkiye,Actual,Actual,Synthetic ERP,A6600,40827.48
2025-09-01,CC-102,Sales,Digital Commerce,Europe,Actual,Actual,Synthetic ERP,A4000,18805629.2
2025-09-01,CC-102,Sales,Digital Commerce,Europe,Actual,Actual,Synthetic ERP,A5000,7585855.36
2025-09-01,CC-102,Sales,Digital Commerce,Europe,Actual,Actual,Synthetic ERP,A5010,597108.42
2025-09-01,CC-102,Sales,Digital Commerce,Europe,Actual,Actual,Synthetic ERP,A5020,600626.61
2025-09-01,CC-102,Sales,Digital Commerce,Europe,Actual,Actual,Synthetic ERP,A6000,1570574.61
2025-09-01,CC-102,Sales,Digital Commerce,Europe,Actual,Actual,Synthetic ERP,A6010,290556.3
2025-09-01,CC-102,Sales,Digital Commerce,Europe,Actual,Actual,Synthetic ERP,A6100,961920.99
2025-09-01,CC-102,Sales,Digital Commerce,Europe,Actual,Actual,Synthetic ERP,A6200,341613.25
2025-09-01,CC-102,Sales,Digital Commerce,Europe,Actual,Actual,Synthetic ERP,A6300,146836.4
2025-09-01,CC-102,Sales,Digital Commerce,Europe,Actual,Actual,Synthetic ERP,A6400,73357.09
2025-09-01,CC-102,Sales,Digital Commerce,Europe,Actual,Actual,Synthetic ERP,A6500,39261.67
2025-09-01,CC-102,Sales,Digital Commerce,Europe,Actual,Actual,Synthetic ERP,A6600,22212.23
2025-09-01,CC-103,Sales,Digital Commerce,MENA,Actual,Actual,Synthetic ERP,A4000,11284875.42
2025-09-01,CC-103,Sales,Digital Commerce,MENA,Actual,Actual,Synthetic ERP,A5000,4804324.1
2025-09-01,CC-103,Sales,Digital Commerce,MENA,Actual,Actual,Synthetic ERP,A5010,588793.67
2025-09-01,CC-103,Sales,Digital Commerce,MENA,Actual,Actual,Synthetic ERP,A5020,396305.96
2025-09-01,CC-103,Sales,Digital Commerce,MENA,Actual,Actual,Synthetic ERP,A6000,790033.84
2025-09-01,CC-103,Sales,Digital Commerce,MENA,Actual,Actual,Synthetic ERP,A6010,146156.26
2025-09-01,CC-103,Sales,Digital Commerce,MENA,Actual,Actual,Synthetic ERP,A6100,541573.2
2025-09-01,CC-103,Sales,Digital Commerce,MENA,Actual,Actual,Synthetic ERP,A6200,201399.38
2025-09-01,CC-103,Sales,Digital Commerce,MENA,Actual,Actual,Synthetic ERP,A6300,97905.79
2025-09-01,CC-103,Sales,Digital Commerce,MENA,Actual,Actual,Synthetic ERP,A6400,46919.32
2025-09-01,CC-103,Sales,Digital Commerce,MENA,Actual,Actual,Synthetic ERP,A6500,26007.57
2025-09-01,CC-103,Sales,Digital Commerce,MENA,Actual,Actual,Synthetic ERP,A6600,16685.5
2025-09-01,CC-201,Sales,Retail Stores,Türkiye,Actual,Actual,Synthetic ERP,A4010,21548125.83
2025-09-01,CC-201,Sales,Retail Stores,Türkiye,Actual,Actual,Synthetic ERP,A5000,9934454.29
2025-09-01,CC-201,Sales,Retail Stores,Türkiye,Actual,Actual,Synthetic ERP,A5010,429732.03
2025-09-01,CC-201,Sales,Retail Stores,Türkiye,Actual,Actual,Synthetic ERP,A5020,531265.37
2025-09-01,CC-201,Sales,Retail Stores,Türkiye,Actual,Actual,Synthetic ERP,A6000,2345063.58
2025-09-01,CC-201,Sales,Retail Stores,Türkiye,Actual,Actual,Synthetic ERP,A6010,433836.76
2025-09-01,CC-201,Sales,Retail Stores,Türkiye,Actual,Actual,Synthetic ERP,A6100,438256.74
2025-09-01,CC-201,Sales,Retail Stores,Türkiye,Actual,Actual,Synthetic ERP,A6200,401153.97
2025-09-01,CC-201,Sales,Retail Stores,Türkiye,Actual,Actual,Synthetic ERP,A6300,318193.28
2025-09-01,CC-201,Sales,Retail Stores,Türkiye,Actual,Actual,Synthetic ERP,A6400,408249.86
2025-09-01,CC-201,Sales,Retail Stores,Türkiye,Actual,Actual,Synthetic ERP,A6500,87617.89
2025-09-01,CC-201,Sales,Retail Stores,Türkiye,Actual,Actual,Synthetic ERP,A6600,53962.69
2025-09-01,CC-201,Sales,Retail Stores,Türkiye,Actual,Actual,Synthetic ERP,A6700,107500.0
2025-09-01,CC-202,Sales,Retail Stores,Türkiye,Actual,Actual,Synthetic ERP,A4010,15287789.25
2025-09-01,CC-202,Sales,Retail Stores,Türkiye,Actual,Actual,Synthetic ERP,A5000,7228230.06
2025-09-01,CC-202,Sales,Retail Stores,Türkiye,Actual,Actual,Synthetic ERP,A5010,277941.92
2025-09-01,CC-202,Sales,Retail Stores,Türkiye,Actual,Actual,Synthetic ERP,A5020,416776.47
2025-09-01,CC-202,Sales,Retail Stores,Türkiye,Actual,Actual,Synthetic ERP,A6000,1703402.38
2025-09-01,CC-202,Sales,Retail Stores,Türkiye,Actual,Actual,Synthetic ERP,A6010,315129.44
2025-09-01,CC-202,Sales,Retail Stores,Türkiye,Actual,Actual,Synthetic ERP,A6100,307357.57
2025-09-01,CC-202,Sales,Retail Stores,Türkiye,Actual,Actual,Synthetic ERP,A6200,276640.77
2025-09-01,CC-202,Sales,Retail Stores,Türkiye,Actual,Actual,Synthetic ERP,A6300,250170.17
2025-09-01,CC-202,Sales,Retail Stores,Türkiye,Actual,Actual,Synthetic ERP,A6400,321081.34
2025-09-01,CC-202,Sales,Retail Stores,Türkiye,Actual,Actual,Synthetic ERP,A6500,69189.58
2025-09-01,CC-202,Sales,Retail Stores,Türkiye,Actual,Actual,Synthetic ERP,A6600,36399.33
2025-09-01,CC-202,Sales,Retail Stores,Türkiye,Actual,Actual,Synthetic ERP,A6700,134166.67
2025-09-01,CC-301,Sales,Wholesale,Türkiye,Actual,Actual,Synthetic ERP,A4020,20685035.22
2025-09-01,CC-301,Sales,Wholesale,Türkiye,Actual,Actual,Synthetic ERP,A5000,11766069.61
2025-09-01,CC-301,Sales,Wholesale,Türkiye,Actual,Actual,Synthetic ERP,A5010,203939.84
2025-09-01,CC-301,Sales,Wholesale,Türkiye,Actual,Actual,Synthetic ERP,A5020,308990.58
2025-09-01,CC-301,Sales,Wholesale,Türkiye,Actual,Actual,Synthetic ERP,A6000,1080620.79
2025-09-01,CC-301,Sales,Wholesale,Türkiye,Actual,Actual,Synthetic ERP,A6010,199914.85
2025-09-01,CC-301,Sales,Wholesale,Türkiye,Actual,Actual,Synthetic ERP,A6100,416987.58
2025-09-01,CC-301,Sales,Wholesale,Türkiye,Actual,Actual,Synthetic ERP,A6200,199436.28
2025-09-01,CC-301,Sales,Wholesale,Türkiye,Actual,Actual,Synthetic ERP,A6300,132586.43
2025-09-01,CC-301,Sales,Wholesale,Türkiye,Actual,Actual,Synthetic ERP,A6400,66259.49
2025-09-01,CC-301,Sales,Wholesale,Türkiye,Actual,Actual,Synthetic ERP,A6500,36350.71
2025-09-01,CC-301,Sales,Wholesale,Türkiye,Actual,Actual,Synthetic ERP,A6600,23070.49
2025-09-01,CC-302,Sales,Wholesale,Europe,Actual,Actual,Synthetic ERP,A4020,17856317.96
2025-09-01,CC-302,Sales,Wholesale,Europe,Actual,Actual,Synthetic ERP,A5000,10577339.84
2025-09-01,CC-302,Sales,Wholesale,Europe,Actual,Actual,Synthetic ERP,A5010,215518.99
2025-09-01,CC-302,Sales,Wholesale,Europe,Actual,Actual,Synthetic ERP,A5020,320572.43
2025-09-01,CC-302,Sales,Wholesale,Europe,Actual,Actual,Synthetic ERP,A6000,891900.49
2025-09-01,CC-302,Sales,Wholesale,Europe,Actual,Actual,Synthetic ERP,A6010,165001.59
2025-09-01,CC-302,Sales,Wholesale,Europe,Actual,Actual,Synthetic ERP,A6100,361346.32
2025-09-01,CC-302,Sales,Wholesale,Europe,Actual,Actual,Synthetic ERP,A6200,169951.9
2025-09-01,CC-302,Sales,Wholesale,Europe,Actual,Actual,Synthetic ERP,A6300,106073.62
2025-09-01,CC-302,Sales,Wholesale,Europe,Actual,Actual,Synthetic ERP,A6400,52998.61
2025-09-01,CC-302,Sales,Wholesale,Europe,Actual,Actual,Synthetic ERP,A6500,30512.83
2025-09-01,CC-302,Sales,Wholesale,Europe,Actual,Actual,Synthetic ERP,A6600,17787.06
2025-09-01,CC-401,Customer Success,Subscription Services,Türkiye,Actual,Actual,Synthetic ERP,A4030,7602566.82
2025-09-01,CC-401,Customer Success,Subscription Services,Türkiye,Actual,Actual,Synthetic ERP,A5000,1593434.58
2025-09-01,CC-401,Customer Success,Subscription Services,Türkiye,Actual,Actual,Synthetic ERP,A5010,189745.68
2025-09-01,CC-401,Customer Success,Subscription Services,Türkiye,Actual,Actual,Synthetic ERP,A5020,136949.97
2025-09-01,CC-401,Customer Success,Subscription Services,Türkiye,Actual,Actual,Synthetic ERP,A6000,1515828.03
2025-09-01,CC-401,Customer Success,Subscription Services,Türkiye,Actual,Actual,Synthetic ERP,A6010,280428.19
2025-09-01,CC-401,Customer Success,Subscription Services,Türkiye,Actual,Actual,Synthetic ERP,A6100,413731.94
2025-09-01,CC-401,Customer Success,Subscription Services,Türkiye,Actual,Actual,Synthetic ERP,A6200,78145.35
2025-09-01,CC-401,Customer Success,Subscription Services,Türkiye,Actual,Actual,Synthetic ERP,A6300,784332.8
2025-09-01,CC-401,Customer Success,Subscription Services,Türkiye,Actual,Actual,Synthetic ERP,A6400,87332.0
2025-09-01,CC-401,Customer Success,Subscription Services,Türkiye,Actual,Actual,Synthetic ERP,A6500,45385.55
2025-09-01,CC-401,Customer Success,Subscription Services,Türkiye,Actual,Actual,Synthetic ERP,A6600,29852.02
2025-09-01,CC-401,Customer Success,Subscription Services,Türkiye,Actual,Actual,Synthetic ERP,A6700,194791.67
2025-09-01,CC-501,Marketing,Shared Services,Global,Actual,Actual,Synthetic ERP,A6000,1749612.32
2025-09-01,CC-501,Marketing,Shared Services,Global,Actual,Actual,Synthetic ERP,A6010,323678.28
2025-09-01,CC-501,Marketing,Shared Services,Global,Actual,Actual,Synthetic ERP,A6100,4111771.81
2025-09-01,CC-501,Marketing,Shared Services,Global,Actual,Actual,Synthetic ERP,A6300,263371.56
2025-09-01,CC-501,Marketing,Shared Services,Global,Actual,Actual,Synthetic ERP,A6400,95728.01
2025-09-01,CC-501,Marketing,Shared Services,Global,Actual,Actual,Synthetic ERP,A6500,342306.53
2025-09-01,CC-501,Marketing,Shared Services,Global,Actual,Actual,Synthetic ERP,A6600,166753.03
2025-09-01,CC-601,Operations,Shared Services,Türkiye,Actual,Actual,Synthetic ERP,A6000,2424132.58
2025-09-01,CC-601,Operations,Shared Services,Türkiye,Actual,Actual,Synthetic ERP,A6010,448464.53
2025-09-01,CC-601,Operations,Shared Services,Türkiye,Actual,Actual,Synthetic ERP,A6200,4312948.76
2025-09-01,CC-601,Operations,Shared Services,Türkiye,Actual,Actual,Synthetic ERP,A6300,457089.4
2025-09-01,CC-601,Operations,Shared Services,Türkiye,Actual,Actual,Synthetic ERP,A6400,1264582.55
2025-09-01,CC-601,Operations,Shared Services,Türkiye,Actual,Actual,Synthetic ERP,A6500,263021.77
2025-09-01,CC-601,Operations,Shared Services,Türkiye,Actual,Actual,Synthetic ERP,A6600,133746.01
2025-09-01,CC-601,Operations,Shared Services,Türkiye,Actual,Actual,Synthetic ERP,A6700,220833.33
2025-09-01,CC-701,Technology,Shared Services,Global,Actual,Actual,Synthetic ERP,A6000,2508030.6
2025-09-01,CC-701,Technology,Shared Services,Global,Actual,Actual,Synthetic ERP,A6010,463985.66
2025-09-01,CC-701,Technology,Shared Services,Global,Actual,Actual,Synthetic ERP,A6300,4166210.29
2025-09-01,CC-701,Technology,Shared Services,Global,Actual,Actual,Synthetic ERP,A6400,276657.26
2025-09-01,CC-701,Technology,Shared Services,Global,Actual,Actual,Synthetic ERP,A6500,1015499.5
2025-09-01,CC-701,Technology,Shared Services,Global,Actual,Actual,Synthetic ERP,A6600,221770.3
2025-09-01,CC-701,Technology,Shared Services,Global,Actual,Actual,Synthetic ERP,A6700,426041.67
2025-09-01,CC-801,Finance & Corporate,Shared Services,Global,Actual,Actual,Synthetic ERP,A6000,2193357.37
2025-09-01,CC-801,Finance & Corporate,Shared Services,Global,Actual,Actual,Synthetic ERP,A6010,405771.11
2025-09-01,CC-801,Finance & Corporate,Shared Services,Global,Actual,Actual,Synthetic ERP,A6300,728794.48
2025-09-01,CC-801,Finance & Corporate,Shared Services,Global,Actual,Actual,Synthetic ERP,A6400,1415855.29
2025-09-01,CC-801,Finance & Corporate,Shared Services,Global,Actual,Actual,Synthetic ERP,A6500,1427386.02
2025-09-01,CC-801,Finance & Corporate,Shared Services,Global,Actual,Actual,Synthetic ERP,A6600,361033.95
2025-09-01,CC-801,Finance & Corporate,Shared Services,Global,Actual,Actual,Synthetic ERP,A6800,471912.0
2025-09-01,CC-801,Finance & Corporate,Shared Services,Global,Actual,Actual,Synthetic ERP,A6900,3000248.78
2025-10-01,CC-101,Sales,Digital Commerce,Türkiye,Actual,Actual,Synthetic ERP,A4000,31174570.52
2025-10-01,CC-101,Sales,Digital Commerce,Türkiye,Actual,Actual,Synthetic ERP,A5000,11769698.52
2025-10-01,CC-101,Sales,Digital Commerce,Türkiye,Actual,Actual,Synthetic ERP,A5010,871292.98
2025-10-01,CC-101,Sales,Digital Commerce,Türkiye,Actual,Actual,Synthetic ERP,A5020,929912.18
2025-10-01,CC-101,Sales,Digital Commerce,Türkiye,Actual,Actual,Synthetic ERP,A6000,1845039.23
2025-10-01,CC-101,Sales,Digital Commerce,Türkiye,Actual,Actual,Synthetic ERP,A6010,341332.26
2025-10-01,CC-101,Sales,Digital Commerce,Türkiye,Actual,Actual,Synthetic ERP,A6100,1601826.8
2025-10-01,CC-101,Sales,Digital Commerce,Türkiye,Actual,Actual,Synthetic ERP,A6200,565138.02
2025-10-01,CC-101,Sales,Digital Commerce,Türkiye,Actual,Actual,Synthetic ERP,A6300,245234.49
2025-10-01,CC-101,Sales,Digital Commerce,Türkiye,Actual,Actual,Synthetic ERP,A6400,121724.38
2025-10-01,CC-101,Sales,Digital Commerce,Türkiye,Actual,Actual,Synthetic ERP,A6500,64521.07
2025-10-01,CC-101,Sales,Digital Commerce,Türkiye,Actual,Actual,Synthetic ERP,A6600,38232.15
2025-10-01,CC-102,Sales,Digital Commerce,Europe,Actual,Actual,Synthetic ERP,A4000,20454200.77
2025-10-01,CC-102,Sales,Digital Commerce,Europe,Actual,Actual,Synthetic ERP,A5000,8185916.39
2025-10-01,CC-102,Sales,Digital Commerce,Europe,Actual,Actual,Synthetic ERP,A5010,647590.57
2025-10-01,CC-102,Sales,Digital Commerce,Europe,Actual,Actual,Synthetic ERP,A5020,650498.89
2025-10-01,CC-102,Sales,Digital Commerce,Europe,Actual,Actual,Synthetic ERP,A6000,1557228.83
2025-10-01,CC-102,Sales,Digital Commerce,Europe,Actual,Actual,Synthetic ERP,A6010,288087.33
2025-10-01,CC-102,Sales,Digital Commerce,Europe,Actual,Actual,Synthetic ERP,A6100,1038415.37
2025-10-01,CC-102,Sales,Digital Commerce,Europe,Actual,Actual,Synthetic ERP,A6200,368989.48
2025-10-01,CC-102,Sales,Digital Commerce,Europe,Actual,Actual,Synthetic ERP,A6300,147862.02
2025-10-01,CC-102,Sales,Digital Commerce,Europe,Actual,Actual,Synthetic ERP,A6400,74053.86
2025-10-01,CC-102,Sales,Digital Commerce,Europe,Actual,Actual,Synthetic ERP,A6500,38098.77
2025-10-01,CC-102,Sales,Digital Commerce,Europe,Actual,Actual,Synthetic ERP,A6600,25164.83
2025-10-01,CC-103,Sales,Digital Commerce,MENA,Actual,Actual,Synthetic ERP,A4000,12099921.46
2025-10-01,CC-103,Sales,Digital Commerce,MENA,Actual,Actual,Synthetic ERP,A5000,5139314.9
2025-10-01,CC-103,Sales,Digital Commerce,MENA,Actual,Actual,Synthetic ERP,A5010,636135.33
2025-10-01,CC-103,Sales,Digital Commerce,MENA,Actual,Actual,Synthetic ERP,A5020,426271.72
2025-10-01,CC-103,Sales,Digital Commerce,MENA,Actual,Actual,Synthetic ERP,A6000,777661.38
2025-10-01,CC-103,Sales,Digital Commerce,MENA,Actual,Actual,Synthetic ERP,A6010,143867.35
2025-10-01,CC-103,Sales,Digital Commerce,MENA,Actual,Actual,Synthetic ERP,A6100,598240.62
2025-10-01,CC-103,Sales,Digital Commerce,MENA,Actual,Actual,Synthetic ERP,A6200,210190.19
2025-10-01,CC-103,Sales,Digital Commerce,MENA,Actual,Actual,Synthetic ERP,A6300,95899.06
2025-10-01,CC-103,Sales,Digital Commerce,MENA,Actual,Actual,Synthetic ERP,A6400,47236.37
2025-10-01,CC-103,Sales,Digital Commerce,MENA,Actual,Actual,Synthetic ERP,A6500,26117.9
2025-10-01,CC-103,Sales,Digital Commerce,MENA,Actual,Actual,Synthetic ERP,A6600,13814.68
2025-10-01,CC-201,Sales,Retail Stores,Türkiye,Actual,Actual,Synthetic ERP,A4010,22022530.78
2025-10-01,CC-201,Sales,Retail Stores,Türkiye,Actual,Actual,Synthetic ERP,A5000,10139867.97
2025-10-01,CC-201,Sales,Retail Stores,Türkiye,Actual,Actual,Synthetic ERP,A5010,437173.9
2025-10-01,CC-201,Sales,Retail Stores,Türkiye,Actual,Actual,Synthetic ERP,A5020,550138.83
2025-10-01,CC-201,Sales,Retail Stores,Türkiye,Actual,Actual,Synthetic ERP,A6000,2394115.09
2025-10-01,CC-201,Sales,Retail Stores,Türkiye,Actual,Actual,Synthetic ERP,A6010,442911.29
2025-10-01,CC-201,Sales,Retail Stores,Türkiye,Actual,Actual,Synthetic ERP,A6100,441213.14
2025-10-01,CC-201,Sales,Retail Stores,Türkiye,Actual,Actual,Synthetic ERP,A6200,395466.7
2025-10-01,CC-201,Sales,Retail Stores,Türkiye,Actual,Actual,Synthetic ERP,A6300,331788.09
2025-10-01,CC-201,Sales,Retail Stores,Türkiye,Actual,Actual,Synthetic ERP,A6400,410083.64
2025-10-01,CC-201,Sales,Retail Stores,Türkiye,Actual,Actual,Synthetic ERP,A6500,88169.44
2025-10-01,CC-201,Sales,Retail Stores,Türkiye,Actual,Actual,Synthetic ERP,A6600,53914.78
2025-10-01,CC-201,Sales,Retail Stores,Türkiye,Actual,Actual,Synthetic ERP,A6700,107500.0
2025-10-01,CC-202,Sales,Retail Stores,Türkiye,Actual,Actual,Synthetic ERP,A4010,15519865.71
2025-10-01,CC-202,Sales,Retail Stores,Türkiye,Actual,Actual,Synthetic ERP,A5000,7269693.95
2025-10-01,CC-202,Sales,Retail Stores,Türkiye,Actual,Actual,Synthetic ERP,A5010,277884.71
2025-10-01,CC-202,Sales,Retail Stores,Türkiye,Actual,Actual,Synthetic ERP,A5020,418866.67
2025-10-01,CC-202,Sales,Retail Stores,Türkiye,Actual,Actual,Synthetic ERP,A6000,1675119.13
2025-10-01,CC-202,Sales,Retail Stores,Türkiye,Actual,Actual,Synthetic ERP,A6010,309897.04
2025-10-01,CC-202,Sales,Retail Stores,Türkiye,Actual,Actual,Synthetic ERP,A6100,322987.78
2025-10-01,CC-202,Sales,Retail Stores,Türkiye,Actual,Actual,Synthetic ERP,A6200,276562.03
2025-10-01,CC-202,Sales,Retail Stores,Türkiye,Actual,Actual,Synthetic ERP,A6300,254694.13
2025-10-01,CC-202,Sales,Retail Stores,Türkiye,Actual,Actual,Synthetic ERP,A6400,323271.7
2025-10-01,CC-202,Sales,Retail Stores,Türkiye,Actual,Actual,Synthetic ERP,A6500,75540.87
2025-10-01,CC-202,Sales,Retail Stores,Türkiye,Actual,Actual,Synthetic ERP,A6600,42995.12
2025-10-01,CC-202,Sales,Retail Stores,Türkiye,Actual,Actual,Synthetic ERP,A6700,134166.67
2025-10-01,CC-301,Sales,Wholesale,Türkiye,Actual,Actual,Synthetic ERP,A4020,21240508.5
2025-10-01,CC-301,Sales,Wholesale,Türkiye,Actual,Actual,Synthetic ERP,A5000,12206198.25
2025-10-01,CC-301,Sales,Wholesale,Türkiye,Actual,Actual,Synthetic ERP,A5010,212810.63
2025-10-01,CC-301,Sales,Wholesale,Türkiye,Actual,Actual,Synthetic ERP,A5020,321693.45
2025-10-01,CC-301,Sales,Wholesale,Türkiye,Actual,Actual,Synthetic ERP,A6000,1167944.75
2025-10-01,CC-301,Sales,Wholesale,Türkiye,Actual,Actual,Synthetic ERP,A6010,216069.78
2025-10-01,CC-301,Sales,Wholesale,Türkiye,Actual,Actual,Synthetic ERP,A6100,419541.15
2025-10-01,CC-301,Sales,Wholesale,Türkiye,Actual,Actual,Synthetic ERP,A6200,208119.72
2025-10-01,CC-301,Sales,Wholesale,Türkiye,Actual,Actual,Synthetic ERP,A6300,134967.64
2025-10-01,CC-301,Sales,Wholesale,Türkiye,Actual,Actual,Synthetic ERP,A6400,67508.4
2025-10-01,CC-301,Sales,Wholesale,Türkiye,Actual,Actual,Synthetic ERP,A6500,36901.61
2025-10-01,CC-301,Sales,Wholesale,Türkiye,Actual,Actual,Synthetic ERP,A6600,23030.04
2025-10-01,CC-302,Sales,Wholesale,Europe,Actual,Actual,Synthetic ERP,A4020,17273396.54
2025-10-01,CC-302,Sales,Wholesale,Europe,Actual,Actual,Synthetic ERP,A5000,10135022.95
2025-10-01,CC-302,Sales,Wholesale,Europe,Actual,Actual,Synthetic ERP,A5010,206525.8
2025-10-01,CC-302,Sales,Wholesale,Europe,Actual,Actual,Synthetic ERP,A5020,310419.79
2025-10-01,CC-302,Sales,Wholesale,Europe,Actual,Actual,Synthetic ERP,A6000,885801.58
2025-10-01,CC-302,Sales,Wholesale,Europe,Actual,Actual,Synthetic ERP,A6010,163873.29
2025-10-01,CC-302,Sales,Wholesale,Europe,Actual,Actual,Synthetic ERP,A6100,341295.53
2025-10-01,CC-302,Sales,Wholesale,Europe,Actual,Actual,Synthetic ERP,A6200,173023.13
2025-10-01,CC-302,Sales,Wholesale,Europe,Actual,Actual,Synthetic ERP,A6300,109410.14
2025-10-01,CC-302,Sales,Wholesale,Europe,Actual,Actual,Synthetic ERP,A6400,53668.77
2025-10-01,CC-302,Sales,Wholesale,Europe,Actual,Actual,Synthetic ERP,A6500,28490.26
2025-10-01,CC-302,Sales,Wholesale,Europe,Actual,Actual,Synthetic ERP,A6600,17904.66
2025-10-01,CC-401,Customer Success,Subscription Services,Türkiye,Actual,Actual,Synthetic ERP,A4030,8523723.71
2025-10-01,CC-401,Customer Success,Subscription Services,Türkiye,Actual,Actual,Synthetic ERP,A5000,1792292.38
2025-10-01,CC-401,Customer Success,Subscription Services,Türkiye,Actual,Actual,Synthetic ERP,A5010,214010.31
2025-10-01,CC-401,Customer Success,Subscription Services,Türkiye,Actual,Actual,Synthetic ERP,A5020,153909.44
2025-10-01,CC-401,Customer Success,Subscription Services,Türkiye,Actual,Actual,Synthetic ERP,A6000,1515344.45
2025-10-01,CC-401,Customer Success,Subscription Services,Türkiye,Actual,Actual,Synthetic ERP,A6010,280338.72
2025-10-01,CC-401,Customer Success,Subscription Services,Türkiye,Actual,Actual,Synthetic ERP,A6100,423432.67
2025-10-01,CC-401,Customer Success,Subscription Services,Türkiye,Actual,Actual,Synthetic ERP,A6200,85216.52
2025-10-01,CC-401,Customer Success,Subscription Services,Türkiye,Actual,Actual,Synthetic ERP,A6300,769586.0
2025-10-01,CC-401,Customer Success,Subscription Services,Türkiye,Actual,Actual,Synthetic ERP,A6400,87089.18
2025-10-01,CC-401,Customer Success,Subscription Services,Türkiye,Actual,Actual,Synthetic ERP,A6500,47801.57
2025-10-01,CC-401,Customer Success,Subscription Services,Türkiye,Actual,Actual,Synthetic ERP,A6600,28199.76
2025-10-01,CC-401,Customer Success,Subscription Services,Türkiye,Actual,Actual,Synthetic ERP,A6700,194791.67
2025-10-01,CC-501,Marketing,Shared Services,Global,Actual,Actual,Synthetic ERP,A6000,1734928.38
2025-10-01,CC-501,Marketing,Shared Services,Global,Actual,Actual,Synthetic ERP,A6010,320961.75
2025-10-01,CC-501,Marketing,Shared Services,Global,Actual,Actual,Synthetic ERP,A6100,4119170.26
2025-10-01,CC-501,Marketing,Shared Services,Global,Actual,Actual,Synthetic ERP,A6300,264250.65
2025-10-01,CC-501,Marketing,Shared Services,Global,Actual,Actual,Synthetic ERP,A6400,96443.88
2025-10-01,CC-501,Marketing,Shared Services,Global,Actual,Actual,Synthetic ERP,A6500,361664.03
2025-10-01,CC-501,Marketing,Shared Services,Global,Actual,Actual,Synthetic ERP,A6600,175837.55
2025-10-01,CC-601,Operations,Shared Services,Türkiye,Actual,Actual,Synthetic ERP,A6000,2504430.62
2025-10-01,CC-601,Operations,Shared Services,Türkiye,Actual,Actual,Synthetic ERP,A6010,463319.67
2025-10-01,CC-601,Operations,Shared Services,Türkiye,Actual,Actual,Synthetic ERP,A6200,4720007.33
2025-10-01,CC-601,Operations,Shared Services,Türkiye,Actual,Actual,Synthetic ERP,A6300,463138.67
2025-10-01,CC-601,Operations,Shared Services,Türkiye,Actual,Actual,Synthetic ERP,A6400,1253919.14
2025-10-01,CC-601,Operations,Shared Services,Türkiye,Actual,Actual,Synthetic ERP,A6500,278700.21
2025-10-01,CC-601,Operations,Shared Services,Türkiye,Actual,Actual,Synthetic ERP,A6600,120213.23
2025-10-01,CC-601,Operations,Shared Services,Türkiye,Actual,Actual,Synthetic ERP,A6700,220833.33
2025-10-01,CC-701,Technology,Shared Services,Global,Actual,Actual,Synthetic ERP,A6000,2543651.03
2025-10-01,CC-701,Technology,Shared Services,Global,Actual,Actual,Synthetic ERP,A6010,470575.44
2025-10-01,CC-701,Technology,Shared Services,Global,Actual,Actual,Synthetic ERP,A6300,4269522.14
2025-10-01,CC-701,Technology,Shared Services,Global,Actual,Actual,Synthetic ERP,A6400,283610.67
2025-10-01,CC-701,Technology,Shared Services,Global,Actual,Actual,Synthetic ERP,A6500,1087526.35
2025-10-01,CC-701,Technology,Shared Services,Global,Actual,Actual,Synthetic ERP,A6600,220627.6
2025-10-01,CC-701,Technology,Shared Services,Global,Actual,Actual,Synthetic ERP,A6700,426041.67
2025-10-01,CC-801,Finance & Corporate,Shared Services,Global,Actual,Actual,Synthetic ERP,A6000,2241494.79
2025-10-01,CC-801,Finance & Corporate,Shared Services,Global,Actual,Actual,Synthetic ERP,A6010,414676.54
2025-10-01,CC-801,Finance & Corporate,Shared Services,Global,Actual,Actual,Synthetic ERP,A6300,692755.21
2025-10-01,CC-801,Finance & Corporate,Shared Services,Global,Actual,Actual,Synthetic ERP,A6400,1473190.81
2025-10-01,CC-801,Finance & Corporate,Shared Services,Global,Actual,Actual,Synthetic ERP,A6500,1457659.41
2025-10-01,CC-801,Finance & Corporate,Shared Services,Global,Actual,Actual,Synthetic ERP,A6600,345261.83
2025-10-01,CC-801,Finance & Corporate,Shared Services,Global,Actual,Actual,Synthetic ERP,A6800,471912.0
2025-10-01,CC-801,Finance & Corporate,Shared Services,Global,Actual,Actual,Synthetic ERP,A6900,3768882.31
2025-11-01,CC-101,Sales,Digital Commerce,Türkiye,Actual,Actual,Synthetic ERP,A4000,36503382.31
2025-11-01,CC-101,Sales,Digital Commerce,Türkiye,Actual,Actual,Synthetic ERP,A5000,13868363.97
2025-11-01,CC-101,Sales,Digital Commerce,Türkiye,Actual,Actual,Synthetic ERP,A5010,1028440.95
2025-11-01,CC-101,Sales,Digital Commerce,Türkiye,Actual,Actual,Synthetic ERP,A5020,1086564.87
2025-11-01,CC-101,Sales,Digital Commerce,Türkiye,Actual,Actual,Synthetic ERP,A6000,1902198.85
2025-11-01,CC-101,Sales,Digital Commerce,Türkiye,Actual,Actual,Synthetic ERP,A6010,351906.79
2025-11-01,CC-101,Sales,Digital Commerce,Türkiye,Actual,Actual,Synthetic ERP,A6100,1825765.61
2025-11-01,CC-101,Sales,Digital Commerce,Türkiye,Actual,Actual,Synthetic ERP,A6200,666299.07
2025-11-01,CC-101,Sales,Digital Commerce,Türkiye,Actual,Actual,Synthetic ERP,A6300,240279.23
2025-11-01,CC-101,Sales,Digital Commerce,Türkiye,Actual,Actual,Synthetic ERP,A6400,121955.72
2025-11-01,CC-101,Sales,Digital Commerce,Türkiye,Actual,Actual,Synthetic ERP,A6500,66935.52
2025-11-01,CC-101,Sales,Digital Commerce,Türkiye,Actual,Actual,Synthetic ERP,A6600,40351.89
2025-11-01,CC-102,Sales,Digital Commerce,Europe,Actual,Actual,Synthetic ERP,A4000,24633427.68
2025-11-01,CC-102,Sales,Digital Commerce,Europe,Actual,Actual,Synthetic ERP,A5000,9874806.72
2025-11-01,CC-102,Sales,Digital Commerce,Europe,Actual,Actual,Synthetic ERP,A5010,785138.75
2025-11-01,CC-102,Sales,Digital Commerce,Europe,Actual,Actual,Synthetic ERP,A5020,782346.08
2025-11-01,CC-102,Sales,Digital Commerce,Europe,Actual,Actual,Synthetic ERP,A6000,1578183.68
2025-11-01,CC-102,Sales,Digital Commerce,Europe,Actual,Actual,Synthetic ERP,A6010,291963.98
2025-11-01,CC-102,Sales,Digital Commerce,Europe,Actual,Actual,Synthetic ERP,A6100,1246157.04
2025-11-01,CC-102,Sales,Digital Commerce,Europe,Actual,Actual,Synthetic ERP,A6200,454048.47
2025-11-01,CC-102,Sales,Digital Commerce,Europe,Actual,Actual,Synthetic ERP,A6300,150997.15
2025-11-01,CC-102,Sales,Digital Commerce,Europe,Actual,Actual,Synthetic ERP,A6400,74429.39
2025-11-01,CC-102,Sales,Digital Commerce,Europe,Actual,Actual,Synthetic ERP,A6500,38631.59
2025-11-01,CC-102,Sales,Digital Commerce,Europe,Actual,Actual,Synthetic ERP,A6600,23610.74
2025-11-01,CC-103,Sales,Digital Commerce,MENA,Actual,Actual,Synthetic ERP,A4000,14465299.89
2025-11-01,CC-103,Sales,Digital Commerce,MENA,Actual,Actual,Synthetic ERP,A5000,6099066.62
2025-11-01,CC-103,Sales,Digital Commerce,MENA,Actual,Actual,Synthetic ERP,A5010,761396.44
2025-11-01,CC-103,Sales,Digital Commerce,MENA,Actual,Actual,Synthetic ERP,A5020,509964.64
2025-11-01,CC-103,Sales,Digital Commerce,MENA,Actual,Actual,Synthetic ERP,A6000,790089.65
2025-11-01,CC-103,Sales,Digital Commerce,MENA,Actual,Actual,Synthetic ERP,A6010,146166.59
2025-11-01,CC-103,Sales,Digital Commerce,MENA,Actual,Actual,Synthetic ERP,A6100,732329.99
2025-11-01,CC-103,Sales,Digital Commerce,MENA,Actual,Actual,Synthetic ERP,A6200,258058.95
2025-11-01,CC-103,Sales,Digital Commerce,MENA,Actual,Actual,Synthetic ERP,A6300,96594.65
2025-11-01,CC-103,Sales,Digital Commerce,MENA,Actual,Actual,Synthetic ERP,A6400,47479.38
2025-11-01,CC-103,Sales,Digital Commerce,MENA,Actual,Actual,Synthetic ERP,A6500,24815.8
2025-11-01,CC-103,Sales,Digital Commerce,MENA,Actual,Actual,Synthetic ERP,A6600,16865.16
2025-11-01,CC-201,Sales,Retail Stores,Türkiye,Actual,Actual,Synthetic ERP,A4010,23133400.39
2025-11-01,CC-201,Sales,Retail Stores,Türkiye,Actual,Actual,Synthetic ERP,A5000,10690691.65
2025-11-01,CC-201,Sales,Retail Stores,Türkiye,Actual,Actual,Synthetic ERP,A5010,461964.27
2025-11-01,CC-201,Sales,Retail Stores,Türkiye,Actual,Actual,Synthetic ERP,A5020,573314.47
2025-11-01,CC-201,Sales,Retail Stores,Türkiye,Actual,Actual,Synthetic ERP,A6000,2471894.84
2025-11-01,CC-201,Sales,Retail Stores,Türkiye,Actual,Actual,Synthetic ERP,A6010,457300.55
2025-11-01,CC-201,Sales,Retail Stores,Türkiye,Actual,Actual,Synthetic ERP,A6100,467291.55
2025-11-01,CC-201,Sales,Retail Stores,Türkiye,Actual,Actual,Synthetic ERP,A6200,418256.83
2025-11-01,CC-201,Sales,Retail Stores,Türkiye,Actual,Actual,Synthetic ERP,A6300,323539.67
2025-11-01,CC-201,Sales,Retail Stores,Türkiye,Actual,Actual,Synthetic ERP,A6400,418466.22
2025-11-01,CC-201,Sales,Retail Stores,Türkiye,Actual,Actual,Synthetic ERP,A6500,79047.93
2025-11-01,CC-201,Sales,Retail Stores,Türkiye,Actual,Actual,Synthetic ERP,A6600,57820.32
2025-11-01,CC-201,Sales,Retail Stores,Türkiye,Actual,Actual,Synthetic ERP,A6700,107500.0
2025-11-01,CC-202,Sales,Retail Stores,Türkiye,Actual,Actual,Synthetic ERP,A4010,16043928.31
2025-11-01,CC-202,Sales,Retail Stores,Türkiye,Actual,Actual,Synthetic ERP,A5000,7460628.59
2025-11-01,CC-202,Sales,Retail Stores,Türkiye,Actual,Actual,Synthetic ERP,A5010,286556.78
2025-11-01,CC-202,Sales,Retail Stores,Türkiye,Actual,Actual,Synthetic ERP,A5020,440771.87
2025-11-01,CC-202,Sales,Retail Stores,Türkiye,Actual,Actual,Synthetic ERP,A6000,1744486.41
2025-11-01,CC-202,Sales,Retail Stores,Türkiye,Actual,Actual,Synthetic ERP,A6010,322729.99
2025-11-01,CC-202,Sales,Retail Stores,Türkiye,Actual,Actual,Synthetic ERP,A6100,332777.39
2025-11-01,CC-202,Sales,Retail Stores,Türkiye,Actual,Actual,Synthetic ERP,A6200,288424.53
2025-11-01,CC-202,Sales,Retail Stores,Türkiye,Actual,Actual,Synthetic ERP,A6300,257860.26
2025-11-01,CC-202,Sales,Retail Stores,Türkiye,Actual,Actual,Synthetic ERP,A6400,330688.11
2025-11-01,CC-202,Sales,Retail Stores,Türkiye,Actual,Actual,Synthetic ERP,A6500,66396.73
2025-11-01,CC-202,Sales,Retail Stores,Türkiye,Actual,Actual,Synthetic ERP,A6600,40397.42
2025-11-01,CC-202,Sales,Retail Stores,Türkiye,Actual,Actual,Synthetic ERP,A6700,134166.67
2025-11-01,CC-301,Sales,Wholesale,Türkiye,Actual,Actual,Synthetic ERP,A4020,18658363.76
2025-11-01,CC-301,Sales,Wholesale,Türkiye,Actual,Actual,Synthetic ERP,A5000,10613362.03
2025-11-01,CC-301,Sales,Wholesale,Türkiye,Actual,Actual,Synthetic ERP,A5010,185735.04
2025-11-01,CC-301,Sales,Wholesale,Türkiye,Actual,Actual,Synthetic ERP,A5020,284218.67
2025-11-01,CC-301,Sales,Wholesale,Türkiye,Actual,Actual,Synthetic ERP,A6000,1205789.04
2025-11-01,CC-301,Sales,Wholesale,Türkiye,Actual,Actual,Synthetic ERP,A6010,223070.97
2025-11-01,CC-301,Sales,Wholesale,Türkiye,Actual,Actual,Synthetic ERP,A6100,368922.81
2025-11-01,CC-301,Sales,Wholesale,Türkiye,Actual,Actual,Synthetic ERP,A6200,183165.11
2025-11-01,CC-301,Sales,Wholesale,Türkiye,Actual,Actual,Synthetic ERP,A6300,137508.92
2025-11-01,CC-301,Sales,Wholesale,Türkiye,Actual,Actual,Synthetic ERP,A6400,67197.68
2025-11-01,CC-301,Sales,Wholesale,Türkiye,Actual,Actual,Synthetic ERP,A6500,34461.69
2025-11-01,CC-301,Sales,Wholesale,Türkiye,Actual,Actual,Synthetic ERP,A6600,26779.89
2025-11-01,CC-302,Sales,Wholesale,Europe,Actual,Actual,Synthetic ERP,A4020,15751465.83
2025-11-01,CC-302,Sales,Wholesale,Europe,Actual,Actual,Synthetic ERP,A5000,9253177.34
2025-11-01,CC-302,Sales,Wholesale,Europe,Actual,Actual,Synthetic ERP,A5010,187677.97
2025-11-01,CC-302,Sales,Wholesale,Europe,Actual,Actual,Synthetic ERP,A5020,286321.33
2025-11-01,CC-302,Sales,Wholesale,Europe,Actual,Actual,Synthetic ERP,A6000,918791.6
2025-11-01,CC-302,Sales,Wholesale,Europe,Actual,Actual,Synthetic ERP,A6010,169976.45
2025-11-01,CC-302,Sales,Wholesale,Europe,Actual,Actual,Synthetic ERP,A6100,313439.37
2025-11-01,CC-302,Sales,Wholesale,Europe,Actual,Actual,Synthetic ERP,A6200,158654.57
2025-11-01,CC-302,Sales,Wholesale,Europe,Actual,Actual,Synthetic ERP,A6300,110520.5
2025-11-01,CC-302,Sales,Wholesale,Europe,Actual,Actual,Synthetic ERP,A6400,54424.19
2025-11-01,CC-302,Sales,Wholesale,Europe,Actual,Actual,Synthetic ERP,A6500,31294.43
2025-11-01,CC-302,Sales,Wholesale,Europe,Actual,Actual,Synthetic ERP,A6600,19813.48
2025-11-01,CC-401,Customer Success,Subscription Services,Türkiye,Actual,Actual,Synthetic ERP,A4030,7731528.07
2025-11-01,CC-401,Customer Success,Subscription Services,Türkiye,Actual,Actual,Synthetic ERP,A5000,1650158.33
2025-11-01,CC-401,Customer Success,Subscription Services,Türkiye,Actual,Actual,Synthetic ERP,A5010,192085.44
2025-11-01,CC-401,Customer Success,Subscription Services,Türkiye,Actual,Actual,Synthetic ERP,A5020,137693.24
2025-11-01,CC-401,Customer Success,Subscription Services,Türkiye,Actual,Actual,Synthetic ERP,A6000,1492423.21
2025-11-01,CC-401,Customer Success,Subscription Services,Türkiye,Actual,Actual,Synthetic ERP,A6010,276098.29
2025-11-01,CC-401,Customer Success,Subscription Services,Türkiye,Actual,Actual,Synthetic ERP,A6100,408710.73
2025-11-01,CC-401,Customer Success,Subscription Services,Türkiye,Actual,Actual,Synthetic ERP,A6200,78107.67
2025-11-01,CC-401,Customer Success,Subscription Services,Türkiye,Actual,Actual,Synthetic ERP,A6300,801691.68
2025-11-01,CC-401,Customer Success,Subscription Services,Türkiye,Actual,Actual,Synthetic ERP,A6400,88337.44
2025-11-01,CC-401,Customer Success,Subscription Services,Türkiye,Actual,Actual,Synthetic ERP,A6500,47750.28
2025-11-01,CC-401,Customer Success,Subscription Services,Türkiye,Actual,Actual,Synthetic ERP,A6600,30101.73
2025-11-01,CC-401,Customer Success,Subscription Services,Türkiye,Actual,Actual,Synthetic ERP,A6700,194791.67
2025-11-01,CC-501,Marketing,Shared Services,Global,Actual,Actual,Synthetic ERP,A6000,1720046.95
2025-11-01,CC-501,Marketing,Shared Services,Global,Actual,Actual,Synthetic ERP,A6010,318208.69
2025-11-01,CC-501,Marketing,Shared Services,Global,Actual,Actual,Synthetic ERP,A6100,4286959.91
2025-11-01,CC-501,Marketing,Shared Services,Global,Actual,Actual,Synthetic ERP,A6300,272403.11
2025-11-01,CC-501,Marketing,Shared Services,Global,Actual,Actual,Synthetic ERP,A6400,97177.75
2025-11-01,CC-501,Marketing,Shared Services,Global,Actual,Actual,Synthetic ERP,A6500,345608.89
2025-11-01,CC-501,Marketing,Shared Services,Global,Actual,Actual,Synthetic ERP,A6600,160351.76
2025-11-01,CC-601,Operations,Shared Services,Türkiye,Actual,Actual,Synthetic ERP,A6000,2512566.43
2025-11-01,CC-601,Operations,Shared Services,Türkiye,Actual,Actual,Synthetic ERP,A6010,464824.79
2025-11-01,CC-601,Operations,Shared Services,Türkiye,Actual,Actual,Synthetic ERP,A6200,4835201.49
2025-11-01,CC-601,Operations,Shared Services,Türkiye,Actual,Actual,Synthetic ERP,A6300,458482.63
2025-11-01,CC-601,Operations,Shared Services,Türkiye,Actual,Actual,Synthetic ERP,A6400,1254794.28
2025-11-01,CC-601,Operations,Shared Services,Türkiye,Actual,Actual,Synthetic ERP,A6500,282344.68
2025-11-01,CC-601,Operations,Shared Services,Türkiye,Actual,Actual,Synthetic ERP,A6600,128623.66
2025-11-01,CC-601,Operations,Shared Services,Türkiye,Actual,Actual,Synthetic ERP,A6700,220833.33
2025-11-01,CC-701,Technology,Shared Services,Global,Actual,Actual,Synthetic ERP,A6000,2465785.98
2025-11-01,CC-701,Technology,Shared Services,Global,Actual,Actual,Synthetic ERP,A6010,456170.41
2025-11-01,CC-701,Technology,Shared Services,Global,Actual,Actual,Synthetic ERP,A6300,4329461.22
2025-11-01,CC-701,Technology,Shared Services,Global,Actual,Actual,Synthetic ERP,A6400,283938.73
2025-11-01,CC-701,Technology,Shared Services,Global,Actual,Actual,Synthetic ERP,A6500,1115056.87
2025-11-01,CC-701,Technology,Shared Services,Global,Actual,Actual,Synthetic ERP,A6600,207846.34
2025-11-01,CC-701,Technology,Shared Services,Global,Actual,Actual,Synthetic ERP,A6700,426041.67
2025-11-01,CC-801,Finance & Corporate,Shared Services,Global,Actual,Actual,Synthetic ERP,A6000,2204963.46
2025-11-01,CC-801,Finance & Corporate,Shared Services,Global,Actual,Actual,Synthetic ERP,A6010,407918.24
2025-11-01,CC-801,Finance & Corporate,Shared Services,Global,Actual,Actual,Synthetic ERP,A6300,716396.49
2025-11-01,CC-801,Finance & Corporate,Shared Services,Global,Actual,Actual,Synthetic ERP,A6400,1486016.6
2025-11-01,CC-801,Finance & Corporate,Shared Services,Global,Actual,Actual,Synthetic ERP,A6500,1658886.75
2025-11-01,CC-801,Finance & Corporate,Shared Services,Global,Actual,Actual,Synthetic ERP,A6600,358873.23
2025-11-01,CC-801,Finance & Corporate,Shared Services,Global,Actual,Actual,Synthetic ERP,A6800,471912.0
2025-11-01,CC-801,Finance & Corporate,Shared Services,Global,Actual,Actual,Synthetic ERP,A6900,4631417.53
2025-12-01,CC-101,Sales,Digital Commerce,Türkiye,Actual,Actual,Synthetic ERP,A4000,41389364.01
2025-12-01,CC-101,Sales,Digital Commerce,Türkiye,Actual,Actual,Synthetic ERP,A5000,15597010.24
2025-12-01,CC-101,Sales,Digital Commerce,Türkiye,Actual,Actual,Synthetic ERP,A5010,1146392.75
2025-12-01,CC-101,Sales,Digital Commerce,Türkiye,Actual,Actual,Synthetic ERP,A5020,1230918.92
2025-12-01,CC-101,Sales,Digital Commerce,Türkiye,Actual,Actual,Synthetic ERP,A6000,1905120.28
2025-12-01,CC-101,Sales,Digital Commerce,Türkiye,Actual,Actual,Synthetic ERP,A6010,352447.25
2025-12-01,CC-101,Sales,Digital Commerce,Türkiye,Actual,Actual,Synthetic ERP,A6100,2053180.86
2025-12-01,CC-101,Sales,Digital Commerce,Türkiye,Actual,Actual,Synthetic ERP,A6200,731269.59
2025-12-01,CC-101,Sales,Digital Commerce,Türkiye,Actual,Actual,Synthetic ERP,A6300,243942.05
2025-12-01,CC-101,Sales,Digital Commerce,Türkiye,Actual,Actual,Synthetic ERP,A6400,123121.29
2025-12-01,CC-101,Sales,Digital Commerce,Türkiye,Actual,Actual,Synthetic ERP,A6500,65196.83
2025-12-01,CC-101,Sales,Digital Commerce,Türkiye,Actual,Actual,Synthetic ERP,A6600,41955.19
2025-12-01,CC-102,Sales,Digital Commerce,Europe,Actual,Actual,Synthetic ERP,A4000,24952111.9
2025-12-01,CC-102,Sales,Digital Commerce,Europe,Actual,Actual,Synthetic ERP,A5000,10062322.78
2025-12-01,CC-102,Sales,Digital Commerce,Europe,Actual,Actual,Synthetic ERP,A5010,783346.91
2025-12-01,CC-102,Sales,Digital Commerce,Europe,Actual,Actual,Synthetic ERP,A5020,795586.4
2025-12-01,CC-102,Sales,Digital Commerce,Europe,Actual,Actual,Synthetic ERP,A6000,1557074.06
2025-12-01,CC-102,Sales,Digital Commerce,Europe,Actual,Actual,Synthetic ERP,A6010,288058.7
2025-12-01,CC-102,Sales,Digital Commerce,Europe,Actual,Actual,Synthetic ERP,A6100,1256781.76
2025-12-01,CC-102,Sales,Digital Commerce,Europe,Actual,Actual,Synthetic ERP,A6200,453245.63
2025-12-01,CC-102,Sales,Digital Commerce,Europe,Actual,Actual,Synthetic ERP,A6300,147864.57
2025-12-01,CC-102,Sales,Digital Commerce,Europe,Actual,Actual,Synthetic ERP,A6400,76085.12
2025-12-01,CC-102,Sales,Digital Commerce,Europe,Actual,Actual,Synthetic ERP,A6500,43548.65
2025-12-01,CC-102,Sales,Digital Commerce,Europe,Actual,Actual,Synthetic ERP,A6600,24419.19
2025-12-01,CC-103,Sales,Digital Commerce,MENA,Actual,Actual,Synthetic ERP,A4000,16077335.29
2025-12-01,CC-103,Sales,Digital Commerce,MENA,Actual,Actual,Synthetic ERP,A5000,6861019.2
2025-12-01,CC-103,Sales,Digital Commerce,MENA,Actual,Actual,Synthetic ERP,A5010,846463.91
2025-12-01,CC-103,Sales,Digital Commerce,MENA,Actual,Actual,Synthetic ERP,A5020,573042.16
2025-12-01,CC-103,Sales,Digital Commerce,MENA,Actual,Actual,Synthetic ERP,A6000,880468.52
2025-12-01,CC-103,Sales,Digital Commerce,MENA,Actual,Actual,Synthetic ERP,A6010,162886.68
2025-12-01,CC-103,Sales,Digital Commerce,MENA,Actual,Actual,Synthetic ERP,A6100,792522.02
2025-12-01,CC-103,Sales,Digital Commerce,MENA,Actual,Actual,Synthetic ERP,A6200,294796.01
2025-12-01,CC-103,Sales,Digital Commerce,MENA,Actual,Actual,Synthetic ERP,A6300,95257.0
2025-12-01,CC-103,Sales,Digital Commerce,MENA,Actual,Actual,Synthetic ERP,A6400,47004.17
2025-12-01,CC-103,Sales,Digital Commerce,MENA,Actual,Actual,Synthetic ERP,A6500,22079.63
2025-12-01,CC-103,Sales,Digital Commerce,MENA,Actual,Actual,Synthetic ERP,A6600,14763.11
2025-12-01,CC-201,Sales,Retail Stores,Türkiye,Actual,Actual,Synthetic ERP,A4010,26925818.23
2025-12-01,CC-201,Sales,Retail Stores,Türkiye,Actual,Actual,Synthetic ERP,A5000,12394550.57
2025-12-01,CC-201,Sales,Retail Stores,Türkiye,Actual,Actual,Synthetic ERP,A5010,542864.8
2025-12-01,CC-201,Sales,Retail Stores,Türkiye,Actual,Actual,Synthetic ERP,A5020,682217.84
2025-12-01,CC-201,Sales,Retail Stores,Türkiye,Actual,Actual,Synthetic ERP,A6000,2368469.61
2025-12-01,CC-201,Sales,Retail Stores,Türkiye,Actual,Actual,Synthetic ERP,A6010,438166.88
2025-12-01,CC-201,Sales,Retail Stores,Türkiye,Actual,Actual,Synthetic ERP,A6100,542035.4
2025-12-01,CC-201,Sales,Retail Stores,Türkiye,Actual,Actual,Synthetic ERP,A6200,489835.96
2025-12-01,CC-201,Sales,Retail Stores,Türkiye,Actual,Actual,Synthetic ERP,A6300,332690.99
2025-12-01,CC-201,Sales,Retail Stores,Türkiye,Actual,Actual,Synthetic ERP,A6400,410598.17
2025-12-01,CC-201,Sales,Retail Stores,Türkiye,Actual,Actual,Synthetic ERP,A6500,87174.72
2025-12-01,CC-201,Sales,Retail Stores,Türkiye,Actual,Actual,Synthetic ERP,A6600,50657.42
2025-12-01,CC-201,Sales,Retail Stores,Türkiye,Actual,Actual,Synthetic ERP,A6700,107500.0
2025-12-01,CC-202,Sales,Retail Stores,Türkiye,Actual,Actual,Synthetic ERP,A4010,19563981.19
2025-12-01,CC-202,Sales,Retail Stores,Türkiye,Actual,Actual,Synthetic ERP,A5000,9411789.48
2025-12-01,CC-202,Sales,Retail Stores,Türkiye,Actual,Actual,Synthetic ERP,A5010,357034.75
2025-12-01,CC-202,Sales,Retail Stores,Türkiye,Actual,Actual,Synthetic ERP,A5020,519851.88
2025-12-01,CC-202,Sales,Retail Stores,Türkiye,Actual,Actual,Synthetic ERP,A6000,1789513.39
2025-12-01,CC-202,Sales,Retail Stores,Türkiye,Actual,Actual,Synthetic ERP,A6010,331059.98
2025-12-01,CC-202,Sales,Retail Stores,Türkiye,Actual,Actual,Synthetic ERP,A6100,386562.85
2025-12-01,CC-202,Sales,Retail Stores,Türkiye,Actual,Actual,Synthetic ERP,A6200,347563.23
2025-12-01,CC-202,Sales,Retail Stores,Türkiye,Actual,Actual,Synthetic ERP,A6300,253303.86
2025-12-01,CC-202,Sales,Retail Stores,Türkiye,Actual,Actual,Synthetic ERP,A6400,335164.48
2025-12-01,CC-202,Sales,Retail Stores,Türkiye,Actual,Actual,Synthetic ERP,A6500,65254.46
2025-12-01,CC-202,Sales,Retail Stores,Türkiye,Actual,Actual,Synthetic ERP,A6600,46149.61
2025-12-01,CC-202,Sales,Retail Stores,Türkiye,Actual,Actual,Synthetic ERP,A6700,134166.67
2025-12-01,CC-301,Sales,Wholesale,Türkiye,Actual,Actual,Synthetic ERP,A4020,17244715.41
2025-12-01,CC-301,Sales,Wholesale,Türkiye,Actual,Actual,Synthetic ERP,A5000,9809417.31
2025-12-01,CC-301,Sales,Wholesale,Türkiye,Actual,Actual,Synthetic ERP,A5010,169947.29
2025-12-01,CC-301,Sales,Wholesale,Türkiye,Actual,Actual,Synthetic ERP,A5020,261753.87
2025-12-01,CC-301,Sales,Wholesale,Türkiye,Actual,Actual,Synthetic ERP,A6000,1186668.25
2025-12-01,CC-301,Sales,Wholesale,Türkiye,Actual,Actual,Synthetic ERP,A6010,219533.63
2025-12-01,CC-301,Sales,Wholesale,Türkiye,Actual,Actual,Synthetic ERP,A6100,336378.0
2025-12-01,CC-301,Sales,Wholesale,Türkiye,Actual,Actual,Synthetic ERP,A6200,172009.21
2025-12-01,CC-301,Sales,Wholesale,Türkiye,Actual,Actual,Synthetic ERP,A6300,135702.8
2025-12-01,CC-301,Sales,Wholesale,Türkiye,Actual,Actual,Synthetic ERP,A6400,68388.59
2025-12-01,CC-301,Sales,Wholesale,Türkiye,Actual,Actual,Synthetic ERP,A6500,37795.18
2025-12-01,CC-301,Sales,Wholesale,Türkiye,Actual,Actual,Synthetic ERP,A6600,23842.72
2025-12-01,CC-302,Sales,Wholesale,Europe,Actual,Actual,Synthetic ERP,A4020,14772690.12
2025-12-01,CC-302,Sales,Wholesale,Europe,Actual,Actual,Synthetic ERP,A5000,8684501.65
2025-12-01,CC-302,Sales,Wholesale,Europe,Actual,Actual,Synthetic ERP,A5010,173414.9
2025-12-01,CC-302,Sales,Wholesale,Europe,Actual,Actual,Synthetic ERP,A5020,265869.52
2025-12-01,CC-302,Sales,Wholesale,Europe,Actual,Actual,Synthetic ERP,A6000,835146.1
2025-12-01,CC-302,Sales,Wholesale,Europe,Actual,Actual,Synthetic ERP,A6010,154502.03
2025-12-01,CC-302,Sales,Wholesale,Europe,Actual,Actual,Synthetic ERP,A6100,291900.56
2025-12-01,CC-302,Sales,Wholesale,Europe,Actual,Actual,Synthetic ERP,A6200,150343.04
2025-12-01,CC-302,Sales,Wholesale,Europe,Actual,Actual,Synthetic ERP,A6300,109377.69
2025-12-01,CC-302,Sales,Wholesale,Europe,Actual,Actual,Synthetic ERP,A6400,54991.78
2025-12-01,CC-302,Sales,Wholesale,Europe,Actual,Actual,Synthetic ERP,A6500,28223.98
2025-12-01,CC-302,Sales,Wholesale,Europe,Actual,Actual,Synthetic ERP,A6600,19076.62
2025-12-01,CC-401,Customer Success,Subscription Services,Türkiye,Actual,Actual,Synthetic ERP,A4030,8079889.32
2025-12-01,CC-401,Customer Success,Subscription Services,Türkiye,Actual,Actual,Synthetic ERP,A5000,1693954.91
2025-12-01,CC-401,Customer Success,Subscription Services,Türkiye,Actual,Actual,Synthetic ERP,A5010,197160.41
2025-12-01,CC-401,Customer Success,Subscription Services,Türkiye,Actual,Actual,Synthetic ERP,A5020,148425.36
2025-12-01,CC-401,Customer Success,Subscription Services,Türkiye,Actual,Actual,Synthetic ERP,A6000,1486616.33
2025-12-01,CC-401,Customer Success,Subscription Services,Türkiye,Actual,Actual,Synthetic ERP,A6010,275024.02
2025-12-01,CC-401,Customer Success,Subscription Services,Türkiye,Actual,Actual,Synthetic ERP,A6100,429859.14
2025-12-01,CC-401,Customer Success,Subscription Services,Türkiye,Actual,Actual,Synthetic ERP,A6200,80117.34
2025-12-01,CC-401,Customer Success,Subscription Services,Türkiye,Actual,Actual,Synthetic ERP,A6300,837470.16
2025-12-01,CC-401,Customer Success,Subscription Services,Türkiye,Actual,Actual,Synthetic ERP,A6400,88307.07
2025-12-01,CC-401,Customer Success,Subscription Services,Türkiye,Actual,Actual,Synthetic ERP,A6500,52275.41
2025-12-01,CC-401,Customer Success,Subscription Services,Türkiye,Actual,Actual,Synthetic ERP,A6600,27091.04
2025-12-01,CC-401,Customer Success,Subscription Services,Türkiye,Actual,Actual,Synthetic ERP,A6700,194791.67
2025-12-01,CC-501,Marketing,Shared Services,Global,Actual,Actual,Synthetic ERP,A6000,1731130.26
2025-12-01,CC-501,Marketing,Shared Services,Global,Actual,Actual,Synthetic ERP,A6010,320259.1
2025-12-01,CC-501,Marketing,Shared Services,Global,Actual,Actual,Synthetic ERP,A6100,4102139.44
2025-12-01,CC-501,Marketing,Shared Services,Global,Actual,Actual,Synthetic ERP,A6300,277380.43
2025-12-01,CC-501,Marketing,Shared Services,Global,Actual,Actual,Synthetic ERP,A6400,97922.33
2025-12-01,CC-501,Marketing,Shared Services,Global,Actual,Actual,Synthetic ERP,A6500,376364.0
2025-12-01,CC-501,Marketing,Shared Services,Global,Actual,Actual,Synthetic ERP,A6600,157600.64
2025-12-01,CC-601,Operations,Shared Services,Türkiye,Actual,Actual,Synthetic ERP,A6000,2559757.26
2025-12-01,CC-601,Operations,Shared Services,Türkiye,Actual,Actual,Synthetic ERP,A6010,473555.09
2025-12-01,CC-601,Operations,Shared Services,Türkiye,Actual,Actual,Synthetic ERP,A6200,4882355.72
2025-12-01,CC-601,Operations,Shared Services,Türkiye,Actual,Actual,Synthetic ERP,A6300,481099.78
2025-12-01,CC-601,Operations,Shared Services,Türkiye,Actual,Actual,Synthetic ERP,A6400,1286021.62
2025-12-01,CC-601,Operations,Shared Services,Türkiye,Actual,Actual,Synthetic ERP,A6500,274978.35
2025-12-01,CC-601,Operations,Shared Services,Türkiye,Actual,Actual,Synthetic ERP,A6600,145917.09
2025-12-01,CC-601,Operations,Shared Services,Türkiye,Actual,Actual,Synthetic ERP,A6700,220833.33
2025-12-01,CC-701,Technology,Shared Services,Global,Actual,Actual,Synthetic ERP,A6000,2552472.19
2025-12-01,CC-701,Technology,Shared Services,Global,Actual,Actual,Synthetic ERP,A6010,472207.36
2025-12-01,CC-701,Technology,Shared Services,Global,Actual,Actual,Synthetic ERP,A6300,4182815.44
2025-12-01,CC-701,Technology,Shared Services,Global,Actual,Actual,Synthetic ERP,A6400,290236.61
2025-12-01,CC-701,Technology,Shared Services,Global,Actual,Actual,Synthetic ERP,A6500,1057469.56
2025-12-01,CC-701,Technology,Shared Services,Global,Actual,Actual,Synthetic ERP,A6600,222683.2
2025-12-01,CC-701,Technology,Shared Services,Global,Actual,Actual,Synthetic ERP,A6700,426041.67
2025-12-01,CC-801,Finance & Corporate,Shared Services,Global,Actual,Actual,Synthetic ERP,A6000,2157868.35
2025-12-01,CC-801,Finance & Corporate,Shared Services,Global,Actual,Actual,Synthetic ERP,A6010,399205.64
2025-12-01,CC-801,Finance & Corporate,Shared Services,Global,Actual,Actual,Synthetic ERP,A6300,714107.37
2025-12-01,CC-801,Finance & Corporate,Shared Services,Global,Actual,Actual,Synthetic ERP,A6400,1488324.02
2025-12-01,CC-801,Finance & Corporate,Shared Services,Global,Actual,Actual,Synthetic ERP,A6500,1513087.57
2025-12-01,CC-801,Finance & Corporate,Shared Services,Global,Actual,Actual,Synthetic ERP,A6600,343957.21
2025-12-01,CC-801,Finance & Corporate,Shared Services,Global,Actual,Actual,Synthetic ERP,A6800,471912.0
2025-12-01,CC-801,Finance & Corporate,Shared Services,Global,Actual,Actual,Synthetic ERP,A6900,6158239.21
2026-01-01,CC-101,Sales,Digital Commerce,Türkiye,Actual,Actual,Synthetic ERP,A4000,26780679.15
2026-01-01,CC-101,Sales,Digital Commerce,Türkiye,Actual,Actual,Synthetic ERP,A5000,10158974.07
2026-01-01,CC-101,Sales,Digital Commerce,Türkiye,Actual,Actual,Synthetic ERP,A5010,738417.26
2026-01-01,CC-101,Sales,Digital Commerce,Türkiye,Actual,Actual,Synthetic ERP,A5020,808476.69
2026-01-01,CC-101,Sales,Digital Commerce,Türkiye,Actual,Actual,Synthetic ERP,A6000,1894657.55
2026-01-01,CC-101,Sales,Digital Commerce,Türkiye,Actual,Actual,Synthetic ERP,A6010,350511.65
2026-01-01,CC-101,Sales,Digital Commerce,Türkiye,Actual,Actual,Synthetic ERP,A6100,1333592.31
2026-01-01,CC-101,Sales,Digital Commerce,Türkiye,Actual,Actual,Synthetic ERP,A6200,474668.47
2026-01-01,CC-101,Sales,Digital Commerce,Türkiye,Actual,Actual,Synthetic ERP,A6300,259859.41
2026-01-01,CC-101,Sales,Digital Commerce,Türkiye,Actual,Actual,Synthetic ERP,A6400,129334.86
2026-01-01,CC-101,Sales,Digital Commerce,Türkiye,Actual,Actual,Synthetic ERP,A6500,67483.5
2026-01-01,CC-101,Sales,Digital Commerce,Türkiye,Actual,Actual,Synthetic ERP,A6600,44510.25
2026-01-01,CC-102,Sales,Digital Commerce,Europe,Actual,Actual,Synthetic ERP,A4000,16931045.26
2026-01-01,CC-102,Sales,Digital Commerce,Europe,Actual,Actual,Synthetic ERP,A5000,6755152.19
2026-01-01,CC-102,Sales,Digital Commerce,Europe,Actual,Actual,Synthetic ERP,A5010,540058.49
2026-01-01,CC-102,Sales,Digital Commerce,Europe,Actual,Actual,Synthetic ERP,A5020,539583.47
2026-01-01,CC-102,Sales,Digital Commerce,Europe,Actual,Actual,Synthetic ERP,A6000,1568567.81
2026-01-01,CC-102,Sales,Digital Commerce,Europe,Actual,Actual,Synthetic ERP,A6010,290185.04
2026-01-01,CC-102,Sales,Digital Commerce,Europe,Actual,Actual,Synthetic ERP,A6100,792423.03
2026-01-01,CC-102,Sales,Digital Commerce,Europe,Actual,Actual,Synthetic ERP,A6200,307060.74
2026-01-01,CC-102,Sales,Digital Commerce,Europe,Actual,Actual,Synthetic ERP,A6300,155032.01
2026-01-01,CC-102,Sales,Digital Commerce,Europe,Actual,Actual,Synthetic ERP,A6400,78252.03
2026-01-01,CC-102,Sales,Digital Commerce,Europe,Actual,Actual,Synthetic ERP,A6500,43745.59
2026-01-01,CC-102,Sales,Digital Commerce,Europe,Actual,Actual,Synthetic ERP,A6600,26780.0
2026-01-01,CC-103,Sales,Digital Commerce,MENA,Actual,Actual,Synthetic ERP,A4000,10565794.25
2026-01-01,CC-103,Sales,Digital Commerce,MENA,Actual,Actual,Synthetic ERP,A5000,4413879.78
2026-01-01,CC-103,Sales,Digital Commerce,MENA,Actual,Actual,Synthetic ERP,A5010,547714.7
2026-01-01,CC-103,Sales,Digital Commerce,MENA,Actual,Actual,Synthetic ERP,A5020,371015.05
2026-01-01,CC-103,Sales,Digital Commerce,MENA,Actual,Actual,Synthetic ERP,A6000,879883.49
2026-01-01,CC-103,Sales,Digital Commerce,MENA,Actual,Actual,Synthetic ERP,A6010,162778.45
2026-01-01,CC-103,Sales,Digital Commerce,MENA,Actual,Actual,Synthetic ERP,A6100,534061.54
2026-01-01,CC-103,Sales,Digital Commerce,MENA,Actual,Actual,Synthetic ERP,A6200,190490.74
2026-01-01,CC-103,Sales,Digital Commerce,MENA,Actual,Actual,Synthetic ERP,A6300,102517.4
2026-01-01,CC-103,Sales,Digital Commerce,MENA,Actual,Actual,Synthetic ERP,A6400,50745.66
2026-01-01,CC-103,Sales,Digital Commerce,MENA,Actual,Actual,Synthetic ERP,A6500,27901.4
2026-01-01,CC-103,Sales,Digital Commerce,MENA,Actual,Actual,Synthetic ERP,A6600,16835.54
2026-01-01,CC-201,Sales,Retail Stores,Türkiye,Actual,Actual,Synthetic ERP,A4010,18491630.92
2026-01-01,CC-201,Sales,Retail Stores,Türkiye,Actual,Actual,Synthetic ERP,A5000,8408378.69
2026-01-01,CC-201,Sales,Retail Stores,Türkiye,Actual,Actual,Synthetic ERP,A5010,369379.05
2026-01-01,CC-201,Sales,Retail Stores,Türkiye,Actual,Actual,Synthetic ERP,A5020,466928.24
2026-01-01,CC-201,Sales,Retail Stores,Türkiye,Actual,Actual,Synthetic ERP,A6000,2362715.72
2026-01-01,CC-201,Sales,Retail Stores,Türkiye,Actual,Actual,Synthetic ERP,A6010,437102.41
2026-01-01,CC-201,Sales,Retail Stores,Türkiye,Actual,Actual,Synthetic ERP,A6100,371315.77
2026-01-01,CC-201,Sales,Retail Stores,Türkiye,Actual,Actual,Synthetic ERP,A6200,335615.78
2026-01-01,CC-201,Sales,Retail Stores,Türkiye,Actual,Actual,Synthetic ERP,A6300,345136.35
2026-01-01,CC-201,Sales,Retail Stores,Türkiye,Actual,Actual,Synthetic ERP,A6400,443088.27
2026-01-01,CC-201,Sales,Retail Stores,Türkiye,Actual,Actual,Synthetic ERP,A6500,94956.18
2026-01-01,CC-201,Sales,Retail Stores,Türkiye,Actual,Actual,Synthetic ERP,A6600,53933.61
2026-01-01,CC-201,Sales,Retail Stores,Türkiye,Actual,Actual,Synthetic ERP,A6700,107500.0
2026-01-01,CC-202,Sales,Retail Stores,Türkiye,Actual,Actual,Synthetic ERP,A4010,11882689.41
2026-01-01,CC-202,Sales,Retail Stores,Türkiye,Actual,Actual,Synthetic ERP,A5000,5559159.04
2026-01-01,CC-202,Sales,Retail Stores,Türkiye,Actual,Actual,Synthetic ERP,A5010,213269.19
2026-01-01,CC-202,Sales,Retail Stores,Türkiye,Actual,Actual,Synthetic ERP,A5020,318903.21
2026-01-01,CC-202,Sales,Retail Stores,Türkiye,Actual,Actual,Synthetic ERP,A6000,1684844.84
2026-01-01,CC-202,Sales,Retail Stores,Türkiye,Actual,Actual,Synthetic ERP,A6010,311696.3
2026-01-01,CC-202,Sales,Retail Stores,Türkiye,Actual,Actual,Synthetic ERP,A6100,236318.99
2026-01-01,CC-202,Sales,Retail Stores,Türkiye,Actual,Actual,Synthetic ERP,A6200,214935.73
2026-01-01,CC-202,Sales,Retail Stores,Türkiye,Actual,Actual,Synthetic ERP,A6300,276050.28
2026-01-01,CC-202,Sales,Retail Stores,Türkiye,Actual,Actual,Synthetic ERP,A6400,350798.79
2026-01-01,CC-202,Sales,Retail Stores,Türkiye,Actual,Actual,Synthetic ERP,A6500,72279.8
2026-01-01,CC-202,Sales,Retail Stores,Türkiye,Actual,Actual,Synthetic ERP,A6600,46981.74
2026-01-01,CC-202,Sales,Retail Stores,Türkiye,Actual,Actual,Synthetic ERP,A6700,134166.67
2026-01-01,CC-301,Sales,Wholesale,Türkiye,Actual,Actual,Synthetic ERP,A4020,17453493.22
2026-01-01,CC-301,Sales,Wholesale,Türkiye,Actual,Actual,Synthetic ERP,A5000,9993755.64
2026-01-01,CC-301,Sales,Wholesale,Türkiye,Actual,Actual,Synthetic ERP,A5010,174321.57
2026-01-01,CC-301,Sales,Wholesale,Türkiye,Actual,Actual,Synthetic ERP,A5020,257455.49
2026-01-01,CC-301,Sales,Wholesale,Türkiye,Actual,Actual,Synthetic ERP,A6000,1169105.39
2026-01-01,CC-301,Sales,Wholesale,Türkiye,Actual,Actual,Synthetic ERP,A6010,216284.5
2026-01-01,CC-301,Sales,Wholesale,Türkiye,Actual,Actual,Synthetic ERP,A6100,350522.58
2026-01-01,CC-301,Sales,Wholesale,Türkiye,Actual,Actual,Synthetic ERP,A6200,174148.8
2026-01-01,CC-301,Sales,Wholesale,Türkiye,Actual,Actual,Synthetic ERP,A6300,142925.9
2026-01-01,CC-301,Sales,Wholesale,Türkiye,Actual,Actual,Synthetic ERP,A6400,71049.47
2026-01-01,CC-301,Sales,Wholesale,Türkiye,Actual,Actual,Synthetic ERP,A6500,38407.33
2026-01-01,CC-301,Sales,Wholesale,Türkiye,Actual,Actual,Synthetic ERP,A6600,24738.03
2026-01-01,CC-302,Sales,Wholesale,Europe,Actual,Actual,Synthetic ERP,A4020,14196961.19
2026-01-01,CC-302,Sales,Wholesale,Europe,Actual,Actual,Synthetic ERP,A5000,8362194.76
2026-01-01,CC-302,Sales,Wholesale,Europe,Actual,Actual,Synthetic ERP,A5010,169116.43
2026-01-01,CC-302,Sales,Wholesale,Europe,Actual,Actual,Synthetic ERP,A5020,251722.96
2026-01-01,CC-302,Sales,Wholesale,Europe,Actual,Actual,Synthetic ERP,A6000,914416.83
2026-01-01,CC-302,Sales,Wholesale,Europe,Actual,Actual,Synthetic ERP,A6010,169167.11
2026-01-01,CC-302,Sales,Wholesale,Europe,Actual,Actual,Synthetic ERP,A6100,283361.6
2026-01-01,CC-302,Sales,Wholesale,Europe,Actual,Actual,Synthetic ERP,A6200,141516.73
2026-01-01,CC-302,Sales,Wholesale,Europe,Actual,Actual,Synthetic ERP,A6300,115676.36
2026-01-01,CC-302,Sales,Wholesale,Europe,Actual,Actual,Synthetic ERP,A6400,57839.0
2026-01-01,CC-302,Sales,Wholesale,Europe,Actual,Actual,Synthetic ERP,A6500,28051.88
2026-01-01,CC-302,Sales,Wholesale,Europe,Actual,Actual,Synthetic ERP,A6600,17368.32
2026-01-01,CC-401,Customer Success,Subscription Services,Türkiye,Actual,Actual,Synthetic ERP,A4030,7849410.62
2026-01-01,CC-401,Customer Success,Subscription Services,Türkiye,Actual,Actual,Synthetic ERP,A5000,1631556.48
2026-01-01,CC-401,Customer Success,Subscription Services,Türkiye,Actual,Actual,Synthetic ERP,A5010,196361.45
2026-01-01,CC-401,Customer Success,Subscription Services,Türkiye,Actual,Actual,Synthetic ERP,A5020,140476.92
2026-01-01,CC-401,Customer Success,Subscription Services,Türkiye,Actual,Actual,Synthetic ERP,A6000,1517498.8
2026-01-01,CC-401,Customer Success,Subscription Services,Türkiye,Actual,Actual,Synthetic ERP,A6010,280737.28
2026-01-01,CC-401,Customer Success,Subscription Services,Türkiye,Actual,Actual,Synthetic ERP,A6100,431872.2
2026-01-01,CC-401,Customer Success,Subscription Services,Türkiye,Actual,Actual,Synthetic ERP,A6200,80033.63
2026-01-01,CC-401,Customer Success,Subscription Services,Türkiye,Actual,Actual,Synthetic ERP,A6300,862200.31
2026-01-01,CC-401,Customer Success,Subscription Services,Türkiye,Actual,Actual,Synthetic ERP,A6400,93646.56
2026-01-01,CC-401,Customer Success,Subscription Services,Türkiye,Actual,Actual,Synthetic ERP,A6500,46542.39
2026-01-01,CC-401,Customer Success,Subscription Services,Türkiye,Actual,Actual,Synthetic ERP,A6600,33145.03
2026-01-01,CC-401,Customer Success,Subscription Services,Türkiye,Actual,Actual,Synthetic ERP,A6700,194791.67
2026-01-01,CC-501,Marketing,Shared Services,Global,Actual,Actual,Synthetic ERP,A6000,1740762.52
2026-01-01,CC-501,Marketing,Shared Services,Global,Actual,Actual,Synthetic ERP,A6010,322041.07
2026-01-01,CC-501,Marketing,Shared Services,Global,Actual,Actual,Synthetic ERP,A6100,4504180.7
2026-01-01,CC-501,Marketing,Shared Services,Global,Actual,Actual,Synthetic ERP,A6300,286245.9
2026-01-01,CC-501,Marketing,Shared Services,Global,Actual,Actual,Synthetic ERP,A6400,105263.08
2026-01-01,CC-501,Marketing,Shared Services,Global,Actual,Actual,Synthetic ERP,A6500,392339.84
2026-01-01,CC-501,Marketing,Shared Services,Global,Actual,Actual,Synthetic ERP,A6600,171096.79
2026-01-01,CC-601,Operations,Shared Services,Türkiye,Actual,Actual,Synthetic ERP,A6000,2455304.63
2026-01-01,CC-601,Operations,Shared Services,Türkiye,Actual,Actual,Synthetic ERP,A6010,454231.36
2026-01-01,CC-601,Operations,Shared Services,Türkiye,Actual,Actual,Synthetic ERP,A6200,5080477.52
2026-01-01,CC-601,Operations,Shared Services,Türkiye,Actual,Actual,Synthetic ERP,A6300,499229.35
2026-01-01,CC-601,Operations,Shared Services,Türkiye,Actual,Actual,Synthetic ERP,A6400,1353133.82
2026-01-01,CC-601,Operations,Shared Services,Türkiye,Actual,Actual,Synthetic ERP,A6500,287943.11
2026-01-01,CC-601,Operations,Shared Services,Türkiye,Actual,Actual,Synthetic ERP,A6600,138443.29
2026-01-01,CC-601,Operations,Shared Services,Türkiye,Actual,Actual,Synthetic ERP,A6700,220833.33
2026-01-01,CC-701,Technology,Shared Services,Global,Actual,Actual,Synthetic ERP,A6000,2511572.37
2026-01-01,CC-701,Technology,Shared Services,Global,Actual,Actual,Synthetic ERP,A6010,464640.89
2026-01-01,CC-701,Technology,Shared Services,Global,Actual,Actual,Synthetic ERP,A6300,4427689.58
2026-01-01,CC-701,Technology,Shared Services,Global,Actual,Actual,Synthetic ERP,A6400,302125.19
2026-01-01,CC-701,Technology,Shared Services,Global,Actual,Actual,Synthetic ERP,A6500,1117341.67
2026-01-01,CC-701,Technology,Shared Services,Global,Actual,Actual,Synthetic ERP,A6600,218831.51
2026-01-01,CC-701,Technology,Shared Services,Global,Actual,Actual,Synthetic ERP,A6700,426041.67
2026-01-01,CC-801,Finance & Corporate,Shared Services,Global,Actual,Actual,Synthetic ERP,A6000,2193652.41
2026-01-01,CC-801,Finance & Corporate,Shared Services,Global,Actual,Actual,Synthetic ERP,A6010,405825.7
2026-01-01,CC-801,Finance & Corporate,Shared Services,Global,Actual,Actual,Synthetic ERP,A6300,777281.1
2026-01-01,CC-801,Finance & Corporate,Shared Services,Global,Actual,Actual,Synthetic ERP,A6400,1581614.88
2026-01-01,CC-801,Finance & Corporate,Shared Services,Global,Actual,Actual,Synthetic ERP,A6500,1531530.62
2026-01-01,CC-801,Finance & Corporate,Shared Services,Global,Actual,Actual,Synthetic ERP,A6600,366877.94
2026-01-01,CC-801,Finance & Corporate,Shared Services,Global,Actual,Actual,Synthetic ERP,A6800,500226.72
2026-01-01,CC-801,Finance & Corporate,Shared Services,Global,Actual,Actual,Synthetic ERP,A6900,703077.81
2026-02-01,CC-101,Sales,Digital Commerce,Türkiye,Actual,Actual,Synthetic ERP,A4000,27639296.61
2026-02-01,CC-101,Sales,Digital Commerce,Türkiye,Actual,Actual,Synthetic ERP,A5000,10615490.37
2026-02-01,CC-101,Sales,Digital Commerce,Türkiye,Actual,Actual,Synthetic ERP,A5010,778549.94
2026-02-01,CC-101,Sales,Digital Commerce,Türkiye,Actual,Actual,Synthetic ERP,A5020,846808.76
2026-02-01,CC-101,Sales,Digital Commerce,Türkiye,Actual,Actual,Synthetic ERP,A6000,1876813.7
2026-02-01,CC-101,Sales,Digital Commerce,Türkiye,Actual,Actual,Synthetic ERP,A6010,347210.53
2026-02-01,CC-101,Sales,Digital Commerce,Türkiye,Actual,Actual,Synthetic ERP,A6100,1404844.64
2026-02-01,CC-101,Sales,Digital Commerce,Türkiye,Actual,Actual,Synthetic ERP,A6200,493182.97
2026-02-01,CC-101,Sales,Digital Commerce,Türkiye,Actual,Actual,Synthetic ERP,A6300,262022.26
2026-02-01,CC-101,Sales,Digital Commerce,Türkiye,Actual,Actual,Synthetic ERP,A6400,132176.29
2026-02-01,CC-101,Sales,Digital Commerce,Türkiye,Actual,Actual,Synthetic ERP,A6500,67182.13
2026-02-01,CC-101,Sales,Digital Commerce,Türkiye,Actual,Actual,Synthetic ERP,A6600,43342.48
2026-02-01,CC-102,Sales,Digital Commerce,Europe,Actual,Actual,Synthetic ERP,A4000,17380298.6
2026-02-01,CC-102,Sales,Digital Commerce,Europe,Actual,Actual,Synthetic ERP,A5000,7022078.85
2026-02-01,CC-102,Sales,Digital Commerce,Europe,Actual,Actual,Synthetic ERP,A5010,558174.43
2026-02-01,CC-102,Sales,Digital Commerce,Europe,Actual,Actual,Synthetic ERP,A5020,555379.4
2026-02-01,CC-102,Sales,Digital Commerce,Europe,Actual,Actual,Synthetic ERP,A6000,1531635.44
2026-02-01,CC-102,Sales,Digital Commerce,Europe,Actual,Actual,Synthetic ERP,A6010,283352.56
2026-02-01,CC-102,Sales,Digital Commerce,Europe,Actual,Actual,Synthetic ERP,A6100,875071.47
2026-02-01,CC-102,Sales,Digital Commerce,Europe,Actual,Actual,Synthetic ERP,A6200,314570.06
2026-02-01,CC-102,Sales,Digital Commerce,Europe,Actual,Actual,Synthetic ERP,A6300,158562.52
2026-02-01,CC-102,Sales,Digital Commerce,Europe,Actual,Actual,Synthetic ERP,A6400,81173.71
2026-02-01,CC-102,Sales,Digital Commerce,Europe,Actual,Actual,Synthetic ERP,A6500,39050.39
2026-02-01,CC-102,Sales,Digital Commerce,Europe,Actual,Actual,Synthetic ERP,A6600,27037.99
2026-02-01,CC-103,Sales,Digital Commerce,MENA,Actual,Actual,Synthetic ERP,A4000,10916440.37
2026-02-01,CC-103,Sales,Digital Commerce,MENA,Actual,Actual,Synthetic ERP,A5000,4572802.29
2026-02-01,CC-103,Sales,Digital Commerce,MENA,Actual,Actual,Synthetic ERP,A5010,574768.27
2026-02-01,CC-103,Sales,Digital Commerce,MENA,Actual,Actual,Synthetic ERP,A5020,383184.99
2026-02-01,CC-103,Sales,Digital Commerce,MENA,Actual,Actual,Synthetic ERP,A6000,871098.27
2026-02-01,CC-103,Sales,Digital Commerce,MENA,Actual,Actual,Synthetic ERP,A6010,161153.18
2026-02-01,CC-103,Sales,Digital Commerce,MENA,Actual,Actual,Synthetic ERP,A6100,543675.2
2026-02-01,CC-103,Sales,Digital Commerce,MENA,Actual,Actual,Synthetic ERP,A6200,195560.75
2026-02-01,CC-103,Sales,Digital Commerce,MENA,Actual,Actual,Synthetic ERP,A6300,102821.7
2026-02-01,CC-103,Sales,Digital Commerce,MENA,Actual,Actual,Synthetic ERP,A6400,51172.59
2026-02-01,CC-103,Sales,Digital Commerce,MENA,Actual,Actual,Synthetic ERP,A6500,27389.54
2026-02-01,CC-103,Sales,Digital Commerce,MENA,Actual,Actual,Synthetic ERP,A6600,18000.04
2026-02-01,CC-201,Sales,Retail Stores,Türkiye,Actual,Actual,Synthetic ERP,A4010,17894624.82
2026-02-01,CC-201,Sales,Retail Stores,Türkiye,Actual,Actual,Synthetic ERP,A5000,8186018.91
2026-02-01,CC-201,Sales,Retail Stores,Türkiye,Actual,Actual,Synthetic ERP,A5010,356830.55
2026-02-01,CC-201,Sales,Retail Stores,Türkiye,Actual,Actual,Synthetic ERP,A5020,447984.26
2026-02-01,CC-201,Sales,Retail Stores,Türkiye,Actual,Actual,Synthetic ERP,A6000,2396882.98
2026-02-01,CC-201,Sales,Retail Stores,Türkiye,Actual,Actual,Synthetic ERP,A6010,443423.35
2026-02-01,CC-201,Sales,Retail Stores,Türkiye,Actual,Actual,Synthetic ERP,A6100,367836.96
2026-02-01,CC-201,Sales,Retail Stores,Türkiye,Actual,Actual,Synthetic ERP,A6200,315675.53
2026-02-01,CC-201,Sales,Retail Stores,Türkiye,Actual,Actual,Synthetic ERP,A6300,335209.11
2026-02-01,CC-201,Sales,Retail Stores,Türkiye,Actual,Actual,Synthetic ERP,A6400,456982.3
2026-02-01,CC-201,Sales,Retail Stores,Türkiye,Actual,Actual,Synthetic ERP,A6500,95034.93
2026-02-01,CC-201,Sales,Retail Stores,Türkiye,Actual,Actual,Synthetic ERP,A6600,56121.8
2026-02-01,CC-201,Sales,Retail Stores,Türkiye,Actual,Actual,Synthetic ERP,A6700,107500.0
2026-02-01,CC-202,Sales,Retail Stores,Türkiye,Actual,Actual,Synthetic ERP,A4010,12677986.88
2026-02-01,CC-202,Sales,Retail Stores,Türkiye,Actual,Actual,Synthetic ERP,A5000,6024671.19
2026-02-01,CC-202,Sales,Retail Stores,Türkiye,Actual,Actual,Synthetic ERP,A5010,228701.7
2026-02-01,CC-202,Sales,Retail Stores,Türkiye,Actual,Actual,Synthetic ERP,A5020,341537.24
2026-02-01,CC-202,Sales,Retail Stores,Türkiye,Actual,Actual,Synthetic ERP,A6000,1719934.26
2026-02-01,CC-202,Sales,Retail Stores,Türkiye,Actual,Actual,Synthetic ERP,A6010,318187.84
2026-02-01,CC-202,Sales,Retail Stores,Türkiye,Actual,Actual,Synthetic ERP,A6100,253230.12
2026-02-01,CC-202,Sales,Retail Stores,Türkiye,Actual,Actual,Synthetic ERP,A6200,224808.01
2026-02-01,CC-202,Sales,Retail Stores,Türkiye,Actual,Actual,Synthetic ERP,A6300,274910.81
2026-02-01,CC-202,Sales,Retail Stores,Türkiye,Actual,Actual,Synthetic ERP,A6400,360293.83
2026-02-01,CC-202,Sales,Retail Stores,Türkiye,Actual,Actual,Synthetic ERP,A6500,80706.65
2026-02-01,CC-202,Sales,Retail Stores,Türkiye,Actual,Actual,Synthetic ERP,A6600,45020.07
2026-02-01,CC-202,Sales,Retail Stores,Türkiye,Actual,Actual,Synthetic ERP,A6700,134166.67
2026-02-01,CC-301,Sales,Wholesale,Türkiye,Actual,Actual,Synthetic ERP,A4020,17754340.86
2026-02-01,CC-301,Sales,Wholesale,Türkiye,Actual,Actual,Synthetic ERP,A5000,10021206.77
2026-02-01,CC-301,Sales,Wholesale,Türkiye,Actual,Actual,Synthetic ERP,A5010,176927.04
2026-02-01,CC-301,Sales,Wholesale,Türkiye,Actual,Actual,Synthetic ERP,A5020,263845.89
2026-02-01,CC-301,Sales,Wholesale,Türkiye,Actual,Actual,Synthetic ERP,A6000,1154068.76
2026-02-01,CC-301,Sales,Wholesale,Türkiye,Actual,Actual,Synthetic ERP,A6010,213502.72
2026-02-01,CC-301,Sales,Wholesale,Türkiye,Actual,Actual,Synthetic ERP,A6100,361913.13
2026-02-01,CC-301,Sales,Wholesale,Türkiye,Actual,Actual,Synthetic ERP,A6200,172877.95
2026-02-01,CC-301,Sales,Wholesale,Türkiye,Actual,Actual,Synthetic ERP,A6300,148735.03
2026-02-01,CC-301,Sales,Wholesale,Türkiye,Actual,Actual,Synthetic ERP,A6400,72090.76
2026-02-01,CC-301,Sales,Wholesale,Türkiye,Actual,Actual,Synthetic ERP,A6500,34520.16
2026-02-01,CC-301,Sales,Wholesale,Türkiye,Actual,Actual,Synthetic ERP,A6600,23964.45
2026-02-01,CC-302,Sales,Wholesale,Europe,Actual,Actual,Synthetic ERP,A4020,14874409.72
2026-02-01,CC-302,Sales,Wholesale,Europe,Actual,Actual,Synthetic ERP,A5000,8661036.1
2026-02-01,CC-302,Sales,Wholesale,Europe,Actual,Actual,Synthetic ERP,A5010,178980.48
2026-02-01,CC-302,Sales,Wholesale,Europe,Actual,Actual,Synthetic ERP,A5020,265231.23
2026-02-01,CC-302,Sales,Wholesale,Europe,Actual,Actual,Synthetic ERP,A6000,896213.47
2026-02-01,CC-302,Sales,Wholesale,Europe,Actual,Actual,Synthetic ERP,A6010,165799.49
2026-02-01,CC-302,Sales,Wholesale,Europe,Actual,Actual,Synthetic ERP,A6100,295884.51
2026-02-01,CC-302,Sales,Wholesale,Europe,Actual,Actual,Synthetic ERP,A6200,145594.09
2026-02-01,CC-302,Sales,Wholesale,Europe,Actual,Actual,Synthetic ERP,A6300,117666.19
2026-02-01,CC-302,Sales,Wholesale,Europe,Actual,Actual,Synthetic ERP,A6400,58866.6
2026-02-01,CC-302,Sales,Wholesale,Europe,Actual,Actual,Synthetic ERP,A6500,30669.1
2026-02-01,CC-302,Sales,Wholesale,Europe,Actual,Actual,Synthetic ERP,A6600,17603.83
2026-02-01,CC-401,Customer Success,Subscription Services,Türkiye,Actual,Actual,Synthetic ERP,A4030,8208619.7
2026-02-01,CC-401,Customer Success,Subscription Services,Türkiye,Actual,Actual,Synthetic ERP,A5000,1724941.14
2026-02-01,CC-401,Customer Success,Subscription Services,Türkiye,Actual,Actual,Synthetic ERP,A5010,209393.47
2026-02-01,CC-401,Customer Success,Subscription Services,Türkiye,Actual,Actual,Synthetic ERP,A5020,149425.63
2026-02-01,CC-401,Customer Success,Subscription Services,Türkiye,Actual,Actual,Synthetic ERP,A6000,1507559.31
2026-02-01,CC-401,Customer Success,Subscription Services,Türkiye,Actual,Actual,Synthetic ERP,A6010,278898.47
2026-02-01,CC-401,Customer Success,Subscription Services,Türkiye,Actual,Actual,Synthetic ERP,A6100,470124.13
2026-02-01,CC-401,Customer Success,Subscription Services,Türkiye,Actual,Actual,Synthetic ERP,A6200,83415.29
2026-02-01,CC-401,Customer Success,Subscription Services,Türkiye,Actual,Actual,Synthetic ERP,A6300,881402.68
2026-02-01,CC-401,Customer Success,Subscription Services,Türkiye,Actual,Actual,Synthetic ERP,A6400,95587.02
2026-02-01,CC-401,Customer Success,Subscription Services,Türkiye,Actual,Actual,Synthetic ERP,A6500,45643.68
2026-02-01,CC-401,Customer Success,Subscription Services,Türkiye,Actual,Actual,Synthetic ERP,A6600,33463.81
2026-02-01,CC-401,Customer Success,Subscription Services,Türkiye,Actual,Actual,Synthetic ERP,A6700,194791.67
2026-02-01,CC-501,Marketing,Shared Services,Global,Actual,Actual,Synthetic ERP,A6000,1733667.56
2026-02-01,CC-501,Marketing,Shared Services,Global,Actual,Actual,Synthetic ERP,A6010,320728.5
2026-02-01,CC-501,Marketing,Shared Services,Global,Actual,Actual,Synthetic ERP,A6100,4472213.79
2026-02-01,CC-501,Marketing,Shared Services,Global,Actual,Actual,Synthetic ERP,A6300,294093.65
2026-02-01,CC-501,Marketing,Shared Services,Global,Actual,Actual,Synthetic ERP,A6400,105418.85
2026-02-01,CC-501,Marketing,Shared Services,Global,Actual,Actual,Synthetic ERP,A6500,427060.4
2026-02-01,CC-501,Marketing,Shared Services,Global,Actual,Actual,Synthetic ERP,A6600,181505.22
2026-02-01,CC-601,Operations,Shared Services,Türkiye,Actual,Actual,Synthetic ERP,A6000,2456458.73
2026-02-01,CC-601,Operations,Shared Services,Türkiye,Actual,Actual,Synthetic ERP,A6010,454444.87
2026-02-01,CC-601,Operations,Shared Services,Türkiye,Actual,Actual,Synthetic ERP,A6200,5143275.45
2026-02-01,CC-601,Operations,Shared Services,Türkiye,Actual,Actual,Synthetic ERP,A6300,512369.68
2026-02-01,CC-601,Operations,Shared Services,Türkiye,Actual,Actual,Synthetic ERP,A6400,1345392.65
2026-02-01,CC-601,Operations,Shared Services,Türkiye,Actual,Actual,Synthetic ERP,A6500,277872.9
2026-02-01,CC-601,Operations,Shared Services,Türkiye,Actual,Actual,Synthetic ERP,A6600,148171.72
2026-02-01,CC-601,Operations,Shared Services,Türkiye,Actual,Actual,Synthetic ERP,A6700,220833.33
2026-02-01,CC-701,Technology,Shared Services,Global,Actual,Actual,Synthetic ERP,A6000,2506777.36
2026-02-01,CC-701,Technology,Shared Services,Global,Actual,Actual,Synthetic ERP,A6010,463753.81
2026-02-01,CC-701,Technology,Shared Services,Global,Actual,Actual,Synthetic ERP,A6300,4609587.42
2026-02-01,CC-701,Technology,Shared Services,Global,Actual,Actual,Synthetic ERP,A6400,308679.07
2026-02-01,CC-701,Technology,Shared Services,Global,Actual,Actual,Synthetic ERP,A6500,1263083.15
2026-02-01,CC-701,Technology,Shared Services,Global,Actual,Actual,Synthetic ERP,A6600,205470.24
2026-02-01,CC-701,Technology,Shared Services,Global,Actual,Actual,Synthetic ERP,A6700,426041.67
2026-02-01,CC-801,Finance & Corporate,Shared Services,Global,Actual,Actual,Synthetic ERP,A6000,2181935.42
2026-02-01,CC-801,Finance & Corporate,Shared Services,Global,Actual,Actual,Synthetic ERP,A6010,403658.05
2026-02-01,CC-801,Finance & Corporate,Shared Services,Global,Actual,Actual,Synthetic ERP,A6300,769524.8
2026-02-01,CC-801,Finance & Corporate,Shared Services,Global,Actual,Actual,Synthetic ERP,A6400,1593163.85
2026-02-01,CC-801,Finance & Corporate,Shared Services,Global,Actual,Actual,Synthetic ERP,A6500,1687371.9
2026-02-01,CC-801,Finance & Corporate,Shared Services,Global,Actual,Actual,Synthetic ERP,A6600,383725.2
2026-02-01,CC-801,Finance & Corporate,Shared Services,Global,Actual,Actual,Synthetic ERP,A6800,500226.72
2026-02-01,CC-801,Finance & Corporate,Shared Services,Global,Actual,Actual,Synthetic ERP,A6900,852665.19
2026-03-01,CC-101,Sales,Digital Commerce,Türkiye,Actual,Actual,Synthetic ERP,A4000,29919164.58
2026-03-01,CC-101,Sales,Digital Commerce,Türkiye,Actual,Actual,Synthetic ERP,A5000,11351196.3
2026-03-01,CC-101,Sales,Digital Commerce,Türkiye,Actual,Actual,Synthetic ERP,A5010,839393.7
2026-03-01,CC-101,Sales,Digital Commerce,Türkiye,Actual,Actual,Synthetic ERP,A5020,903883.45
2026-03-01,CC-101,Sales,Digital Commerce,Türkiye,Actual,Actual,Synthetic ERP,A6000,1830655.33
2026-03-01,CC-101,Sales,Digital Commerce,Türkiye,Actual,Actual,Synthetic ERP,A6010,338671.24
2026-03-01,CC-101,Sales,Digital Commerce,Türkiye,Actual,Actual,Synthetic ERP,A6100,1456432.06
2026-03-01,CC-101,Sales,Digital Commerce,Türkiye,Actual,Actual,Synthetic ERP,A6200,542760.5
2026-03-01,CC-101,Sales,Digital Commerce,Türkiye,Actual,Actual,Synthetic ERP,A6300,258587.94
2026-03-01,CC-101,Sales,Digital Commerce,Türkiye,Actual,Actual,Synthetic ERP,A6400,135207.94
2026-03-01,CC-101,Sales,Digital Commerce,Türkiye,Actual,Actual,Synthetic ERP,A6500,72688.34
2026-03-01,CC-101,Sales,Digital Commerce,Türkiye,Actual,Actual,Synthetic ERP,A6600,47406.79
2026-03-01,CC-102,Sales,Digital Commerce,Europe,Actual,Actual,Synthetic ERP,A4000,18278450.71
2026-03-01,CC-102,Sales,Digital Commerce,Europe,Actual,Actual,Synthetic ERP,A5000,7393731.42
2026-03-01,CC-102,Sales,Digital Commerce,Europe,Actual,Actual,Synthetic ERP,A5010,582233.77
2026-03-01,CC-102,Sales,Digital Commerce,Europe,Actual,Actual,Synthetic ERP,A5020,582124.32
2026-03-01,CC-102,Sales,Digital Commerce,Europe,Actual,Actual,Synthetic ERP,A6000,1399141.7
2026-03-01,CC-102,Sales,Digital Commerce,Europe,Actual,Actual,Synthetic ERP,A6010,258841.21
2026-03-01,CC-102,Sales,Digital Commerce,Europe,Actual,Actual,Synthetic ERP,A6100,933488.52
2026-03-01,CC-102,Sales,Digital Commerce,Europe,Actual,Actual,Synthetic ERP,A6200,337675.67
2026-03-01,CC-102,Sales,Digital Commerce,Europe,Actual,Actual,Synthetic ERP,A6300,158479.97
2026-03-01,CC-102,Sales,Digital Commerce,Europe,Actual,Actual,Synthetic ERP,A6400,80388.8
2026-03-01,CC-102,Sales,Digital Commerce,Europe,Actual,Actual,Synthetic ERP,A6500,47881.66
2026-03-01,CC-102,Sales,Digital Commerce,Europe,Actual,Actual,Synthetic ERP,A6600,24260.28
2026-03-01,CC-103,Sales,Digital Commerce,MENA,Actual,Actual,Synthetic ERP,A4000,11690003.28
2026-03-01,CC-103,Sales,Digital Commerce,MENA,Actual,Actual,Synthetic ERP,A5000,4894099.25
2026-03-01,CC-103,Sales,Digital Commerce,MENA,Actual,Actual,Synthetic ERP,A5010,600940.66
2026-03-01,CC-103,Sales,Digital Commerce,MENA,Actual,Actual,Synthetic ERP,A5020,414448.96
2026-03-01,CC-103,Sales,Digital Commerce,MENA,Actual,Actual,Synthetic ERP,A6000,887719.53
2026-03-01,CC-103,Sales,Digital Commerce,MENA,Actual,Actual,Synthetic ERP,A6010,164228.11
2026-03-01,CC-103,Sales,Digital Commerce,MENA,Actual,Actual,Synthetic ERP,A6100,570235.73
2026-03-01,CC-103,Sales,Digital Commerce,MENA,Actual,Actual,Synthetic ERP,A6200,218212.74
2026-03-01,CC-103,Sales,Digital Commerce,MENA,Actual,Actual,Synthetic ERP,A6300,100564.88
2026-03-01,CC-103,Sales,Digital Commerce,MENA,Actual,Actual,Synthetic ERP,A6400,51421.82
2026-03-01,CC-103,Sales,Digital Commerce,MENA,Actual,Actual,Synthetic ERP,A6500,26121.51
2026-03-01,CC-103,Sales,Digital Commerce,MENA,Actual,Actual,Synthetic ERP,A6600,17673.51
2026-03-01,CC-201,Sales,Retail Stores,Türkiye,Actual,Actual,Synthetic ERP,A4010,20785318.08
2026-03-01,CC-201,Sales,Retail Stores,Türkiye,Actual,Actual,Synthetic ERP,A5000,9627288.19
2026-03-01,CC-201,Sales,Retail Stores,Türkiye,Actual,Actual,Synthetic ERP,A5010,416044.26
2026-03-01,CC-201,Sales,Retail Stores,Türkiye,Actual,Actual,Synthetic ERP,A5020,525849.49
2026-03-01,CC-201,Sales,Retail Stores,Türkiye,Actual,Actual,Synthetic ERP,A6000,2389667.42
2026-03-01,CC-201,Sales,Retail Stores,Türkiye,Actual,Actual,Synthetic ERP,A6010,442088.47
2026-03-01,CC-201,Sales,Retail Stores,Türkiye,Actual,Actual,Synthetic ERP,A6100,414061.32
2026-03-01,CC-201,Sales,Retail Stores,Türkiye,Actual,Actual,Synthetic ERP,A6200,371744.24
2026-03-01,CC-201,Sales,Retail Stores,Türkiye,Actual,Actual,Synthetic ERP,A6300,349035.76
2026-03-01,CC-201,Sales,Retail Stores,Türkiye,Actual,Actual,Synthetic ERP,A6400,453667.03
2026-03-01,CC-201,Sales,Retail Stores,Türkiye,Actual,Actual,Synthetic ERP,A6500,97719.35
2026-03-01,CC-201,Sales,Retail Stores,Türkiye,Actual,Actual,Synthetic ERP,A6600,53091.11
2026-03-01,CC-201,Sales,Retail Stores,Türkiye,Actual,Actual,Synthetic ERP,A6700,107500.0
2026-03-01,CC-202,Sales,Retail Stores,Türkiye,Actual,Actual,Synthetic ERP,A4010,14986911.5
2026-03-01,CC-202,Sales,Retail Stores,Türkiye,Actual,Actual,Synthetic ERP,A5000,7036884.65
2026-03-01,CC-202,Sales,Retail Stores,Türkiye,Actual,Actual,Synthetic ERP,A5010,265021.69
2026-03-01,CC-202,Sales,Retail Stores,Türkiye,Actual,Actual,Synthetic ERP,A5020,402016.01
2026-03-01,CC-202,Sales,Retail Stores,Türkiye,Actual,Actual,Synthetic ERP,A6000,1712632.85
2026-03-01,CC-202,Sales,Retail Stores,Türkiye,Actual,Actual,Synthetic ERP,A6010,316837.08
2026-03-01,CC-202,Sales,Retail Stores,Türkiye,Actual,Actual,Synthetic ERP,A6100,292850.09
2026-03-01,CC-202,Sales,Retail Stores,Türkiye,Actual,Actual,Synthetic ERP,A6200,271546.65
2026-03-01,CC-202,Sales,Retail Stores,Türkiye,Actual,Actual,Synthetic ERP,A6300,272569.79
2026-03-01,CC-202,Sales,Retail Stores,Türkiye,Actual,Actual,Synthetic ERP,A6400,361618.16
2026-03-01,CC-202,Sales,Retail Stores,Türkiye,Actual,Actual,Synthetic ERP,A6500,78599.55
2026-03-01,CC-202,Sales,Retail Stores,Türkiye,Actual,Actual,Synthetic ERP,A6600,45998.29
2026-03-01,CC-202,Sales,Retail Stores,Türkiye,Actual,Actual,Synthetic ERP,A6700,134166.67
2026-03-01,CC-301,Sales,Wholesale,Türkiye,Actual,Actual,Synthetic ERP,A4020,20654596.76
2026-03-01,CC-301,Sales,Wholesale,Türkiye,Actual,Actual,Synthetic ERP,A5000,11832006.25
2026-03-01,CC-301,Sales,Wholesale,Türkiye,Actual,Actual,Synthetic ERP,A5010,208089.55
2026-03-01,CC-301,Sales,Wholesale,Türkiye,Actual,Actual,Synthetic ERP,A5020,306767.4
2026-03-01,CC-301,Sales,Wholesale,Türkiye,Actual,Actual,Synthetic ERP,A6000,1131762.17
2026-03-01,CC-301,Sales,Wholesale,Türkiye,Actual,Actual,Synthetic ERP,A6010,209376.0
2026-03-01,CC-301,Sales,Wholesale,Türkiye,Actual,Actual,Synthetic ERP,A6100,403359.05
2026-03-01,CC-301,Sales,Wholesale,Türkiye,Actual,Actual,Synthetic ERP,A6200,209679.68
2026-03-01,CC-301,Sales,Wholesale,Türkiye,Actual,Actual,Synthetic ERP,A6300,140750.18
2026-03-01,CC-301,Sales,Wholesale,Türkiye,Actual,Actual,Synthetic ERP,A6400,73905.24
2026-03-01,CC-301,Sales,Wholesale,Türkiye,Actual,Actual,Synthetic ERP,A6500,40714.73
2026-03-01,CC-301,Sales,Wholesale,Türkiye,Actual,Actual,Synthetic ERP,A6600,24812.78
2026-03-01,CC-302,Sales,Wholesale,Europe,Actual,Actual,Synthetic ERP,A4020,16460887.76
2026-03-01,CC-302,Sales,Wholesale,Europe,Actual,Actual,Synthetic ERP,A5000,9697915.8
2026-03-01,CC-302,Sales,Wholesale,Europe,Actual,Actual,Synthetic ERP,A5010,194712.56
2026-03-01,CC-302,Sales,Wholesale,Europe,Actual,Actual,Synthetic ERP,A5020,301877.68
2026-03-01,CC-302,Sales,Wholesale,Europe,Actual,Actual,Synthetic ERP,A6000,907562.23
2026-03-01,CC-302,Sales,Wholesale,Europe,Actual,Actual,Synthetic ERP,A6010,167899.01
2026-03-01,CC-302,Sales,Wholesale,Europe,Actual,Actual,Synthetic ERP,A6100,328312.69
2026-03-01,CC-302,Sales,Wholesale,Europe,Actual,Actual,Synthetic ERP,A6200,159814.08
2026-03-01,CC-302,Sales,Wholesale,Europe,Actual,Actual,Synthetic ERP,A6300,118196.36
2026-03-01,CC-302,Sales,Wholesale,Europe,Actual,Actual,Synthetic ERP,A6400,58907.84
2026-03-01,CC-302,Sales,Wholesale,Europe,Actual,Actual,Synthetic ERP,A6500,32299.54
2026-03-01,CC-302,Sales,Wholesale,Europe,Actual,Actual,Synthetic ERP,A6600,18368.76
2026-03-01,CC-401,Customer Success,Subscription Services,Türkiye,Actual,Actual,Synthetic ERP,A4030,7896588.06
2026-03-01,CC-401,Customer Success,Subscription Services,Türkiye,Actual,Actual,Synthetic ERP,A5000,1672100.65
2026-03-01,CC-401,Customer Success,Subscription Services,Türkiye,Actual,Actual,Synthetic ERP,A5010,196288.23
2026-03-01,CC-401,Customer Success,Subscription Services,Türkiye,Actual,Actual,Synthetic ERP,A5020,144621.72
2026-03-01,CC-401,Customer Success,Subscription Services,Türkiye,Actual,Actual,Synthetic ERP,A6000,1523920.19
2026-03-01,CC-401,Customer Success,Subscription Services,Türkiye,Actual,Actual,Synthetic ERP,A6010,281925.23
2026-03-01,CC-401,Customer Success,Subscription Services,Türkiye,Actual,Actual,Synthetic ERP,A6100,444426.78
2026-03-01,CC-401,Customer Success,Subscription Services,Türkiye,Actual,Actual,Synthetic ERP,A6200,77674.69
2026-03-01,CC-401,Customer Success,Subscription Services,Türkiye,Actual,Actual,Synthetic ERP,A6300,864300.55
2026-03-01,CC-401,Customer Success,Subscription Services,Türkiye,Actual,Actual,Synthetic ERP,A6400,96156.86
2026-03-01,CC-401,Customer Success,Subscription Services,Türkiye,Actual,Actual,Synthetic ERP,A6500,53492.34
2026-03-01,CC-401,Customer Success,Subscription Services,Türkiye,Actual,Actual,Synthetic ERP,A6600,31874.69
2026-03-01,CC-401,Customer Success,Subscription Services,Türkiye,Actual,Actual,Synthetic ERP,A6700,194791.67
2026-03-01,CC-501,Marketing,Shared Services,Global,Actual,Actual,Synthetic ERP,A6000,1707661.04
2026-03-01,CC-501,Marketing,Shared Services,Global,Actual,Actual,Synthetic ERP,A6010,315917.29
2026-03-01,CC-501,Marketing,Shared Services,Global,Actual,Actual,Synthetic ERP,A6100,4494391.41
2026-03-01,CC-501,Marketing,Shared Services,Global,Actual,Actual,Synthetic ERP,A6300,293979.11
2026-03-01,CC-501,Marketing,Shared Services,Global,Actual,Actual,Synthetic ERP,A6400,106578.95
2026-03-01,CC-501,Marketing,Shared Services,Global,Actual,Actual,Synthetic ERP,A6500,378576.02
2026-03-01,CC-501,Marketing,Shared Services,Global,Actual,Actual,Synthetic ERP,A6600,186217.41
2026-03-01,CC-601,Operations,Shared Services,Türkiye,Actual,Actual,Synthetic ERP,A6000,2441112.85
2026-03-01,CC-601,Operations,Shared Services,Türkiye,Actual,Actual,Synthetic ERP,A6010,451605.88
2026-03-01,CC-601,Operations,Shared Services,Türkiye,Actual,Actual,Synthetic ERP,A6200,5214197.54
2026-03-01,CC-601,Operations,Shared Services,Türkiye,Actual,Actual,Synthetic ERP,A6300,510019.87
2026-03-01,CC-601,Operations,Shared Services,Türkiye,Actual,Actual,Synthetic ERP,A6400,1403660.32
2026-03-01,CC-601,Operations,Shared Services,Türkiye,Actual,Actual,Synthetic ERP,A6500,325571.82
2026-03-01,CC-601,Operations,Shared Services,Türkiye,Actual,Actual,Synthetic ERP,A6600,134336.66
2026-03-01,CC-601,Operations,Shared Services,Türkiye,Actual,Actual,Synthetic ERP,A6700,220833.33
2026-03-01,CC-701,Technology,Shared Services,Global,Actual,Actual,Synthetic ERP,A6000,2545108.03
2026-03-01,CC-701,Technology,Shared Services,Global,Actual,Actual,Synthetic ERP,A6010,470844.99
2026-03-01,CC-701,Technology,Shared Services,Global,Actual,Actual,Synthetic ERP,A6300,4378336.81
2026-03-01,CC-701,Technology,Shared Services,Global,Actual,Actual,Synthetic ERP,A6400,309593.4
2026-03-01,CC-701,Technology,Shared Services,Global,Actual,Actual,Synthetic ERP,A6500,1169618.06
2026-03-01,CC-701,Technology,Shared Services,Global,Actual,Actual,Synthetic ERP,A6600,256196.23
2026-03-01,CC-701,Technology,Shared Services,Global,Actual,Actual,Synthetic ERP,A6700,426041.67
2026-03-01,CC-801,Finance & Corporate,Shared Services,Global,Actual,Actual,Synthetic ERP,A6000,2202086.41
2026-03-01,CC-801,Finance & Corporate,Shared Services,Global,Actual,Actual,Synthetic ERP,A6010,407385.99
2026-03-01,CC-801,Finance & Corporate,Shared Services,Global,Actual,Actual,Synthetic ERP,A6300,759626.26
2026-03-01,CC-801,Finance & Corporate,Shared Services,Global,Actual,Actual,Synthetic ERP,A6400,1606177.58
2026-03-01,CC-801,Finance & Corporate,Shared Services,Global,Actual,Actual,Synthetic ERP,A6500,1600363.8
2026-03-01,CC-801,Finance & Corporate,Shared Services,Global,Actual,Actual,Synthetic ERP,A6600,450251.75
2026-03-01,CC-801,Finance & Corporate,Shared Services,Global,Actual,Actual,Synthetic ERP,A6700,170000.0
2026-03-01,CC-801,Finance & Corporate,Shared Services,Global,Actual,Actual,Synthetic ERP,A6800,500226.72
2026-03-01,CC-801,Finance & Corporate,Shared Services,Global,Actual,Actual,Synthetic ERP,A6900,2281861.16
2026-04-01,CC-101,Sales,Digital Commerce,Türkiye,Actual,Actual,Synthetic ERP,A4000,29770982.36
2026-04-01,CC-101,Sales,Digital Commerce,Türkiye,Actual,Actual,Synthetic ERP,A5000,11278117.29
2026-04-01,CC-101,Sales,Digital Commerce,Türkiye,Actual,Actual,Synthetic ERP,A5010,835456.23
2026-04-01,CC-101,Sales,Digital Commerce,Türkiye,Actual,Actual,Synthetic ERP,A5020,888291.93
2026-04-01,CC-101,Sales,Digital Commerce,Türkiye,Actual,Actual,Synthetic ERP,A6000,1995472.42
2026-04-01,CC-101,Sales,Digital Commerce,Türkiye,Actual,Actual,Synthetic ERP,A6010,369162.4
2026-04-01,CC-101,Sales,Digital Commerce,Türkiye,Actual,Actual,Synthetic ERP,A6100,1508289.82
2026-04-01,CC-101,Sales,Digital Commerce,Türkiye,Actual,Actual,Synthetic ERP,A6200,547631.55
2026-04-01,CC-101,Sales,Digital Commerce,Türkiye,Actual,Actual,Synthetic ERP,A6300,264542.94
2026-04-01,CC-101,Sales,Digital Commerce,Türkiye,Actual,Actual,Synthetic ERP,A6400,132451.26
2026-04-01,CC-101,Sales,Digital Commerce,Türkiye,Actual,Actual,Synthetic ERP,A6500,68593.74
2026-04-01,CC-101,Sales,Digital Commerce,Türkiye,Actual,Actual,Synthetic ERP,A6600,44030.46
2026-04-01,CC-102,Sales,Digital Commerce,Europe,Actual,Actual,Synthetic ERP,A4000,20868506.23
2026-04-01,CC-102,Sales,Digital Commerce,Europe,Actual,Actual,Synthetic ERP,A5000,8349270.36
2026-04-01,CC-102,Sales,Digital Commerce,Europe,Actual,Actual,Synthetic ERP,A5010,675418.56
2026-04-01,CC-102,Sales,Digital Commerce,Europe,Actual,Actual,Synthetic ERP,A5020,676250.58
2026-04-01,CC-102,Sales,Digital Commerce,Europe,Actual,Actual,Synthetic ERP,A6000,1524254.45
2026-04-01,CC-102,Sales,Digital Commerce,Europe,Actual,Actual,Synthetic ERP,A6010,281987.07
2026-04-01,CC-102,Sales,Digital Commerce,Europe,Actual,Actual,Synthetic ERP,A6100,1040404.06
2026-04-01,CC-102,Sales,Digital Commerce,Europe,Actual,Actual,Synthetic ERP,A6200,362135.49
2026-04-01,CC-102,Sales,Digital Commerce,Europe,Actual,Actual,Synthetic ERP,A6300,162862.89
2026-04-01,CC-102,Sales,Digital Commerce,Europe,Actual,Actual,Synthetic ERP,A6400,82939.91
2026-04-01,CC-102,Sales,Digital Commerce,Europe,Actual,Actual,Synthetic ERP,A6500,47090.25
2026-04-01,CC-102,Sales,Digital Commerce,Europe,Actual,Actual,Synthetic ERP,A6600,27251.8
2026-04-01,CC-103,Sales,Digital Commerce,MENA,Actual,Actual,Synthetic ERP,A4000,12616087.87
2026-04-01,CC-103,Sales,Digital Commerce,MENA,Actual,Actual,Synthetic ERP,A5000,5317827.74
2026-04-01,CC-103,Sales,Digital Commerce,MENA,Actual,Actual,Synthetic ERP,A5010,662967.61
2026-04-01,CC-103,Sales,Digital Commerce,MENA,Actual,Actual,Synthetic ERP,A5020,442486.52
2026-04-01,CC-103,Sales,Digital Commerce,MENA,Actual,Actual,Synthetic ERP,A6000,936453.2
2026-04-01,CC-103,Sales,Digital Commerce,MENA,Actual,Actual,Synthetic ERP,A6010,173243.84
2026-04-01,CC-103,Sales,Digital Commerce,MENA,Actual,Actual,Synthetic ERP,A6100,639501.78
2026-04-01,CC-103,Sales,Digital Commerce,MENA,Actual,Actual,Synthetic ERP,A6200,223654.02
2026-04-01,CC-103,Sales,Digital Commerce,MENA,Actual,Actual,Synthetic ERP,A6300,101590.18
2026-04-01,CC-103,Sales,Digital Commerce,MENA,Actual,Actual,Synthetic ERP,A6400,52166.5
2026-04-01,CC-103,Sales,Digital Commerce,MENA,Actual,Actual,Synthetic ERP,A6500,29554.74
2026-04-01,CC-103,Sales,Digital Commerce,MENA,Actual,Actual,Synthetic ERP,A6600,16197.86
2026-04-01,CC-201,Sales,Retail Stores,Türkiye,Actual,Actual,Synthetic ERP,A4010,21416310.08
2026-04-01,CC-201,Sales,Retail Stores,Türkiye,Actual,Actual,Synthetic ERP,A5000,9831773.85
2026-04-01,CC-201,Sales,Retail Stores,Türkiye,Actual,Actual,Synthetic ERP,A5010,431011.07
2026-04-01,CC-201,Sales,Retail Stores,Türkiye,Actual,Actual,Synthetic ERP,A5020,536320.78
2026-04-01,CC-201,Sales,Retail Stores,Türkiye,Actual,Actual,Synthetic ERP,A6000,2507276.8
2026-04-01,CC-201,Sales,Retail Stores,Türkiye,Actual,Actual,Synthetic ERP,A6010,463846.21
2026-04-01,CC-201,Sales,Retail Stores,Türkiye,Actual,Actual,Synthetic ERP,A6100,407664.34
2026-04-01,CC-201,Sales,Retail Stores,Türkiye,Actual,Actual,Synthetic ERP,A6200,393083.02
2026-04-01,CC-201,Sales,Retail Stores,Türkiye,Actual,Actual,Synthetic ERP,A6300,366943.99
2026-04-01,CC-201,Sales,Retail Stores,Türkiye,Actual,Actual,Synthetic ERP,A6400,461270.51
2026-04-01,CC-201,Sales,Retail Stores,Türkiye,Actual,Actual,Synthetic ERP,A6500,94430.05
2026-04-01,CC-201,Sales,Retail Stores,Türkiye,Actual,Actual,Synthetic ERP,A6600,63304.19
2026-04-01,CC-201,Sales,Retail Stores,Türkiye,Actual,Actual,Synthetic ERP,A6700,107500.0
2026-04-01,CC-202,Sales,Retail Stores,Türkiye,Actual,Actual,Synthetic ERP,A4010,15289901.14
2026-04-01,CC-202,Sales,Retail Stores,Türkiye,Actual,Actual,Synthetic ERP,A5000,7224315.85
2026-04-01,CC-202,Sales,Retail Stores,Türkiye,Actual,Actual,Synthetic ERP,A5010,274786.96
2026-04-01,CC-202,Sales,Retail Stores,Türkiye,Actual,Actual,Synthetic ERP,A5020,417334.01
2026-04-01,CC-202,Sales,Retail Stores,Türkiye,Actual,Actual,Synthetic ERP,A6000,1821857.17
2026-04-01,CC-202,Sales,Retail Stores,Türkiye,Actual,Actual,Synthetic ERP,A6010,337043.58
2026-04-01,CC-202,Sales,Retail Stores,Türkiye,Actual,Actual,Synthetic ERP,A6100,304519.84
2026-04-01,CC-202,Sales,Retail Stores,Türkiye,Actual,Actual,Synthetic ERP,A6200,268739.82
2026-04-01,CC-202,Sales,Retail Stores,Türkiye,Actual,Actual,Synthetic ERP,A6300,277278.5
2026-04-01,CC-202,Sales,Retail Stores,Türkiye,Actual,Actual,Synthetic ERP,A6400,359831.65
2026-04-01,CC-202,Sales,Retail Stores,Türkiye,Actual,Actual,Synthetic ERP,A6500,76069.04
2026-04-01,CC-202,Sales,Retail Stores,Türkiye,Actual,Actual,Synthetic ERP,A6600,49540.38
2026-04-01,CC-202,Sales,Retail Stores,Türkiye,Actual,Actual,Synthetic ERP,A6700,134166.67
2026-04-01,CC-301,Sales,Wholesale,Türkiye,Actual,Actual,Synthetic ERP,A4020,20695029.19
2026-04-01,CC-301,Sales,Wholesale,Türkiye,Actual,Actual,Synthetic ERP,A5000,11682516.62
2026-04-01,CC-301,Sales,Wholesale,Türkiye,Actual,Actual,Synthetic ERP,A5010,207124.46
2026-04-01,CC-301,Sales,Wholesale,Türkiye,Actual,Actual,Synthetic ERP,A5020,309630.46
2026-04-01,CC-301,Sales,Wholesale,Türkiye,Actual,Actual,Synthetic ERP,A6000,1217002.04
2026-04-01,CC-301,Sales,Wholesale,Türkiye,Actual,Actual,Synthetic ERP,A6010,225145.38
2026-04-01,CC-301,Sales,Wholesale,Türkiye,Actual,Actual,Synthetic ERP,A6100,417270.61
2026-04-01,CC-301,Sales,Wholesale,Türkiye,Actual,Actual,Synthetic ERP,A6200,208494.6
2026-04-01,CC-301,Sales,Wholesale,Türkiye,Actual,Actual,Synthetic ERP,A6300,149834.0
2026-04-01,CC-301,Sales,Wholesale,Türkiye,Actual,Actual,Synthetic ERP,A6400,75743.99
2026-04-01,CC-301,Sales,Wholesale,Türkiye,Actual,Actual,Synthetic ERP,A6500,37645.01
2026-04-01,CC-301,Sales,Wholesale,Türkiye,Actual,Actual,Synthetic ERP,A6600,24131.12
2026-04-01,CC-302,Sales,Wholesale,Europe,Actual,Actual,Synthetic ERP,A4020,18058788.38
2026-04-01,CC-302,Sales,Wholesale,Europe,Actual,Actual,Synthetic ERP,A5000,10732366.75
2026-04-01,CC-302,Sales,Wholesale,Europe,Actual,Actual,Synthetic ERP,A5010,213963.31
2026-04-01,CC-302,Sales,Wholesale,Europe,Actual,Actual,Synthetic ERP,A5020,324264.81
2026-04-01,CC-302,Sales,Wholesale,Europe,Actual,Actual,Synthetic ERP,A6000,942910.69
2026-04-01,CC-302,Sales,Wholesale,Europe,Actual,Actual,Synthetic ERP,A6010,174438.48
2026-04-01,CC-302,Sales,Wholesale,Europe,Actual,Actual,Synthetic ERP,A6100,360533.85
2026-04-01,CC-302,Sales,Wholesale,Europe,Actual,Actual,Synthetic ERP,A6200,181475.14
2026-04-01,CC-302,Sales,Wholesale,Europe,Actual,Actual,Synthetic ERP,A6300,115478.95
2026-04-01,CC-302,Sales,Wholesale,Europe,Actual,Actual,Synthetic ERP,A6400,59646.45
2026-04-01,CC-302,Sales,Wholesale,Europe,Actual,Actual,Synthetic ERP,A6500,32864.1
2026-04-01,CC-302,Sales,Wholesale,Europe,Actual,Actual,Synthetic ERP,A6600,20923.46
2026-04-01,CC-401,Customer Success,Subscription Services,Türkiye,Actual,Actual,Synthetic ERP,A4030,8121340.74
2026-04-01,CC-401,Customer Success,Subscription Services,Türkiye,Actual,Actual,Synthetic ERP,A5000,1699023.55
2026-04-01,CC-401,Customer Success,Subscription Services,Türkiye,Actual,Actual,Synthetic ERP,A5010,198080.4
2026-04-01,CC-401,Customer Success,Subscription Services,Türkiye,Actual,Actual,Synthetic ERP,A5020,150519.73
2026-04-01,CC-401,Customer Success,Subscription Services,Türkiye,Actual,Actual,Synthetic ERP,A6000,1610935.12
2026-04-01,CC-401,Customer Success,Subscription Services,Türkiye,Actual,Actual,Synthetic ERP,A6010,298023.0
2026-04-01,CC-401,Customer Success,Subscription Services,Türkiye,Actual,Actual,Synthetic ERP,A6100,448791.66
2026-04-01,CC-401,Customer Success,Subscription Services,Türkiye,Actual,Actual,Synthetic ERP,A6200,81629.17
2026-04-01,CC-401,Customer Success,Subscription Services,Türkiye,Actual,Actual,Synthetic ERP,A6300,911044.88
2026-04-01,CC-401,Customer Success,Subscription Services,Türkiye,Actual,Actual,Synthetic ERP,A6400,96221.35
2026-04-01,CC-401,Customer Success,Subscription Services,Türkiye,Actual,Actual,Synthetic ERP,A6500,53393.89
2026-04-01,CC-401,Customer Success,Subscription Services,Türkiye,Actual,Actual,Synthetic ERP,A6600,31990.67
2026-04-01,CC-401,Customer Success,Subscription Services,Türkiye,Actual,Actual,Synthetic ERP,A6700,194791.67
2026-04-01,CC-501,Marketing,Shared Services,Global,Actual,Actual,Synthetic ERP,A6000,1831913.41
2026-04-01,CC-501,Marketing,Shared Services,Global,Actual,Actual,Synthetic ERP,A6010,338903.98
2026-04-01,CC-501,Marketing,Shared Services,Global,Actual,Actual,Synthetic ERP,A6100,4572934.75
2026-04-01,CC-501,Marketing,Shared Services,Global,Actual,Actual,Synthetic ERP,A6300,299333.61
2026-04-01,CC-501,Marketing,Shared Services,Global,Actual,Actual,Synthetic ERP,A6400,107243.92
2026-04-01,CC-501,Marketing,Shared Services,Global,Actual,Actual,Synthetic ERP,A6500,395472.11
2026-04-01,CC-501,Marketing,Shared Services,Global,Actual,Actual,Synthetic ERP,A6600,184936.6
2026-04-01,CC-601,Operations,Shared Services,Türkiye,Actual,Actual,Synthetic ERP,A6000,2616836.56
2026-04-01,CC-601,Operations,Shared Services,Türkiye,Actual,Actual,Synthetic ERP,A6010,484114.76
2026-04-01,CC-601,Operations,Shared Services,Türkiye,Actual,Actual,Synthetic ERP,A6200,5225822.36
2026-04-01,CC-601,Operations,Shared Services,Türkiye,Actual,Actual,Synthetic ERP,A6300,513643.62
2026-04-01,CC-601,Operations,Shared Services,Türkiye,Actual,Actual,Synthetic ERP,A6400,1389725.26
2026-04-01,CC-601,Operations,Shared Services,Türkiye,Actual,Actual,Synthetic ERP,A6500,293578.99
2026-04-01,CC-601,Operations,Shared Services,Türkiye,Actual,Actual,Synthetic ERP,A6600,145051.11
2026-04-01,CC-601,Operations,Shared Services,Türkiye,Actual,Actual,Synthetic ERP,A6700,220833.33
2026-04-01,CC-701,Technology,Shared Services,Global,Actual,Actual,Synthetic ERP,A6000,2697197.73
2026-04-01,CC-701,Technology,Shared Services,Global,Actual,Actual,Synthetic ERP,A6010,498981.58
2026-04-01,CC-701,Technology,Shared Services,Global,Actual,Actual,Synthetic ERP,A6300,4532431.87
2026-04-01,CC-701,Technology,Shared Services,Global,Actual,Actual,Synthetic ERP,A6400,313341.16
2026-04-01,CC-701,Technology,Shared Services,Global,Actual,Actual,Synthetic ERP,A6500,1130459.61
2026-04-01,CC-701,Technology,Shared Services,Global,Actual,Actual,Synthetic ERP,A6600,242257.03
2026-04-01,CC-701,Technology,Shared Services,Global,Actual,Actual,Synthetic ERP,A6700,426041.67
2026-04-01,CC-801,Finance & Corporate,Shared Services,Global,Actual,Actual,Synthetic ERP,A6000,2342342.05
2026-04-01,CC-801,Finance & Corporate,Shared Services,Global,Actual,Actual,Synthetic ERP,A6010,433333.28
2026-04-01,CC-801,Finance & Corporate,Shared Services,Global,Actual,Actual,Synthetic ERP,A6300,793785.28
2026-04-01,CC-801,Finance & Corporate,Shared Services,Global,Actual,Actual,Synthetic ERP,A6400,1616095.38
2026-04-01,CC-801,Finance & Corporate,Shared Services,Global,Actual,Actual,Synthetic ERP,A6500,1697511.7
2026-04-01,CC-801,Finance & Corporate,Shared Services,Global,Actual,Actual,Synthetic ERP,A6600,404589.79
2026-04-01,CC-801,Finance & Corporate,Shared Services,Global,Actual,Actual,Synthetic ERP,A6700,170000.0
2026-04-01,CC-801,Finance & Corporate,Shared Services,Global,Actual,Actual,Synthetic ERP,A6800,500226.72
2026-04-01,CC-801,Finance & Corporate,Shared Services,Global,Actual,Actual,Synthetic ERP,A6900,2490674.92
2026-05-01,CC-101,Sales,Digital Commerce,Türkiye,Actual,Actual,Synthetic ERP,A4000,30317107.87
2026-05-01,CC-101,Sales,Digital Commerce,Türkiye,Actual,Actual,Synthetic ERP,A5000,11509556.45
2026-05-01,CC-101,Sales,Digital Commerce,Türkiye,Actual,Actual,Synthetic ERP,A5010,851025.18
2026-05-01,CC-101,Sales,Digital Commerce,Türkiye,Actual,Actual,Synthetic ERP,A5020,901424.98
2026-05-01,CC-101,Sales,Digital Commerce,Türkiye,Actual,Actual,Synthetic ERP,A6000,1957092.91
2026-05-01,CC-101,Sales,Digital Commerce,Türkiye,Actual,Actual,Synthetic ERP,A6010,362062.19
2026-05-01,CC-101,Sales,Digital Commerce,Türkiye,Actual,Actual,Synthetic ERP,A6100,1496143.59
2026-05-01,CC-101,Sales,Digital Commerce,Türkiye,Actual,Actual,Synthetic ERP,A6200,531817.43
2026-05-01,CC-101,Sales,Digital Commerce,Türkiye,Actual,Actual,Synthetic ERP,A6300,274142.09
2026-05-01,CC-101,Sales,Digital Commerce,Türkiye,Actual,Actual,Synthetic ERP,A6400,134473.23
2026-05-01,CC-101,Sales,Digital Commerce,Türkiye,Actual,Actual,Synthetic ERP,A6500,72871.62
2026-05-01,CC-101,Sales,Digital Commerce,Türkiye,Actual,Actual,Synthetic ERP,A6600,45234.83
2026-05-01,CC-102,Sales,Digital Commerce,Europe,Actual,Actual,Synthetic ERP,A4000,20269867.7
2026-05-01,CC-102,Sales,Digital Commerce,Europe,Actual,Actual,Synthetic ERP,A5000,8186016.36
2026-05-01,CC-102,Sales,Digital Commerce,Europe,Actual,Actual,Synthetic ERP,A5010,657719.71
2026-05-01,CC-102,Sales,Digital Commerce,Europe,Actual,Actual,Synthetic ERP,A5020,640549.66
2026-05-01,CC-102,Sales,Digital Commerce,Europe,Actual,Actual,Synthetic ERP,A6000,1524230.11
2026-05-01,CC-102,Sales,Digital Commerce,Europe,Actual,Actual,Synthetic ERP,A6010,281982.57
2026-05-01,CC-102,Sales,Digital Commerce,Europe,Actual,Actual,Synthetic ERP,A6100,1019556.07
2026-05-01,CC-102,Sales,Digital Commerce,Europe,Actual,Actual,Synthetic ERP,A6200,368984.84
2026-05-01,CC-102,Sales,Digital Commerce,Europe,Actual,Actual,Synthetic ERP,A6300,165565.74
2026-05-01,CC-102,Sales,Digital Commerce,Europe,Actual,Actual,Synthetic ERP,A6400,83180.57
2026-05-01,CC-102,Sales,Digital Commerce,Europe,Actual,Actual,Synthetic ERP,A6500,41410.09
2026-05-01,CC-102,Sales,Digital Commerce,Europe,Actual,Actual,Synthetic ERP,A6600,28738.18
2026-05-01,CC-103,Sales,Digital Commerce,MENA,Actual,Actual,Synthetic ERP,A4000,12809271.52
2026-05-01,CC-103,Sales,Digital Commerce,MENA,Actual,Actual,Synthetic ERP,A5000,5374784.04
2026-05-01,CC-103,Sales,Digital Commerce,MENA,Actual,Actual,Synthetic ERP,A5010,677732.74
2026-05-01,CC-103,Sales,Digital Commerce,MENA,Actual,Actual,Synthetic ERP,A5020,454898.9
2026-05-01,CC-103,Sales,Digital Commerce,MENA,Actual,Actual,Synthetic ERP,A6000,933932.35
2026-05-01,CC-103,Sales,Digital Commerce,MENA,Actual,Actual,Synthetic ERP,A6010,172777.49
2026-05-01,CC-103,Sales,Digital Commerce,MENA,Actual,Actual,Synthetic ERP,A6100,664660.16
2026-05-01,CC-103,Sales,Digital Commerce,MENA,Actual,Actual,Synthetic ERP,A6200,225462.91
2026-05-01,CC-103,Sales,Digital Commerce,MENA,Actual,Actual,Synthetic ERP,A6300,106371.75
2026-05-01,CC-103,Sales,Digital Commerce,MENA,Actual,Actual,Synthetic ERP,A6400,52732.95
2026-05-01,CC-103,Sales,Digital Commerce,MENA,Actual,Actual,Synthetic ERP,A6500,29411.09
2026-05-01,CC-103,Sales,Digital Commerce,MENA,Actual,Actual,Synthetic ERP,A6600,18330.81
2026-05-01,CC-201,Sales,Retail Stores,Türkiye,Actual,Actual,Synthetic ERP,A4010,22782166.23
2026-05-01,CC-201,Sales,Retail Stores,Türkiye,Actual,Actual,Synthetic ERP,A5000,10478961.91
2026-05-01,CC-201,Sales,Retail Stores,Türkiye,Actual,Actual,Synthetic ERP,A5010,450886.25
2026-05-01,CC-201,Sales,Retail Stores,Türkiye,Actual,Actual,Synthetic ERP,A5020,570840.63
2026-05-01,CC-201,Sales,Retail Stores,Türkiye,Actual,Actual,Synthetic ERP,A6000,2539551.11
2026-05-01,CC-201,Sales,Retail Stores,Türkiye,Actual,Actual,Synthetic ERP,A6010,469816.96
2026-05-01,CC-201,Sales,Retail Stores,Türkiye,Actual,Actual,Synthetic ERP,A6100,454634.44
2026-05-01,CC-201,Sales,Retail Stores,Türkiye,Actual,Actual,Synthetic ERP,A6200,407988.93
2026-05-01,CC-201,Sales,Retail Stores,Türkiye,Actual,Actual,Synthetic ERP,A6300,361317.72
2026-05-01,CC-201,Sales,Retail Stores,Türkiye,Actual,Actual,Synthetic ERP,A6400,463675.85
2026-05-01,CC-201,Sales,Retail Stores,Türkiye,Actual,Actual,Synthetic ERP,A6500,105551.6
2026-05-01,CC-201,Sales,Retail Stores,Türkiye,Actual,Actual,Synthetic ERP,A6600,63351.73
2026-05-01,CC-201,Sales,Retail Stores,Türkiye,Actual,Actual,Synthetic ERP,A6700,107500.0
2026-05-01,CC-202,Sales,Retail Stores,Türkiye,Actual,Actual,Synthetic ERP,A4010,16216788.41
2026-05-01,CC-202,Sales,Retail Stores,Türkiye,Actual,Actual,Synthetic ERP,A5000,7591763.66
2026-05-01,CC-202,Sales,Retail Stores,Türkiye,Actual,Actual,Synthetic ERP,A5010,296082.91
2026-05-01,CC-202,Sales,Retail Stores,Türkiye,Actual,Actual,Synthetic ERP,A5020,431121.09
2026-05-01,CC-202,Sales,Retail Stores,Türkiye,Actual,Actual,Synthetic ERP,A6000,1797126.77
2026-05-01,CC-202,Sales,Retail Stores,Türkiye,Actual,Actual,Synthetic ERP,A6010,332468.45
2026-05-01,CC-202,Sales,Retail Stores,Türkiye,Actual,Actual,Synthetic ERP,A6100,320459.98
2026-05-01,CC-202,Sales,Retail Stores,Türkiye,Actual,Actual,Synthetic ERP,A6200,284798.82
2026-05-01,CC-202,Sales,Retail Stores,Türkiye,Actual,Actual,Synthetic ERP,A6300,291320.21
2026-05-01,CC-202,Sales,Retail Stores,Türkiye,Actual,Actual,Synthetic ERP,A6400,366260.1
2026-05-01,CC-202,Sales,Retail Stores,Türkiye,Actual,Actual,Synthetic ERP,A6500,81982.78
2026-05-01,CC-202,Sales,Retail Stores,Türkiye,Actual,Actual,Synthetic ERP,A6600,49362.41
2026-05-01,CC-202,Sales,Retail Stores,Türkiye,Actual,Actual,Synthetic ERP,A6700,134166.67
2026-05-01,CC-301,Sales,Wholesale,Türkiye,Actual,Actual,Synthetic ERP,A4020,20156869.18
2026-05-01,CC-301,Sales,Wholesale,Türkiye,Actual,Actual,Synthetic ERP,A5000,11529407.46
2026-05-01,CC-301,Sales,Wholesale,Türkiye,Actual,Actual,Synthetic ERP,A5010,200445.27
2026-05-01,CC-301,Sales,Wholesale,Türkiye,Actual,Actual,Synthetic ERP,A5020,298721.42
2026-05-01,CC-301,Sales,Wholesale,Türkiye,Actual,Actual,Synthetic ERP,A6000,1257212.1
2026-05-01,CC-301,Sales,Wholesale,Türkiye,Actual,Actual,Synthetic ERP,A6010,232584.24
2026-05-01,CC-301,Sales,Wholesale,Türkiye,Actual,Actual,Synthetic ERP,A6100,405459.37
2026-05-01,CC-301,Sales,Wholesale,Türkiye,Actual,Actual,Synthetic ERP,A6200,201331.0
2026-05-01,CC-301,Sales,Wholesale,Türkiye,Actual,Actual,Synthetic ERP,A6300,151192.54
2026-05-01,CC-301,Sales,Wholesale,Türkiye,Actual,Actual,Synthetic ERP,A6400,74484.89
2026-05-01,CC-301,Sales,Wholesale,Türkiye,Actual,Actual,Synthetic ERP,A6500,38995.72
2026-05-01,CC-301,Sales,Wholesale,Türkiye,Actual,Actual,Synthetic ERP,A6600,25291.53
2026-05-01,CC-302,Sales,Wholesale,Europe,Actual,Actual,Synthetic ERP,A4020,16512880.23
2026-05-01,CC-302,Sales,Wholesale,Europe,Actual,Actual,Synthetic ERP,A5000,9824829.4
2026-05-01,CC-302,Sales,Wholesale,Europe,Actual,Actual,Synthetic ERP,A5010,196779.23
2026-05-01,CC-302,Sales,Wholesale,Europe,Actual,Actual,Synthetic ERP,A5020,294889.0
2026-05-01,CC-302,Sales,Wholesale,Europe,Actual,Actual,Synthetic ERP,A6000,960446.54
2026-05-01,CC-302,Sales,Wholesale,Europe,Actual,Actual,Synthetic ERP,A6010,177682.61
2026-05-01,CC-302,Sales,Wholesale,Europe,Actual,Actual,Synthetic ERP,A6100,332133.41
2026-05-01,CC-302,Sales,Wholesale,Europe,Actual,Actual,Synthetic ERP,A6200,166125.44
2026-05-01,CC-302,Sales,Wholesale,Europe,Actual,Actual,Synthetic ERP,A6300,118982.02
2026-05-01,CC-302,Sales,Wholesale,Europe,Actual,Actual,Synthetic ERP,A6400,60761.56
2026-05-01,CC-302,Sales,Wholesale,Europe,Actual,Actual,Synthetic ERP,A6500,34066.22
2026-05-01,CC-302,Sales,Wholesale,Europe,Actual,Actual,Synthetic ERP,A6600,20356.59
2026-05-01,CC-401,Customer Success,Subscription Services,Türkiye,Actual,Actual,Synthetic ERP,A4030,8438863.52
2026-05-01,CC-401,Customer Success,Subscription Services,Türkiye,Actual,Actual,Synthetic ERP,A5000,1781304.53
2026-05-01,CC-401,Customer Success,Subscription Services,Türkiye,Actual,Actual,Synthetic ERP,A5010,213990.04
2026-05-01,CC-401,Customer Success,Subscription Services,Türkiye,Actual,Actual,Synthetic ERP,A5020,151661.14
2026-05-01,CC-401,Customer Success,Subscription Services,Türkiye,Actual,Actual,Synthetic ERP,A6000,1619223.05
2026-05-01,CC-401,Customer Success,Subscription Services,Türkiye,Actual,Actual,Synthetic ERP,A6010,299556.26
2026-05-01,CC-401,Customer Success,Subscription Services,Türkiye,Actual,Actual,Synthetic ERP,A6100,454032.0
2026-05-01,CC-401,Customer Success,Subscription Services,Türkiye,Actual,Actual,Synthetic ERP,A6200,85975.75
2026-05-01,CC-401,Customer Success,Subscription Services,Türkiye,Actual,Actual,Synthetic ERP,A6300,891175.0
2026-05-01,CC-401,Customer Success,Subscription Services,Türkiye,Actual,Actual,Synthetic ERP,A6400,97988.35
2026-05-01,CC-401,Customer Success,Subscription Services,Türkiye,Actual,Actual,Synthetic ERP,A6500,53186.23
2026-05-01,CC-401,Customer Success,Subscription Services,Türkiye,Actual,Actual,Synthetic ERP,A6600,34154.08
2026-05-01,CC-401,Customer Success,Subscription Services,Türkiye,Actual,Actual,Synthetic ERP,A6700,194791.67
2026-05-01,CC-501,Marketing,Shared Services,Global,Actual,Actual,Synthetic ERP,A6000,1844315.55
2026-05-01,CC-501,Marketing,Shared Services,Global,Actual,Actual,Synthetic ERP,A6010,341198.38
2026-05-01,CC-501,Marketing,Shared Services,Global,Actual,Actual,Synthetic ERP,A6100,4527687.82
2026-05-01,CC-501,Marketing,Shared Services,Global,Actual,Actual,Synthetic ERP,A6300,299767.3
2026-05-01,CC-501,Marketing,Shared Services,Global,Actual,Actual,Synthetic ERP,A6400,109418.76
2026-05-01,CC-501,Marketing,Shared Services,Global,Actual,Actual,Synthetic ERP,A6500,407224.17
2026-05-01,CC-501,Marketing,Shared Services,Global,Actual,Actual,Synthetic ERP,A6600,176149.07
2026-05-01,CC-601,Operations,Shared Services,Türkiye,Actual,Actual,Synthetic ERP,A6000,2633517.09
2026-05-01,CC-601,Operations,Shared Services,Türkiye,Actual,Actual,Synthetic ERP,A6010,487200.66
2026-05-01,CC-601,Operations,Shared Services,Türkiye,Actual,Actual,Synthetic ERP,A6200,5270008.37
2026-05-01,CC-601,Operations,Shared Services,Türkiye,Actual,Actual,Synthetic ERP,A6300,517549.3
2026-05-01,CC-601,Operations,Shared Services,Türkiye,Actual,Actual,Synthetic ERP,A6400,1397912.32
2026-05-01,CC-601,Operations,Shared Services,Türkiye,Actual,Actual,Synthetic ERP,A6500,319376.52
2026-05-01,CC-601,Operations,Shared Services,Türkiye,Actual,Actual,Synthetic ERP,A6600,147952.27
2026-05-01,CC-601,Operations,Shared Services,Türkiye,Actual,Actual,Synthetic ERP,A6700,220833.33
2026-05-01,CC-701,Technology,Shared Services,Global,Actual,Actual,Synthetic ERP,A6000,2637327.11
2026-05-01,CC-701,Technology,Shared Services,Global,Actual,Actual,Synthetic ERP,A6010,487905.52
2026-05-01,CC-701,Technology,Shared Services,Global,Actual,Actual,Synthetic ERP,A6300,4462392.97
2026-05-01,CC-701,Technology,Shared Services,Global,Actual,Actual,Synthetic ERP,A6400,313541.49
2026-05-01,CC-701,Technology,Shared Services,Global,Actual,Actual,Synthetic ERP,A6500,1224959.86
2026-05-01,CC-701,Technology,Shared Services,Global,Actual,Actual,Synthetic ERP,A6600,229957.84
2026-05-01,CC-701,Technology,Shared Services,Global,Actual,Actual,Synthetic ERP,A6700,426041.67
2026-05-01,CC-801,Finance & Corporate,Shared Services,Global,Actual,Actual,Synthetic ERP,A6000,2322922.01
2026-05-01,CC-801,Finance & Corporate,Shared Services,Global,Actual,Actual,Synthetic ERP,A6010,429740.57
2026-05-01,CC-801,Finance & Corporate,Shared Services,Global,Actual,Actual,Synthetic ERP,A6300,816722.38
2026-05-01,CC-801,Finance & Corporate,Shared Services,Global,Actual,Actual,Synthetic ERP,A6400,1640125.86
2026-05-01,CC-801,Finance & Corporate,Shared Services,Global,Actual,Actual,Synthetic ERP,A6500,1568324.41
2026-05-01,CC-801,Finance & Corporate,Shared Services,Global,Actual,Actual,Synthetic ERP,A6600,389856.17
2026-05-01,CC-801,Finance & Corporate,Shared Services,Global,Actual,Actual,Synthetic ERP,A6700,170000.0
2026-05-01,CC-801,Finance & Corporate,Shared Services,Global,Actual,Actual,Synthetic ERP,A6800,500226.72
2026-05-01,CC-801,Finance & Corporate,Shared Services,Global,Actual,Actual,Synthetic ERP,A6900,2602144.74
2026-06-01,CC-101,Sales,Digital Commerce,Türkiye,Actual,Actual,Synthetic ERP,A4000,32042432.82
2026-06-01,CC-101,Sales,Digital Commerce,Türkiye,Actual,Actual,Synthetic ERP,A5000,12131564.96
2026-06-01,CC-101,Sales,Digital Commerce,Türkiye,Actual,Actual,Synthetic ERP,A5010,891425.64
2026-06-01,CC-101,Sales,Digital Commerce,Türkiye,Actual,Actual,Synthetic ERP,A5020,936712.35
2026-06-01,CC-101,Sales,Digital Commerce,Türkiye,Actual,Actual,Synthetic ERP,A6000,1881984.95
2026-06-01,CC-101,Sales,Digital Commerce,Türkiye,Actual,Actual,Synthetic ERP,A6010,348167.22
2026-06-01,CC-101,Sales,Digital Commerce,Türkiye,Actual,Actual,Synthetic ERP,A6100,1619253.13
2026-06-01,CC-101,Sales,Digital Commerce,Türkiye,Actual,Actual,Synthetic ERP,A6200,576590.32
2026-06-01,CC-101,Sales,Digital Commerce,Türkiye,Actual,Actual,Synthetic ERP,A6300,274580.65
2026-06-01,CC-101,Sales,Digital Commerce,Türkiye,Actual,Actual,Synthetic ERP,A6400,136492.14
2026-06-01,CC-101,Sales,Digital Commerce,Türkiye,Actual,Actual,Synthetic ERP,A6500,72715.14
2026-06-01,CC-101,Sales,Digital Commerce,Türkiye,Actual,Actual,Synthetic ERP,A6600,45268.08
2026-06-01,CC-102,Sales,Digital Commerce,Europe,Actual,Actual,Synthetic ERP,A4000,20815871.21
2026-06-01,CC-102,Sales,Digital Commerce,Europe,Actual,Actual,Synthetic ERP,A5000,8292660.67
2026-06-01,CC-102,Sales,Digital Commerce,Europe,Actual,Actual,Synthetic ERP,A5010,659976.69
2026-06-01,CC-102,Sales,Digital Commerce,Europe,Actual,Actual,Synthetic ERP,A5020,675996.1
2026-06-01,CC-102,Sales,Digital Commerce,Europe,Actual,Actual,Synthetic ERP,A6000,1667472.14
2026-06-01,CC-102,Sales,Digital Commerce,Europe,Actual,Actual,Synthetic ERP,A6010,308482.35
2026-06-01,CC-102,Sales,Digital Commerce,Europe,Actual,Actual,Synthetic ERP,A6100,1013037.33
2026-06-01,CC-102,Sales,Digital Commerce,Europe,Actual,Actual,Synthetic ERP,A6200,373847.6
2026-06-01,CC-102,Sales,Digital Commerce,Europe,Actual,Actual,Synthetic ERP,A6300,169218.12
2026-06-01,CC-102,Sales,Digital Commerce,Europe,Actual,Actual,Synthetic ERP,A6400,82116.08
2026-06-01,CC-102,Sales,Digital Commerce,Europe,Actual,Actual,Synthetic ERP,A6500,44200.02
2026-06-01,CC-102,Sales,Digital Commerce,Europe,Actual,Actual,Synthetic ERP,A6600,32492.55
2026-06-01,CC-103,Sales,Digital Commerce,MENA,Actual,Actual,Synthetic ERP,A4000,13287379.38
2026-06-01,CC-103,Sales,Digital Commerce,MENA,Actual,Actual,Synthetic ERP,A5000,5548403.94
2026-06-01,CC-103,Sales,Digital Commerce,MENA,Actual,Actual,Synthetic ERP,A5010,697155.47
2026-06-01,CC-103,Sales,Digital Commerce,MENA,Actual,Actual,Synthetic ERP,A5020,459701.01
2026-06-01,CC-103,Sales,Digital Commerce,MENA,Actual,Actual,Synthetic ERP,A6000,1040226.46
2026-06-01,CC-103,Sales,Digital Commerce,MENA,Actual,Actual,Synthetic ERP,A6010,192441.89
2026-06-01,CC-103,Sales,Digital Commerce,MENA,Actual,Actual,Synthetic ERP,A6100,650827.32
2026-06-01,CC-103,Sales,Digital Commerce,MENA,Actual,Actual,Synthetic ERP,A6200,239127.41
2026-06-01,CC-103,Sales,Digital Commerce,MENA,Actual,Actual,Synthetic ERP,A6300,106524.18
2026-06-01,CC-103,Sales,Digital Commerce,MENA,Actual,Actual,Synthetic ERP,A6400,52286.4
2026-06-01,CC-103,Sales,Digital Commerce,MENA,Actual,Actual,Synthetic ERP,A6500,27872.85
2026-06-01,CC-103,Sales,Digital Commerce,MENA,Actual,Actual,Synthetic ERP,A6600,17804.84
2026-06-01,CC-201,Sales,Retail Stores,Türkiye,Actual,Actual,Synthetic ERP,A4010,24290119.87
2026-06-01,CC-201,Sales,Retail Stores,Türkiye,Actual,Actual,Synthetic ERP,A5000,11206714.5
2026-06-01,CC-201,Sales,Retail Stores,Türkiye,Actual,Actual,Synthetic ERP,A5010,483122.94
2026-06-01,CC-201,Sales,Retail Stores,Türkiye,Actual,Actual,Synthetic ERP,A5020,608630.6
2026-06-01,CC-201,Sales,Retail Stores,Türkiye,Actual,Actual,Synthetic ERP,A6000,2515727.13
2026-06-01,CC-201,Sales,Retail Stores,Türkiye,Actual,Actual,Synthetic ERP,A6010,465409.52
2026-06-01,CC-201,Sales,Retail Stores,Türkiye,Actual,Actual,Synthetic ERP,A6100,494307.73
2026-06-01,CC-201,Sales,Retail Stores,Türkiye,Actual,Actual,Synthetic ERP,A6200,438209.32
2026-06-01,CC-201,Sales,Retail Stores,Türkiye,Actual,Actual,Synthetic ERP,A6300,366040.48
2026-06-01,CC-201,Sales,Retail Stores,Türkiye,Actual,Actual,Synthetic ERP,A6400,462420.36
2026-06-01,CC-201,Sales,Retail Stores,Türkiye,Actual,Actual,Synthetic ERP,A6500,102910.69
2026-06-01,CC-201,Sales,Retail Stores,Türkiye,Actual,Actual,Synthetic ERP,A6600,61425.41
2026-06-01,CC-201,Sales,Retail Stores,Türkiye,Actual,Actual,Synthetic ERP,A6700,107500.0
2026-06-01,CC-202,Sales,Retail Stores,Türkiye,Actual,Actual,Synthetic ERP,A4010,17306722.76
2026-06-01,CC-202,Sales,Retail Stores,Türkiye,Actual,Actual,Synthetic ERP,A5000,8137838.65
2026-06-01,CC-202,Sales,Retail Stores,Türkiye,Actual,Actual,Synthetic ERP,A5010,314193.74
2026-06-01,CC-202,Sales,Retail Stores,Türkiye,Actual,Actual,Synthetic ERP,A5020,463212.7
2026-06-01,CC-202,Sales,Retail Stores,Türkiye,Actual,Actual,Synthetic ERP,A6000,1817101.31
2026-06-01,CC-202,Sales,Retail Stores,Türkiye,Actual,Actual,Synthetic ERP,A6010,336163.74
2026-06-01,CC-202,Sales,Retail Stores,Türkiye,Actual,Actual,Synthetic ERP,A6100,354847.73
2026-06-01,CC-202,Sales,Retail Stores,Türkiye,Actual,Actual,Synthetic ERP,A6200,311770.37
2026-06-01,CC-202,Sales,Retail Stores,Türkiye,Actual,Actual,Synthetic ERP,A6300,290853.09
2026-06-01,CC-202,Sales,Retail Stores,Türkiye,Actual,Actual,Synthetic ERP,A6400,372994.92
2026-06-01,CC-202,Sales,Retail Stores,Türkiye,Actual,Actual,Synthetic ERP,A6500,76812.65
2026-06-01,CC-202,Sales,Retail Stores,Türkiye,Actual,Actual,Synthetic ERP,A6600,49623.34
2026-06-01,CC-202,Sales,Retail Stores,Türkiye,Actual,Actual,Synthetic ERP,A6700,134166.67
2026-06-01,CC-301,Sales,Wholesale,Türkiye,Actual,Actual,Synthetic ERP,A4020,18044548.38
2026-06-01,CC-301,Sales,Wholesale,Türkiye,Actual,Actual,Synthetic ERP,A5000,10368397.41
2026-06-01,CC-301,Sales,Wholesale,Türkiye,Actual,Actual,Synthetic ERP,A5010,181743.25
2026-06-01,CC-301,Sales,Wholesale,Türkiye,Actual,Actual,Synthetic ERP,A5020,271465.71
2026-06-01,CC-301,Sales,Wholesale,Türkiye,Actual,Actual,Synthetic ERP,A6000,1255894.17
2026-06-01,CC-301,Sales,Wholesale,Türkiye,Actual,Actual,Synthetic ERP,A6010,232340.42
2026-06-01,CC-301,Sales,Wholesale,Türkiye,Actual,Actual,Synthetic ERP,A6100,362367.96
2026-06-01,CC-301,Sales,Wholesale,Türkiye,Actual,Actual,Synthetic ERP,A6200,179769.95
2026-06-01,CC-301,Sales,Wholesale,Türkiye,Actual,Actual,Synthetic ERP,A6300,150021.92
2026-06-01,CC-301,Sales,Wholesale,Türkiye,Actual,Actual,Synthetic ERP,A6400,75182.82
2026-06-01,CC-301,Sales,Wholesale,Türkiye,Actual,Actual,Synthetic ERP,A6500,44067.05
2026-06-01,CC-301,Sales,Wholesale,Türkiye,Actual,Actual,Synthetic ERP,A6600,22320.55
2026-06-01,CC-302,Sales,Wholesale,Europe,Actual,Actual,Synthetic ERP,A4020,15369019.65
2026-06-01,CC-302,Sales,Wholesale,Europe,Actual,Actual,Synthetic ERP,A5000,8984151.57
2026-06-01,CC-302,Sales,Wholesale,Europe,Actual,Actual,Synthetic ERP,A5010,185394.54
2026-06-01,CC-302,Sales,Wholesale,Europe,Actual,Actual,Synthetic ERP,A5020,273923.09
2026-06-01,CC-302,Sales,Wholesale,Europe,Actual,Actual,Synthetic ERP,A6000,975291.15
2026-06-01,CC-302,Sales,Wholesale,Europe,Actual,Actual,Synthetic ERP,A6010,180428.86
2026-06-01,CC-302,Sales,Wholesale,Europe,Actual,Actual,Synthetic ERP,A6100,307443.92
2026-06-01,CC-302,Sales,Wholesale,Europe,Actual,Actual,Synthetic ERP,A6200,157849.61
2026-06-01,CC-302,Sales,Wholesale,Europe,Actual,Actual,Synthetic ERP,A6300,121984.61
2026-06-01,CC-302,Sales,Wholesale,Europe,Actual,Actual,Synthetic ERP,A6400,60587.02
2026-06-01,CC-302,Sales,Wholesale,Europe,Actual,Actual,Synthetic ERP,A6500,31264.08
2026-06-01,CC-302,Sales,Wholesale,Europe,Actual,Actual,Synthetic ERP,A6600,18155.6
2026-06-01,CC-401,Customer Success,Subscription Services,Türkiye,Actual,Actual,Synthetic ERP,A4030,8291553.7
2026-06-01,CC-401,Customer Success,Subscription Services,Türkiye,Actual,Actual,Synthetic ERP,A5000,1747491.88
2026-06-01,CC-401,Customer Success,Subscription Services,Türkiye,Actual,Actual,Synthetic ERP,A5010,207152.79
2026-06-01,CC-401,Customer Success,Subscription Services,Türkiye,Actual,Actual,Synthetic ERP,A5020,144625.98
2026-06-01,CC-401,Customer Success,Subscription Services,Türkiye,Actual,Actual,Synthetic ERP,A6000,1630045.2
2026-06-01,CC-401,Customer Success,Subscription Services,Türkiye,Actual,Actual,Synthetic ERP,A6010,301558.36
2026-06-01,CC-401,Customer Success,Subscription Services,Türkiye,Actual,Actual,Synthetic ERP,A6100,465624.97
2026-06-01,CC-401,Customer Success,Subscription Services,Türkiye,Actual,Actual,Synthetic ERP,A6200,82614.28
2026-06-01,CC-401,Customer Success,Subscription Services,Türkiye,Actual,Actual,Synthetic ERP,A6300,892769.15
2026-06-01,CC-401,Customer Success,Subscription Services,Türkiye,Actual,Actual,Synthetic ERP,A6400,100108.07
2026-06-01,CC-401,Customer Success,Subscription Services,Türkiye,Actual,Actual,Synthetic ERP,A6500,52740.55
2026-06-01,CC-401,Customer Success,Subscription Services,Türkiye,Actual,Actual,Synthetic ERP,A6600,32334.88
2026-06-01,CC-401,Customer Success,Subscription Services,Türkiye,Actual,Actual,Synthetic ERP,A6700,194791.67
2026-06-01,CC-501,Marketing,Shared Services,Global,Actual,Actual,Synthetic ERP,A6000,1824880.54
2026-06-01,CC-501,Marketing,Shared Services,Global,Actual,Actual,Synthetic ERP,A6010,337602.9
2026-06-01,CC-501,Marketing,Shared Services,Global,Actual,Actual,Synthetic ERP,A6100,4650271.28
2026-06-01,CC-501,Marketing,Shared Services,Global,Actual,Actual,Synthetic ERP,A6300,306074.96
2026-06-01,CC-501,Marketing,Shared Services,Global,Actual,Actual,Synthetic ERP,A6400,110465.31
2026-06-01,CC-501,Marketing,Shared Services,Global,Actual,Actual,Synthetic ERP,A6500,400726.36
2026-06-01,CC-501,Marketing,Shared Services,Global,Actual,Actual,Synthetic ERP,A6600,177620.26
2026-06-01,CC-601,Operations,Shared Services,Türkiye,Actual,Actual,Synthetic ERP,A6000,2601056.36
2026-06-01,CC-601,Operations,Shared Services,Türkiye,Actual,Actual,Synthetic ERP,A6010,481195.43
2026-06-01,CC-601,Operations,Shared Services,Türkiye,Actual,Actual,Synthetic ERP,A6200,5279382.87
2026-06-01,CC-601,Operations,Shared Services,Türkiye,Actual,Actual,Synthetic ERP,A6300,528024.23
2026-06-01,CC-601,Operations,Shared Services,Türkiye,Actual,Actual,Synthetic ERP,A6400,1426261.6
2026-06-01,CC-601,Operations,Shared Services,Türkiye,Actual,Actual,Synthetic ERP,A6500,293457.97
2026-06-01,CC-601,Operations,Shared Services,Türkiye,Actual,Actual,Synthetic ERP,A6600,134002.69
2026-06-01,CC-601,Operations,Shared Services,Türkiye,Actual,Actual,Synthetic ERP,A6700,220833.33
2026-06-01,CC-701,Technology,Shared Services,Global,Actual,Actual,Synthetic ERP,A6000,2688583.98
2026-06-01,CC-701,Technology,Shared Services,Global,Actual,Actual,Synthetic ERP,A6010,497388.04
2026-06-01,CC-701,Technology,Shared Services,Global,Actual,Actual,Synthetic ERP,A6300,4596623.3
2026-06-01,CC-701,Technology,Shared Services,Global,Actual,Actual,Synthetic ERP,A6400,318322.38
2026-06-01,CC-701,Technology,Shared Services,Global,Actual,Actual,Synthetic ERP,A6500,1219858.4
2026-06-01,CC-701,Technology,Shared Services,Global,Actual,Actual,Synthetic ERP,A6600,253600.84
2026-06-01,CC-701,Technology,Shared Services,Global,Actual,Actual,Synthetic ERP,A6700,426041.67
2026-06-01,CC-801,Finance & Corporate,Shared Services,Global,Actual,Actual,Synthetic ERP,A6000,2318539.23
2026-06-01,CC-801,Finance & Corporate,Shared Services,Global,Actual,Actual,Synthetic ERP,A6010,428929.76
2026-06-01,CC-801,Finance & Corporate,Shared Services,Global,Actual,Actual,Synthetic ERP,A6300,802778.13
2026-06-01,CC-801,Finance & Corporate,Shared Services,Global,Actual,Actual,Synthetic ERP,A6400,1647583.5
2026-06-01,CC-801,Finance & Corporate,Shared Services,Global,Actual,Actual,Synthetic ERP,A6500,1721107.77
2026-06-01,CC-801,Finance & Corporate,Shared Services,Global,Actual,Actual,Synthetic ERP,A6600,420285.3
2026-06-01,CC-801,Finance & Corporate,Shared Services,Global,Actual,Actual,Synthetic ERP,A6700,170000.0
2026-06-01,CC-801,Finance & Corporate,Shared Services,Global,Actual,Actual,Synthetic ERP,A6800,500226.72
2026-06-01,CC-801,Finance & Corporate,Shared Services,Global,Actual,Actual,Synthetic ERP,A6900,2783849.01
