Month,ProjectID,CostCenterID,Department,Version,CapexSpendTRY,DepreciationTRY,RemainingNBVTRY
2023-01-01,CPX-001,CC-701,Technology,Actual,0.0,0.0,8150000.0
2023-02-01,CPX-001,CC-701,Technology,Actual,1630000.0,0.0,8150000.0
2023-03-01,CPX-001,CC-701,Technology,Actual,1630000.0,0.0,8150000.0
2023-04-01,CPX-001,CC-701,Technology,Actual,1630000.0,0.0,8150000.0
2023-05-01,CPX-001,CC-701,Technology,Actual,1630000.0,0.0,8150000.0
2023-06-01,CPX-001,CC-701,Technology,Actual,1630000.0,169791.67,7980208.33
2023-07-01,CPX-001,CC-701,Technology,Actual,0.0,169791.67,7810416.67
2023-08-01,CPX-001,CC-701,Technology,Actual,0.0,169791.67,7640625.0
2023-09-01,CPX-001,CC-701,Technology,Actual,0.0,169791.67,7470833.33
2023-10-01,CPX-001,CC-701,Technology,Actual,0.0,169791.67,7301041.67
2023-11-01,CPX-001,CC-701,Technology,Actual,0.0,169791.67,7131250.0
2023-12-01,CPX-001,CC-701,Technology,Actual,0.0,169791.67,6961458.33
2024-01-01,CPX-001,CC-701,Technology,Actual,0.0,169791.67,6791666.67
2024-02-01,CPX-001,CC-701,Technology,Actual,0.0,169791.67,6621875.0
2024-03-01,CPX-001,CC-701,Technology,Actual,0.0,169791.67,6452083.33
2024-04-01,CPX-001,CC-701,Technology,Actual,0.0,169791.67,6282291.67
2024-05-01,CPX-001,CC-701,Technology,Actual,0.0,169791.67,6112500.0
2024-06-01,CPX-001,CC-701,Technology,Actual,0.0,169791.67,5942708.33
2024-07-01,CPX-001,CC-701,Technology,Actual,0.0,169791.67,5772916.67
2024-08-01,CPX-001,CC-701,Technology,Actual,0.0,169791.67,5603125.0
2024-09-01,CPX-001,CC-701,Technology,Actual,0.0,169791.67,5433333.33
2024-10-01,CPX-001,CC-701,Technology,Actual,0.0,169791.67,5263541.67
2024-11-01,CPX-001,CC-701,Technology,Actual,0.0,169791.67,5093750.0
2024-12-01,CPX-001,CC-701,Technology,Actual,0.0,169791.67,4923958.33
2025-01-01,CPX-001,CC-701,Technology,Actual,0.0,169791.67,4754166.67
2025-02-01,CPX-001,CC-701,Technology,Actual,0.0,169791.67,4584375.0
2025-03-01,CPX-001,CC-701,Technology,Actual,0.0,169791.67,4414583.33
2025-04-01,CPX-001,CC-701,Technology,Actual,0.0,169791.67,4244791.67
2025-05-01,CPX-001,CC-701,Technology,Actual,0.0,169791.67,4075000.0
2025-06-01,CPX-001,CC-701,Technology,Actual,0.0,169791.67,3905208.33
2025-07-01,CPX-001,CC-701,Technology,Actual,0.0,169791.67,3735416.67
2025-08-01,CPX-001,CC-701,Technology,Actual,0.0,169791.67,3565625.0
2025-09-01,CPX-001,CC-701,Technology,Actual,0.0,169791.67,3395833.33
2025-10-01,CPX-001,CC-701,Technology,Actual,0.0,169791.67,3226041.67
2025-11-01,CPX-001,CC-701,Technology,Actual,0.0,169791.67,3056250.0
2025-12-01,CPX-001,CC-701,Technology,Actual,0.0,169791.67,2886458.33
2026-01-01,CPX-001,CC-701,Technology,Actual,0.0,169791.67,2716666.67
2026-02-01,CPX-001,CC-701,Technology,Actual,0.0,169791.67,2546875.0
2026-03-01,CPX-001,CC-701,Technology,Actual,0.0,169791.67,2377083.33
2026-04-01,CPX-001,CC-701,Technology,Actual,0.0,169791.67,2207291.67
2026-05-01,CPX-001,CC-701,Technology,Actual,0.0,169791.67,2037500.0
2026-06-01,CPX-001,CC-701,Technology,Actual,0.0,169791.67,1867708.33
2023-01-01,CPX-001,CC-701,Technology,Budget,0.0,0.0,8400000.0
2023-02-01,CPX-001,CC-701,Technology,Budget,1680000.0,0.0,8400000.0
2023-03-01,CPX-001,CC-701,Technology,Budget,1680000.0,0.0,8400000.0
2023-04-01,CPX-001,CC-701,Technology,Budget,1680000.0,0.0,8400000.0
2023-05-01,CPX-001,CC-701,Technology,Budget,1680000.0,0.0,8400000.0
2023-06-01,CPX-001,CC-701,Technology,Budget,1680000.0,175000.0,8225000.0
2023-07-01,CPX-001,CC-701,Technology,Budget,0.0,175000.0,8050000.0
2023-08-01,CPX-001,CC-701,Technology,Budget,0.0,175000.0,7875000.0
2023-09-01,CPX-001,CC-701,Technology,Budget,0.0,175000.0,7700000.0
2023-10-01,CPX-001,CC-701,Technology,Budget,0.0,175000.0,7525000.0
2023-11-01,CPX-001,CC-701,Technology,Budget,0.0,175000.0,7350000.0
2023-12-01,CPX-001,CC-701,Technology,Budget,0.0,175000.0,7175000.0
2024-01-01,CPX-001,CC-701,Technology,Budget,0.0,175000.0,7000000.0
2024-02-01,CPX-001,CC-701,Technology,Budget,0.0,175000.0,6825000.0
2024-03-01,CPX-001,CC-701,Technology,Budget,0.0,175000.0,6650000.0
2024-04-01,CPX-001,CC-701,Technology,Budget,0.0,175000.0,6475000.0
2024-05-01,CPX-001,CC-701,Technology,Budget,0.0,175000.0,6300000.0
2024-06-01,CPX-001,CC-701,Technology,Budget,0.0,175000.0,6125000.0
2024-07-01,CPX-001,CC-701,Technology,Budget,0.0,175000.0,5950000.0
2024-08-01,CPX-001,CC-701,Technology,Budget,0.0,175000.0,5775000.0
2024-09-01,CPX-001,CC-701,Technology,Budget,0.0,175000.0,5600000.0
2024-10-01,CPX-001,CC-701,Technology,Budget,0.0,175000.0,5425000.0
2024-11-01,CPX-001,CC-701,Technology,Budget,0.0,175000.0,5250000.0
2024-12-01,CPX-001,CC-701,Technology,Budget,0.0,175000.0,5075000.0
2025-01-01,CPX-001,CC-701,Technology,Budget,0.0,175000.0,4900000.0
2025-02-01,CPX-001,CC-701,Technology,Budget,0.0,175000.0,4725000.0
2025-03-01,CPX-001,CC-701,Technology,Budget,0.0,175000.0,4550000.0
2025-04-01,CPX-001,CC-701,Technology,Budget,0.0,175000.0,4375000.0
2025-05-01,CPX-001,CC-701,Technology,Budget,0.0,175000.0,4200000.0
2025-06-01,CPX-001,CC-701,Technology,Budget,0.0,175000.0,4025000.0
2025-07-01,CPX-001,CC-701,Technology,Budget,0.0,175000.0,3850000.0
2025-08-01,CPX-001,CC-701,Technology,Budget,0.0,175000.0,3675000.0
2025-09-01,CPX-001,CC-701,Technology,Budget,0.0,175000.0,3500000.0
2025-10-01,CPX-001,CC-701,Technology,Budget,0.0,175000.0,3325000.0
2025-11-01,CPX-001,CC-701,Technology,Budget,0.0,175000.0,3150000.0
2025-12-01,CPX-001,CC-701,Technology,Budget,0.0,175000.0,2975000.0
2026-01-01,CPX-001,CC-701,Technology,Budget,0.0,175000.0,2800000.0
2026-02-01,CPX-001,CC-701,Technology,Budget,0.0,175000.0,2625000.0
2026-03-01,CPX-001,CC-701,Technology,Budget,0.0,175000.0,2450000.0
2026-04-01,CPX-001,CC-701,Technology,Budget,0.0,175000.0,2275000.0
2026-05-01,CPX-001,CC-701,Technology,Budget,0.0,175000.0,2100000.0
2026-06-01,CPX-001,CC-701,Technology,Budget,0.0,175000.0,1925000.0
2026-07-01,CPX-001,CC-701,Technology,Budget,0.0,175000.0,1750000.0
2026-08-01,CPX-001,CC-701,Technology,Budget,0.0,175000.0,1575000.0
2026-09-01,CPX-001,CC-701,Technology,Budget,0.0,175000.0,1400000.0
2026-10-01,CPX-001,CC-701,Technology,Budget,0.0,175000.0,1225000.0
2026-11-01,CPX-001,CC-701,Technology,Budget,0.0,175000.0,1050000.0
2026-12-01,CPX-001,CC-701,Technology,Budget,0.0,175000.0,875000.0
2027-01-01,CPX-001,CC-701,Technology,Budget,0.0,175000.0,700000.0
2027-02-01,CPX-001,CC-701,Technology,Budget,0.0,175000.0,525000.0
2027-03-01,CPX-001,CC-701,Technology,Budget,0.0,175000.0,350000.0
2027-04-01,CPX-001,CC-701,Technology,Budget,0.0,175000.0,175000.0
2027-05-01,CPX-001,CC-701,Technology,Budget,0.0,175000.0,0.0
2027-06-01,CPX-001,CC-701,Technology,Budget,0.0,0.0,8400000.0
2023-01-01,CPX-001,CC-701,Technology,Forecast,0.0,0.0,8150000.0
2023-02-01,CPX-001,CC-701,Technology,Forecast,1630000.0,0.0,8150000.0
2023-03-01,CPX-001,CC-701,Technology,Forecast,1630000.0,0.0,8150000.0
2023-04-01,CPX-001,CC-701,Technology,Forecast,1630000.0,0.0,8150000.0
2023-05-01,CPX-001,CC-701,Technology,Forecast,1630000.0,0.0,8150000.0
2023-06-01,CPX-001,CC-701,Technology,Forecast,1630000.0,169791.67,7980208.33
2023-07-01,CPX-001,CC-701,Technology,Forecast,0.0,169791.67,7810416.67
2023-08-01,CPX-001,CC-701,Technology,Forecast,0.0,169791.67,7640625.0
2023-09-01,CPX-001,CC-701,Technology,Forecast,0.0,169791.67,7470833.33
2023-10-01,CPX-001,CC-701,Technology,Forecast,0.0,169791.67,7301041.67
2023-11-01,CPX-001,CC-701,Technology,Forecast,0.0,169791.67,7131250.0
2023-12-01,CPX-001,CC-701,Technology,Forecast,0.0,169791.67,6961458.33
2024-01-01,CPX-001,CC-701,Technology,Forecast,0.0,169791.67,6791666.67
2024-02-01,CPX-001,CC-701,Technology,Forecast,0.0,169791.67,6621875.0
2024-03-01,CPX-001,CC-701,Technology,Forecast,0.0,169791.67,6452083.33
2024-04-01,CPX-001,CC-701,Technology,Forecast,0.0,169791.67,6282291.67
2024-05-01,CPX-001,CC-701,Technology,Forecast,0.0,169791.67,6112500.0
2024-06-01,CPX-001,CC-701,Technology,Forecast,0.0,169791.67,5942708.33
2024-07-01,CPX-001,CC-701,Technology,Forecast,0.0,169791.67,5772916.67
2024-08-01,CPX-001,CC-701,Technology,Forecast,0.0,169791.67,5603125.0
2024-09-01,CPX-001,CC-701,Technology,Forecast,0.0,169791.67,5433333.33
2024-10-01,CPX-001,CC-701,Technology,Forecast,0.0,169791.67,5263541.67
2024-11-01,CPX-001,CC-701,Technology,Forecast,0.0,169791.67,5093750.0
2024-12-01,CPX-001,CC-701,Technology,Forecast,0.0,169791.67,4923958.33
2025-01-01,CPX-001,CC-701,Technology,Forecast,0.0,169791.67,4754166.67
2025-02-01,CPX-001,CC-701,Technology,Forecast,0.0,169791.67,4584375.0
2025-03-01,CPX-001,CC-701,Technology,Forecast,0.0,169791.67,4414583.33
2025-04-01,CPX-001,CC-701,Technology,Forecast,0.0,169791.67,4244791.67
2025-05-01,CPX-001,CC-701,Technology,Forecast,0.0,169791.67,4075000.0
2025-06-01,CPX-001,CC-701,Technology,Forecast,0.0,169791.67,3905208.33
2025-07-01,CPX-001,CC-701,Technology,Forecast,0.0,169791.67,3735416.67
2025-08-01,CPX-001,CC-701,Technology,Forecast,0.0,169791.67,3565625.0
2025-09-01,CPX-001,CC-701,Technology,Forecast,0.0,169791.67,3395833.33
2025-10-01,CPX-001,CC-701,Technology,Forecast,0.0,169791.67,3226041.67
2025-11-01,CPX-001,CC-701,Technology,Forecast,0.0,169791.67,3056250.0
2025-12-01,CPX-001,CC-701,Technology,Forecast,0.0,169791.67,2886458.33
2026-01-01,CPX-001,CC-701,Technology,Forecast,0.0,169791.67,2716666.67
2026-02-01,CPX-001,CC-701,Technology,Forecast,0.0,169791.67,2546875.0
2026-03-01,CPX-001,CC-701,Technology,Forecast,0.0,169791.67,2377083.33
2026-04-01,CPX-001,CC-701,Technology,Forecast,0.0,169791.67,2207291.67
2026-05-01,CPX-001,CC-701,Technology,Forecast,0.0,169791.67,2037500.0
2026-06-01,CPX-001,CC-701,Technology,Forecast,0.0,169791.67,1867708.33
2026-07-01,CPX-001,CC-701,Technology,Forecast,0.0,169791.67,1697916.67
2026-08-01,CPX-001,CC-701,Technology,Forecast,0.0,169791.67,1528125.0
2026-09-01,CPX-001,CC-701,Technology,Forecast,0.0,169791.67,1358333.33
2026-10-01,CPX-001,CC-701,Technology,Forecast,0.0,169791.67,1188541.67
2026-11-01,CPX-001,CC-701,Technology,Forecast,0.0,169791.67,1018750.0
2026-12-01,CPX-001,CC-701,Technology,Forecast,0.0,169791.67,848958.33
2027-01-01,CPX-001,CC-701,Technology,Forecast,0.0,169791.67,679166.67
2027-02-01,CPX-001,CC-701,Technology,Forecast,0.0,169791.67,509375.0
2027-03-01,CPX-001,CC-701,Technology,Forecast,0.0,169791.67,339583.33
2027-04-01,CPX-001,CC-701,Technology,Forecast,0.0,169791.67,169791.67
2027-05-01,CPX-001,CC-701,Technology,Forecast,0.0,169791.67,0.0
2027-06-01,CPX-001,CC-701,Technology,Forecast,0.0,0.0,8150000.0
2023-01-01,CPX-002,CC-201,Sales,Actual,0.0,0.0,6450000.0
2023-02-01,CPX-002,CC-201,Sales,Actual,0.0,0.0,6450000.0
2023-03-01,CPX-002,CC-201,Sales,Actual,0.0,0.0,6450000.0
2023-04-01,CPX-002,CC-201,Sales,Actual,0.0,0.0,6450000.0
2023-05-01,CPX-002,CC-201,Sales,Actual,1075000.0,0.0,6450000.0
2023-06-01,CPX-002,CC-201,Sales,Actual,1075000.0,0.0,6450000.0
2023-07-01,CPX-002,CC-201,Sales,Actual,1075000.0,0.0,6450000.0
2023-08-01,CPX-002,CC-201,Sales,Actual,1075000.0,0.0,6450000.0
2023-09-01,CPX-002,CC-201,Sales,Actual,1075000.0,0.0,6450000.0
2023-10-01,CPX-002,CC-201,Sales,Actual,1075000.0,107500.0,6342500.0
2023-11-01,CPX-002,CC-201,Sales,Actual,0.0,107500.0,6235000.0
2023-12-01,CPX-002,CC-201,Sales,Actual,0.0,107500.0,6127500.0
2024-01-01,CPX-002,CC-201,Sales,Actual,0.0,107500.0,6020000.0
2024-02-01,CPX-002,CC-201,Sales,Actual,0.0,107500.0,5912500.0
2024-03-01,CPX-002,CC-201,Sales,Actual,0.0,107500.0,5805000.0
2024-04-01,CPX-002,CC-201,Sales,Actual,0.0,107500.0,5697500.0
2024-05-01,CPX-002,CC-201,Sales,Actual,0.0,107500.0,5590000.0
2024-06-01,CPX-002,CC-201,Sales,Actual,0.0,107500.0,5482500.0
2024-07-01,CPX-002,CC-201,Sales,Actual,0.0,107500.0,5375000.0
2024-08-01,CPX-002,CC-201,Sales,Actual,0.0,107500.0,5267500.0
2024-09-01,CPX-002,CC-201,Sales,Actual,0.0,107500.0,5160000.0
2024-10-01,CPX-002,CC-201,Sales,Actual,0.0,107500.0,5052500.0
2024-11-01,CPX-002,CC-201,Sales,Actual,0.0,107500.0,4945000.0
2024-12-01,CPX-002,CC-201,Sales,Actual,0.0,107500.0,4837500.0
2025-01-01,CPX-002,CC-201,Sales,Actual,0.0,107500.0,4730000.0
2025-02-01,CPX-002,CC-201,Sales,Actual,0.0,107500.0,4622500.0
2025-03-01,CPX-002,CC-201,Sales,Actual,0.0,107500.0,4515000.0
2025-04-01,CPX-002,CC-201,Sales,Actual,0.0,107500.0,4407500.0
2025-05-01,CPX-002,CC-201,Sales,Actual,0.0,107500.0,4300000.0
2025-06-01,CPX-002,CC-201,Sales,Actual,0.0,107500.0,4192500.0
2025-07-01,CPX-002,CC-201,Sales,Actual,0.0,107500.0,4085000.0
2025-08-01,CPX-002,CC-201,Sales,Actual,0.0,107500.0,3977500.0
2025-09-01,CPX-002,CC-201,Sales,Actual,0.0,107500.0,3870000.0
2025-10-01,CPX-002,CC-201,Sales,Actual,0.0,107500.0,3762500.0
2025-11-01,CPX-002,CC-201,Sales,Actual,0.0,107500.0,3655000.0
2025-12-01,CPX-002,CC-201,Sales,Actual,0.0,107500.0,3547500.0
2026-01-01,CPX-002,CC-201,Sales,Actual,0.0,107500.0,3440000.0
2026-02-01,CPX-002,CC-201,Sales,Actual,0.0,107500.0,3332500.0
2026-03-01,CPX-002,CC-201,Sales,Actual,0.0,107500.0,3225000.0
2026-04-01,CPX-002,CC-201,Sales,Actual,0.0,107500.0,3117500.0
2026-05-01,CPX-002,CC-201,Sales,Actual,0.0,107500.0,3010000.0
2026-06-01,CPX-002,CC-201,Sales,Actual,0.0,107500.0,2902500.0
2023-01-01,CPX-002,CC-201,Sales,Budget,0.0,0.0,6200000.0
2023-02-01,CPX-002,CC-201,Sales,Budget,0.0,0.0,6200000.0
2023-03-01,CPX-002,CC-201,Sales,Budget,0.0,0.0,6200000.0
2023-04-01,CPX-002,CC-201,Sales,Budget,0.0,0.0,6200000.0
2023-05-01,CPX-002,CC-201,Sales,Budget,1033333.33,0.0,6200000.0
2023-06-01,CPX-002,CC-201,Sales,Budget,1033333.33,0.0,6200000.0
2023-07-01,CPX-002,CC-201,Sales,Budget,1033333.33,0.0,6200000.0
2023-08-01,CPX-002,CC-201,Sales,Budget,1033333.33,0.0,6200000.0
2023-09-01,CPX-002,CC-201,Sales,Budget,1033333.33,0.0,6200000.0
2023-10-01,CPX-002,CC-201,Sales,Budget,1033333.33,103333.33,6096666.67
2023-11-01,CPX-002,CC-201,Sales,Budget,0.0,103333.33,5993333.33
2023-12-01,CPX-002,CC-201,Sales,Budget,0.0,103333.33,5890000.0
2024-01-01,CPX-002,CC-201,Sales,Budget,0.0,103333.33,5786666.67
2024-02-01,CPX-002,CC-201,Sales,Budget,0.0,103333.33,5683333.33
2024-03-01,CPX-002,CC-201,Sales,Budget,0.0,103333.33,5580000.0
2024-04-01,CPX-002,CC-201,Sales,Budget,0.0,103333.33,5476666.67
2024-05-01,CPX-002,CC-201,Sales,Budget,0.0,103333.33,5373333.33
2024-06-01,CPX-002,CC-201,Sales,Budget,0.0,103333.33,5270000.0
2024-07-01,CPX-002,CC-201,Sales,Budget,0.0,103333.33,5166666.67
2024-08-01,CPX-002,CC-201,Sales,Budget,0.0,103333.33,5063333.33
2024-09-01,CPX-002,CC-201,Sales,Budget,0.0,103333.33,4960000.0
2024-10-01,CPX-002,CC-201,Sales,Budget,0.0,103333.33,4856666.67
2024-11-01,CPX-002,CC-201,Sales,Budget,0.0,103333.33,4753333.33
2024-12-01,CPX-002,CC-201,Sales,Budget,0.0,103333.33,4650000.0
2025-01-01,CPX-002,CC-201,Sales,Budget,0.0,103333.33,4546666.67
2025-02-01,CPX-002,CC-201,Sales,Budget,0.0,103333.33,4443333.33
2025-03-01,CPX-002,CC-201,Sales,Budget,0.0,103333.33,4340000.0
2025-04-01,CPX-002,CC-201,Sales,Budget,0.0,103333.33,4236666.67
2025-05-01,CPX-002,CC-201,Sales,Budget,0.0,103333.33,4133333.33
2025-06-01,CPX-002,CC-201,Sales,Budget,0.0,103333.33,4030000.0
2025-07-01,CPX-002,CC-201,Sales,Budget,0.0,103333.33,3926666.67
2025-08-01,CPX-002,CC-201,Sales,Budget,0.0,103333.33,3823333.33
2025-09-01,CPX-002,CC-201,Sales,Budget,0.0,103333.33,3720000.0
2025-10-01,CPX-002,CC-201,Sales,Budget,0.0,103333.33,3616666.67
2025-11-01,CPX-002,CC-201,Sales,Budget,0.0,103333.33,3513333.33
2025-12-01,CPX-002,CC-201,Sales,Budget,0.0,103333.33,3410000.0
2026-01-01,CPX-002,CC-201,Sales,Budget,0.0,103333.33,3306666.67
2026-02-01,CPX-002,CC-201,Sales,Budget,0.0,103333.33,3203333.33
2026-03-01,CPX-002,CC-201,Sales,Budget,0.0,103333.33,3100000.0
2026-04-01,CPX-002,CC-201,Sales,Budget,0.0,103333.33,2996666.67
2026-05-01,CPX-002,CC-201,Sales,Budget,0.0,103333.33,2893333.33
2026-06-01,CPX-002,CC-201,Sales,Budget,0.0,103333.33,2790000.0
2026-07-01,CPX-002,CC-201,Sales,Budget,0.0,103333.33,2686666.67
2026-08-01,CPX-002,CC-201,Sales,Budget,0.0,103333.33,2583333.33
2026-09-01,CPX-002,CC-201,Sales,Budget,0.0,103333.33,2480000.0
2026-10-01,CPX-002,CC-201,Sales,Budget,0.0,103333.33,2376666.67
2026-11-01,CPX-002,CC-201,Sales,Budget,0.0,103333.33,2273333.33
2026-12-01,CPX-002,CC-201,Sales,Budget,0.0,103333.33,2170000.0
2027-01-01,CPX-002,CC-201,Sales,Budget,0.0,103333.33,2066666.67
2027-02-01,CPX-002,CC-201,Sales,Budget,0.0,103333.33,1963333.33
2027-03-01,CPX-002,CC-201,Sales,Budget,0.0,103333.33,1860000.0
2027-04-01,CPX-002,CC-201,Sales,Budget,0.0,103333.33,1756666.67
2027-05-01,CPX-002,CC-201,Sales,Budget,0.0,103333.33,1653333.33
2027-06-01,CPX-002,CC-201,Sales,Budget,0.0,103333.33,1550000.0
2023-01-01,CPX-002,CC-201,Sales,Forecast,0.0,0.0,6450000.0
2023-02-01,CPX-002,CC-201,Sales,Forecast,0.0,0.0,6450000.0
2023-03-01,CPX-002,CC-201,Sales,Forecast,0.0,0.0,6450000.0
2023-04-01,CPX-002,CC-201,Sales,Forecast,0.0,0.0,6450000.0
2023-05-01,CPX-002,CC-201,Sales,Forecast,1075000.0,0.0,6450000.0
2023-06-01,CPX-002,CC-201,Sales,Forecast,1075000.0,0.0,6450000.0
2023-07-01,CPX-002,CC-201,Sales,Forecast,1075000.0,0.0,6450000.0
2023-08-01,CPX-002,CC-201,Sales,Forecast,1075000.0,0.0,6450000.0
2023-09-01,CPX-002,CC-201,Sales,Forecast,1075000.0,0.0,6450000.0
2023-10-01,CPX-002,CC-201,Sales,Forecast,1075000.0,107500.0,6342500.0
2023-11-01,CPX-002,CC-201,Sales,Forecast,0.0,107500.0,6235000.0
2023-12-01,CPX-002,CC-201,Sales,Forecast,0.0,107500.0,6127500.0
2024-01-01,CPX-002,CC-201,Sales,Forecast,0.0,107500.0,6020000.0
2024-02-01,CPX-002,CC-201,Sales,Forecast,0.0,107500.0,5912500.0
2024-03-01,CPX-002,CC-201,Sales,Forecast,0.0,107500.0,5805000.0
2024-04-01,CPX-002,CC-201,Sales,Forecast,0.0,107500.0,5697500.0
2024-05-01,CPX-002,CC-201,Sales,Forecast,0.0,107500.0,5590000.0
2024-06-01,CPX-002,CC-201,Sales,Forecast,0.0,107500.0,5482500.0
2024-07-01,CPX-002,CC-201,Sales,Forecast,0.0,107500.0,5375000.0
2024-08-01,CPX-002,CC-201,Sales,Forecast,0.0,107500.0,5267500.0
2024-09-01,CPX-002,CC-201,Sales,Forecast,0.0,107500.0,5160000.0
2024-10-01,CPX-002,CC-201,Sales,Forecast,0.0,107500.0,5052500.0
2024-11-01,CPX-002,CC-201,Sales,Forecast,0.0,107500.0,4945000.0
2024-12-01,CPX-002,CC-201,Sales,Forecast,0.0,107500.0,4837500.0
2025-01-01,CPX-002,CC-201,Sales,Forecast,0.0,107500.0,4730000.0
2025-02-01,CPX-002,CC-201,Sales,Forecast,0.0,107500.0,4622500.0
2025-03-01,CPX-002,CC-201,Sales,Forecast,0.0,107500.0,4515000.0
2025-04-01,CPX-002,CC-201,Sales,Forecast,0.0,107500.0,4407500.0
2025-05-01,CPX-002,CC-201,Sales,Forecast,0.0,107500.0,4300000.0
2025-06-01,CPX-002,CC-201,Sales,Forecast,0.0,107500.0,4192500.0
2025-07-01,CPX-002,CC-201,Sales,Forecast,0.0,107500.0,4085000.0
2025-08-01,CPX-002,CC-201,Sales,Forecast,0.0,107500.0,3977500.0
2025-09-01,CPX-002,CC-201,Sales,Forecast,0.0,107500.0,3870000.0
2025-10-01,CPX-002,CC-201,Sales,Forecast,0.0,107500.0,3762500.0
2025-11-01,CPX-002,CC-201,Sales,Forecast,0.0,107500.0,3655000.0
2025-12-01,CPX-002,CC-201,Sales,Forecast,0.0,107500.0,3547500.0
2026-01-01,CPX-002,CC-201,Sales,Forecast,0.0,107500.0,3440000.0
2026-02-01,CPX-002,CC-201,Sales,Forecast,0.0,107500.0,3332500.0
2026-03-01,CPX-002,CC-201,Sales,Forecast,0.0,107500.0,3225000.0
2026-04-01,CPX-002,CC-201,Sales,Forecast,0.0,107500.0,3117500.0
2026-05-01,CPX-002,CC-201,Sales,Forecast,0.0,107500.0,3010000.0
2026-06-01,CPX-002,CC-201,Sales,Forecast,0.0,107500.0,2902500.0
2026-07-01,CPX-002,CC-201,Sales,Forecast,0.0,107500.0,2795000.0
2026-08-01,CPX-002,CC-201,Sales,Forecast,0.0,107500.0,2687500.0
2026-09-01,CPX-002,CC-201,Sales,Forecast,0.0,107500.0,2580000.0
2026-10-01,CPX-002,CC-201,Sales,Forecast,0.0,107500.0,2472500.0
2026-11-01,CPX-002,CC-201,Sales,Forecast,0.0,107500.0,2365000.0
2026-12-01,CPX-002,CC-201,Sales,Forecast,0.0,107500.0,2257500.0
2027-01-01,CPX-002,CC-201,Sales,Forecast,0.0,107500.0,2150000.0
2027-02-01,CPX-002,CC-201,Sales,Forecast,0.0,107500.0,2042500.0
2027-03-01,CPX-002,CC-201,Sales,Forecast,0.0,107500.0,1935000.0
2027-04-01,CPX-002,CC-201,Sales,Forecast,0.0,107500.0,1827500.0
2027-05-01,CPX-002,CC-201,Sales,Forecast,0.0,107500.0,1720000.0
2027-06-01,CPX-002,CC-201,Sales,Forecast,0.0,107500.0,1612500.0
2023-01-01,CPX-003,CC-701,Technology,Actual,0.0,0.0,12300000.0
2023-02-01,CPX-003,CC-701,Technology,Actual,0.0,0.0,12300000.0
2023-03-01,CPX-003,CC-701,Technology,Actual,0.0,0.0,12300000.0
2023-04-01,CPX-003,CC-701,Technology,Actual,0.0,0.0,12300000.0
2023-05-01,CPX-003,CC-701,Technology,Actual,0.0,0.0,12300000.0
2023-06-01,CPX-003,CC-701,Technology,Actual,0.0,0.0,12300000.0
2023-07-01,CPX-003,CC-701,Technology,Actual,0.0,0.0,12300000.0
2023-08-01,CPX-003,CC-701,Technology,Actual,0.0,0.0,12300000.0
2023-09-01,CPX-003,CC-701,Technology,Actual,0.0,0.0,12300000.0
2023-10-01,CPX-003,CC-701,Technology,Actual,0.0,0.0,12300000.0
2023-11-01,CPX-003,CC-701,Technology,Actual,0.0,0.0,12300000.0
2023-12-01,CPX-003,CC-701,Technology,Actual,0.0,0.0,12300000.0
2024-01-01,CPX-003,CC-701,Technology,Actual,1757142.86,0.0,12300000.0
2024-02-01,CPX-003,CC-701,Technology,Actual,1757142.86,0.0,12300000.0
2024-03-01,CPX-003,CC-701,Technology,Actual,1757142.86,0.0,12300000.0
2024-04-01,CPX-003,CC-701,Technology,Actual,1757142.86,0.0,12300000.0
2024-05-01,CPX-003,CC-701,Technology,Actual,1757142.86,0.0,12300000.0
2024-06-01,CPX-003,CC-701,Technology,Actual,1757142.86,0.0,12300000.0
2024-07-01,CPX-003,CC-701,Technology,Actual,1757142.86,256250.0,12043750.0
2024-08-01,CPX-003,CC-701,Technology,Actual,0.0,256250.0,11787500.0
2024-09-01,CPX-003,CC-701,Technology,Actual,0.0,256250.0,11531250.0
2024-10-01,CPX-003,CC-701,Technology,Actual,0.0,256250.0,11275000.0
2024-11-01,CPX-003,CC-701,Technology,Actual,0.0,256250.0,11018750.0
2024-12-01,CPX-003,CC-701,Technology,Actual,0.0,256250.0,10762500.0
2025-01-01,CPX-003,CC-701,Technology,Actual,0.0,256250.0,10506250.0
2025-02-01,CPX-003,CC-701,Technology,Actual,0.0,256250.0,10250000.0
2025-03-01,CPX-003,CC-701,Technology,Actual,0.0,256250.0,9993750.0
2025-04-01,CPX-003,CC-701,Technology,Actual,0.0,256250.0,9737500.0
2025-05-01,CPX-003,CC-701,Technology,Actual,0.0,256250.0,9481250.0
2025-06-01,CPX-003,CC-701,Technology,Actual,0.0,256250.0,9225000.0
2025-07-01,CPX-003,CC-701,Technology,Actual,0.0,256250.0,8968750.0
2025-08-01,CPX-003,CC-701,Technology,Actual,0.0,256250.0,8712500.0
2025-09-01,CPX-003,CC-701,Technology,Actual,0.0,256250.0,8456250.0
2025-10-01,CPX-003,CC-701,Technology,Actual,0.0,256250.0,8200000.0
2025-11-01,CPX-003,CC-701,Technology,Actual,0.0,256250.0,7943750.0
2025-12-01,CPX-003,CC-701,Technology,Actual,0.0,256250.0,7687500.0
2026-01-01,CPX-003,CC-701,Technology,Actual,0.0,256250.0,7431250.0
2026-02-01,CPX-003,CC-701,Technology,Actual,0.0,256250.0,7175000.0
2026-03-01,CPX-003,CC-701,Technology,Actual,0.0,256250.0,6918750.0
2026-04-01,CPX-003,CC-701,Technology,Actual,0.0,256250.0,6662500.0
2026-05-01,CPX-003,CC-701,Technology,Actual,0.0,256250.0,6406250.0
2026-06-01,CPX-003,CC-701,Technology,Actual,0.0,256250.0,6150000.0
2023-01-01,CPX-003,CC-701,Technology,Budget,0.0,0.0,12800000.0
2023-02-01,CPX-003,CC-701,Technology,Budget,0.0,0.0,12800000.0
2023-03-01,CPX-003,CC-701,Technology,Budget,0.0,0.0,12800000.0
2023-04-01,CPX-003,CC-701,Technology,Budget,0.0,0.0,12800000.0
2023-05-01,CPX-003,CC-701,Technology,Budget,0.0,0.0,12800000.0
2023-06-01,CPX-003,CC-701,Technology,Budget,0.0,0.0,12800000.0
2023-07-01,CPX-003,CC-701,Technology,Budget,0.0,0.0,12800000.0
2023-08-01,CPX-003,CC-701,Technology,Budget,0.0,0.0,12800000.0
2023-09-01,CPX-003,CC-701,Technology,Budget,0.0,0.0,12800000.0
2023-10-01,CPX-003,CC-701,Technology,Budget,0.0,0.0,12800000.0
2023-11-01,CPX-003,CC-701,Technology,Budget,0.0,0.0,12800000.0
2023-12-01,CPX-003,CC-701,Technology,Budget,0.0,0.0,12800000.0
2024-01-01,CPX-003,CC-701,Technology,Budget,1828571.43,0.0,12800000.0
2024-02-01,CPX-003,CC-701,Technology,Budget,1828571.43,0.0,12800000.0
2024-03-01,CPX-003,CC-701,Technology,Budget,1828571.43,0.0,12800000.0
2024-04-01,CPX-003,CC-701,Technology,Budget,1828571.43,0.0,12800000.0
2024-05-01,CPX-003,CC-701,Technology,Budget,1828571.43,0.0,12800000.0
2024-06-01,CPX-003,CC-701,Technology,Budget,1828571.43,0.0,12800000.0
2024-07-01,CPX-003,CC-701,Technology,Budget,1828571.43,266666.67,12533333.33
2024-08-01,CPX-003,CC-701,Technology,Budget,0.0,266666.67,12266666.67
2024-09-01,CPX-003,CC-701,Technology,Budget,0.0,266666.67,12000000.0
2024-10-01,CPX-003,CC-701,Technology,Budget,0.0,266666.67,11733333.33
2024-11-01,CPX-003,CC-701,Technology,Budget,0.0,266666.67,11466666.67
2024-12-01,CPX-003,CC-701,Technology,Budget,0.0,266666.67,11200000.0
2025-01-01,CPX-003,CC-701,Technology,Budget,0.0,266666.67,10933333.33
2025-02-01,CPX-003,CC-701,Technology,Budget,0.0,266666.67,10666666.67
2025-03-01,CPX-003,CC-701,Technology,Budget,0.0,266666.67,10400000.0
2025-04-01,CPX-003,CC-701,Technology,Budget,0.0,266666.67,10133333.33
2025-05-01,CPX-003,CC-701,Technology,Budget,0.0,266666.67,9866666.67
2025-06-01,CPX-003,CC-701,Technology,Budget,0.0,266666.67,9600000.0
2025-07-01,CPX-003,CC-701,Technology,Budget,0.0,266666.67,9333333.33
2025-08-01,CPX-003,CC-701,Technology,Budget,0.0,266666.67,9066666.67
2025-09-01,CPX-003,CC-701,Technology,Budget,0.0,266666.67,8800000.0
2025-10-01,CPX-003,CC-701,Technology,Budget,0.0,266666.67,8533333.33
2025-11-01,CPX-003,CC-701,Technology,Budget,0.0,266666.67,8266666.67
2025-12-01,CPX-003,CC-701,Technology,Budget,0.0,266666.67,8000000.0
2026-01-01,CPX-003,CC-701,Technology,Budget,0.0,266666.67,7733333.33
2026-02-01,CPX-003,CC-701,Technology,Budget,0.0,266666.67,7466666.67
2026-03-01,CPX-003,CC-701,Technology,Budget,0.0,266666.67,7200000.0
2026-04-01,CPX-003,CC-701,Technology,Budget,0.0,266666.67,6933333.33
2026-05-01,CPX-003,CC-701,Technology,Budget,0.0,266666.67,6666666.67
2026-06-01,CPX-003,CC-701,Technology,Budget,0.0,266666.67,6400000.0
2026-07-01,CPX-003,CC-701,Technology,Budget,0.0,266666.67,6133333.33
2026-08-01,CPX-003,CC-701,Technology,Budget,0.0,266666.67,5866666.67
2026-09-01,CPX-003,CC-701,Technology,Budget,0.0,266666.67,5600000.0
2026-10-01,CPX-003,CC-701,Technology,Budget,0.0,266666.67,5333333.33
2026-11-01,CPX-003,CC-701,Technology,Budget,0.0,266666.67,5066666.67
2026-12-01,CPX-003,CC-701,Technology,Budget,0.0,266666.67,4800000.0
2027-01-01,CPX-003,CC-701,Technology,Budget,0.0,266666.67,4533333.33
2027-02-01,CPX-003,CC-701,Technology,Budget,0.0,266666.67,4266666.67
2027-03-01,CPX-003,CC-701,Technology,Budget,0.0,266666.67,4000000.0
2027-04-01,CPX-003,CC-701,Technology,Budget,0.0,266666.67,3733333.33
2027-05-01,CPX-003,CC-701,Technology,Budget,0.0,266666.67,3466666.67
2027-06-01,CPX-003,CC-701,Technology,Budget,0.0,266666.67,3200000.0
2023-01-01,CPX-003,CC-701,Technology,Forecast,0.0,0.0,12300000.0
2023-02-01,CPX-003,CC-701,Technology,Forecast,0.0,0.0,12300000.0
2023-03-01,CPX-003,CC-701,Technology,Forecast,0.0,0.0,12300000.0
2023-04-01,CPX-003,CC-701,Technology,Forecast,0.0,0.0,12300000.0
2023-05-01,CPX-003,CC-701,Technology,Forecast,0.0,0.0,12300000.0
2023-06-01,CPX-003,CC-701,Technology,Forecast,0.0,0.0,12300000.0
2023-07-01,CPX-003,CC-701,Technology,Forecast,0.0,0.0,12300000.0
2023-08-01,CPX-003,CC-701,Technology,Forecast,0.0,0.0,12300000.0
2023-09-01,CPX-003,CC-701,Technology,Forecast,0.0,0.0,12300000.0
2023-10-01,CPX-003,CC-701,Technology,Forecast,0.0,0.0,12300000.0
2023-11-01,CPX-003,CC-701,Technology,Forecast,0.0,0.0,12300000.0
2023-12-01,CPX-003,CC-701,Technology,Forecast,0.0,0.0,12300000.0
2024-01-01,CPX-003,CC-701,Technology,Forecast,1757142.86,0.0,12300000.0
2024-02-01,CPX-003,CC-701,Technology,Forecast,1757142.86,0.0,12300000.0
2024-03-01,CPX-003,CC-701,Technology,Forecast,1757142.86,0.0,12300000.0
2024-04-01,CPX-003,CC-701,Technology,Forecast,1757142.86,0.0,12300000.0
2024-05-01,CPX-003,CC-701,Technology,Forecast,1757142.86,0.0,12300000.0
2024-06-01,CPX-003,CC-701,Technology,Forecast,1757142.86,0.0,12300000.0
2024-07-01,CPX-003,CC-701,Technology,Forecast,1757142.86,256250.0,12043750.0
2024-08-01,CPX-003,CC-701,Technology,Forecast,0.0,256250.0,11787500.0
2024-09-01,CPX-003,CC-701,Technology,Forecast,0.0,256250.0,11531250.0
2024-10-01,CPX-003,CC-701,Technology,Forecast,0.0,256250.0,11275000.0
2024-11-01,CPX-003,CC-701,Technology,Forecast,0.0,256250.0,11018750.0
2024-12-01,CPX-003,CC-701,Technology,Forecast,0.0,256250.0,10762500.0
2025-01-01,CPX-003,CC-701,Technology,Forecast,0.0,256250.0,10506250.0
2025-02-01,CPX-003,CC-701,Technology,Forecast,0.0,256250.0,10250000.0
2025-03-01,CPX-003,CC-701,Technology,Forecast,0.0,256250.0,9993750.0
2025-04-01,CPX-003,CC-701,Technology,Forecast,0.0,256250.0,9737500.0
2025-05-01,CPX-003,CC-701,Technology,Forecast,0.0,256250.0,9481250.0
2025-06-01,CPX-003,CC-701,Technology,Forecast,0.0,256250.0,9225000.0
2025-07-01,CPX-003,CC-701,Technology,Forecast,0.0,256250.0,8968750.0
2025-08-01,CPX-003,CC-701,Technology,Forecast,0.0,256250.0,8712500.0
2025-09-01,CPX-003,CC-701,Technology,Forecast,0.0,256250.0,8456250.0
2025-10-01,CPX-003,CC-701,Technology,Forecast,0.0,256250.0,8200000.0
2025-11-01,CPX-003,CC-701,Technology,Forecast,0.0,256250.0,7943750.0
2025-12-01,CPX-003,CC-701,Technology,Forecast,0.0,256250.0,7687500.0
2026-01-01,CPX-003,CC-701,Technology,Forecast,0.0,256250.0,7431250.0
2026-02-01,CPX-003,CC-701,Technology,Forecast,0.0,256250.0,7175000.0
2026-03-01,CPX-003,CC-701,Technology,Forecast,0.0,256250.0,6918750.0
2026-04-01,CPX-003,CC-701,Technology,Forecast,0.0,256250.0,6662500.0
2026-05-01,CPX-003,CC-701,Technology,Forecast,0.0,256250.0,6406250.0
2026-06-01,CPX-003,CC-701,Technology,Forecast,0.0,256250.0,6150000.0
2026-07-01,CPX-003,CC-701,Technology,Forecast,0.0,256250.0,5893750.0
2026-08-01,CPX-003,CC-701,Technology,Forecast,0.0,256250.0,5637500.0
2026-09-01,CPX-003,CC-701,Technology,Forecast,0.0,256250.0,5381250.0
2026-10-01,CPX-003,CC-701,Technology,Forecast,0.0,256250.0,5125000.0
2026-11-01,CPX-003,CC-701,Technology,Forecast,0.0,256250.0,4868750.0
2026-12-01,CPX-003,CC-701,Technology,Forecast,0.0,256250.0,4612500.0
2027-01-01,CPX-003,CC-701,Technology,Forecast,0.0,256250.0,4356250.0
2027-02-01,CPX-003,CC-701,Technology,Forecast,0.0,256250.0,4100000.0
2027-03-01,CPX-003,CC-701,Technology,Forecast,0.0,256250.0,3843750.0
2027-04-01,CPX-003,CC-701,Technology,Forecast,0.0,256250.0,3587500.0
2027-05-01,CPX-003,CC-701,Technology,Forecast,0.0,256250.0,3331250.0
2027-06-01,CPX-003,CC-701,Technology,Forecast,0.0,256250.0,3075000.0
2023-01-01,CPX-004,CC-601,Operations,Actual,0.0,0.0,15900000.0
2023-02-01,CPX-004,CC-601,Operations,Actual,0.0,0.0,15900000.0
2023-03-01,CPX-004,CC-601,Operations,Actual,0.0,0.0,15900000.0
2023-04-01,CPX-004,CC-601,Operations,Actual,0.0,0.0,15900000.0
2023-05-01,CPX-004,CC-601,Operations,Actual,0.0,0.0,15900000.0
2023-06-01,CPX-004,CC-601,Operations,Actual,0.0,0.0,15900000.0
2023-07-01,CPX-004,CC-601,Operations,Actual,0.0,0.0,15900000.0
2023-08-01,CPX-004,CC-601,Operations,Actual,0.0,0.0,15900000.0
2023-09-01,CPX-004,CC-601,Operations,Actual,0.0,0.0,15900000.0
2023-10-01,CPX-004,CC-601,Operations,Actual,0.0,0.0,15900000.0
2023-11-01,CPX-004,CC-601,Operations,Actual,0.0,0.0,15900000.0
2023-12-01,CPX-004,CC-601,Operations,Actual,0.0,0.0,15900000.0
2024-01-01,CPX-004,CC-601,Operations,Actual,0.0,0.0,15900000.0
2024-02-01,CPX-004,CC-601,Operations,Actual,0.0,0.0,15900000.0
2024-03-01,CPX-004,CC-601,Operations,Actual,0.0,0.0,15900000.0
2024-04-01,CPX-004,CC-601,Operations,Actual,1987500.0,0.0,15900000.0
2024-05-01,CPX-004,CC-601,Operations,Actual,1987500.0,0.0,15900000.0
2024-06-01,CPX-004,CC-601,Operations,Actual,1987500.0,0.0,15900000.0
2024-07-01,CPX-004,CC-601,Operations,Actual,1987500.0,0.0,15900000.0
2024-08-01,CPX-004,CC-601,Operations,Actual,1987500.0,0.0,15900000.0
2024-09-01,CPX-004,CC-601,Operations,Actual,1987500.0,0.0,15900000.0
2024-10-01,CPX-004,CC-601,Operations,Actual,1987500.0,0.0,15900000.0
2024-11-01,CPX-004,CC-601,Operations,Actual,1987500.0,220833.33,15679166.67
2024-12-01,CPX-004,CC-601,Operations,Actual,0.0,220833.33,15458333.33
2025-01-01,CPX-004,CC-601,Operations,Actual,0.0,220833.33,15237500.0
2025-02-01,CPX-004,CC-601,Operations,Actual,0.0,220833.33,15016666.67
2025-03-01,CPX-004,CC-601,Operations,Actual,0.0,220833.33,14795833.33
2025-04-01,CPX-004,CC-601,Operations,Actual,0.0,220833.33,14575000.0
2025-05-01,CPX-004,CC-601,Operations,Actual,0.0,220833.33,14354166.67
2025-06-01,CPX-004,CC-601,Operations,Actual,0.0,220833.33,14133333.33
2025-07-01,CPX-004,CC-601,Operations,Actual,0.0,220833.33,13912500.0
2025-08-01,CPX-004,CC-601,Operations,Actual,0.0,220833.33,13691666.67
2025-09-01,CPX-004,CC-601,Operations,Actual,0.0,220833.33,13470833.33
2025-10-01,CPX-004,CC-601,Operations,Actual,0.0,220833.33,13250000.0
2025-11-01,CPX-004,CC-601,Operations,Actual,0.0,220833.33,13029166.67
2025-12-01,CPX-004,CC-601,Operations,Actual,0.0,220833.33,12808333.33
2026-01-01,CPX-004,CC-601,Operations,Actual,0.0,220833.33,12587500.0
2026-02-01,CPX-004,CC-601,Operations,Actual,0.0,220833.33,12366666.67
2026-03-01,CPX-004,CC-601,Operations,Actual,0.0,220833.33,12145833.33
2026-04-01,CPX-004,CC-601,Operations,Actual,0.0,220833.33,11925000.0
2026-05-01,CPX-004,CC-601,Operations,Actual,0.0,220833.33,11704166.67
2026-06-01,CPX-004,CC-601,Operations,Actual,0.0,220833.33,11483333.33
2023-01-01,CPX-004,CC-601,Operations,Budget,0.0,0.0,15500000.0
2023-02-01,CPX-004,CC-601,Operations,Budget,0.0,0.0,15500000.0
2023-03-01,CPX-004,CC-601,Operations,Budget,0.0,0.0,15500000.0
2023-04-01,CPX-004,CC-601,Operations,Budget,0.0,0.0,15500000.0
2023-05-01,CPX-004,CC-601,Operations,Budget,0.0,0.0,15500000.0
2023-06-01,CPX-004,CC-601,Operations,Budget,0.0,0.0,15500000.0
2023-07-01,CPX-004,CC-601,Operations,Budget,0.0,0.0,15500000.0
2023-08-01,CPX-004,CC-601,Operations,Budget,0.0,0.0,15500000.0
2023-09-01,CPX-004,CC-601,Operations,Budget,0.0,0.0,15500000.0
2023-10-01,CPX-004,CC-601,Operations,Budget,0.0,0.0,15500000.0
2023-11-01,CPX-004,CC-601,Operations,Budget,0.0,0.0,15500000.0
2023-12-01,CPX-004,CC-601,Operations,Budget,0.0,0.0,15500000.0
2024-01-01,CPX-004,CC-601,Operations,Budget,0.0,0.0,15500000.0
2024-02-01,CPX-004,CC-601,Operations,Budget,0.0,0.0,15500000.0
2024-03-01,CPX-004,CC-601,Operations,Budget,0.0,0.0,15500000.0
2024-04-01,CPX-004,CC-601,Operations,Budget,1937500.0,0.0,15500000.0
2024-05-01,CPX-004,CC-601,Operations,Budget,1937500.0,0.0,15500000.0
2024-06-01,CPX-004,CC-601,Operations,Budget,1937500.0,0.0,15500000.0
2024-07-01,CPX-004,CC-601,Operations,Budget,1937500.0,0.0,15500000.0
2024-08-01,CPX-004,CC-601,Operations,Budget,1937500.0,0.0,15500000.0
2024-09-01,CPX-004,CC-601,Operations,Budget,1937500.0,0.0,15500000.0
2024-10-01,CPX-004,CC-601,Operations,Budget,1937500.0,0.0,15500000.0
2024-11-01,CPX-004,CC-601,Operations,Budget,1937500.0,215277.78,15284722.22
2024-12-01,CPX-004,CC-601,Operations,Budget,0.0,215277.78,15069444.44
2025-01-01,CPX-004,CC-601,Operations,Budget,0.0,215277.78,14854166.67
2025-02-01,CPX-004,CC-601,Operations,Budget,0.0,215277.78,14638888.89
2025-03-01,CPX-004,CC-601,Operations,Budget,0.0,215277.78,14423611.11
2025-04-01,CPX-004,CC-601,Operations,Budget,0.0,215277.78,14208333.33
2025-05-01,CPX-004,CC-601,Operations,Budget,0.0,215277.78,13993055.56
2025-06-01,CPX-004,CC-601,Operations,Budget,0.0,215277.78,13777777.78
2025-07-01,CPX-004,CC-601,Operations,Budget,0.0,215277.78,13562500.0
2025-08-01,CPX-004,CC-601,Operations,Budget,0.0,215277.78,13347222.22
2025-09-01,CPX-004,CC-601,Operations,Budget,0.0,215277.78,13131944.44
2025-10-01,CPX-004,CC-601,Operations,Budget,0.0,215277.78,12916666.67
2025-11-01,CPX-004,CC-601,Operations,Budget,0.0,215277.78,12701388.89
2025-12-01,CPX-004,CC-601,Operations,Budget,0.0,215277.78,12486111.11
2026-01-01,CPX-004,CC-601,Operations,Budget,0.0,215277.78,12270833.33
2026-02-01,CPX-004,CC-601,Operations,Budget,0.0,215277.78,12055555.56
2026-03-01,CPX-004,CC-601,Operations,Budget,0.0,215277.78,11840277.78
2026-04-01,CPX-004,CC-601,Operations,Budget,0.0,215277.78,11625000.0
2026-05-01,CPX-004,CC-601,Operations,Budget,0.0,215277.78,11409722.22
2026-06-01,CPX-004,CC-601,Operations,Budget,0.0,215277.78,11194444.44
2026-07-01,CPX-004,CC-601,Operations,Budget,0.0,215277.78,10979166.67
2026-08-01,CPX-004,CC-601,Operations,Budget,0.0,215277.78,10763888.89
2026-09-01,CPX-004,CC-601,Operations,Budget,0.0,215277.78,10548611.11
2026-10-01,CPX-004,CC-601,Operations,Budget,0.0,215277.78,10333333.33
2026-11-01,CPX-004,CC-601,Operations,Budget,0.0,215277.78,10118055.56
2026-12-01,CPX-004,CC-601,Operations,Budget,0.0,215277.78,9902777.78
2027-01-01,CPX-004,CC-601,Operations,Budget,0.0,215277.78,9687500.0
2027-02-01,CPX-004,CC-601,Operations,Budget,0.0,215277.78,9472222.22
2027-03-01,CPX-004,CC-601,Operations,Budget,0.0,215277.78,9256944.44
2027-04-01,CPX-004,CC-601,Operations,Budget,0.0,215277.78,9041666.67
2027-05-01,CPX-004,CC-601,Operations,Budget,0.0,215277.78,8826388.89
2027-06-01,CPX-004,CC-601,Operations,Budget,0.0,215277.78,8611111.11
2023-01-01,CPX-004,CC-601,Operations,Forecast,0.0,0.0,15900000.0
2023-02-01,CPX-004,CC-601,Operations,Forecast,0.0,0.0,15900000.0
2023-03-01,CPX-004,CC-601,Operations,Forecast,0.0,0.0,15900000.0
2023-04-01,CPX-004,CC-601,Operations,Forecast,0.0,0.0,15900000.0
2023-05-01,CPX-004,CC-601,Operations,Forecast,0.0,0.0,15900000.0
2023-06-01,CPX-004,CC-601,Operations,Forecast,0.0,0.0,15900000.0
2023-07-01,CPX-004,CC-601,Operations,Forecast,0.0,0.0,15900000.0
2023-08-01,CPX-004,CC-601,Operations,Forecast,0.0,0.0,15900000.0
2023-09-01,CPX-004,CC-601,Operations,Forecast,0.0,0.0,15900000.0
2023-10-01,CPX-004,CC-601,Operations,Forecast,0.0,0.0,15900000.0
2023-11-01,CPX-004,CC-601,Operations,Forecast,0.0,0.0,15900000.0
2023-12-01,CPX-004,CC-601,Operations,Forecast,0.0,0.0,15900000.0
2024-01-01,CPX-004,CC-601,Operations,Forecast,0.0,0.0,15900000.0
2024-02-01,CPX-004,CC-601,Operations,Forecast,0.0,0.0,15900000.0
2024-03-01,CPX-004,CC-601,Operations,Forecast,0.0,0.0,15900000.0
2024-04-01,CPX-004,CC-601,Operations,Forecast,1987500.0,0.0,15900000.0
2024-05-01,CPX-004,CC-601,Operations,Forecast,1987500.0,0.0,15900000.0
2024-06-01,CPX-004,CC-601,Operations,Forecast,1987500.0,0.0,15900000.0
2024-07-01,CPX-004,CC-601,Operations,Forecast,1987500.0,0.0,15900000.0
2024-08-01,CPX-004,CC-601,Operations,Forecast,1987500.0,0.0,15900000.0
2024-09-01,CPX-004,CC-601,Operations,Forecast,1987500.0,0.0,15900000.0
2024-10-01,CPX-004,CC-601,Operations,Forecast,1987500.0,0.0,15900000.0
2024-11-01,CPX-004,CC-601,Operations,Forecast,1987500.0,220833.33,15679166.67
2024-12-01,CPX-004,CC-601,Operations,Forecast,0.0,220833.33,15458333.33
2025-01-01,CPX-004,CC-601,Operations,Forecast,0.0,220833.33,15237500.0
2025-02-01,CPX-004,CC-601,Operations,Forecast,0.0,220833.33,15016666.67
2025-03-01,CPX-004,CC-601,Operations,Forecast,0.0,220833.33,14795833.33
2025-04-01,CPX-004,CC-601,Operations,Forecast,0.0,220833.33,14575000.0
2025-05-01,CPX-004,CC-601,Operations,Forecast,0.0,220833.33,14354166.67
2025-06-01,CPX-004,CC-601,Operations,Forecast,0.0,220833.33,14133333.33
2025-07-01,CPX-004,CC-601,Operations,Forecast,0.0,220833.33,13912500.0
2025-08-01,CPX-004,CC-601,Operations,Forecast,0.0,220833.33,13691666.67
2025-09-01,CPX-004,CC-601,Operations,Forecast,0.0,220833.33,13470833.33
2025-10-01,CPX-004,CC-601,Operations,Forecast,0.0,220833.33,13250000.0
2025-11-01,CPX-004,CC-601,Operations,Forecast,0.0,220833.33,13029166.67
2025-12-01,CPX-004,CC-601,Operations,Forecast,0.0,220833.33,12808333.33
2026-01-01,CPX-004,CC-601,Operations,Forecast,0.0,220833.33,12587500.0
2026-02-01,CPX-004,CC-601,Operations,Forecast,0.0,220833.33,12366666.67
2026-03-01,CPX-004,CC-601,Operations,Forecast,0.0,220833.33,12145833.33
2026-04-01,CPX-004,CC-601,Operations,Forecast,0.0,220833.33,11925000.0
2026-05-01,CPX-004,CC-601,Operations,Forecast,0.0,220833.33,11704166.67
2026-06-01,CPX-004,CC-601,Operations,Forecast,0.0,220833.33,11483333.33
2026-07-01,CPX-004,CC-601,Operations,Forecast,0.0,220833.33,11262500.0
2026-08-01,CPX-004,CC-601,Operations,Forecast,0.0,220833.33,11041666.67
2026-09-01,CPX-004,CC-601,Operations,Forecast,0.0,220833.33,10820833.33
2026-10-01,CPX-004,CC-601,Operations,Forecast,0.0,220833.33,10600000.0
2026-11-01,CPX-004,CC-601,Operations,Forecast,0.0,220833.33,10379166.67
2026-12-01,CPX-004,CC-601,Operations,Forecast,0.0,220833.33,10158333.33
2027-01-01,CPX-004,CC-601,Operations,Forecast,0.0,220833.33,9937500.0
2027-02-01,CPX-004,CC-601,Operations,Forecast,0.0,220833.33,9716666.67
2027-03-01,CPX-004,CC-601,Operations,Forecast,0.0,220833.33,9495833.33
2027-04-01,CPX-004,CC-601,Operations,Forecast,0.0,220833.33,9275000.0
2027-05-01,CPX-004,CC-601,Operations,Forecast,0.0,220833.33,9054166.67
2027-06-01,CPX-004,CC-601,Operations,Forecast,0.0,220833.33,8833333.33
2023-01-01,CPX-005,CC-401,Customer Success,Actual,0.0,0.0,9350000.0
2023-02-01,CPX-005,CC-401,Customer Success,Actual,0.0,0.0,9350000.0
2023-03-01,CPX-005,CC-401,Customer Success,Actual,0.0,0.0,9350000.0
2023-04-01,CPX-005,CC-401,Customer Success,Actual,0.0,0.0,9350000.0
2023-05-01,CPX-005,CC-401,Customer Success,Actual,0.0,0.0,9350000.0
2023-06-01,CPX-005,CC-401,Customer Success,Actual,0.0,0.0,9350000.0
2023-07-01,CPX-005,CC-401,Customer Success,Actual,0.0,0.0,9350000.0
2023-08-01,CPX-005,CC-401,Customer Success,Actual,0.0,0.0,9350000.0
2023-09-01,CPX-005,CC-401,Customer Success,Actual,0.0,0.0,9350000.0
2023-10-01,CPX-005,CC-401,Customer Success,Actual,0.0,0.0,9350000.0
2023-11-01,CPX-005,CC-401,Customer Success,Actual,0.0,0.0,9350000.0
2023-12-01,CPX-005,CC-401,Customer Success,Actual,0.0,0.0,9350000.0
2024-01-01,CPX-005,CC-401,Customer Success,Actual,0.0,0.0,9350000.0
2024-02-01,CPX-005,CC-401,Customer Success,Actual,0.0,0.0,9350000.0
2024-03-01,CPX-005,CC-401,Customer Success,Actual,0.0,0.0,9350000.0
2024-04-01,CPX-005,CC-401,Customer Success,Actual,0.0,0.0,9350000.0
2024-05-01,CPX-005,CC-401,Customer Success,Actual,0.0,0.0,9350000.0
2024-06-01,CPX-005,CC-401,Customer Success,Actual,0.0,0.0,9350000.0
2024-07-01,CPX-005,CC-401,Customer Success,Actual,0.0,0.0,9350000.0
2024-08-01,CPX-005,CC-401,Customer Success,Actual,0.0,0.0,9350000.0
2024-09-01,CPX-005,CC-401,Customer Success,Actual,0.0,0.0,9350000.0
2024-10-01,CPX-005,CC-401,Customer Success,Actual,0.0,0.0,9350000.0
2024-11-01,CPX-005,CC-401,Customer Success,Actual,0.0,0.0,9350000.0
2024-12-01,CPX-005,CC-401,Customer Success,Actual,0.0,0.0,9350000.0
2025-01-01,CPX-005,CC-401,Customer Success,Actual,1558333.33,0.0,9350000.0
2025-02-01,CPX-005,CC-401,Customer Success,Actual,1558333.33,0.0,9350000.0
2025-03-01,CPX-005,CC-401,Customer Success,Actual,1558333.33,0.0,9350000.0
2025-04-01,CPX-005,CC-401,Customer Success,Actual,1558333.33,0.0,9350000.0
2025-05-01,CPX-005,CC-401,Customer Success,Actual,1558333.33,0.0,9350000.0
2025-06-01,CPX-005,CC-401,Customer Success,Actual,1558333.33,194791.67,9155208.33
2025-07-01,CPX-005,CC-401,Customer Success,Actual,0.0,194791.67,8960416.67
2025-08-01,CPX-005,CC-401,Customer Success,Actual,0.0,194791.67,8765625.0
2025-09-01,CPX-005,CC-401,Customer Success,Actual,0.0,194791.67,8570833.33
2025-10-01,CPX-005,CC-401,Customer Success,Actual,0.0,194791.67,8376041.67
2025-11-01,CPX-005,CC-401,Customer Success,Actual,0.0,194791.67,8181250.0
2025-12-01,CPX-005,CC-401,Customer Success,Actual,0.0,194791.67,7986458.33
2026-01-01,CPX-005,CC-401,Customer Success,Actual,0.0,194791.67,7791666.67
2026-02-01,CPX-005,CC-401,Customer Success,Actual,0.0,194791.67,7596875.0
2026-03-01,CPX-005,CC-401,Customer Success,Actual,0.0,194791.67,7402083.33
2026-04-01,CPX-005,CC-401,Customer Success,Actual,0.0,194791.67,7207291.67
2026-05-01,CPX-005,CC-401,Customer Success,Actual,0.0,194791.67,7012500.0
2026-06-01,CPX-005,CC-401,Customer Success,Actual,0.0,194791.67,6817708.33
2023-01-01,CPX-005,CC-401,Customer Success,Budget,0.0,0.0,9600000.0
2023-02-01,CPX-005,CC-401,Customer Success,Budget,0.0,0.0,9600000.0
2023-03-01,CPX-005,CC-401,Customer Success,Budget,0.0,0.0,9600000.0
2023-04-01,CPX-005,CC-401,Customer Success,Budget,0.0,0.0,9600000.0
2023-05-01,CPX-005,CC-401,Customer Success,Budget,0.0,0.0,9600000.0
2023-06-01,CPX-005,CC-401,Customer Success,Budget,0.0,0.0,9600000.0
2023-07-01,CPX-005,CC-401,Customer Success,Budget,0.0,0.0,9600000.0
2023-08-01,CPX-005,CC-401,Customer Success,Budget,0.0,0.0,9600000.0
2023-09-01,CPX-005,CC-401,Customer Success,Budget,0.0,0.0,9600000.0
2023-10-01,CPX-005,CC-401,Customer Success,Budget,0.0,0.0,9600000.0
2023-11-01,CPX-005,CC-401,Customer Success,Budget,0.0,0.0,9600000.0
2023-12-01,CPX-005,CC-401,Customer Success,Budget,0.0,0.0,9600000.0
2024-01-01,CPX-005,CC-401,Customer Success,Budget,0.0,0.0,9600000.0
2024-02-01,CPX-005,CC-401,Customer Success,Budget,0.0,0.0,9600000.0
2024-03-01,CPX-005,CC-401,Customer Success,Budget,0.0,0.0,9600000.0
2024-04-01,CPX-005,CC-401,Customer Success,Budget,0.0,0.0,9600000.0
2024-05-01,CPX-005,CC-401,Customer Success,Budget,0.0,0.0,9600000.0
2024-06-01,CPX-005,CC-401,Customer Success,Budget,0.0,0.0,9600000.0
2024-07-01,CPX-005,CC-401,Customer Success,Budget,0.0,0.0,9600000.0
2024-08-01,CPX-005,CC-401,Customer Success,Budget,0.0,0.0,9600000.0
2024-09-01,CPX-005,CC-401,Customer Success,Budget,0.0,0.0,9600000.0
2024-10-01,CPX-005,CC-401,Customer Success,Budget,0.0,0.0,9600000.0
2024-11-01,CPX-005,CC-401,Customer Success,Budget,0.0,0.0,9600000.0
2024-12-01,CPX-005,CC-401,Customer Success,Budget,0.0,0.0,9600000.0
2025-01-01,CPX-005,CC-401,Customer Success,Budget,1600000.0,0.0,9600000.0
2025-02-01,CPX-005,CC-401,Customer Success,Budget,1600000.0,0.0,9600000.0
2025-03-01,CPX-005,CC-401,Customer Success,Budget,1600000.0,0.0,9600000.0
2025-04-01,CPX-005,CC-401,Customer Success,Budget,1600000.0,0.0,9600000.0
2025-05-01,CPX-005,CC-401,Customer Success,Budget,1600000.0,0.0,9600000.0
2025-06-01,CPX-005,CC-401,Customer Success,Budget,1600000.0,200000.0,9400000.0
2025-07-01,CPX-005,CC-401,Customer Success,Budget,0.0,200000.0,9200000.0
2025-08-01,CPX-005,CC-401,Customer Success,Budget,0.0,200000.0,9000000.0
2025-09-01,CPX-005,CC-401,Customer Success,Budget,0.0,200000.0,8800000.0
2025-10-01,CPX-005,CC-401,Customer Success,Budget,0.0,200000.0,8600000.0
2025-11-01,CPX-005,CC-401,Customer Success,Budget,0.0,200000.0,8400000.0
2025-12-01,CPX-005,CC-401,Customer Success,Budget,0.0,200000.0,8200000.0
2026-01-01,CPX-005,CC-401,Customer Success,Budget,0.0,200000.0,8000000.0
2026-02-01,CPX-005,CC-401,Customer Success,Budget,0.0,200000.0,7800000.0
2026-03-01,CPX-005,CC-401,Customer Success,Budget,0.0,200000.0,7600000.0
2026-04-01,CPX-005,CC-401,Customer Success,Budget,0.0,200000.0,7400000.0
2026-05-01,CPX-005,CC-401,Customer Success,Budget,0.0,200000.0,7200000.0
2026-06-01,CPX-005,CC-401,Customer Success,Budget,0.0,200000.0,7000000.0
2026-07-01,CPX-005,CC-401,Customer Success,Budget,0.0,200000.0,6800000.0
2026-08-01,CPX-005,CC-401,Customer Success,Budget,0.0,200000.0,6600000.0
2026-09-01,CPX-005,CC-401,Customer Success,Budget,0.0,200000.0,6400000.0
2026-10-01,CPX-005,CC-401,Customer Success,Budget,0.0,200000.0,6200000.0
2026-11-01,CPX-005,CC-401,Customer Success,Budget,0.0,200000.0,6000000.0
2026-12-01,CPX-005,CC-401,Customer Success,Budget,0.0,200000.0,5800000.0
2027-01-01,CPX-005,CC-401,Customer Success,Budget,0.0,200000.0,5600000.0
2027-02-01,CPX-005,CC-401,Customer Success,Budget,0.0,200000.0,5400000.0
2027-03-01,CPX-005,CC-401,Customer Success,Budget,0.0,200000.0,5200000.0
2027-04-01,CPX-005,CC-401,Customer Success,Budget,0.0,200000.0,5000000.0
2027-05-01,CPX-005,CC-401,Customer Success,Budget,0.0,200000.0,4800000.0
2027-06-01,CPX-005,CC-401,Customer Success,Budget,0.0,200000.0,4600000.0
2023-01-01,CPX-005,CC-401,Customer Success,Forecast,0.0,0.0,9350000.0
2023-02-01,CPX-005,CC-401,Customer Success,Forecast,0.0,0.0,9350000.0
2023-03-01,CPX-005,CC-401,Customer Success,Forecast,0.0,0.0,9350000.0
2023-04-01,CPX-005,CC-401,Customer Success,Forecast,0.0,0.0,9350000.0
2023-05-01,CPX-005,CC-401,Customer Success,Forecast,0.0,0.0,9350000.0
2023-06-01,CPX-005,CC-401,Customer Success,Forecast,0.0,0.0,9350000.0
2023-07-01,CPX-005,CC-401,Customer Success,Forecast,0.0,0.0,9350000.0
2023-08-01,CPX-005,CC-401,Customer Success,Forecast,0.0,0.0,9350000.0
2023-09-01,CPX-005,CC-401,Customer Success,Forecast,0.0,0.0,9350000.0
2023-10-01,CPX-005,CC-401,Customer Success,Forecast,0.0,0.0,9350000.0
2023-11-01,CPX-005,CC-401,Customer Success,Forecast,0.0,0.0,9350000.0
2023-12-01,CPX-005,CC-401,Customer Success,Forecast,0.0,0.0,9350000.0
2024-01-01,CPX-005,CC-401,Customer Success,Forecast,0.0,0.0,9350000.0
2024-02-01,CPX-005,CC-401,Customer Success,Forecast,0.0,0.0,9350000.0
2024-03-01,CPX-005,CC-401,Customer Success,Forecast,0.0,0.0,9350000.0
2024-04-01,CPX-005,CC-401,Customer Success,Forecast,0.0,0.0,9350000.0
2024-05-01,CPX-005,CC-401,Customer Success,Forecast,0.0,0.0,9350000.0
2024-06-01,CPX-005,CC-401,Customer Success,Forecast,0.0,0.0,9350000.0
2024-07-01,CPX-005,CC-401,Customer Success,Forecast,0.0,0.0,9350000.0
2024-08-01,CPX-005,CC-401,Customer Success,Forecast,0.0,0.0,9350000.0
2024-09-01,CPX-005,CC-401,Customer Success,Forecast,0.0,0.0,9350000.0
2024-10-01,CPX-005,CC-401,Customer Success,Forecast,0.0,0.0,9350000.0
2024-11-01,CPX-005,CC-401,Customer Success,Forecast,0.0,0.0,9350000.0
2024-12-01,CPX-005,CC-401,Customer Success,Forecast,0.0,0.0,9350000.0
2025-01-01,CPX-005,CC-401,Customer Success,Forecast,1558333.33,0.0,9350000.0
2025-02-01,CPX-005,CC-401,Customer Success,Forecast,1558333.33,0.0,9350000.0
2025-03-01,CPX-005,CC-401,Customer Success,Forecast,1558333.33,0.0,9350000.0
2025-04-01,CPX-005,CC-401,Customer Success,Forecast,1558333.33,0.0,9350000.0
2025-05-01,CPX-005,CC-401,Customer Success,Forecast,1558333.33,0.0,9350000.0
2025-06-01,CPX-005,CC-401,Customer Success,Forecast,1558333.33,194791.67,9155208.33
2025-07-01,CPX-005,CC-401,Customer Success,Forecast,0.0,194791.67,8960416.67
2025-08-01,CPX-005,CC-401,Customer Success,Forecast,0.0,194791.67,8765625.0
2025-09-01,CPX-005,CC-401,Customer Success,Forecast,0.0,194791.67,8570833.33
2025-10-01,CPX-005,CC-401,Customer Success,Forecast,0.0,194791.67,8376041.67
2025-11-01,CPX-005,CC-401,Customer Success,Forecast,0.0,194791.67,8181250.0
2025-12-01,CPX-005,CC-401,Customer Success,Forecast,0.0,194791.67,7986458.33
2026-01-01,CPX-005,CC-401,Customer Success,Forecast,0.0,194791.67,7791666.67
2026-02-01,CPX-005,CC-401,Customer Success,Forecast,0.0,194791.67,7596875.0
2026-03-01,CPX-005,CC-401,Customer Success,Forecast,0.0,194791.67,7402083.33
2026-04-01,CPX-005,CC-401,Customer Success,Forecast,0.0,194791.67,7207291.67
2026-05-01,CPX-005,CC-401,Customer Success,Forecast,0.0,194791.67,7012500.0
2026-06-01,CPX-005,CC-401,Customer Success,Forecast,0.0,194791.67,6817708.33
2026-07-01,CPX-005,CC-401,Customer Success,Forecast,0.0,194791.67,6622916.67
2026-08-01,CPX-005,CC-401,Customer Success,Forecast,0.0,194791.67,6428125.0
2026-09-01,CPX-005,CC-401,Customer Success,Forecast,0.0,194791.67,6233333.33
2026-10-01,CPX-005,CC-401,Customer Success,Forecast,0.0,194791.67,6038541.67
2026-11-01,CPX-005,CC-401,Customer Success,Forecast,0.0,194791.67,5843750.0
2026-12-01,CPX-005,CC-401,Customer Success,Forecast,0.0,194791.67,5648958.33
2027-01-01,CPX-005,CC-401,Customer Success,Forecast,0.0,194791.67,5454166.67
2027-02-01,CPX-005,CC-401,Customer Success,Forecast,0.0,194791.67,5259375.0
2027-03-01,CPX-005,CC-401,Customer Success,Forecast,0.0,194791.67,5064583.33
2027-04-01,CPX-005,CC-401,Customer Success,Forecast,0.0,194791.67,4869791.67
2027-05-01,CPX-005,CC-401,Customer Success,Forecast,0.0,194791.67,4675000.0
2027-06-01,CPX-005,CC-401,Customer Success,Forecast,0.0,194791.67,4480208.33
2023-01-01,CPX-006,CC-202,Sales,Actual,0.0,0.0,8050000.0
2023-02-01,CPX-006,CC-202,Sales,Actual,0.0,0.0,8050000.0
2023-03-01,CPX-006,CC-202,Sales,Actual,0.0,0.0,8050000.0
2023-04-01,CPX-006,CC-202,Sales,Actual,0.0,0.0,8050000.0
2023-05-01,CPX-006,CC-202,Sales,Actual,0.0,0.0,8050000.0
2023-06-01,CPX-006,CC-202,Sales,Actual,0.0,0.0,8050000.0
2023-07-01,CPX-006,CC-202,Sales,Actual,0.0,0.0,8050000.0
2023-08-01,CPX-006,CC-202,Sales,Actual,0.0,0.0,8050000.0
2023-09-01,CPX-006,CC-202,Sales,Actual,0.0,0.0,8050000.0
2023-10-01,CPX-006,CC-202,Sales,Actual,0.0,0.0,8050000.0
2023-11-01,CPX-006,CC-202,Sales,Actual,0.0,0.0,8050000.0
2023-12-01,CPX-006,CC-202,Sales,Actual,0.0,0.0,8050000.0
2024-01-01,CPX-006,CC-202,Sales,Actual,0.0,0.0,8050000.0
2024-02-01,CPX-006,CC-202,Sales,Actual,0.0,0.0,8050000.0
2024-03-01,CPX-006,CC-202,Sales,Actual,0.0,0.0,8050000.0
2024-04-01,CPX-006,CC-202,Sales,Actual,0.0,0.0,8050000.0
2024-05-01,CPX-006,CC-202,Sales,Actual,0.0,0.0,8050000.0
2024-06-01,CPX-006,CC-202,Sales,Actual,0.0,0.0,8050000.0
2024-07-01,CPX-006,CC-202,Sales,Actual,0.0,0.0,8050000.0
2024-08-01,CPX-006,CC-202,Sales,Actual,0.0,0.0,8050000.0
2024-09-01,CPX-006,CC-202,Sales,Actual,0.0,0.0,8050000.0
2024-10-01,CPX-006,CC-202,Sales,Actual,0.0,0.0,8050000.0
2024-11-01,CPX-006,CC-202,Sales,Actual,0.0,0.0,8050000.0
2024-12-01,CPX-006,CC-202,Sales,Actual,0.0,0.0,8050000.0
2025-01-01,CPX-006,CC-202,Sales,Actual,0.0,0.0,8050000.0
2025-02-01,CPX-006,CC-202,Sales,Actual,0.0,0.0,8050000.0
2025-03-01,CPX-006,CC-202,Sales,Actual,1150000.0,0.0,8050000.0
2025-04-01,CPX-006,CC-202,Sales,Actual,1150000.0,0.0,8050000.0
2025-05-01,CPX-006,CC-202,Sales,Actual,1150000.0,0.0,8050000.0
2025-06-01,CPX-006,CC-202,Sales,Actual,1150000.0,0.0,8050000.0
2025-07-01,CPX-006,CC-202,Sales,Actual,1150000.0,0.0,8050000.0
2025-08-01,CPX-006,CC-202,Sales,Actual,1150000.0,0.0,8050000.0
2025-09-01,CPX-006,CC-202,Sales,Actual,1150000.0,134166.67,7915833.33
2025-10-01,CPX-006,CC-202,Sales,Actual,0.0,134166.67,7781666.67
2025-11-01,CPX-006,CC-202,Sales,Actual,0.0,134166.67,7647500.0
2025-12-01,CPX-006,CC-202,Sales,Actual,0.0,134166.67,7513333.33
2026-01-01,CPX-006,CC-202,Sales,Actual,0.0,134166.67,7379166.67
2026-02-01,CPX-006,CC-202,Sales,Actual,0.0,134166.67,7245000.0
2026-03-01,CPX-006,CC-202,Sales,Actual,0.0,134166.67,7110833.33
2026-04-01,CPX-006,CC-202,Sales,Actual,0.0,134166.67,6976666.67
2026-05-01,CPX-006,CC-202,Sales,Actual,0.0,134166.67,6842500.0
2026-06-01,CPX-006,CC-202,Sales,Actual,0.0,134166.67,6708333.33
2023-01-01,CPX-006,CC-202,Sales,Budget,0.0,0.0,7800000.0
2023-02-01,CPX-006,CC-202,Sales,Budget,0.0,0.0,7800000.0
2023-03-01,CPX-006,CC-202,Sales,Budget,0.0,0.0,7800000.0
2023-04-01,CPX-006,CC-202,Sales,Budget,0.0,0.0,7800000.0
2023-05-01,CPX-006,CC-202,Sales,Budget,0.0,0.0,7800000.0
2023-06-01,CPX-006,CC-202,Sales,Budget,0.0,0.0,7800000.0
2023-07-01,CPX-006,CC-202,Sales,Budget,0.0,0.0,7800000.0
2023-08-01,CPX-006,CC-202,Sales,Budget,0.0,0.0,7800000.0
2023-09-01,CPX-006,CC-202,Sales,Budget,0.0,0.0,7800000.0
2023-10-01,CPX-006,CC-202,Sales,Budget,0.0,0.0,7800000.0
2023-11-01,CPX-006,CC-202,Sales,Budget,0.0,0.0,7800000.0
2023-12-01,CPX-006,CC-202,Sales,Budget,0.0,0.0,7800000.0
2024-01-01,CPX-006,CC-202,Sales,Budget,0.0,0.0,7800000.0
2024-02-01,CPX-006,CC-202,Sales,Budget,0.0,0.0,7800000.0
2024-03-01,CPX-006,CC-202,Sales,Budget,0.0,0.0,7800000.0
2024-04-01,CPX-006,CC-202,Sales,Budget,0.0,0.0,7800000.0
2024-05-01,CPX-006,CC-202,Sales,Budget,0.0,0.0,7800000.0
2024-06-01,CPX-006,CC-202,Sales,Budget,0.0,0.0,7800000.0
2024-07-01,CPX-006,CC-202,Sales,Budget,0.0,0.0,7800000.0
2024-08-01,CPX-006,CC-202,Sales,Budget,0.0,0.0,7800000.0
2024-09-01,CPX-006,CC-202,Sales,Budget,0.0,0.0,7800000.0
2024-10-01,CPX-006,CC-202,Sales,Budget,0.0,0.0,7800000.0
2024-11-01,CPX-006,CC-202,Sales,Budget,0.0,0.0,7800000.0
2024-12-01,CPX-006,CC-202,Sales,Budget,0.0,0.0,7800000.0
2025-01-01,CPX-006,CC-202,Sales,Budget,0.0,0.0,7800000.0
2025-02-01,CPX-006,CC-202,Sales,Budget,0.0,0.0,7800000.0
2025-03-01,CPX-006,CC-202,Sales,Budget,1114285.71,0.0,7800000.0
2025-04-01,CPX-006,CC-202,Sales,Budget,1114285.71,0.0,7800000.0
2025-05-01,CPX-006,CC-202,Sales,Budget,1114285.71,0.0,7800000.0
2025-06-01,CPX-006,CC-202,Sales,Budget,1114285.71,0.0,7800000.0
2025-07-01,CPX-006,CC-202,Sales,Budget,1114285.71,0.0,7800000.0
2025-08-01,CPX-006,CC-202,Sales,Budget,1114285.71,0.0,7800000.0
2025-09-01,CPX-006,CC-202,Sales,Budget,1114285.71,130000.0,7670000.0
2025-10-01,CPX-006,CC-202,Sales,Budget,0.0,130000.0,7540000.0
2025-11-01,CPX-006,CC-202,Sales,Budget,0.0,130000.0,7410000.0
2025-12-01,CPX-006,CC-202,Sales,Budget,0.0,130000.0,7280000.0
2026-01-01,CPX-006,CC-202,Sales,Budget,0.0,130000.0,7150000.0
2026-02-01,CPX-006,CC-202,Sales,Budget,0.0,130000.0,7020000.0
2026-03-01,CPX-006,CC-202,Sales,Budget,0.0,130000.0,6890000.0
2026-04-01,CPX-006,CC-202,Sales,Budget,0.0,130000.0,6760000.0
2026-05-01,CPX-006,CC-202,Sales,Budget,0.0,130000.0,6630000.0
2026-06-01,CPX-006,CC-202,Sales,Budget,0.0,130000.0,6500000.0
2026-07-01,CPX-006,CC-202,Sales,Budget,0.0,130000.0,6370000.0
2026-08-01,CPX-006,CC-202,Sales,Budget,0.0,130000.0,6240000.0
2026-09-01,CPX-006,CC-202,Sales,Budget,0.0,130000.0,6110000.0
2026-10-01,CPX-006,CC-202,Sales,Budget,0.0,130000.0,5980000.0
2026-11-01,CPX-006,CC-202,Sales,Budget,0.0,130000.0,5850000.0
2026-12-01,CPX-006,CC-202,Sales,Budget,0.0,130000.0,5720000.0
2027-01-01,CPX-006,CC-202,Sales,Budget,0.0,130000.0,5590000.0
2027-02-01,CPX-006,CC-202,Sales,Budget,0.0,130000.0,5460000.0
2027-03-01,CPX-006,CC-202,Sales,Budget,0.0,130000.0,5330000.0
2027-04-01,CPX-006,CC-202,Sales,Budget,0.0,130000.0,5200000.0
2027-05-01,CPX-006,CC-202,Sales,Budget,0.0,130000.0,5070000.0
2027-06-01,CPX-006,CC-202,Sales,Budget,0.0,130000.0,4940000.0
2023-01-01,CPX-006,CC-202,Sales,Forecast,0.0,0.0,8050000.0
2023-02-01,CPX-006,CC-202,Sales,Forecast,0.0,0.0,8050000.0
2023-03-01,CPX-006,CC-202,Sales,Forecast,0.0,0.0,8050000.0
2023-04-01,CPX-006,CC-202,Sales,Forecast,0.0,0.0,8050000.0
2023-05-01,CPX-006,CC-202,Sales,Forecast,0.0,0.0,8050000.0
2023-06-01,CPX-006,CC-202,Sales,Forecast,0.0,0.0,8050000.0
2023-07-01,CPX-006,CC-202,Sales,Forecast,0.0,0.0,8050000.0
2023-08-01,CPX-006,CC-202,Sales,Forecast,0.0,0.0,8050000.0
2023-09-01,CPX-006,CC-202,Sales,Forecast,0.0,0.0,8050000.0
2023-10-01,CPX-006,CC-202,Sales,Forecast,0.0,0.0,8050000.0
2023-11-01,CPX-006,CC-202,Sales,Forecast,0.0,0.0,8050000.0
2023-12-01,CPX-006,CC-202,Sales,Forecast,0.0,0.0,8050000.0
2024-01-01,CPX-006,CC-202,Sales,Forecast,0.0,0.0,8050000.0
2024-02-01,CPX-006,CC-202,Sales,Forecast,0.0,0.0,8050000.0
2024-03-01,CPX-006,CC-202,Sales,Forecast,0.0,0.0,8050000.0
2024-04-01,CPX-006,CC-202,Sales,Forecast,0.0,0.0,8050000.0
2024-05-01,CPX-006,CC-202,Sales,Forecast,0.0,0.0,8050000.0
2024-06-01,CPX-006,CC-202,Sales,Forecast,0.0,0.0,8050000.0
2024-07-01,CPX-006,CC-202,Sales,Forecast,0.0,0.0,8050000.0
2024-08-01,CPX-006,CC-202,Sales,Forecast,0.0,0.0,8050000.0
2024-09-01,CPX-006,CC-202,Sales,Forecast,0.0,0.0,8050000.0
2024-10-01,CPX-006,CC-202,Sales,Forecast,0.0,0.0,8050000.0
2024-11-01,CPX-006,CC-202,Sales,Forecast,0.0,0.0,8050000.0
2024-12-01,CPX-006,CC-202,Sales,Forecast,0.0,0.0,8050000.0
2025-01-01,CPX-006,CC-202,Sales,Forecast,0.0,0.0,8050000.0
2025-02-01,CPX-006,CC-202,Sales,Forecast,0.0,0.0,8050000.0
2025-03-01,CPX-006,CC-202,Sales,Forecast,1150000.0,0.0,8050000.0
2025-04-01,CPX-006,CC-202,Sales,Forecast,1150000.0,0.0,8050000.0
2025-05-01,CPX-006,CC-202,Sales,Forecast,1150000.0,0.0,8050000.0
2025-06-01,CPX-006,CC-202,Sales,Forecast,1150000.0,0.0,8050000.0
2025-07-01,CPX-006,CC-202,Sales,Forecast,1150000.0,0.0,8050000.0
2025-08-01,CPX-006,CC-202,Sales,Forecast,1150000.0,0.0,8050000.0
2025-09-01,CPX-006,CC-202,Sales,Forecast,1150000.0,134166.67,7915833.33
2025-10-01,CPX-006,CC-202,Sales,Forecast,0.0,134166.67,7781666.67
2025-11-01,CPX-006,CC-202,Sales,Forecast,0.0,134166.67,7647500.0
2025-12-01,CPX-006,CC-202,Sales,Forecast,0.0,134166.67,7513333.33
2026-01-01,CPX-006,CC-202,Sales,Forecast,0.0,134166.67,7379166.67
2026-02-01,CPX-006,CC-202,Sales,Forecast,0.0,134166.67,7245000.0
2026-03-01,CPX-006,CC-202,Sales,Forecast,0.0,134166.67,7110833.33
2026-04-01,CPX-006,CC-202,Sales,Forecast,0.0,134166.67,6976666.67
2026-05-01,CPX-006,CC-202,Sales,Forecast,0.0,134166.67,6842500.0
2026-06-01,CPX-006,CC-202,Sales,Forecast,0.0,134166.67,6708333.33
2026-07-01,CPX-006,CC-202,Sales,Forecast,0.0,134166.67,6574166.67
2026-08-01,CPX-006,CC-202,Sales,Forecast,0.0,134166.67,6440000.0
2026-09-01,CPX-006,CC-202,Sales,Forecast,0.0,134166.67,6305833.33
2026-10-01,CPX-006,CC-202,Sales,Forecast,0.0,134166.67,6171666.67
2026-11-01,CPX-006,CC-202,Sales,Forecast,0.0,134166.67,6037500.0
2026-12-01,CPX-006,CC-202,Sales,Forecast,0.0,134166.67,5903333.33
2027-01-01,CPX-006,CC-202,Sales,Forecast,0.0,134166.67,5769166.67
2027-02-01,CPX-006,CC-202,Sales,Forecast,0.0,134166.67,5635000.0
2027-03-01,CPX-006,CC-202,Sales,Forecast,0.0,134166.67,5500833.33
2027-04-01,CPX-006,CC-202,Sales,Forecast,0.0,134166.67,5366666.67
2027-05-01,CPX-006,CC-202,Sales,Forecast,0.0,134166.67,5232500.0
2027-06-01,CPX-006,CC-202,Sales,Forecast,0.0,134166.67,5098333.33
2023-01-01,CPX-007,CC-801,Finance & Corporate,Actual,0.0,0.0,10200000.0
2023-02-01,CPX-007,CC-801,Finance & Corporate,Actual,0.0,0.0,10200000.0
2023-03-01,CPX-007,CC-801,Finance & Corporate,Actual,0.0,0.0,10200000.0
2023-04-01,CPX-007,CC-801,Finance & Corporate,Actual,0.0,0.0,10200000.0
2023-05-01,CPX-007,CC-801,Finance & Corporate,Actual,0.0,0.0,10200000.0
2023-06-01,CPX-007,CC-801,Finance & Corporate,Actual,0.0,0.0,10200000.0
2023-07-01,CPX-007,CC-801,Finance & Corporate,Actual,0.0,0.0,10200000.0
2023-08-01,CPX-007,CC-801,Finance & Corporate,Actual,0.0,0.0,10200000.0
2023-09-01,CPX-007,CC-801,Finance & Corporate,Actual,0.0,0.0,10200000.0
2023-10-01,CPX-007,CC-801,Finance & Corporate,Actual,0.0,0.0,10200000.0
2023-11-01,CPX-007,CC-801,Finance & Corporate,Actual,0.0,0.0,10200000.0
2023-12-01,CPX-007,CC-801,Finance & Corporate,Actual,0.0,0.0,10200000.0
2024-01-01,CPX-007,CC-801,Finance & Corporate,Actual,0.0,0.0,10200000.0
2024-02-01,CPX-007,CC-801,Finance & Corporate,Actual,0.0,0.0,10200000.0
2024-03-01,CPX-007,CC-801,Finance & Corporate,Actual,0.0,0.0,10200000.0
2024-04-01,CPX-007,CC-801,Finance & Corporate,Actual,0.0,0.0,10200000.0
2024-05-01,CPX-007,CC-801,Finance & Corporate,Actual,0.0,0.0,10200000.0
2024-06-01,CPX-007,CC-801,Finance & Corporate,Actual,0.0,0.0,10200000.0
2024-07-01,CPX-007,CC-801,Finance & Corporate,Actual,0.0,0.0,10200000.0
2024-08-01,CPX-007,CC-801,Finance & Corporate,Actual,0.0,0.0,10200000.0
2024-09-01,CPX-007,CC-801,Finance & Corporate,Actual,0.0,0.0,10200000.0
2024-10-01,CPX-007,CC-801,Finance & Corporate,Actual,0.0,0.0,10200000.0
2024-11-01,CPX-007,CC-801,Finance & Corporate,Actual,0.0,0.0,10200000.0
2024-12-01,CPX-007,CC-801,Finance & Corporate,Actual,0.0,0.0,10200000.0
2025-01-01,CPX-007,CC-801,Finance & Corporate,Actual,0.0,0.0,10200000.0
2025-02-01,CPX-007,CC-801,Finance & Corporate,Actual,0.0,0.0,10200000.0
2025-03-01,CPX-007,CC-801,Finance & Corporate,Actual,0.0,0.0,10200000.0
2025-04-01,CPX-007,CC-801,Finance & Corporate,Actual,0.0,0.0,10200000.0
2025-05-01,CPX-007,CC-801,Finance & Corporate,Actual,0.0,0.0,10200000.0
2025-06-01,CPX-007,CC-801,Finance & Corporate,Actual,0.0,0.0,10200000.0
2025-07-01,CPX-007,CC-801,Finance & Corporate,Actual,1133333.33,0.0,10200000.0
2025-08-01,CPX-007,CC-801,Finance & Corporate,Actual,1133333.33,0.0,10200000.0
2025-09-01,CPX-007,CC-801,Finance & Corporate,Actual,1133333.33,0.0,10200000.0
2025-10-01,CPX-007,CC-801,Finance & Corporate,Actual,1133333.33,0.0,10200000.0
2025-11-01,CPX-007,CC-801,Finance & Corporate,Actual,1133333.33,0.0,10200000.0
2025-12-01,CPX-007,CC-801,Finance & Corporate,Actual,1133333.33,0.0,10200000.0
2026-01-01,CPX-007,CC-801,Finance & Corporate,Actual,1133333.33,0.0,10200000.0
2026-02-01,CPX-007,CC-801,Finance & Corporate,Actual,1133333.33,0.0,10200000.0
2026-03-01,CPX-007,CC-801,Finance & Corporate,Actual,1133333.33,170000.0,10030000.0
2026-04-01,CPX-007,CC-801,Finance & Corporate,Actual,0.0,170000.0,9860000.0
2026-05-01,CPX-007,CC-801,Finance & Corporate,Actual,0.0,170000.0,9690000.0
2026-06-01,CPX-007,CC-801,Finance & Corporate,Actual,0.0,170000.0,9520000.0
2023-01-01,CPX-007,CC-801,Finance & Corporate,Budget,0.0,0.0,10500000.0
2023-02-01,CPX-007,CC-801,Finance & Corporate,Budget,0.0,0.0,10500000.0
2023-03-01,CPX-007,CC-801,Finance & Corporate,Budget,0.0,0.0,10500000.0
2023-04-01,CPX-007,CC-801,Finance & Corporate,Budget,0.0,0.0,10500000.0
2023-05-01,CPX-007,CC-801,Finance & Corporate,Budget,0.0,0.0,10500000.0
2023-06-01,CPX-007,CC-801,Finance & Corporate,Budget,0.0,0.0,10500000.0
2023-07-01,CPX-007,CC-801,Finance & Corporate,Budget,0.0,0.0,10500000.0
2023-08-01,CPX-007,CC-801,Finance & Corporate,Budget,0.0,0.0,10500000.0
2023-09-01,CPX-007,CC-801,Finance & Corporate,Budget,0.0,0.0,10500000.0
2023-10-01,CPX-007,CC-801,Finance & Corporate,Budget,0.0,0.0,10500000.0
2023-11-01,CPX-007,CC-801,Finance & Corporate,Budget,0.0,0.0,10500000.0
2023-12-01,CPX-007,CC-801,Finance & Corporate,Budget,0.0,0.0,10500000.0
2024-01-01,CPX-007,CC-801,Finance & Corporate,Budget,0.0,0.0,10500000.0
2024-02-01,CPX-007,CC-801,Finance & Corporate,Budget,0.0,0.0,10500000.0
2024-03-01,CPX-007,CC-801,Finance & Corporate,Budget,0.0,0.0,10500000.0
2024-04-01,CPX-007,CC-801,Finance & Corporate,Budget,0.0,0.0,10500000.0
2024-05-01,CPX-007,CC-801,Finance & Corporate,Budget,0.0,0.0,10500000.0
2024-06-01,CPX-007,CC-801,Finance & Corporate,Budget,0.0,0.0,10500000.0
2024-07-01,CPX-007,CC-801,Finance & Corporate,Budget,0.0,0.0,10500000.0
2024-08-01,CPX-007,CC-801,Finance & Corporate,Budget,0.0,0.0,10500000.0
2024-09-01,CPX-007,CC-801,Finance & Corporate,Budget,0.0,0.0,10500000.0
2024-10-01,CPX-007,CC-801,Finance & Corporate,Budget,0.0,0.0,10500000.0
2024-11-01,CPX-007,CC-801,Finance & Corporate,Budget,0.0,0.0,10500000.0
2024-12-01,CPX-007,CC-801,Finance & Corporate,Budget,0.0,0.0,10500000.0
2025-01-01,CPX-007,CC-801,Finance & Corporate,Budget,0.0,0.0,10500000.0
2025-02-01,CPX-007,CC-801,Finance & Corporate,Budget,0.0,0.0,10500000.0
2025-03-01,CPX-007,CC-801,Finance & Corporate,Budget,0.0,0.0,10500000.0
2025-04-01,CPX-007,CC-801,Finance & Corporate,Budget,0.0,0.0,10500000.0
2025-05-01,CPX-007,CC-801,Finance & Corporate,Budget,0.0,0.0,10500000.0
2025-06-01,CPX-007,CC-801,Finance & Corporate,Budget,0.0,0.0,10500000.0
2025-07-01,CPX-007,CC-801,Finance & Corporate,Budget,1166666.67,0.0,10500000.0
2025-08-01,CPX-007,CC-801,Finance & Corporate,Budget,1166666.67,0.0,10500000.0
2025-09-01,CPX-007,CC-801,Finance & Corporate,Budget,1166666.67,0.0,10500000.0
2025-10-01,CPX-007,CC-801,Finance & Corporate,Budget,1166666.67,0.0,10500000.0
2025-11-01,CPX-007,CC-801,Finance & Corporate,Budget,1166666.67,0.0,10500000.0
2025-12-01,CPX-007,CC-801,Finance & Corporate,Budget,1166666.67,0.0,10500000.0
2026-01-01,CPX-007,CC-801,Finance & Corporate,Budget,1166666.67,0.0,10500000.0
2026-02-01,CPX-007,CC-801,Finance & Corporate,Budget,1166666.67,0.0,10500000.0
2026-03-01,CPX-007,CC-801,Finance & Corporate,Budget,1166666.67,175000.0,10325000.0
2026-04-01,CPX-007,CC-801,Finance & Corporate,Budget,0.0,175000.0,10150000.0
2026-05-01,CPX-007,CC-801,Finance & Corporate,Budget,0.0,175000.0,9975000.0
2026-06-01,CPX-007,CC-801,Finance & Corporate,Budget,0.0,175000.0,9800000.0
2026-07-01,CPX-007,CC-801,Finance & Corporate,Budget,0.0,175000.0,9625000.0
2026-08-01,CPX-007,CC-801,Finance & Corporate,Budget,0.0,175000.0,9450000.0
2026-09-01,CPX-007,CC-801,Finance & Corporate,Budget,0.0,175000.0,9275000.0
2026-10-01,CPX-007,CC-801,Finance & Corporate,Budget,0.0,175000.0,9100000.0
2026-11-01,CPX-007,CC-801,Finance & Corporate,Budget,0.0,175000.0,8925000.0
2026-12-01,CPX-007,CC-801,Finance & Corporate,Budget,0.0,175000.0,8750000.0
2027-01-01,CPX-007,CC-801,Finance & Corporate,Budget,0.0,175000.0,8575000.0
2027-02-01,CPX-007,CC-801,Finance & Corporate,Budget,0.0,175000.0,8400000.0
2027-03-01,CPX-007,CC-801,Finance & Corporate,Budget,0.0,175000.0,8225000.0
2027-04-01,CPX-007,CC-801,Finance & Corporate,Budget,0.0,175000.0,8050000.0
2027-05-01,CPX-007,CC-801,Finance & Corporate,Budget,0.0,175000.0,7875000.0
2027-06-01,CPX-007,CC-801,Finance & Corporate,Budget,0.0,175000.0,7700000.0
2023-01-01,CPX-007,CC-801,Finance & Corporate,Forecast,0.0,0.0,10200000.0
2023-02-01,CPX-007,CC-801,Finance & Corporate,Forecast,0.0,0.0,10200000.0
2023-03-01,CPX-007,CC-801,Finance & Corporate,Forecast,0.0,0.0,10200000.0
2023-04-01,CPX-007,CC-801,Finance & Corporate,Forecast,0.0,0.0,10200000.0
2023-05-01,CPX-007,CC-801,Finance & Corporate,Forecast,0.0,0.0,10200000.0
2023-06-01,CPX-007,CC-801,Finance & Corporate,Forecast,0.0,0.0,10200000.0
2023-07-01,CPX-007,CC-801,Finance & Corporate,Forecast,0.0,0.0,10200000.0
2023-08-01,CPX-007,CC-801,Finance & Corporate,Forecast,0.0,0.0,10200000.0
2023-09-01,CPX-007,CC-801,Finance & Corporate,Forecast,0.0,0.0,10200000.0
2023-10-01,CPX-007,CC-801,Finance & Corporate,Forecast,0.0,0.0,10200000.0
2023-11-01,CPX-007,CC-801,Finance & Corporate,Forecast,0.0,0.0,10200000.0
2023-12-01,CPX-007,CC-801,Finance & Corporate,Forecast,0.0,0.0,10200000.0
2024-01-01,CPX-007,CC-801,Finance & Corporate,Forecast,0.0,0.0,10200000.0
2024-02-01,CPX-007,CC-801,Finance & Corporate,Forecast,0.0,0.0,10200000.0
2024-03-01,CPX-007,CC-801,Finance & Corporate,Forecast,0.0,0.0,10200000.0
2024-04-01,CPX-007,CC-801,Finance & Corporate,Forecast,0.0,0.0,10200000.0
2024-05-01,CPX-007,CC-801,Finance & Corporate,Forecast,0.0,0.0,10200000.0
2024-06-01,CPX-007,CC-801,Finance & Corporate,Forecast,0.0,0.0,10200000.0
2024-07-01,CPX-007,CC-801,Finance & Corporate,Forecast,0.0,0.0,10200000.0
2024-08-01,CPX-007,CC-801,Finance & Corporate,Forecast,0.0,0.0,10200000.0
2024-09-01,CPX-007,CC-801,Finance & Corporate,Forecast,0.0,0.0,10200000.0
2024-10-01,CPX-007,CC-801,Finance & Corporate,Forecast,0.0,0.0,10200000.0
2024-11-01,CPX-007,CC-801,Finance & Corporate,Forecast,0.0,0.0,10200000.0
2024-12-01,CPX-007,CC-801,Finance & Corporate,Forecast,0.0,0.0,10200000.0
2025-01-01,CPX-007,CC-801,Finance & Corporate,Forecast,0.0,0.0,10200000.0
2025-02-01,CPX-007,CC-801,Finance & Corporate,Forecast,0.0,0.0,10200000.0
2025-03-01,CPX-007,CC-801,Finance & Corporate,Forecast,0.0,0.0,10200000.0
2025-04-01,CPX-007,CC-801,Finance & Corporate,Forecast,0.0,0.0,10200000.0
2025-05-01,CPX-007,CC-801,Finance & Corporate,Forecast,0.0,0.0,10200000.0
2025-06-01,CPX-007,CC-801,Finance & Corporate,Forecast,0.0,0.0,10200000.0
2025-07-01,CPX-007,CC-801,Finance & Corporate,Forecast,1133333.33,0.0,10200000.0
2025-08-01,CPX-007,CC-801,Finance & Corporate,Forecast,1133333.33,0.0,10200000.0
2025-09-01,CPX-007,CC-801,Finance & Corporate,Forecast,1133333.33,0.0,10200000.0
2025-10-01,CPX-007,CC-801,Finance & Corporate,Forecast,1133333.33,0.0,10200000.0
2025-11-01,CPX-007,CC-801,Finance & Corporate,Forecast,1133333.33,0.0,10200000.0
2025-12-01,CPX-007,CC-801,Finance & Corporate,Forecast,1133333.33,0.0,10200000.0
2026-01-01,CPX-007,CC-801,Finance & Corporate,Forecast,1133333.33,0.0,10200000.0
2026-02-01,CPX-007,CC-801,Finance & Corporate,Forecast,1133333.33,0.0,10200000.0
2026-03-01,CPX-007,CC-801,Finance & Corporate,Forecast,1133333.33,170000.0,10030000.0
2026-04-01,CPX-007,CC-801,Finance & Corporate,Forecast,0.0,170000.0,9860000.0
2026-05-01,CPX-007,CC-801,Finance & Corporate,Forecast,0.0,170000.0,9690000.0
2026-06-01,CPX-007,CC-801,Finance & Corporate,Forecast,0.0,170000.0,9520000.0
2026-07-01,CPX-007,CC-801,Finance & Corporate,Forecast,0.0,170000.0,9350000.0
2026-08-01,CPX-007,CC-801,Finance & Corporate,Forecast,0.0,170000.0,9180000.0
2026-09-01,CPX-007,CC-801,Finance & Corporate,Forecast,0.0,170000.0,9010000.0
2026-10-01,CPX-007,CC-801,Finance & Corporate,Forecast,0.0,170000.0,8840000.0
2026-11-01,CPX-007,CC-801,Finance & Corporate,Forecast,0.0,170000.0,8670000.0
2026-12-01,CPX-007,CC-801,Finance & Corporate,Forecast,0.0,170000.0,8500000.0
2027-01-01,CPX-007,CC-801,Finance & Corporate,Forecast,0.0,170000.0,8330000.0
2027-02-01,CPX-007,CC-801,Finance & Corporate,Forecast,0.0,170000.0,8160000.0
2027-03-01,CPX-007,CC-801,Finance & Corporate,Forecast,0.0,170000.0,7990000.0
2027-04-01,CPX-007,CC-801,Finance & Corporate,Forecast,0.0,170000.0,7820000.0
2027-05-01,CPX-007,CC-801,Finance & Corporate,Forecast,0.0,170000.0,7650000.0
2027-06-01,CPX-007,CC-801,Finance & Corporate,Forecast,0.0,170000.0,7480000.0
2023-01-01,CPX-008,CC-701,Technology,Actual,0.0,0.0,0.0
2023-02-01,CPX-008,CC-701,Technology,Actual,0.0,0.0,0.0
2023-03-01,CPX-008,CC-701,Technology,Actual,0.0,0.0,0.0
2023-04-01,CPX-008,CC-701,Technology,Actual,0.0,0.0,0.0
2023-05-01,CPX-008,CC-701,Technology,Actual,0.0,0.0,0.0
2023-06-01,CPX-008,CC-701,Technology,Actual,0.0,0.0,0.0
2023-07-01,CPX-008,CC-701,Technology,Actual,0.0,0.0,0.0
2023-08-01,CPX-008,CC-701,Technology,Actual,0.0,0.0,0.0
2023-09-01,CPX-008,CC-701,Technology,Actual,0.0,0.0,0.0
2023-10-01,CPX-008,CC-701,Technology,Actual,0.0,0.0,0.0
2023-11-01,CPX-008,CC-701,Technology,Actual,0.0,0.0,0.0
2023-12-01,CPX-008,CC-701,Technology,Actual,0.0,0.0,0.0
2024-01-01,CPX-008,CC-701,Technology,Actual,0.0,0.0,0.0
2024-02-01,CPX-008,CC-701,Technology,Actual,0.0,0.0,0.0
2024-03-01,CPX-008,CC-701,Technology,Actual,0.0,0.0,0.0
2024-04-01,CPX-008,CC-701,Technology,Actual,0.0,0.0,0.0
2024-05-01,CPX-008,CC-701,Technology,Actual,0.0,0.0,0.0
2024-06-01,CPX-008,CC-701,Technology,Actual,0.0,0.0,0.0
2024-07-01,CPX-008,CC-701,Technology,Actual,0.0,0.0,0.0
2024-08-01,CPX-008,CC-701,Technology,Actual,0.0,0.0,0.0
2024-09-01,CPX-008,CC-701,Technology,Actual,0.0,0.0,0.0
2024-10-01,CPX-008,CC-701,Technology,Actual,0.0,0.0,0.0
2024-11-01,CPX-008,CC-701,Technology,Actual,0.0,0.0,0.0
2024-12-01,CPX-008,CC-701,Technology,Actual,0.0,0.0,0.0
2025-01-01,CPX-008,CC-701,Technology,Actual,0.0,0.0,0.0
2025-02-01,CPX-008,CC-701,Technology,Actual,0.0,0.0,0.0
2025-03-01,CPX-008,CC-701,Technology,Actual,0.0,0.0,0.0
2025-04-01,CPX-008,CC-701,Technology,Actual,0.0,0.0,0.0
2025-05-01,CPX-008,CC-701,Technology,Actual,0.0,0.0,0.0
2025-06-01,CPX-008,CC-701,Technology,Actual,0.0,0.0,0.0
2025-07-01,CPX-008,CC-701,Technology,Actual,0.0,0.0,0.0
2025-08-01,CPX-008,CC-701,Technology,Actual,0.0,0.0,0.0
2025-09-01,CPX-008,CC-701,Technology,Actual,0.0,0.0,0.0
2025-10-01,CPX-008,CC-701,Technology,Actual,0.0,0.0,0.0
2025-11-01,CPX-008,CC-701,Technology,Actual,0.0,0.0,0.0
2025-12-01,CPX-008,CC-701,Technology,Actual,0.0,0.0,0.0
2026-01-01,CPX-008,CC-701,Technology,Actual,0.0,0.0,0.0
2026-02-01,CPX-008,CC-701,Technology,Actual,0.0,0.0,0.0
2026-03-01,CPX-008,CC-701,Technology,Actual,0.0,0.0,0.0
2026-04-01,CPX-008,CC-701,Technology,Actual,0.0,0.0,0.0
2026-05-01,CPX-008,CC-701,Technology,Actual,0.0,0.0,0.0
2026-06-01,CPX-008,CC-701,Technology,Actual,0.0,0.0,0.0
2023-01-01,CPX-008,CC-701,Technology,Budget,0.0,0.0,13500000.0
2023-02-01,CPX-008,CC-701,Technology,Budget,0.0,0.0,13500000.0
2023-03-01,CPX-008,CC-701,Technology,Budget,0.0,0.0,13500000.0
2023-04-01,CPX-008,CC-701,Technology,Budget,0.0,0.0,13500000.0
2023-05-01,CPX-008,CC-701,Technology,Budget,0.0,0.0,13500000.0
2023-06-01,CPX-008,CC-701,Technology,Budget,0.0,0.0,13500000.0
2023-07-01,CPX-008,CC-701,Technology,Budget,0.0,0.0,13500000.0
2023-08-01,CPX-008,CC-701,Technology,Budget,0.0,0.0,13500000.0
2023-09-01,CPX-008,CC-701,Technology,Budget,0.0,0.0,13500000.0
2023-10-01,CPX-008,CC-701,Technology,Budget,0.0,0.0,13500000.0
2023-11-01,CPX-008,CC-701,Technology,Budget,0.0,0.0,13500000.0
2023-12-01,CPX-008,CC-701,Technology,Budget,0.0,0.0,13500000.0
2024-01-01,CPX-008,CC-701,Technology,Budget,0.0,0.0,13500000.0
2024-02-01,CPX-008,CC-701,Technology,Budget,0.0,0.0,13500000.0
2024-03-01,CPX-008,CC-701,Technology,Budget,0.0,0.0,13500000.0
2024-04-01,CPX-008,CC-701,Technology,Budget,0.0,0.0,13500000.0
2024-05-01,CPX-008,CC-701,Technology,Budget,0.0,0.0,13500000.0
2024-06-01,CPX-008,CC-701,Technology,Budget,0.0,0.0,13500000.0
2024-07-01,CPX-008,CC-701,Technology,Budget,0.0,0.0,13500000.0
2024-08-01,CPX-008,CC-701,Technology,Budget,0.0,0.0,13500000.0
2024-09-01,CPX-008,CC-701,Technology,Budget,0.0,0.0,13500000.0
2024-10-01,CPX-008,CC-701,Technology,Budget,0.0,0.0,13500000.0
2024-11-01,CPX-008,CC-701,Technology,Budget,0.0,0.0,13500000.0
2024-12-01,CPX-008,CC-701,Technology,Budget,0.0,0.0,13500000.0
2025-01-01,CPX-008,CC-701,Technology,Budget,0.0,0.0,13500000.0
2025-02-01,CPX-008,CC-701,Technology,Budget,0.0,0.0,13500000.0
2025-03-01,CPX-008,CC-701,Technology,Budget,0.0,0.0,13500000.0
2025-04-01,CPX-008,CC-701,Technology,Budget,0.0,0.0,13500000.0
2025-05-01,CPX-008,CC-701,Technology,Budget,0.0,0.0,13500000.0
2025-06-01,CPX-008,CC-701,Technology,Budget,0.0,0.0,13500000.0
2025-07-01,CPX-008,CC-701,Technology,Budget,0.0,0.0,13500000.0
2025-08-01,CPX-008,CC-701,Technology,Budget,0.0,0.0,13500000.0
2025-09-01,CPX-008,CC-701,Technology,Budget,0.0,0.0,13500000.0
2025-10-01,CPX-008,CC-701,Technology,Budget,0.0,0.0,13500000.0
2025-11-01,CPX-008,CC-701,Technology,Budget,0.0,0.0,13500000.0
2025-12-01,CPX-008,CC-701,Technology,Budget,0.0,0.0,13500000.0
2026-01-01,CPX-008,CC-701,Technology,Budget,0.0,0.0,13500000.0
2026-02-01,CPX-008,CC-701,Technology,Budget,1500000.0,0.0,13500000.0
2026-03-01,CPX-008,CC-701,Technology,Budget,1500000.0,0.0,13500000.0
2026-04-01,CPX-008,CC-701,Technology,Budget,1500000.0,0.0,13500000.0
2026-05-01,CPX-008,CC-701,Technology,Budget,1500000.0,0.0,13500000.0
2026-06-01,CPX-008,CC-701,Technology,Budget,1500000.0,0.0,13500000.0
2026-07-01,CPX-008,CC-701,Technology,Budget,1500000.0,0.0,13500000.0
2026-08-01,CPX-008,CC-701,Technology,Budget,1500000.0,0.0,13500000.0
2026-09-01,CPX-008,CC-701,Technology,Budget,1500000.0,0.0,13500000.0
2026-10-01,CPX-008,CC-701,Technology,Budget,1500000.0,281250.0,13218750.0
2026-11-01,CPX-008,CC-701,Technology,Budget,0.0,281250.0,12937500.0
2026-12-01,CPX-008,CC-701,Technology,Budget,0.0,281250.0,12656250.0
2027-01-01,CPX-008,CC-701,Technology,Budget,0.0,281250.0,12375000.0
2027-02-01,CPX-008,CC-701,Technology,Budget,0.0,281250.0,12093750.0
2027-03-01,CPX-008,CC-701,Technology,Budget,0.0,281250.0,11812500.0
2027-04-01,CPX-008,CC-701,Technology,Budget,0.0,281250.0,11531250.0
2027-05-01,CPX-008,CC-701,Technology,Budget,0.0,281250.0,11250000.0
2027-06-01,CPX-008,CC-701,Technology,Budget,0.0,281250.0,10968750.0
2023-01-01,CPX-008,CC-701,Technology,Forecast,0.0,0.0,12900000.0
2023-02-01,CPX-008,CC-701,Technology,Forecast,0.0,0.0,12900000.0
2023-03-01,CPX-008,CC-701,Technology,Forecast,0.0,0.0,12900000.0
2023-04-01,CPX-008,CC-701,Technology,Forecast,0.0,0.0,12900000.0
2023-05-01,CPX-008,CC-701,Technology,Forecast,0.0,0.0,12900000.0
2023-06-01,CPX-008,CC-701,Technology,Forecast,0.0,0.0,12900000.0
2023-07-01,CPX-008,CC-701,Technology,Forecast,0.0,0.0,12900000.0
2023-08-01,CPX-008,CC-701,Technology,Forecast,0.0,0.0,12900000.0
2023-09-01,CPX-008,CC-701,Technology,Forecast,0.0,0.0,12900000.0
2023-10-01,CPX-008,CC-701,Technology,Forecast,0.0,0.0,12900000.0
2023-11-01,CPX-008,CC-701,Technology,Forecast,0.0,0.0,12900000.0
2023-12-01,CPX-008,CC-701,Technology,Forecast,0.0,0.0,12900000.0
2024-01-01,CPX-008,CC-701,Technology,Forecast,0.0,0.0,12900000.0
2024-02-01,CPX-008,CC-701,Technology,Forecast,0.0,0.0,12900000.0
2024-03-01,CPX-008,CC-701,Technology,Forecast,0.0,0.0,12900000.0
2024-04-01,CPX-008,CC-701,Technology,Forecast,0.0,0.0,12900000.0
2024-05-01,CPX-008,CC-701,Technology,Forecast,0.0,0.0,12900000.0
2024-06-01,CPX-008,CC-701,Technology,Forecast,0.0,0.0,12900000.0
2024-07-01,CPX-008,CC-701,Technology,Forecast,0.0,0.0,12900000.0
2024-08-01,CPX-008,CC-701,Technology,Forecast,0.0,0.0,12900000.0
2024-09-01,CPX-008,CC-701,Technology,Forecast,0.0,0.0,12900000.0
2024-10-01,CPX-008,CC-701,Technology,Forecast,0.0,0.0,12900000.0
2024-11-01,CPX-008,CC-701,Technology,Forecast,0.0,0.0,12900000.0
2024-12-01,CPX-008,CC-701,Technology,Forecast,0.0,0.0,12900000.0
2025-01-01,CPX-008,CC-701,Technology,Forecast,0.0,0.0,12900000.0
2025-02-01,CPX-008,CC-701,Technology,Forecast,0.0,0.0,12900000.0
2025-03-01,CPX-008,CC-701,Technology,Forecast,0.0,0.0,12900000.0
2025-04-01,CPX-008,CC-701,Technology,Forecast,0.0,0.0,12900000.0
2025-05-01,CPX-008,CC-701,Technology,Forecast,0.0,0.0,12900000.0
2025-06-01,CPX-008,CC-701,Technology,Forecast,0.0,0.0,12900000.0
2025-07-01,CPX-008,CC-701,Technology,Forecast,0.0,0.0,12900000.0
2025-08-01,CPX-008,CC-701,Technology,Forecast,0.0,0.0,12900000.0
2025-09-01,CPX-008,CC-701,Technology,Forecast,0.0,0.0,12900000.0
2025-10-01,CPX-008,CC-701,Technology,Forecast,0.0,0.0,12900000.0
2025-11-01,CPX-008,CC-701,Technology,Forecast,0.0,0.0,12900000.0
2025-12-01,CPX-008,CC-701,Technology,Forecast,0.0,0.0,12900000.0
2026-01-01,CPX-008,CC-701,Technology,Forecast,0.0,0.0,12900000.0
2026-02-01,CPX-008,CC-701,Technology,Forecast,1433333.33,0.0,12900000.0
2026-03-01,CPX-008,CC-701,Technology,Forecast,1433333.33,0.0,12900000.0
2026-04-01,CPX-008,CC-701,Technology,Forecast,1433333.33,0.0,12900000.0
2026-05-01,CPX-008,CC-701,Technology,Forecast,1433333.33,0.0,12900000.0
2026-06-01,CPX-008,CC-701,Technology,Forecast,1433333.33,0.0,12900000.0
2026-07-01,CPX-008,CC-701,Technology,Forecast,1433333.33,0.0,12900000.0
2026-08-01,CPX-008,CC-701,Technology,Forecast,1433333.33,0.0,12900000.0
2026-09-01,CPX-008,CC-701,Technology,Forecast,1433333.33,0.0,12900000.0
2026-10-01,CPX-008,CC-701,Technology,Forecast,1433333.33,268750.0,12631250.0
2026-11-01,CPX-008,CC-701,Technology,Forecast,0.0,268750.0,12362500.0
2026-12-01,CPX-008,CC-701,Technology,Forecast,0.0,268750.0,12093750.0
2027-01-01,CPX-008,CC-701,Technology,Forecast,0.0,268750.0,11825000.0
2027-02-01,CPX-008,CC-701,Technology,Forecast,0.0,268750.0,11556250.0
2027-03-01,CPX-008,CC-701,Technology,Forecast,0.0,268750.0,11287500.0
2027-04-01,CPX-008,CC-701,Technology,Forecast,0.0,268750.0,11018750.0
2027-05-01,CPX-008,CC-701,Technology,Forecast,0.0,268750.0,10750000.0
2027-06-01,CPX-008,CC-701,Technology,Forecast,0.0,268750.0,10481250.0
2023-01-01,CPX-009,CC-601,Operations,Actual,0.0,0.0,0.0
2023-02-01,CPX-009,CC-601,Operations,Actual,0.0,0.0,0.0
2023-03-01,CPX-009,CC-601,Operations,Actual,0.0,0.0,0.0
2023-04-01,CPX-009,CC-601,Operations,Actual,0.0,0.0,0.0
2023-05-01,CPX-009,CC-601,Operations,Actual,0.0,0.0,0.0
2023-06-01,CPX-009,CC-601,Operations,Actual,0.0,0.0,0.0
2023-07-01,CPX-009,CC-601,Operations,Actual,0.0,0.0,0.0
2023-08-01,CPX-009,CC-601,Operations,Actual,0.0,0.0,0.0
2023-09-01,CPX-009,CC-601,Operations,Actual,0.0,0.0,0.0
2023-10-01,CPX-009,CC-601,Operations,Actual,0.0,0.0,0.0
2023-11-01,CPX-009,CC-601,Operations,Actual,0.0,0.0,0.0
2023-12-01,CPX-009,CC-601,Operations,Actual,0.0,0.0,0.0
2024-01-01,CPX-009,CC-601,Operations,Actual,0.0,0.0,0.0
2024-02-01,CPX-009,CC-601,Operations,Actual,0.0,0.0,0.0
2024-03-01,CPX-009,CC-601,Operations,Actual,0.0,0.0,0.0
2024-04-01,CPX-009,CC-601,Operations,Actual,0.0,0.0,0.0
2024-05-01,CPX-009,CC-601,Operations,Actual,0.0,0.0,0.0
2024-06-01,CPX-009,CC-601,Operations,Actual,0.0,0.0,0.0
2024-07-01,CPX-009,CC-601,Operations,Actual,0.0,0.0,0.0
2024-08-01,CPX-009,CC-601,Operations,Actual,0.0,0.0,0.0
2024-09-01,CPX-009,CC-601,Operations,Actual,0.0,0.0,0.0
2024-10-01,CPX-009,CC-601,Operations,Actual,0.0,0.0,0.0
2024-11-01,CPX-009,CC-601,Operations,Actual,0.0,0.0,0.0
2024-12-01,CPX-009,CC-601,Operations,Actual,0.0,0.0,0.0
2025-01-01,CPX-009,CC-601,Operations,Actual,0.0,0.0,0.0
2025-02-01,CPX-009,CC-601,Operations,Actual,0.0,0.0,0.0
2025-03-01,CPX-009,CC-601,Operations,Actual,0.0,0.0,0.0
2025-04-01,CPX-009,CC-601,Operations,Actual,0.0,0.0,0.0
2025-05-01,CPX-009,CC-601,Operations,Actual,0.0,0.0,0.0
2025-06-01,CPX-009,CC-601,Operations,Actual,0.0,0.0,0.0
2025-07-01,CPX-009,CC-601,Operations,Actual,0.0,0.0,0.0
2025-08-01,CPX-009,CC-601,Operations,Actual,0.0,0.0,0.0
2025-09-01,CPX-009,CC-601,Operations,Actual,0.0,0.0,0.0
2025-10-01,CPX-009,CC-601,Operations,Actual,0.0,0.0,0.0
2025-11-01,CPX-009,CC-601,Operations,Actual,0.0,0.0,0.0
2025-12-01,CPX-009,CC-601,Operations,Actual,0.0,0.0,0.0
2026-01-01,CPX-009,CC-601,Operations,Actual,0.0,0.0,0.0
2026-02-01,CPX-009,CC-601,Operations,Actual,0.0,0.0,0.0
2026-03-01,CPX-009,CC-601,Operations,Actual,0.0,0.0,0.0
2026-04-01,CPX-009,CC-601,Operations,Actual,0.0,0.0,0.0
2026-05-01,CPX-009,CC-601,Operations,Actual,0.0,0.0,0.0
2026-06-01,CPX-009,CC-601,Operations,Actual,0.0,0.0,0.0
2023-01-01,CPX-009,CC-601,Operations,Budget,0.0,0.0,18000000.0
2023-02-01,CPX-009,CC-601,Operations,Budget,0.0,0.0,18000000.0
2023-03-01,CPX-009,CC-601,Operations,Budget,0.0,0.0,18000000.0
2023-04-01,CPX-009,CC-601,Operations,Budget,0.0,0.0,18000000.0
2023-05-01,CPX-009,CC-601,Operations,Budget,0.0,0.0,18000000.0
2023-06-01,CPX-009,CC-601,Operations,Budget,0.0,0.0,18000000.0
2023-07-01,CPX-009,CC-601,Operations,Budget,0.0,0.0,18000000.0
2023-08-01,CPX-009,CC-601,Operations,Budget,0.0,0.0,18000000.0
2023-09-01,CPX-009,CC-601,Operations,Budget,0.0,0.0,18000000.0
2023-10-01,CPX-009,CC-601,Operations,Budget,0.0,0.0,18000000.0
2023-11-01,CPX-009,CC-601,Operations,Budget,0.0,0.0,18000000.0
2023-12-01,CPX-009,CC-601,Operations,Budget,0.0,0.0,18000000.0
2024-01-01,CPX-009,CC-601,Operations,Budget,0.0,0.0,18000000.0
2024-02-01,CPX-009,CC-601,Operations,Budget,0.0,0.0,18000000.0
2024-03-01,CPX-009,CC-601,Operations,Budget,0.0,0.0,18000000.0
2024-04-01,CPX-009,CC-601,Operations,Budget,0.0,0.0,18000000.0
2024-05-01,CPX-009,CC-601,Operations,Budget,0.0,0.0,18000000.0
2024-06-01,CPX-009,CC-601,Operations,Budget,0.0,0.0,18000000.0
2024-07-01,CPX-009,CC-601,Operations,Budget,0.0,0.0,18000000.0
2024-08-01,CPX-009,CC-601,Operations,Budget,0.0,0.0,18000000.0
2024-09-01,CPX-009,CC-601,Operations,Budget,0.0,0.0,18000000.0
2024-10-01,CPX-009,CC-601,Operations,Budget,0.0,0.0,18000000.0
2024-11-01,CPX-009,CC-601,Operations,Budget,0.0,0.0,18000000.0
2024-12-01,CPX-009,CC-601,Operations,Budget,0.0,0.0,18000000.0
2025-01-01,CPX-009,CC-601,Operations,Budget,0.0,0.0,18000000.0
2025-02-01,CPX-009,CC-601,Operations,Budget,0.0,0.0,18000000.0
2025-03-01,CPX-009,CC-601,Operations,Budget,0.0,0.0,18000000.0
2025-04-01,CPX-009,CC-601,Operations,Budget,0.0,0.0,18000000.0
2025-05-01,CPX-009,CC-601,Operations,Budget,0.0,0.0,18000000.0
2025-06-01,CPX-009,CC-601,Operations,Budget,0.0,0.0,18000000.0
2025-07-01,CPX-009,CC-601,Operations,Budget,0.0,0.0,18000000.0
2025-08-01,CPX-009,CC-601,Operations,Budget,0.0,0.0,18000000.0
2025-09-01,CPX-009,CC-601,Operations,Budget,0.0,0.0,18000000.0
2025-10-01,CPX-009,CC-601,Operations,Budget,0.0,0.0,18000000.0
2025-11-01,CPX-009,CC-601,Operations,Budget,0.0,0.0,18000000.0
2025-12-01,CPX-009,CC-601,Operations,Budget,0.0,0.0,18000000.0
2026-01-01,CPX-009,CC-601,Operations,Budget,0.0,0.0,18000000.0
2026-02-01,CPX-009,CC-601,Operations,Budget,0.0,0.0,18000000.0
2026-03-01,CPX-009,CC-601,Operations,Budget,0.0,0.0,18000000.0
2026-04-01,CPX-009,CC-601,Operations,Budget,1800000.0,0.0,18000000.0
2026-05-01,CPX-009,CC-601,Operations,Budget,1800000.0,0.0,18000000.0
2026-06-01,CPX-009,CC-601,Operations,Budget,1800000.0,0.0,18000000.0
2026-07-01,CPX-009,CC-601,Operations,Budget,1800000.0,0.0,18000000.0
2026-08-01,CPX-009,CC-601,Operations,Budget,1800000.0,0.0,18000000.0
2026-09-01,CPX-009,CC-601,Operations,Budget,1800000.0,0.0,18000000.0
2026-10-01,CPX-009,CC-601,Operations,Budget,1800000.0,0.0,18000000.0
2026-11-01,CPX-009,CC-601,Operations,Budget,1800000.0,0.0,18000000.0
2026-12-01,CPX-009,CC-601,Operations,Budget,1800000.0,0.0,18000000.0
2027-01-01,CPX-009,CC-601,Operations,Budget,1800000.0,250000.0,17750000.0
2027-02-01,CPX-009,CC-601,Operations,Budget,0.0,250000.0,17500000.0
2027-03-01,CPX-009,CC-601,Operations,Budget,0.0,250000.0,17250000.0
2027-04-01,CPX-009,CC-601,Operations,Budget,0.0,250000.0,17000000.0
2027-05-01,CPX-009,CC-601,Operations,Budget,0.0,250000.0,16750000.0
2027-06-01,CPX-009,CC-601,Operations,Budget,0.0,250000.0,16500000.0
2023-01-01,CPX-009,CC-601,Operations,Forecast,0.0,0.0,17600000.0
2023-02-01,CPX-009,CC-601,Operations,Forecast,0.0,0.0,17600000.0
2023-03-01,CPX-009,CC-601,Operations,Forecast,0.0,0.0,17600000.0
2023-04-01,CPX-009,CC-601,Operations,Forecast,0.0,0.0,17600000.0
2023-05-01,CPX-009,CC-601,Operations,Forecast,0.0,0.0,17600000.0
2023-06-01,CPX-009,CC-601,Operations,Forecast,0.0,0.0,17600000.0
2023-07-01,CPX-009,CC-601,Operations,Forecast,0.0,0.0,17600000.0
2023-08-01,CPX-009,CC-601,Operations,Forecast,0.0,0.0,17600000.0
2023-09-01,CPX-009,CC-601,Operations,Forecast,0.0,0.0,17600000.0
2023-10-01,CPX-009,CC-601,Operations,Forecast,0.0,0.0,17600000.0
2023-11-01,CPX-009,CC-601,Operations,Forecast,0.0,0.0,17600000.0
2023-12-01,CPX-009,CC-601,Operations,Forecast,0.0,0.0,17600000.0
2024-01-01,CPX-009,CC-601,Operations,Forecast,0.0,0.0,17600000.0
2024-02-01,CPX-009,CC-601,Operations,Forecast,0.0,0.0,17600000.0
2024-03-01,CPX-009,CC-601,Operations,Forecast,0.0,0.0,17600000.0
2024-04-01,CPX-009,CC-601,Operations,Forecast,0.0,0.0,17600000.0
2024-05-01,CPX-009,CC-601,Operations,Forecast,0.0,0.0,17600000.0
2024-06-01,CPX-009,CC-601,Operations,Forecast,0.0,0.0,17600000.0
2024-07-01,CPX-009,CC-601,Operations,Forecast,0.0,0.0,17600000.0
2024-08-01,CPX-009,CC-601,Operations,Forecast,0.0,0.0,17600000.0
2024-09-01,CPX-009,CC-601,Operations,Forecast,0.0,0.0,17600000.0
2024-10-01,CPX-009,CC-601,Operations,Forecast,0.0,0.0,17600000.0
2024-11-01,CPX-009,CC-601,Operations,Forecast,0.0,0.0,17600000.0
2024-12-01,CPX-009,CC-601,Operations,Forecast,0.0,0.0,17600000.0
2025-01-01,CPX-009,CC-601,Operations,Forecast,0.0,0.0,17600000.0
2025-02-01,CPX-009,CC-601,Operations,Forecast,0.0,0.0,17600000.0
2025-03-01,CPX-009,CC-601,Operations,Forecast,0.0,0.0,17600000.0
2025-04-01,CPX-009,CC-601,Operations,Forecast,0.0,0.0,17600000.0
2025-05-01,CPX-009,CC-601,Operations,Forecast,0.0,0.0,17600000.0
2025-06-01,CPX-009,CC-601,Operations,Forecast,0.0,0.0,17600000.0
2025-07-01,CPX-009,CC-601,Operations,Forecast,0.0,0.0,17600000.0
2025-08-01,CPX-009,CC-601,Operations,Forecast,0.0,0.0,17600000.0
2025-09-01,CPX-009,CC-601,Operations,Forecast,0.0,0.0,17600000.0
2025-10-01,CPX-009,CC-601,Operations,Forecast,0.0,0.0,17600000.0
2025-11-01,CPX-009,CC-601,Operations,Forecast,0.0,0.0,17600000.0
2025-12-01,CPX-009,CC-601,Operations,Forecast,0.0,0.0,17600000.0
2026-01-01,CPX-009,CC-601,Operations,Forecast,0.0,0.0,17600000.0
2026-02-01,CPX-009,CC-601,Operations,Forecast,0.0,0.0,17600000.0
2026-03-01,CPX-009,CC-601,Operations,Forecast,0.0,0.0,17600000.0
2026-04-01,CPX-009,CC-601,Operations,Forecast,1760000.0,0.0,17600000.0
2026-05-01,CPX-009,CC-601,Operations,Forecast,1760000.0,0.0,17600000.0
2026-06-01,CPX-009,CC-601,Operations,Forecast,1760000.0,0.0,17600000.0
2026-07-01,CPX-009,CC-601,Operations,Forecast,1760000.0,0.0,17600000.0
2026-08-01,CPX-009,CC-601,Operations,Forecast,1760000.0,0.0,17600000.0
2026-09-01,CPX-009,CC-601,Operations,Forecast,1760000.0,0.0,17600000.0
2026-10-01,CPX-009,CC-601,Operations,Forecast,1760000.0,0.0,17600000.0
2026-11-01,CPX-009,CC-601,Operations,Forecast,1760000.0,0.0,17600000.0
2026-12-01,CPX-009,CC-601,Operations,Forecast,1760000.0,0.0,17600000.0
2027-01-01,CPX-009,CC-601,Operations,Forecast,1760000.0,244444.44,17355555.56
2027-02-01,CPX-009,CC-601,Operations,Forecast,0.0,244444.44,17111111.11
2027-03-01,CPX-009,CC-601,Operations,Forecast,0.0,244444.44,16866666.67
2027-04-01,CPX-009,CC-601,Operations,Forecast,0.0,244444.44,16622222.22
2027-05-01,CPX-009,CC-601,Operations,Forecast,0.0,244444.44,16377777.78
2027-06-01,CPX-009,CC-601,Operations,Forecast,0.0,244444.44,16133333.33
2023-01-01,CPX-010,CC-401,Customer Success,Actual,0.0,0.0,0.0
2023-02-01,CPX-010,CC-401,Customer Success,Actual,0.0,0.0,0.0
2023-03-01,CPX-010,CC-401,Customer Success,Actual,0.0,0.0,0.0
2023-04-01,CPX-010,CC-401,Customer Success,Actual,0.0,0.0,0.0
2023-05-01,CPX-010,CC-401,Customer Success,Actual,0.0,0.0,0.0
2023-06-01,CPX-010,CC-401,Customer Success,Actual,0.0,0.0,0.0
2023-07-01,CPX-010,CC-401,Customer Success,Actual,0.0,0.0,0.0
2023-08-01,CPX-010,CC-401,Customer Success,Actual,0.0,0.0,0.0
2023-09-01,CPX-010,CC-401,Customer Success,Actual,0.0,0.0,0.0
2023-10-01,CPX-010,CC-401,Customer Success,Actual,0.0,0.0,0.0
2023-11-01,CPX-010,CC-401,Customer Success,Actual,0.0,0.0,0.0
2023-12-01,CPX-010,CC-401,Customer Success,Actual,0.0,0.0,0.0
2024-01-01,CPX-010,CC-401,Customer Success,Actual,0.0,0.0,0.0
2024-02-01,CPX-010,CC-401,Customer Success,Actual,0.0,0.0,0.0
2024-03-01,CPX-010,CC-401,Customer Success,Actual,0.0,0.0,0.0
2024-04-01,CPX-010,CC-401,Customer Success,Actual,0.0,0.0,0.0
2024-05-01,CPX-010,CC-401,Customer Success,Actual,0.0,0.0,0.0
2024-06-01,CPX-010,CC-401,Customer Success,Actual,0.0,0.0,0.0
2024-07-01,CPX-010,CC-401,Customer Success,Actual,0.0,0.0,0.0
2024-08-01,CPX-010,CC-401,Customer Success,Actual,0.0,0.0,0.0
2024-09-01,CPX-010,CC-401,Customer Success,Actual,0.0,0.0,0.0
2024-10-01,CPX-010,CC-401,Customer Success,Actual,0.0,0.0,0.0
2024-11-01,CPX-010,CC-401,Customer Success,Actual,0.0,0.0,0.0
2024-12-01,CPX-010,CC-401,Customer Success,Actual,0.0,0.0,0.0
2025-01-01,CPX-010,CC-401,Customer Success,Actual,0.0,0.0,0.0
2025-02-01,CPX-010,CC-401,Customer Success,Actual,0.0,0.0,0.0
2025-03-01,CPX-010,CC-401,Customer Success,Actual,0.0,0.0,0.0
2025-04-01,CPX-010,CC-401,Customer Success,Actual,0.0,0.0,0.0
2025-05-01,CPX-010,CC-401,Customer Success,Actual,0.0,0.0,0.0
2025-06-01,CPX-010,CC-401,Customer Success,Actual,0.0,0.0,0.0
2025-07-01,CPX-010,CC-401,Customer Success,Actual,0.0,0.0,0.0
2025-08-01,CPX-010,CC-401,Customer Success,Actual,0.0,0.0,0.0
2025-09-01,CPX-010,CC-401,Customer Success,Actual,0.0,0.0,0.0
2025-10-01,CPX-010,CC-401,Customer Success,Actual,0.0,0.0,0.0
2025-11-01,CPX-010,CC-401,Customer Success,Actual,0.0,0.0,0.0
2025-12-01,CPX-010,CC-401,Customer Success,Actual,0.0,0.0,0.0
2026-01-01,CPX-010,CC-401,Customer Success,Actual,0.0,0.0,0.0
2026-02-01,CPX-010,CC-401,Customer Success,Actual,0.0,0.0,0.0
2026-03-01,CPX-010,CC-401,Customer Success,Actual,0.0,0.0,0.0
2026-04-01,CPX-010,CC-401,Customer Success,Actual,0.0,0.0,0.0
2026-05-01,CPX-010,CC-401,Customer Success,Actual,0.0,0.0,0.0
2026-06-01,CPX-010,CC-401,Customer Success,Actual,0.0,0.0,0.0
2023-01-01,CPX-010,CC-401,Customer Success,Budget,0.0,0.0,11200000.0
2023-02-01,CPX-010,CC-401,Customer Success,Budget,0.0,0.0,11200000.0
2023-03-01,CPX-010,CC-401,Customer Success,Budget,0.0,0.0,11200000.0
2023-04-01,CPX-010,CC-401,Customer Success,Budget,0.0,0.0,11200000.0
2023-05-01,CPX-010,CC-401,Customer Success,Budget,0.0,0.0,11200000.0
2023-06-01,CPX-010,CC-401,Customer Success,Budget,0.0,0.0,11200000.0
2023-07-01,CPX-010,CC-401,Customer Success,Budget,0.0,0.0,11200000.0
2023-08-01,CPX-010,CC-401,Customer Success,Budget,0.0,0.0,11200000.0
2023-09-01,CPX-010,CC-401,Customer Success,Budget,0.0,0.0,11200000.0
2023-10-01,CPX-010,CC-401,Customer Success,Budget,0.0,0.0,11200000.0
2023-11-01,CPX-010,CC-401,Customer Success,Budget,0.0,0.0,11200000.0
2023-12-01,CPX-010,CC-401,Customer Success,Budget,0.0,0.0,11200000.0
2024-01-01,CPX-010,CC-401,Customer Success,Budget,0.0,0.0,11200000.0
2024-02-01,CPX-010,CC-401,Customer Success,Budget,0.0,0.0,11200000.0
2024-03-01,CPX-010,CC-401,Customer Success,Budget,0.0,0.0,11200000.0
2024-04-01,CPX-010,CC-401,Customer Success,Budget,0.0,0.0,11200000.0
2024-05-01,CPX-010,CC-401,Customer Success,Budget,0.0,0.0,11200000.0
2024-06-01,CPX-010,CC-401,Customer Success,Budget,0.0,0.0,11200000.0
2024-07-01,CPX-010,CC-401,Customer Success,Budget,0.0,0.0,11200000.0
2024-08-01,CPX-010,CC-401,Customer Success,Budget,0.0,0.0,11200000.0
2024-09-01,CPX-010,CC-401,Customer Success,Budget,0.0,0.0,11200000.0
2024-10-01,CPX-010,CC-401,Customer Success,Budget,0.0,0.0,11200000.0
2024-11-01,CPX-010,CC-401,Customer Success,Budget,0.0,0.0,11200000.0
2024-12-01,CPX-010,CC-401,Customer Success,Budget,0.0,0.0,11200000.0
2025-01-01,CPX-010,CC-401,Customer Success,Budget,0.0,0.0,11200000.0
2025-02-01,CPX-010,CC-401,Customer Success,Budget,0.0,0.0,11200000.0
2025-03-01,CPX-010,CC-401,Customer Success,Budget,0.0,0.0,11200000.0
2025-04-01,CPX-010,CC-401,Customer Success,Budget,0.0,0.0,11200000.0
2025-05-01,CPX-010,CC-401,Customer Success,Budget,0.0,0.0,11200000.0
2025-06-01,CPX-010,CC-401,Customer Success,Budget,0.0,0.0,11200000.0
2025-07-01,CPX-010,CC-401,Customer Success,Budget,0.0,0.0,11200000.0
2025-08-01,CPX-010,CC-401,Customer Success,Budget,0.0,0.0,11200000.0
2025-09-01,CPX-010,CC-401,Customer Success,Budget,0.0,0.0,11200000.0
2025-10-01,CPX-010,CC-401,Customer Success,Budget,0.0,0.0,11200000.0
2025-11-01,CPX-010,CC-401,Customer Success,Budget,0.0,0.0,11200000.0
2025-12-01,CPX-010,CC-401,Customer Success,Budget,0.0,0.0,11200000.0
2026-01-01,CPX-010,CC-401,Customer Success,Budget,0.0,0.0,11200000.0
2026-02-01,CPX-010,CC-401,Customer Success,Budget,0.0,0.0,11200000.0
2026-03-01,CPX-010,CC-401,Customer Success,Budget,0.0,0.0,11200000.0
2026-04-01,CPX-010,CC-401,Customer Success,Budget,0.0,0.0,11200000.0
2026-05-01,CPX-010,CC-401,Customer Success,Budget,0.0,0.0,11200000.0
2026-06-01,CPX-010,CC-401,Customer Success,Budget,0.0,0.0,11200000.0
2026-07-01,CPX-010,CC-401,Customer Success,Budget,1244444.44,0.0,11200000.0
2026-08-01,CPX-010,CC-401,Customer Success,Budget,1244444.44,0.0,11200000.0
2026-09-01,CPX-010,CC-401,Customer Success,Budget,1244444.44,0.0,11200000.0
2026-10-01,CPX-010,CC-401,Customer Success,Budget,1244444.44,0.0,11200000.0
2026-11-01,CPX-010,CC-401,Customer Success,Budget,1244444.44,0.0,11200000.0
2026-12-01,CPX-010,CC-401,Customer Success,Budget,1244444.44,0.0,11200000.0
2027-01-01,CPX-010,CC-401,Customer Success,Budget,1244444.44,0.0,11200000.0
2027-02-01,CPX-010,CC-401,Customer Success,Budget,1244444.44,0.0,11200000.0
2027-03-01,CPX-010,CC-401,Customer Success,Budget,1244444.44,233333.33,10966666.67
2027-04-01,CPX-010,CC-401,Customer Success,Budget,0.0,233333.33,10733333.33
2027-05-01,CPX-010,CC-401,Customer Success,Budget,0.0,233333.33,10500000.0
2027-06-01,CPX-010,CC-401,Customer Success,Budget,0.0,233333.33,10266666.67
2023-01-01,CPX-010,CC-401,Customer Success,Forecast,0.0,0.0,10850000.0
2023-02-01,CPX-010,CC-401,Customer Success,Forecast,0.0,0.0,10850000.0
2023-03-01,CPX-010,CC-401,Customer Success,Forecast,0.0,0.0,10850000.0
2023-04-01,CPX-010,CC-401,Customer Success,Forecast,0.0,0.0,10850000.0
2023-05-01,CPX-010,CC-401,Customer Success,Forecast,0.0,0.0,10850000.0
2023-06-01,CPX-010,CC-401,Customer Success,Forecast,0.0,0.0,10850000.0
2023-07-01,CPX-010,CC-401,Customer Success,Forecast,0.0,0.0,10850000.0
2023-08-01,CPX-010,CC-401,Customer Success,Forecast,0.0,0.0,10850000.0
2023-09-01,CPX-010,CC-401,Customer Success,Forecast,0.0,0.0,10850000.0
2023-10-01,CPX-010,CC-401,Customer Success,Forecast,0.0,0.0,10850000.0
2023-11-01,CPX-010,CC-401,Customer Success,Forecast,0.0,0.0,10850000.0
2023-12-01,CPX-010,CC-401,Customer Success,Forecast,0.0,0.0,10850000.0
2024-01-01,CPX-010,CC-401,Customer Success,Forecast,0.0,0.0,10850000.0
2024-02-01,CPX-010,CC-401,Customer Success,Forecast,0.0,0.0,10850000.0
2024-03-01,CPX-010,CC-401,Customer Success,Forecast,0.0,0.0,10850000.0
2024-04-01,CPX-010,CC-401,Customer Success,Forecast,0.0,0.0,10850000.0
2024-05-01,CPX-010,CC-401,Customer Success,Forecast,0.0,0.0,10850000.0
2024-06-01,CPX-010,CC-401,Customer Success,Forecast,0.0,0.0,10850000.0
2024-07-01,CPX-010,CC-401,Customer Success,Forecast,0.0,0.0,10850000.0
2024-08-01,CPX-010,CC-401,Customer Success,Forecast,0.0,0.0,10850000.0
2024-09-01,CPX-010,CC-401,Customer Success,Forecast,0.0,0.0,10850000.0
2024-10-01,CPX-010,CC-401,Customer Success,Forecast,0.0,0.0,10850000.0
2024-11-01,CPX-010,CC-401,Customer Success,Forecast,0.0,0.0,10850000.0
2024-12-01,CPX-010,CC-401,Customer Success,Forecast,0.0,0.0,10850000.0
2025-01-01,CPX-010,CC-401,Customer Success,Forecast,0.0,0.0,10850000.0
2025-02-01,CPX-010,CC-401,Customer Success,Forecast,0.0,0.0,10850000.0
2025-03-01,CPX-010,CC-401,Customer Success,Forecast,0.0,0.0,10850000.0
2025-04-01,CPX-010,CC-401,Customer Success,Forecast,0.0,0.0,10850000.0
2025-05-01,CPX-010,CC-401,Customer Success,Forecast,0.0,0.0,10850000.0
2025-06-01,CPX-010,CC-401,Customer Success,Forecast,0.0,0.0,10850000.0
2025-07-01,CPX-010,CC-401,Customer Success,Forecast,0.0,0.0,10850000.0
2025-08-01,CPX-010,CC-401,Customer Success,Forecast,0.0,0.0,10850000.0
2025-09-01,CPX-010,CC-401,Customer Success,Forecast,0.0,0.0,10850000.0
2025-10-01,CPX-010,CC-401,Customer Success,Forecast,0.0,0.0,10850000.0
2025-11-01,CPX-010,CC-401,Customer Success,Forecast,0.0,0.0,10850000.0
2025-12-01,CPX-010,CC-401,Customer Success,Forecast,0.0,0.0,10850000.0
2026-01-01,CPX-010,CC-401,Customer Success,Forecast,0.0,0.0,10850000.0
2026-02-01,CPX-010,CC-401,Customer Success,Forecast,0.0,0.0,10850000.0
2026-03-01,CPX-010,CC-401,Customer Success,Forecast,0.0,0.0,10850000.0
2026-04-01,CPX-010,CC-401,Customer Success,Forecast,0.0,0.0,10850000.0
2026-05-01,CPX-010,CC-401,Customer Success,Forecast,0.0,0.0,10850000.0
2026-06-01,CPX-010,CC-401,Customer Success,Forecast,0.0,0.0,10850000.0
2026-07-01,CPX-010,CC-401,Customer Success,Forecast,1205555.56,0.0,10850000.0
2026-08-01,CPX-010,CC-401,Customer Success,Forecast,1205555.56,0.0,10850000.0
2026-09-01,CPX-010,CC-401,Customer Success,Forecast,1205555.56,0.0,10850000.0
2026-10-01,CPX-010,CC-401,Customer Success,Forecast,1205555.56,0.0,10850000.0
2026-11-01,CPX-010,CC-401,Customer Success,Forecast,1205555.56,0.0,10850000.0
2026-12-01,CPX-010,CC-401,Customer Success,Forecast,1205555.56,0.0,10850000.0
2027-01-01,CPX-010,CC-401,Customer Success,Forecast,1205555.56,0.0,10850000.0
2027-02-01,CPX-010,CC-401,Customer Success,Forecast,1205555.56,0.0,10850000.0
2027-03-01,CPX-010,CC-401,Customer Success,Forecast,1205555.56,226041.67,10623958.33
2027-04-01,CPX-010,CC-401,Customer Success,Forecast,0.0,226041.67,10397916.67
2027-05-01,CPX-010,CC-401,Customer Success,Forecast,0.0,226041.67,10171875.0
2027-06-01,CPX-010,CC-401,Customer Success,Forecast,0.0,226041.67,9945833.33
