Iteration,RevenueMultiplier,GrossMarginDelta,OpexMultiplier,DSODelta,RevenueTRY,EBITDATRY,EndingCashTRY,EBITDABelowBudgetFlag,NegativeCashFlag
1,0.886966,0.01719,1.091785,-2.2168,1588389825.23,21429861.8,158069325.33,True,False
2,1.037499,-0.010073,0.946924,1.4373,1857965857.78,218904554.82,275388849.15,False,False
3,0.914001,-0.002038,0.99889,-5.6673,1636803929.48,84045657.32,216415311.26,True,False
4,0.998847,-0.009371,1.026251,-3.0296,1788747087.83,127136372.99,235149826.09,True,False
5,1.015304,-0.004857,0.995174,10.2368,1818219610.15,172972887.03,200477425.69,False,False
6,1.045422,0.015474,1.00636,2.3595,1872154860.19,229744225.81,277973713.03,False,False
7,0.974206,0.02805,0.987049,-5.2971,1744620099.0,199566627.49,294874277.42,False,False
8,0.937317,0.02826,0.936462,-2.426,1678558017.97,202146442.28,282465927.11,False,False
9,0.952931,0.007955,0.939285,-6.1988,1706520359.41,180324404.54,285452227.21,False,False
10,1.206447,0.016333,0.925841,-1.7179,2160520816.13,441403737.66,444173337.93,False,False
11,0.925503,-4.4e-05,1.076737,-6.3424,1657401722.47,40067630.19,189895646.61,True,False
12,1.189496,0.000558,0.979875,-7.2098,2130163468.34,351950660.61,415252934.44,False,False
13,0.992938,0.006963,1.020676,-3.4184,1778166146.13,155061475.88,255945335.5,True,False
14,1.045767,0.009864,1.021735,-4.9162,1872771656.3,208174743.52,300632985.57,False,False
15,0.907088,0.014888,1.07892,-0.3671,1624424421.08,46045618.41,166794835.26,True,False
16,0.953987,0.012,0.99251,-3.6086,1708410779.23,148791777.03,251918662.78,True,False
17,0.85329,0.008979,0.936795,-1.4282,1528082890.11,92147754.39,202489621.79,True,False
18,1.03872,0.011647,0.96055,-2.6397,1860151563.15,250298130.27,317505487.99,False,False
19,1.028973,0.020345,0.947606,5.726,1842697146.79,266889441.29,286427105.25,False,False
20,1.010717,-0.02083,0.97503,-6.1686,1810003655.41,154868980.28,269750172.39,True,False
21,1.128383,-0.015379,0.95856,0.6736,2020721362.84,280167944.8,320634698.43,False,False
22,1.177257,-0.017488,0.919669,-3.6754,2108246233.35,347403664.14,391313410.3,False,False
23,0.968265,-0.005653,1.068546,-6.221,1733980293.09,75100710.21,214472102.03,True,False
24,0.855604,-0.000728,0.989091,-0.8241,1532226871.82,40679128.0,164971111.68,True,False
25,1.107506,0.024036,0.973871,-6.4848,1983334485.74,328685585.88,392593435.54,False,False
26,1.068675,-0.001761,1.00841,2.2944,1913796719.28,216929043.43,269331415.81,False,False
27,1.00225,0.014469,1.017647,8.2241,1794842093.63,179318651.63,215345624.64,False,False
28,1.092808,-0.040405,1.038002,-3.5223,1957013987.05,141150582.63,248717587.74,True,False
29,0.900795,-0.022064,0.975506,-3.943,1613154152.57,57155329.33,190141940.39,True,False
30,1.082536,-0.009422,0.946273,1.0659,1938619157.98,260590333.3,305390222.61,False,False
31,1.036726,0.01758,1.039442,0.1266,1856580652.09,201046102.52,269917362.22,False,False
32,0.934333,0.012092,1.008647,4.8988,1673214700.52,118787625.87,192168681.83,True,False
33,1.042795,-0.017237,1.002219,-5.9242,1867450134.25,169274616.98,279266888.77,False,False
34,1.116138,0.005199,0.995799,-0.7843,1998793492.57,282979171.75,330570897.34,False,False
35,1.071305,0.021489,0.999854,-1.3658,1918505370.25,270240515.1,324792183.0,False,False
36,0.973789,-0.011315,1.030507,3.4706,1743874014.45,98339873.23,184139362.5,True,False
37,0.979625,0.001826,1.009976,2.2404,1754324953.45,141760750.68,219478888.93,True,False
38,0.972429,-0.023747,1.015351,-5.5184,1741437888.14,86709829.65,219141345.31,True,False
39,0.968593,0.021402,1.04893,1.5495,1734567455.86,136850443.02,219544833.56,True,False
40,0.848929,-0.02576,0.918075,6.5781,1520272153.37,49181586.15,139894662.35,True,False
41,0.987597,0.02568,1.008009,-1.5531,1768600984.07,192645036.08,272374058.56,False,False
42,1.061105,-0.012066,0.966939,3.6592,1900239680.34,221230551.9,265236643.13,False,False
43,0.959528,0.020552,0.919699,-3.3454,1718335031.89,222539249.53,300926123.19,False,False
44,0.923187,-0.002476,1.051006,0.4451,1653254093.36,53006086.92,167878206.55,True,False
45,0.953308,-0.00018,1.022018,6.6311,1707195136.48,105516132.64,174585779.38,True,False
46,1.041139,-0.035413,1.010079,-2.1093,1864483555.97,128117436.84,231744236.15,True,False
47,0.955223,-0.009062,1.053657,6.0989,1710624301.21,68625687.33,151931957.22,True,False
48,1.093843,-0.001417,0.972046,1.8422,1958867946.41,267226354.12,305677385.08,False,False
49,1.034694,0.007529,0.97775,-8.808,1852942007.88,226204709.66,332383478.73,False,False
50,1.117233,0.003015,1.009215,-0.0458,2000754092.09,269675480.79,317480245.67,False,False
51,1.055142,0.037168,0.951663,3.3101,1889561021.87,320307109.66,334522933.28,False,False
52,1.053182,-0.014861,1.060993,-7.3151,1886051767.3,139310400.94,266380200.54,True,False
53,1.094278,0.013469,0.974353,-5.3325,1959646227.39,295082762.54,363135867.2,False,False
54,1.138976,0.002565,1.030073,5.6458,2039692834.93,273106121.72,288012295.18,False,False
55,0.976973,0.009481,1.008008,1.0359,1749575097.45,154201997.31,233741914.32,True,False
56,1.022651,-0.016904,1.011083,-2.8817,1831375771.14,145714084.24,247394319.5,True,False
57,1.130813,0.015562,0.972204,-1.295,2025073460.14,334853518.27,368735210.75,False,False
58,1.015699,0.021096,0.908886,-2.0196,1818925247.54,284432265.78,337328328.23,False,False
59,0.882981,0.004176,0.977673,0.4359,1581252682.01,81626661.34,187467634.05,True,False
60,1.017302,0.003803,0.984554,9.9464,1821796382.55,198404562.88,219120215.03,False,False
61,0.922854,-0.033361,0.963776,0.594,1652657900.46,66262389.61,176218695.41,True,False
62,1.002403,-0.006714,0.961358,-1.5894,1795114923.81,183118975.02,266187678.7,False,False
63,1.116507,-0.011392,0.967735,0.0672,1999453567.28,270924904.73,317710725.45,False,False
64,0.91853,0.004633,0.943602,-11.7728,1644914896.79,140043972.26,282135134.47,True,False
65,0.977486,0.036495,1.031576,-4.5589,1750493131.91,184509209.91,281180090.84,False,False
66,0.881197,0.034067,0.986128,4.6618,1578058419.54,120907178.82,195911571.29,True,False
67,0.937998,0.01214,0.93207,-1.6324,1679779041.76,178972469.23,263063778.5,False,False
68,0.983404,-0.011496,1.019911,2.7837,1761092146.99,114372807.97,198192342.52,True,False
69,0.945918,-0.029768,1.035315,-0.7897,1693960791.71,38864359.56,163942479.85,True,False
70,1.006249,-0.003176,0.997674,-7.9522,1802003442.27,166036322.99,286014596.56,False,False
71,1.054864,-0.010684,1.049652,0.9494,1889063517.75,157078174.21,235749403.82,True,False
72,0.985078,0.026493,0.997958,-2.1987,1764089478.53,199125430.62,279881717.03,False,False
73,0.868498,0.023003,0.982769,-4.8281,1555316586.85,93920799.62,218289271.84,True,False
74,0.926073,-0.000814,0.987173,8.8021,1658422419.11,105632512.28,165686392.42,True,False
75,0.870357,-0.04064,0.996344,-2.4157,1558646080.02,-13570417.84,134937493.7,True,False
76,1.038093,0.002705,0.95847,2.2418,1859028796.73,234633950.11,281982782.34,False,False
77,1.01743,0.001722,1.022816,-3.9326,1822025593.83,166395991.63,266629964.49,False,False
78,1.040459,-0.010308,1.019371,1.8459,1863266528.29,167442959.87,238287870.66,False,False
79,0.97607,-0.032667,0.912537,3.6603,1747958095.58,150394648.55,218589371.06,True,False
80,1.133043,0.022704,1.010119,-0.2567,2029067608.06,323349623.66,355154809.26,False,False
81,1.066092,-0.004989,0.992301,-6.8401,1909170500.73,220364781.62,319475888.2,False,False
82,0.992647,0.031481,1.047251,4.8929,1777644870.12,178699364.08,231535959.11,False,False
83,1.051893,-0.026064,1.016584,2.0302,1883742715.7,149961537.5,225345900.18,True,False
84,0.970084,0.00772,1.035092,12.2255,1737237759.07,124734132.22,160481399.84,True,False
85,1.069814,0.001819,0.965874,-1.9439,1915835421.38,256312796.17,318346004.93,False,False
86,1.007421,0.024376,0.949664,12.5288,1804101181.01,252348405.81,243520385.11,False,False
87,1.065615,-0.03409,0.987673,5.5479,1908316046.07,167830947.07,218968969.68,False,False
88,1.006497,-0.005964,0.894022,-3.7314,1802446796.35,237991027.38,314110347.72,False,False
89,0.935391,-0.004734,1.037329,1.9004,1675108848.25,70342073.41,172961114.77,True,False
90,1.028488,0.00764,0.971461,2.864,1841828330.06,225364974.47,272646252.59,False,False
91,1.014921,0.001747,0.997345,2.0106,1817533309.44,183025616.99,248295656.49,False,False
92,1.011146,-0.01432,1.096443,-8.4869,1810773454.01,77117748.25,228393499.2,True,False
93,1.052415,0.011062,0.983947,0.3821,1884676806.66,244547441.46,298169246.16,False,False
94,1.064642,-0.010648,0.90338,-0.1967,1906572965.81,274126296.17,321283447.14,False,False
95,1.007822,-0.010836,0.97055,0.6507,1804819527.56,173711527.69,248756106.07,False,False
96,0.96894,6.7e-05,0.957283,-2.6533,1735190386.86,168024033.72,260719691.92,False,False
97,1.047226,0.035042,0.957005,-7.6292,1875384182.15,304673254.11,380226632.63,False,False
98,0.999412,-0.017458,1.002261,3.5219,1789758950.85,130928507.5,205612012.3,True,False
99,1.061413,0.016081,1.019811,-3.1522,1900790776.37,235851839.93,310644910.1,False,False
100,0.984307,-0.005262,1.036445,0.0932,1762709132.32,113916635.46,210863212.01,True,False
101,0.981979,-0.008492,1.068715,-3.3838,1758540414.53,82254727.84,206085860.29,True,False
102,0.985709,-0.014018,0.982146,9.284,1765220093.06,139926900.12,184100557.86,True,False
103,0.99443,0.007716,1.0199,0.5948,1780837349.88,158345808.79,238623045.8,True,False
104,0.957917,0.006681,0.960954,5.7767,1715449062.75,166675383.01,220039525.81,False,False
105,0.969088,-0.016458,1.04849,1.1337,1735454089.76,71938224.44,177377454.21,True,False
106,0.951818,0.005608,1.047222,-3.1308,1704527623.72,95370820.01,213322806.08,True,False
107,0.979853,0.018913,1.034702,0.3679,1754732626.48,153638559.17,236555260.12,True,False
108,0.942626,-0.015132,1.051954,5.9739,1688066786.69,48446093.52,139164926.95,True,False
109,0.906722,0.006336,1.000072,-9.4641,1623769661.96,90207627.63,237294088.89,True,False
110,0.917989,-0.010378,1.038131,-6.5142,1643946709.56,44870556.75,193701681.07,True,False
111,0.979094,-0.006129,1.00667,4.1878,1753373278.64,129778458.47,201981952.9,True,False
112,1.014205,-0.003821,1.031617,12.2975,1816250816.97,146883523.32,172538217.14,True,False
113,0.988119,-0.00954,0.937894,2.0689,1769536170.8,182740702.33,248083657.54,False,False
114,0.992301,0.017062,0.956273,1.7241,1777023859.33,220115641.47,275134827.44,False,False
115,1.115608,0.009836,1.025534,1.4168,1997843704.63,269737947.08,309516633.9,False,False
116,0.940143,0.004787,1.027992,4.6414,1683619075.03,97546129.94,178771957.79,True,False
117,0.996379,-0.01409,1.069473,-2.9702,1784326824.51,84516666.06,205841446.99,True,False
118,0.925438,-0.036134,0.976269,-2.4343,1657284799.76,54597405.15,182029069.2,True,False
119,0.986738,-0.000845,1.016867,5.1285,1767062734.92,138396341.58,203130914.26,True,False
120,0.904756,-0.017774,1.034729,4.11,1620248334.07,23677397.22,131705880.53,True,False
121,1.121613,-0.001511,1.061779,5.0847,2008598642.73,225647572.02,259308875.08,False,False
122,1.074077,0.01916,1.041789,0.9833,1923469791.65,237322845.04,290047673.76,False,False
123,1.126173,-0.031211,0.963265,14.2199,2016765117.46,242815633.18,220393965.58,False,False
124,1.005182,0.016545,0.967996,2.5626,1800091775.64,222553460.0,272548126.25,False,False
125,1.143524,0.013173,1.031179,-7.2682,2047837159.44,298146213.85,377367774.95,False,False
126,0.953089,0.002092,0.952282,2.3783,1706803443.61,160839092.9,232099335.12,False,False
127,1.001683,0.017472,0.989104,8.5549,1793826440.42,205314171.86,231419779.06,False,False
128,0.964348,-0.001174,0.937823,-2.287,1726966015.51,176136078.9,264443237.18,False,False
129,1.045334,0.022983,1.005158,3.2371,1871996878.42,244610087.64,283582702.41,False,False
130,0.886111,-0.008481,0.988257,-2.8432,1586858069.46,56558739.17,184670824.77,True,False
131,0.974594,0.009417,0.995381,-2.0239,1745314230.45,161247624.28,253175816.56,False,False
132,1.124055,0.002701,0.947665,0.0473,2012972025.01,320833363.34,351755806.73,False,False
133,0.976158,-0.005729,1.026331,7.6159,1748116340.98,113292769.51,174413648.1,True,False
134,0.998537,-0.007888,0.985842,7.6456,1788191893.29,159437378.82,204810127.41,False,False
135,1.075836,-0.017909,0.994936,-2.3073,1926620215.06,202253991.44,283561549.5,False,False
136,1.030824,-0.008366,1.022618,-7.9891,1846012584.52,160081234.84,283110375.27,False,False
137,0.991292,-0.005692,1.017785,1.0584,1775217780.32,133227575.26,219297255.58,True,False
138,0.878668,0.018066,1.010928,5.8727,1573529438.93,74920815.18,159478803.8,True,False
139,0.971151,0.000562,0.959784,5.8753,1739149279.91,169033650.02,220798338.05,False,False
140,0.928884,-0.007784,0.953985,3.0641,1663456158.07,121154570.97,202270510.74,True,False
141,1.019207,-0.00391,0.951126,-2.3059,1825207873.43,210818357.69,288737440.05,False,False
142,0.959236,-0.01142,1.040219,-5.2,1717812076.61,78092833.22,211425855.62,True,False
143,1.218037,-0.01223,1.068801,-5.5325,2181274737.74,284059550.87,360073313.05,False,False
144,1.103519,-0.014908,0.999578,-5.6575,1976194968.33,228907997.71,320138468.11,False,False
145,1.035328,0.025086,0.972936,5.6382,1854077121.89,262903012.83,283983966.72,False,False
146,1.098613,-0.00266,1.005802,3.7893,1967409484.28,244087507.42,279404601.19,False,False
147,0.9706,-0.022624,1.038916,-5.0509,1738162487.34,69635025.13,205254725.98,True,False
148,1.004289,-0.021013,0.92439,11.0479,1798492789.76,186463388.22,206207839.38,False,False
149,0.924084,-0.000435,1.006715,3.8577,1654860223.76,89991836.24,177554156.45,True,False
150,1.070422,0.016986,1.031121,2.906,1916924376.84,237622081.42,280170873.43,False,False
151,1.055141,-0.029269,1.039605,1.0109,1889558627.24,129645838.8,216775605.58,True,False
152,1.067386,-0.004735,1.0025,-5.8039,1911487956.2,214459093.56,310076749.04,False,False
153,1.04952,-0.018998,1.022323,2.5824,1879494000.53,156956296.78,227282544.52,True,False
154,0.921019,-0.007647,0.983701,2.6437,1649371516.07,92367387.74,184713347.89,True,False
155,0.932942,-0.006404,0.969274,-0.3586,1670724707.62,115754185.96,214204319.7,True,False
156,0.977079,0.023194,0.998956,-3.9689,1749764273.41,184997030.36,278674533.83,False,False
157,1.068057,-0.000155,0.977141,0.9401,1912689528.68,242598094.28,293890025.36,False,False
158,1.129123,0.025962,0.974894,-0.2354,2022046925.59,352316080.57,374728832.93,False,False
159,1.016965,0.023756,1.015068,-9.1513,1821193567.78,211840340.37,323562425.22,False,False
160,1.029352,-0.01615,1.05322,-2.2341,1843375691.78,121761576.06,227930756.66,True,False
161,1.008044,0.000194,1.03355,1.6849,1805217661.06,147166694.18,225590158.68,True,False
162,0.985576,0.001161,0.992246,7.3955,1764981826.76,159119668.78,206289858.83,False,False
163,1.058065,-0.004571,0.933059,1.2638,1894795942.22,257837234.71,302618586.21,False,False
164,1.095364,-0.002156,0.978509,-0.2433,1961590573.89,262361981.31,313563518.41,False,False
165,1.007906,0.015488,0.936445,1.3135,1804970042.78,246555627.01,295012087.42,False,False
166,1.100087,0.002466,0.98011,-1.1861,1970049570.95,274538168.87,326937632.5,False,False
167,1.116932,-0.002153,0.900592,2.0125,2000215655.81,339503554.53,353683942.09,False,False
168,1.06968,-0.016012,0.924283,4.1535,1915596027.32,252834420.0,283979135.18,False,False
169,0.983032,0.023357,1.001202,-5.9678,1760426156.77,189255609.4,291326893.92,False,False
170,1.095024,-0.038511,1.00201,-9.4085,1960982544.33,173361987.75,302283639.17,False,False
171,0.929702,-0.010327,0.970914,-0.1906,1664922412.31,105112899.38,206196205.1,True,False
172,0.968531,-0.028222,0.959805,4.1414,1734456403.32,116720879.62,193540667.39,True,False
173,0.986059,0.033354,1.010648,0.0111,1765845858.23,202777892.07,271685056.86,False,False
174,1.111191,0.003324,1.009169,7.2106,1989934692.72,264824560.55,274619533.07,False,False
175,0.995311,0.004026,1.011388,4.5928,1782414957.87,158882150.44,219461819.24,False,False
176,0.991638,-0.014189,1.029258,-6.8268,1775837212.47,109951208.93,241831322.39,True,False
177,1.050764,0.014459,1.022805,2.4055,1881721422.89,220638252.23,271482467.03,False,False
178,0.991901,-0.01553,1.048888,-3.9031,1776308951.04,93262687.84,216263441.38,True,False
179,1.077534,-0.004541,0.95093,8.4875,1929661263.35,262118511.51,267219178.98,False,False
180,0.96186,-0.009264,0.927433,3.8913,1722509736.67,167648255.61,229487109.31,False,False
181,0.841342,-0.009163,0.950028,-4.7096,1506685370.31,44009074.6,183216747.92,True,False
182,0.851754,0.003857,1.080114,-4.8385,1525331027.43,-23212497.02,138285554.48,True,False
183,0.979834,0.03044,1.031984,-5.1643,1754697885.73,175859881.08,278261239.16,False,False
184,0.884256,-0.012294,1.003613,-8.9846,1583536698.96,37499698.22,198329022.35,True,False
185,0.956255,-0.019664,0.979446,-4.5141,1712472231.08,106341713.77,227341309.15,True,False
186,0.986531,-0.028998,1.060276,-4.7368,1766691880.0,56326200.22,195079004.07,True,False
187,0.975686,0.002169,1.005917,-2.2998,1747270600.94,141787383.34,241274740.94,True,False
188,1.019428,-0.017109,0.906837,-1.6047,1825603496.98,219717266.22,291283984.6,False,False
189,0.911379,0.041837,0.989223,-1.9385,1632108665.21,160450526.17,251624370.82,False,False
190,0.984465,-0.00059,0.957783,-4.8748,1762992645.35,180546977.99,280167582.75,False,False
191,1.113886,0.026729,0.974181,3.4624,1994759900.74,339876528.74,346043812.91,False,False
192,1.006042,-0.02311,1.091962,-7.8275,1801632095.83,60111966.76,213362583.05,True,False
193,0.862011,0.007911,1.007272,-3.0418,1543700595.55,46340183.84,178225967.49,True,False
194,0.993422,0.012542,1.002126,4.3152,1779032107.12,179167730.68,234651267.19,False,False
195,0.953633,-0.011826,0.970292,9.9919,1707777615.25,124226788.2,171573526.62,True,False
196,1.008587,-0.028436,1.034021,-5.2076,1806190742.05,95598457.87,224626317.99,True,False
197,0.99694,0.017719,0.954219,-3.2091,1785331894.88,227149197.01,304008216.06,False,False
198,1.103784,-0.00848,0.992262,-0.8366,1976669298.1,247264506.43,306520437.78,False,False
199,1.080276,0.037963,1.091692,-3.6272,1934571071.08,242565235.63,318019159.91,False,False
200,0.943262,0.023,0.933757,-4.7485,1689205146.39,200945956.97,292469130.01,False,False
201,0.947822,-0.020954,1.008219,-1.5798,1697370379.36,75511776.78,192544492.61,True,False
202,1.129535,-0.00659,0.954355,4.8239,2022785426.8,302071456.5,312524928.35,False,False
203,0.964428,0.040781,0.957167,4.3914,1727108779.45,234343929.24,272424619.5,False,False
204,1.014414,0.000358,1.059872,6.7475,1816624957.0,133738123.96,191209137.72,True,False
205,0.95088,-0.025471,0.964474,3.3869,1702847363.68,102867058.53,187998331.43,True,False
206,0.977493,0.020642,0.996461,-3.9369,1750507110.89,182769434.54,277014241.69,False,False
207,0.914658,-0.011275,0.939167,-4.8645,1637979948.38,113734228.08,233019263.61,True,False
208,1.032932,-0.006707,0.9959,-2.8891,1849786520.62,184811475.21,274163577.22,False,False
209,1.112558,-0.028229,0.98949,6.4826,1992382015.06,217776718.41,246552357.21,False,False
210,0.962663,0.011766,0.98253,-0.2778,1723948657.1,163814951.95,246555999.75,False,False
211,0.975853,0.011918,1.058984,-4.9267,1747570070.91,119678729.28,238819612.6,True,False
212,0.92455,-0.008237,1.06355,2.6255,1655695623.49,35406428.78,146016832.5,True,False
213,1.02901,0.011164,1.081954,10.9729,1842762831.33,150515318.39,180801618.88,True,False
214,0.875711,-0.013486,0.98491,6.4516,1568233214.97,41935463.09,134646729.81,True,False
215,1.048107,-0.024803,0.995927,-5.7331,1876962294.57,164376538.85,275107388.05,False,False
216,1.012528,0.0268,0.973174,-4.3957,1813247593.51,244178230.19,321728206.96,False,False
217,1.004923,0.005139,1.018056,-7.8085,1799628822.2,164713977.85,284355370.63,False,False
218,0.864148,-0.00432,0.952127,8.2292,1547527614.81,70214656.86,146705859.91,True,False
219,0.945306,-0.010601,0.981417,-14.4287,1692865893.13,110704073.12,276048714.99,True,False
220,0.934485,0.026701,1.016126,-4.0148,1673487118.36,137837892.52,245987306.21,True,False
221,0.941061,-0.004149,0.95337,-5.1446,1685263100.07,138586590.63,251842271.31,True,False
222,0.907966,0.009269,0.948693,10.8018,1625996039.34,134165028.3,176962310.35,True,False
223,1.02228,0.030103,0.925181,-10.2315,1830710893.71,295058927.6,385807656.31,False,False
224,1.02135,0.014341,1.015026,-8.0834,1829045132.06,198804418.89,309543420.96,False,False
225,0.956158,0.004316,0.9385,0.555,1712299379.34,177640786.11,252042017.58,False,False
226,1.103301,-0.005365,1.055304,-3.1179,1975805152.52,206304786.92,291015094.27,False,False
227,0.991314,-0.007874,0.960279,7.347,1775257548.65,171958836.6,215048143.46,False,False
228,0.997477,-0.007796,1.036525,1.2809,1786293639.32,121124853.58,209946166.74,True,False
229,0.998077,-0.000854,1.010874,0.1792,1787368207.96,153062287.45,237054546.04,True,False
230,0.91825,0.003066,1.06398,-10.3288,1644412854.59,48066716.29,213069117.12,True,False
231,1.038093,0.017686,1.032911,2.4742,1859029024.78,207359813.42,262252682.74,False,False
232,0.922884,-0.054621,1.011494,2.6163,1652711217.95,-4186971.01,119156075.95,True,False
233,0.928578,0.014727,1.02381,-3.4531,1662908153.58,106607392.47,222075096.92,True,False
234,0.914641,-0.019229,1.074762,1.8698,1637950968.11,279070.9,125648939.24,True,False
235,0.941459,0.037071,1.032734,-11.9509,1685976640.35,149667087.32,290825871.88,True,False
236,1.014301,0.002591,0.997774,-0.3596,1816421693.94,183676541.15,260539382.39,False,False
237,1.00354,-0.004931,0.965096,-2.3703,1797152314.74,184570443.52,271028465.29,False,False
238,1.028118,0.022641,0.977478,2.0914,1841166451.64,248189993.53,292069231.26,False,False
239,0.95616,-0.031562,0.984668,-7.6957,1712303392.93,82020887.35,225726328.54,True,False
240,0.844686,0.003567,1.031051,-1.9137,1512674367.96,6236763.53,146021687.36,True,False
241,0.954022,-0.044597,0.958328,1.3069,1708475085.81,77442357.84,180393349.62,True,False
242,1.020094,-0.000571,1.017074,1.0373,1826796659.69,168877623.45,243494882.24,False,False
243,0.980525,-0.002641,1.003469,0.8386,1755935941.59,139552114.22,224710807.49,True,False
244,0.944896,-0.007355,1.032662,-5.5624,1692130781.38,77884817.24,212598557.03,True,False
245,0.903438,0.016075,0.944303,-3.1911,1617887436.45,144253517.85,246087070.08,True,False
246,0.938354,0.00283,1.060397,-6.7383,1680415308.29,68626985.46,211538556.25,True,False
247,0.998871,0.015757,1.009752,-2.3921,1788790930.53,184324336.74,270913564.93,False,False
248,1.037771,0.029564,0.983259,4.8868,1858452464.18,265901905.37,289781249.84,False,False
249,0.942109,-0.001067,1.004518,-9.8811,1687139598.62,106847889.68,252179884.3,True,False
250,1.02619,0.020975,0.923707,2.7519,1837712842.67,283124846.88,312519629.07,False,False
251,0.954744,0.004853,0.925703,-0.478,1709766798.57,186744520.84,263075152.84,False,False
252,0.946714,-0.024443,0.968133,3.2257,1695387135.07,98321317.46,185725379.05,True,False
253,0.970451,-0.011051,0.959318,-4.4661,1737896140.41,148563780.85,256137882.75,True,False
254,1.024137,-0.002556,1.0537,-5.2183,1834037288.03,141769983.89,256474365.76,True,False
255,0.947646,0.013473,1.014963,11.0338,1697055561.44,128789705.91,170125698.09,True,False
256,0.981039,-0.00822,0.963514,-14.3491,1756856474.77,159801597.73,311581687.0,False,False
257,1.017341,0.002966,1.062444,3.4119,1821867393.39,139234667.96,211499259.72,True,False
258,0.970583,-0.024408,1.02512,-4.3148,1738132029.88,76735020.81,206576716.23,True,False
259,0.859801,0.014675,0.938246,-1.1684,1539742327.89,105840456.28,210750097.28,True,False
260,0.898152,-0.005098,0.995342,-6.0322,1608421526.79,67467355.2,206309380.27,True,False
261,0.87405,7.3e-05,1.045247,2.3542,1565259545.14,17014566.45,135324253.28,True,False
262,0.965204,0.010153,0.89597,-5.0649,1728499109.12,227481380.05,312522580.03,False,False
263,1.112402,0.010923,0.948424,-1.7242,1992102779.27,326049470.06,364973902.87,False,False
264,0.905619,-0.0111,1.033018,4.0819,1621793393.0,36521451.62,140547338.34,True,False
265,1.019804,0.004949,0.912117,-7.4568,1826277492.81,256420632.36,345525887.21,False,False
266,1.020799,0.012047,1.096973,-6.1282,1828059182.21,133413367.77,255263283.59,True,False
267,0.938567,-0.00474,0.954514,6.0432,1680798087.4,134507773.88,197486811.31,True,False
268,1.047189,0.008067,1.013285,-0.3774,1875318744.32,212373715.54,280203183.41,False,False
269,1.115912,0.011663,0.964467,1.793,1998389516.71,318893609.94,340880940.38,False,False
270,1.017449,-0.00464,0.992927,0.2629,1822059688.3,176955110.8,252866996.62,False,False
271,1.015337,0.015311,0.998564,-0.68,1818277556.66,207163011.74,278107990.1,False,False
272,1.011228,-0.035767,0.937719,-0.9971,1810919309.21,155891562.11,244803115.8,True,False
273,0.931476,-0.007153,1.016478,-1.5795,1668098412.29,78237999.29,194270350.22,True,False
274,1.012306,-0.008019,1.122054,-3.579,1812849266.96,70594199.25,199629890.69,True,False
275,1.005073,-0.003736,0.972245,0.0706,1799897021.87,182802124.42,257807143.46,False,False
276,1.023054,-0.013239,0.950609,-7.3293,1832098193.41,197564640.15,304983001.35,False,False
277,0.88423,0.003097,1.054973,3.2458,1583490135.04,23814399.79,135962326.96,True,False
278,1.032592,0.023931,0.93727,-1.7522,1849177804.94,284579585.14,336240952.31,False,False
279,0.926741,-0.0129,1.008314,1.6735,1659618654.18,70522331.3,174195829.72,True,False
280,1.043887,-0.028142,1.004274,-0.6116,1869406029.1,148322148.7,237841177.61,True,False
281,1.035483,0.003059,1.010496,1.331,1854356292.39,194391202.0,259273792.92,False,False
282,1.059533,-0.004056,1.057129,-4.637,1897424908.74,168252408.98,272366445.63,False,False
283,0.891427,-0.02058,1.007,-1.8672,1596378758.34,28095589.99,161121475.26,True,False
284,0.928638,-0.02246,1.100572,10.2695,1663016083.24,-12023196.71,78884122.68,True,False
285,1.119703,-0.005742,0.966717,-5.6272,2005177405.24,285836427.63,359132615.09,False,False
286,0.924635,0.021579,1.066879,2.3277,1655847129.47,82387098.38,179313581.87,True,False
287,1.022143,0.003693,0.942103,6.7093,1830466392.49,234053461.29,259359098.3,False,False
288,0.933908,-0.013034,1.073016,-3.6707,1672452964.86,28703045.76,170187479.77,True,False
289,1.050705,0.008937,1.025577,2.8716,1881615949.06,208141172.57,260582675.9,False,False
290,0.923609,0.023007,1.047597,-7.4746,1654009565.52,98060988.76,234402685.31,True,False
291,0.984864,-0.049086,0.98234,-0.8801,1763707085.8,77188485.77,190590973.64,True,False
292,0.860258,-0.012858,1.01972,-1.642,1540561364.61,3516306.0,143171607.14,True,False
293,1.076109,-0.012319,0.997817,0.2359,1927109542.87,211130482.58,276173292.75,False,False
294,0.946325,-0.030687,0.931273,2.1313,1694690577.69,114699016.95,201949780.18,True,False
295,0.971248,0.028181,0.985562,8.6196,1739323089.73,198070672.07,227463036.81,False,False
296,0.950952,0.001321,0.916239,1.4233,1702977108.53,184274590.95,252515752.15,False,False
297,1.045208,-0.002082,0.961288,5.0587,1871771637.8,230060925.14,264349773.7,False,False
298,0.985381,-0.002267,1.016798,0.7331,1764633000.94,134713963.49,221911258.54,True,False
299,1.107285,-0.019164,0.990484,6.5959,1982939974.06,230510828.62,254763853.39,False,False
300,0.916902,0.032798,0.978525,-4.8965,1642000068.58,158942988.12,263958468.22,False,False
301,0.931193,0.019421,0.998207,-1.1526,1667592107.4,135831957.66,231481784.48,True,False
302,0.974399,-0.034487,0.979312,-1.5117,1744966469.41,96357113.2,206599543.14,True,False
303,1.019088,-0.016309,0.963053,6.0648,1824994975.2,179251309.12,225416797.58,False,False
304,0.964626,0.002014,0.957845,1.8063,1727463458.96,167067189.48,238907007.35,False,False
305,1.048286,0.014507,1.026745,-1.9565,1877282670.65,215504308.88,290455429.22,False,False
306,0.817646,0.007144,0.978984,6.4383,1464251007.03,25391135.31,125287537.93,True,False
307,0.890057,0.045946,0.994285,-3.8038,1593924989.5,142359110.28,247264947.92,True,False
308,0.948784,0.022564,0.96713,-0.7664,1699093317.74,180715736.3,260304174.22,False,False
309,1.175888,-0.021584,1.03423,-4.4503,2105794856.52,252746010.92,331392334.98,False,False
310,0.993667,0.032268,0.951676,-6.6697,1779471479.69,251856361.98,337628894.8,False,False
311,1.100053,0.006991,0.958838,0.3169,1969988191.17,299175555.28,335578652.65,False,False
312,0.981861,0.010264,1.01731,1.403,1758329424.76,153196598.69,231265053.98,True,False
313,0.871671,0.010621,0.945841,0.8972,1560999647.39,104940725.77,201372435.26,True,False
314,1.09199,-0.002518,1.064335,1.2222,1955548468.36,195058497.49,259941539.11,False,False
315,0.877457,-0.026746,0.994376,-0.4906,1571360864.89,15627513.55,146588820.59,True,False
316,1.118498,0.003131,0.978001,-5.6006,2003020100.0,294175717.2,364623691.05,False,False
317,0.944136,0.039481,1.03663,0.0273,1690769996.62,153457185.01,238074552.94,True,False
318,0.884623,-0.017274,0.971544,0.737,1584194080.85,53682870.97,167155364.04,True,False
319,1.087248,0.019898,0.905862,-1.166,1947057346.97,351788499.57,379286124.29,False,False
320,1.102015,0.000184,0.969061,1.5305,1973502719.83,279970907.8,315955021.99,False,False
321,0.924657,0.015285,0.945258,-4.6726,1655887053.56,162050196.77,265241988.85,False,False
322,1.005458,0.005154,1.026991,-5.3437,1800586484.87,158612296.46,268067177.19,True,False
323,0.88994,-0.006489,1.049693,7.3139,1593715548.64,17646142.49,113914492.98,True,False
324,1.111585,-0.009466,1.068618,-3.7421,1990639773.25,195698542.51,287333594.31,False,False
325,0.903764,0.011872,1.027385,-2.1534,1618471247.3,76230808.18,195235552.47,True,False
326,0.997056,-0.01047,0.972358,-6.7704,1785539240.63,163493207.92,278145499.7,False,False
327,0.96108,-0.009021,0.952731,2.0485,1721113078.9,148639621.66,225265452.13,True,False
328,0.921711,0.0063,0.952659,0.89,1650611571.64,138993323.7,224340766.03,True,False
329,0.941781,0.025403,0.988975,2.4729,1686553542.75,162706309.62,233063829.88,False,False
330,1.061305,0.016831,1.03873,-1.8982,1900597828.04,223165800.82,295486586.94,False,False
331,0.876662,-0.013594,0.996282,6.1365,1569936114.9,34181896.95,130699167.19,True,False
332,0.958586,-0.000177,0.994255,-1.4326,1716647246.77,130855079.72,229568924.17,True,False
333,1.128607,0.01907,1.04425,-7.3678,2021123767.54,286533525.08,369490656.54,False,False
334,1.037823,0.017353,1.00994,-9.1346,1858546757.72,223498964.72,332341989.04,False,False
335,0.931966,0.004848,0.983893,3.4743,1668976809.02,122835066.6,201491563.62,True,False
336,1.001235,0.015295,0.957735,0.6909,1793024503.07,224222363.8,282927173.5,False,False
337,1.059249,0.009084,0.938768,-5.4606,1896916590.53,280572850.58,353018176.39,False,False
338,1.023055,-0.007872,1.033948,5.7441,1832100125.06,145683309.3,204082231.17,True,False
339,1.079459,0.011605,0.911462,3.3346,1933107825.35,324283283.86,336701771.87,False,False
340,0.951583,0.004738,1.026493,-3.1203,1704106437.91,109023097.41,222553756.9,True,False
341,0.962231,0.029579,1.011024,2.7871,1723175018.16,173009398.01,238338236.12,False,False
342,0.88572,-0.04486,0.981506,-4.9123,1586157731.4,3507992.5,157582341.91,True,False
343,1.177961,-0.001832,0.969258,3.5062,2109506861.82,344321847.47,347725057.64,False,False
344,0.974998,-0.003393,0.983266,-9.7378,1746038153.28,148223871.55,281224419.62,True,False
345,1.072381,0.015384,1.011145,2.4793,1920432760.24,251171129.46,291601782.17,False,False
346,1.011751,-0.033581,1.011025,-3.0398,1811855762.66,106006587.01,221024113.85,True,False
347,1.092216,-0.025117,0.987772,4.9114,1955953067.39,207756414.35,248805161.39,False,False
348,0.986367,0.006044,1.005548,2.5981,1766397720.71,158612653.21,229132934.8,True,False
349,0.888797,0.03087,0.968699,0.0479,1591667938.23,136065449.65,226165661.67,True,False
350,0.867412,0.025796,0.982283,1.302,1553372578.11,97592581.81,194671618.05,True,False
351,1.050943,0.002538,1.107494,-6.2183,1882042100.62,135653810.85,258157615.69,True,False
352,0.984685,0.018932,1.028269,3.783,1763385663.76,162972591.92,226394754.76,False,False
353,0.857176,0.02089,0.987629,3.1655,1535042063.14,76365703.52,172465851.62,True,False
354,0.96572,-0.03541,1.002251,-3.8007,1729423552.54,70455538.51,199768118.28,True,False
355,1.024101,0.009734,0.947747,1.3289,1833972621.16,242738599.9,292234896.64,False,False
356,1.072748,0.014821,1.04381,4.3118,1921090328.72,226241652.83,265000170.74,False,False
357,0.974901,0.01138,0.971073,-7.2023,1745865016.32,182958754.65,292712075.65,False,False
358,0.997842,-0.035423,1.027309,1.054,1786946754.82,78905900.83,182346027.22,True,False
359,1.053928,-0.001646,0.980876,7.1535,1887387442.22,224236826.76,249340528.06,False,False
360,0.978305,0.015134,0.941548,7.6665,1751960021.66,214550044.58,242945808.72,False,False
361,0.978536,0.004292,0.920717,-0.4238,1752374928.77,211191880.38,279494852.32,False,False
362,0.877529,0.017313,0.981197,-1.3905,1571490245.0,94688111.82,204224550.55,True,False
363,1.050026,-0.013557,0.967522,2.8156,1880399351.66,208209788.39,260927114.39,False,False
364,0.869215,0.000742,1.080518,2.0658,1556601626.1,-12438435.71,116581960.44,True,False
365,1.024872,0.014444,1.050791,-1.8101,1835354102.38,175787511.43,262487311.04,False,False
366,1.081711,0.015467,0.976664,-6.8842,1937141861.73,285566826.44,364571448.08,False,False
367,1.085725,-0.012751,1.057991,9.6837,1944329059.62,174218067.7,200734065.71,False,False
368,0.942838,0.030022,1.026155,-11.0863,1688446374.28,143977590.29,283038587.64,True,False
369,0.983466,0.007045,1.013456,1.3573,1761203423.92,151862668.19,230567094.5,True,False
370,0.996496,-0.019547,0.919098,-6.4195,1784537860.4,186239066.85,291878302.42,False,False
371,0.908494,0.005952,1.056851,2.5654,1626941977.71,49160083.81,155843920.17,True,False
372,1.05681,-0.021768,0.993389,-2.8002,1892549015.28,179489100.41,270421706.53,False,False
373,1.148652,-0.024357,1.021933,6.8201,2057020836.27,232554037.91,253550828.27,False,False
374,1.051664,-0.023854,1.054257,-4.4111,1883333025.81,126029417.64,242310448.08,True,False
375,0.91289,-0.017754,0.983809,0.4251,1634814560.08,68519850.52,178539443.93,True,False
376,0.980608,0.007651,1.00904,-1.7641,1756084792.22,153574776.42,246768405.56,True,False
377,1.089086,-0.059411,0.988017,-7.7933,1950348388.88,137998277.54,269331812.0,True,False
378,0.874089,0.019904,0.917233,1.8893,1565328700.0,142891579.54,222913640.55,True,False
379,0.866779,-0.01566,0.95061,6.053,1552238036.67,56094556.34,146252372.98,True,False
380,0.981665,0.001936,0.973711,-0.8702,1757976826.35,170661444.7,254091035.68,False,False
381,1.068379,0.021388,0.995123,14.4249,1913265277.3,270791006.74,242374872.89,False,False
382,1.033575,0.025388,0.963971,0.0262,1850939034.51,268436996.82,316254430.7,False,False
383,1.059829,0.006637,1.084115,-1.5858,1897955278.48,168829080.11,256899727.36,False,False
384,1.12125,0.017252,0.996933,-0.3825,2007947971.81,311014831.02,347443959.92,False,False
385,1.1296,0.020967,0.969337,-4.632,2022901572.63,346778957.04,395331173.02,False,False
386,1.00949,-0.014958,1.040543,2.8989,1807807700.62,115904886.67,198307310.57,True,False
387,1.12262,0.021102,1.019707,0.3499,2010401689.63,303171694.29,338079542.16,False,False
388,1.161496,0.002758,0.930525,0.8841,2080021009.17,367706763.38,378852547.15,False,False
389,1.010916,-0.009707,1.037342,-0.8897,1810360479.61,129033541.78,226005717.89,True,False
390,1.130564,0.001828,1.0062,6.7458,2024627486.6,281640240.1,287946727.24,False,False
391,1.054496,-0.014164,0.920948,-3.3027,1888404110.91,245489114.47,317869747.89,False,False
392,0.884309,0.001244,0.962828,-7.0977,1583632158.37,89188592.8,225293255.76,True,False
393,0.888653,0.022001,1.05559,0.4086,1591410665.21,57468623.8,171146854.76,True,False
394,1.006691,-0.010724,1.048522,2.4604,1802794664.91,115171763.52,200014340.23,True,False
395,0.990799,0.027525,0.997586,-1.4004,1774335105.59,206681674.0,281200994.18,False,False
396,0.869858,-0.012981,0.928599,1.3322,1557751642.17,79266984.0,182065726.47,True,False
397,1.118445,-0.008531,1.048055,-4.9184,2002925134.33,218891850.41,309685791.86,False,False
398,0.912533,0.01817,0.96806,-7.0089,1634174613.56,138577207.74,259462479.9,True,False
399,0.948235,0.014421,0.952349,-3.2166,1698110421.45,177313145.29,269387531.33,False,False
400,1.104203,-0.000341,1.052226,4.5487,1977419822.91,219326588.21,258348858.32,False,False
401,0.915973,0.001114,1.011394,0.8934,1640335325.84,81733461.32,185413607.46,True,False
402,1.038532,0.003729,0.917895,-1.8354,1859816067.58,266987764.87,324753459.85,False,False
403,0.881893,0.007362,0.953136,-3.4408,1579305203.75,103836332.86,219346305.37,True,False
404,0.851922,-0.040353,1.062754,-6.6857,1525632717.73,-77651943.1,108991485.89,True,False
405,1.022573,0.021686,0.969791,-0.9264,1831236589.74,246891626.2,306384076.16,False,False
406,1.159181,-0.039611,0.94473,2.981,2075875088.57,267128442.87,298543516.63,False,False
407,0.926369,0.014337,0.996906,-0.8175,1658953507.87,123828518.24,221769042.46,True,False
408,0.902426,0.011426,0.970541,4.5465,1616075371.04,116366478.65,192849190.0,True,False
409,0.893881,-0.010333,1.07417,0.3461,1600772591.26,-3112967.51,130215017.12,True,False
410,1.011439,0.004362,1.016883,-4.1183,1811296714.19,170131776.14,269976376.43,False,False
411,1.158936,0.003768,0.9576,-3.9722,2075435862.4,347424610.23,392685308.66,False,False
412,1.085481,-0.028107,1.014343,0.6174,1943892870.28,176477144.56,250566123.41,False,False
413,0.931065,0.005392,1.059046,1.2309,1667363298.56,67266864.77,173968385.57,True,False
414,1.029438,-0.033891,0.997426,2.9829,1843529913.64,130447311.66,207488172.22,True,False
415,1.059274,0.006978,1.018212,4.4098,1896961187.31,217770715.46,259015540.23,False,False
416,0.884824,0.005053,1.031608,-6.6017,1584553999.38,44756428.38,192944085.16,True,False
417,0.994996,0.001788,1.011831,-9.6531,1781850122.68,154277192.52,285882694.33,True,False
418,0.999911,-0.014406,0.952438,4.8603,1790653188.3,173726163.77,228139738.74,False,False
419,0.877471,0.026021,1.006043,-4.437,1571385714.87,89917239.76,214095705.09,True,False
420,0.987149,0.000276,1.003812,2.0526,1767798881.37,150418144.83,226193049.12,True,False
421,0.919903,-0.029728,0.996017,-1.1747,1647373476.57,45877381.98,170348325.93,True,False
422,0.956194,-0.011,0.99131,-0.3511,1712363778.56,112340436.57,211888365.01,True,False
423,0.959954,0.019431,0.953076,-7.0096,1719097318.57,196295370.6,300345054.45,False,False
424,0.861615,7.5e-05,1.001657,-1.2293,1542990381.49,38044262.69,164916892.41,True,False
425,1.12016,-0.034729,0.931586,-5.4027,2005995637.12,254112006.01,336338435.86,False,False
426,1.066589,-0.011289,0.978574,-1.1683,1910060108.3,218943077.77,288845026.19,False,False
427,1.011961,-0.021319,1.041705,5.0002,1812232704.78,105686677.88,180890634.12,True,False
428,1.085512,0.013612,1.055197,-1.7491,1943948572.14,227349728.05,297763265.63,False,False
429,0.937477,-0.008198,0.949042,3.4465,1678845795.41,131776794.76,207605900.51,True,False
430,1.032889,0.007328,1.010767,-2.6101,1849710059.28,199725238.04,282890069.12,False,False
431,0.913407,-0.022066,1.038759,-5.1299,1635739516.69,21225340.05,171272794.03,True,False
432,1.012452,0.000547,0.976229,-4.2392,1813110560.33,194244823.51,286994196.24,False,False
433,0.985913,-0.040514,0.950272,0.9964,1765585530.87,116929155.94,208541894.84,True,False
434,0.947778,0.015563,0.994985,3.7185,1697292450.33,147254535.17,216691362.2,True,False
435,1.148437,0.005151,1.027214,-7.5451,2056634871.4,289145418.42,372982621.99,False,False
436,0.9651,0.014229,0.927912,3.7005,1728312407.98,210775529.23,259655174.45,False,False
437,0.916486,-0.013484,1.007333,4.8628,1641255142.03,61247423.81,153632101.52,True,False
438,0.982116,-0.036916,1.022504,1.3152,1758786121.75,66606521.18,172805024.43,True,False
439,1.095408,0.015562,1.033052,9.6691,1961670430.72,256769198.82,256487097.73,False,False
440,1.075611,-0.025308,0.993387,-11.0743,1926216608.84,188950642.98,320778993.56,False,False
441,1.013738,0.005674,1.096894,-4.179,1815414306.45,115360022.48,233080010.11,True,False
442,1.00106,0.011638,1.078717,-7.8815,1792710148.34,127911905.28,259540507.86,True,False
443,0.753715,-0.004958,1.023446,-1.9537,1349761538.23,-82541137.55,84946622.15,True,False
444,1.036458,0.022921,0.924297,-0.6963,1856101106.51,295977201.59,338655021.09,False,False
445,1.066646,-0.001468,1.0019,1.4316,1910163337.67,220480423.86,276284736.55,False,False
446,0.953766,0.020275,0.986974,0.8937,1708016393.01,166820212.92,243105533.61,False,False
447,0.948745,-0.004365,1.020855,1.977,1699023800.6,95140142.7,189342414.16,True,False
448,0.910716,0.005373,1.037397,-2.1448,1630921952.4,64656407.51,187399941.12,True,False
449,0.955777,-0.001307,0.908889,-2.2826,1711616648.47,189596235.42,273479446.45,False,False
450,0.96592,-0.013063,1.03345,-4.1835,1729780564.52,86174615.15,212274661.24,True,False
451,0.873814,-0.000822,1.000336,5.7609,1564836607.26,48658822.57,142239588.54,True,False
452,1.051996,-0.015345,1.09347,0.2345,1883928116.66,113307322.29,209688402.22,True,False
453,1.038219,-0.020121,1.01155,10.6208,1859254379.53,153002396.65,183790608.03,True,False
454,1.037378,-0.013293,1.032391,0.3324,1857749485.8,149523922.64,233834137.63,True,False
455,0.918388,-0.015255,0.928048,-1.252,1644659619.61,118723718.96,220223524.65,True,False
456,0.886155,-0.001455,1.032989,-1.3461,1586937548.56,34623226.9,163246423.95,True,False
457,1.044285,0.002368,0.992057,2.2002,1870118251.36,214766154.73,268618140.69,False,False
458,1.121461,0.025468,0.996677,-0.075,2008326084.12,327902079.62,357235835.16,False,False
459,0.988223,0.003096,1.014963,0.1068,1769721242.45,148122468.59,234055123.99,True,False
460,1.039881,0.013159,1.027829,9.9319,1862232346.05,204368018.5,222147471.87,False,False
461,0.908517,-0.005565,1.005599,-4.1193,1626983362.29,68396168.95,198720964.2,True,False
462,0.958049,0.006551,0.992067,7.7441,1715685796.93,143533336.91,195051592.11,True,False
463,0.974184,-0.013869,1.002588,-4.2881,1744579871.24,114908150.27,232483276.16,True,False
464,0.98431,0.022467,1.029085,-0.8119,1762714843.57,168247934.05,252179495.48,False,False
465,0.818911,0.003129,0.992581,6.5282,1466516315.59,10594846.46,114824896.1,True,False
466,0.988645,-0.022816,1.07658,-5.5312,1770476967.5,57001186.77,199440244.16,True,False
467,1.040275,-0.000752,1.044916,10.7284,1862936263.43,166163540.56,192083879.59,False,False
468,0.996044,0.005012,0.964655,9.4945,1783728290.23,195916337.64,220674315.43,False,False
469,1.100405,-0.010324,1.010129,-8.7274,1970619399.7,227395300.31,335597333.62,False,False
470,0.868212,0.017598,0.99945,4.9334,1554805423.76,72893874.57,162402572.36,True,False
471,0.957361,-0.022334,1.065076,-1.3693,1714453001.61,39313843.52,167014976.74,True,False
472,0.904941,0.015297,0.981854,5.4733,1620579282.22,116588807.77,188828959.91,True,False
473,1.015436,0.013618,0.97277,-5.7771,1818454321.04,223277155.49,314460074.44,False,False
474,0.906488,0.022899,1.037801,3.5607,1623349188.26,88941574.67,178493866.7,True,False
475,1.181991,0.001491,1.111187,-6.3475,2116724084.93,249886648.91,340583352.43,False,False
476,1.097261,0.006801,0.920674,3.1594,1964988054.01,324501300.33,337502286.57,False,False
477,1.070761,-0.030484,1.066283,-4.6883,1917531937.15,120876373.27,240675773.52,True,False
478,1.200738,-0.002722,0.966281,1.9011,2150295510.76,365148678.3,370951049.33,False,False
479,0.957584,-0.018867,0.972828,0.956,1714852827.02,113766576.55,206719618.09,True,False
480,1.088522,-0.029105,1.013289,-1.2605,1949339270.9,177910595.05,261560956.73,False,False
481,1.056021,-0.009348,1.057103,-3.8287,1891135295.9,155111259.59,259162940.25,True,False
482,1.02993,0.023156,1.003279,-1.88,1844410949.65,231746430.27,300937336.93,False,False
483,0.939423,-0.016992,1.028896,0.1367,1682330013.37,59579587.51,173733763.64,True,False
484,1.047628,-0.004057,0.943618,2.5607,1876105208.18,241622349.57,284991035.49,False,False
485,0.883473,-0.004721,0.930732,-2.8025,1582134963.84,102760783.33,215874934.29,True,False
486,1.060657,0.002292,1.078158,6.007,1899437305.75,165745592.67,215297091.8,False,False
487,0.974599,-0.039804,1.041246,-4.8761,1745324375.07,41381514.82,185305427.74,True,False
488,0.98906,-0.014054,0.993809,3.196,1771220877.89,134173093.88,209578702.46,True,False
489,0.920026,0.05068,1.010007,-0.1153,1647593118.84,168100321.6,248678466.23,False,False
490,0.980956,-0.006784,1.000902,1.5383,1756707065.84,134562339.54,217948409.33,True,False
491,1.098681,-0.001536,1.010192,-2.0382,1967530723.71,243109875.42,310151334.14,False,False
492,1.124533,-0.001507,1.026653,-4.9514,2013828066.01,254300662.81,334092780.68,False,False
493,0.868597,0.00331,0.988138,5.4562,1555493781.65,59405439.88,150993375.65,True,False
494,1.025492,0.025262,1.056865,0.221,1836463975.09,191733020.1,263116580.66,False,False
495,1.004085,0.017304,0.955269,6.292,1798127150.08,232317404.75,260829205.12,False,False
496,1.037524,0.012704,1.069653,3.7292,1858009769.55,170360153.42,230711324.05,False,False
497,0.996516,-0.017134,0.967279,0.3113,1784572361.63,154882816.33,237648172.12,True,False
498,1.005636,0.013363,0.972567,-1.6147,1800905821.12,213861776.84,287242627.49,False,False
499,1.095404,0.016017,1.027251,-2.9214,1961662066.9,261953240.68,327678828.48,False,False
500,0.98091,-0.007327,0.923215,6.2173,1756626360.4,191097752.49,233874638.09,False,False
501,1.150402,0.024442,1.009507,-3.5719,2060154498.73,343796621.49,387792370.65,False,False
502,0.967864,-0.0291,1.064076,-2.1171,1733263128.32,37413208.95,169344083.55,True,False
503,1.177794,-0.006086,0.912152,3.5802,2109208044.27,377488116.52,369853243.94,False,False
504,0.949131,-0.010041,0.998939,5.6228,1699715719.37,102068963.33,177072933.74,True,False
505,1.019648,-0.007746,0.988804,0.2088,1825998750.35,176309084.72,252695582.49,False,False
506,1.050198,-0.006148,0.911234,-9.1764,1880706479.6,263978748.59,360638006.53,False,False
507,1.019367,-0.031479,1.010465,9.3658,1825495144.96,116692546.59,166359294.55,True,False
508,0.991561,-0.011291,0.856647,-3.8676,1775698932.13,242852565.3,317805196.2,False,False
509,0.90303,0.004279,1.030541,-0.4601,1617156621.48,60934157.59,177323454.49,True,False
510,0.963712,0.030095,0.945129,-4.6476,1725827677.23,224117267.48,308225016.22,False,False
511,0.936114,0.014776,1.032867,0.8798,1676404503.12,107001357.35,202570008.24,True,False
512,1.081777,0.012292,1.012846,6.4785,1937260268.86,252683507.68,271289466.52,False,False
513,0.957604,0.01842,0.952068,-5.5981,1714888512.03,193099941.97,291459665.06,False,False
514,1.05444,0.005894,1.010854,-10.8734,1888304880.62,216736589.48,337483588.91,False,False
515,0.948105,0.0215,0.978654,-5.9893,1697877862.13,169732835.87,277128760.8,False,False
516,0.987194,0.024147,0.949543,-9.9409,1767879235.02,232847471.61,340335228.91,False,False
517,1.018885,0.011982,0.964032,-5.6277,1824630932.39,229968385.9,318361245.26,False,False
518,1.029945,0.048724,1.012763,12.5524,1844438616.6,271896487.93,255308829.28,False,False
519,0.936656,0.009588,0.980757,-1.5599,1677374623.38,137392808.86,234445404.39,True,False
520,1.037233,-6.5e-05,1.009313,-9.4176,1857489312.24,191055960.28,311693997.19,False,False
521,1.06764,0.01128,0.937527,8.5723,1911942990.21,293421491.11,288473244.71,False,False
522,1.013745,-0.013516,1.091928,6.0859,1815426223.3,84205670.69,160840145.78,True,False
523,0.997379,0.012879,1.029123,1.2378,1786119312.14,163447157.76,238937022.74,False,False
524,0.904974,0.001153,1.069515,6.2447,1620638965.27,28780992.45,125693798.11,True,False
525,0.902388,-0.006392,1.03395,7.1961,1616007740.35,40579862.17,129584218.92,True,False
526,0.861408,-0.030189,1.06768,-6.4897,1542620747.74,-57721164.98,122027503.28,True,False
527,0.957029,0.019164,1.00886,-4.6699,1713858901.93,151779892.42,258987592.74,True,False
528,0.926009,0.017968,0.998118,9.676,1658308429.41,128616813.71,177348137.28,True,False
529,0.893269,0.001897,0.982417,-7.2384,1599677197.48,83854573.42,222594461.27,True,False
530,1.053139,0.012095,0.958388,2.5745,1885973940.08,266094523.6,301491720.02,False,False
531,1.111318,-0.017373,1.019653,-3.5741,1990161001.76,215985174.81,300207375.12,False,False
532,1.018489,0.007529,1.038992,10.1835,1823923291.17,165971148.74,195822894.16,False,False
533,0.955131,0.018493,1.022104,5.7915,1710460965.87,139041543.66,201257967.65,True,False
534,0.966576,0.03525,0.907692,-0.3647,1730955862.02,263508805.32,314765645.44,False,False
535,1.047797,0.031507,1.005263,1.8025,1876408326.38,262857291.01,303326718.92,False,False
536,1.0627,0.002902,0.999573,4.228,1903096347.08,226958356.99,266136739.95,False,False
537,0.839919,-0.016415,1.018222,-1.9948,1504136759.35,-18663344.86,129379196.49,True,False
538,0.920654,0.0116,1.00483,-6.0942,1648719099.93,108128320.78,234905049.82,True,False
539,0.977865,-0.031264,0.945223,-8.2569,1751172009.74,130165646.65,261977162.52,True,False
540,0.892541,0.024872,0.981605,7.2215,1598373865.72,120516746.24,184177606.41,True,False
541,1.025734,-0.012739,1.047889,4.0321,1836897202.55,128804597.87,201145339.84,True,False
542,1.107543,0.007867,0.991587,-8.3239,1983401423.66,283532089.76,371883801.77,False,False
543,0.997828,0.010827,0.97518,-5.4674,1786922914.74,200142809.0,296713679.25,False,False
544,0.950096,0.00544,0.944138,-0.5886,1701443450.92,169845742.14,252088724.42,False,False
545,0.937329,0.021398,1.00626,7.6999,1678580061.78,138952607.95,192927167.72,True,False
546,0.962965,-0.008248,0.994995,1.9092,1724488832.58,120349655.69,206667378.31,True,False
547,1.008072,0.009241,1.003519,-13.3888,1805267676.47,185761529.4,326388069.97,False,False
548,0.962935,0.003542,1.004093,-1.0481,1724435572.37,133918328.26,229866173.92,True,False
549,1.029165,0.005454,0.940171,-3.4023,1843040928.64,245130037.08,317718097.51,False,False
550,1.063786,-0.031362,0.912502,3.3085,1905040084.71,227151070.43,271044537.72,False,False
551,0.988647,0.010557,0.981342,-7.2598,1770481973.0,186615862.65,295963509.56,False,False
552,0.925492,0.012164,1.000803,-1.1021,1657382023.68,116523351.16,218090172.16,True,False
553,1.037264,0.015629,1.00726,8.0138,1857544867.12,221758417.62,243862255.65,False,False
554,1.075834,-0.002615,1.071163,-0.1553,1926616542.42,175267573.75,253851661.21,False,False
555,0.9762,0.00982,1.01786,-2.3953,1748191265.21,146786505.0,245137232.7,True,False
556,0.838563,-0.016112,1.072501,-0.2109,1501708251.73,-59590231.8,94196400.04,True,False
557,0.982002,0.019638,0.982465,-3.1278,1758581182.64,195614472.69,281937781.23,False,False
558,1.023077,0.013703,1.014596,-3.9073,1832139305.49,199561166.98,289164489.01,False,False
559,1.032892,-0.016702,1.047868,8.5866,1849716007.75,127803612.83,177241983.52,True,False
560,1.030825,-0.007519,1.008129,4.1909,1846014076.73,172375106.7,229869253.04,False,False
561,1.009006,0.012167,0.95588,2.5354,1806939411.76,227187219.18,275785745.68,False,False
562,0.741857,-0.007765,0.975444,-5.2105,1328526166.84,-61347292.06,111098938.63,True,False
563,0.930647,-0.012433,1.013186,-1.8387,1666613802.55,71136654.36,190618680.85,True,False
564,0.884289,-0.024414,0.963765,-3.39,1583595899.98,47844991.53,181092538.94,True,False
565,1.109921,-0.006397,1.020608,1.7482,1987659628.49,235873861.57,284724237.12,False,False
566,0.919563,0.021631,1.114682,-0.2992,1646765067.93,42289312.39,163956652.35,True,False
567,0.962943,-0.017943,1.053441,-6.6773,1724450006.97,60330724.54,206421809.87,True,False
568,1.041629,0.020585,0.909467,4.4679,1865362308.51,307492701.76,320111344.26,False,False
569,1.123845,-0.007709,1.003802,6.2073,2012595321.66,258121073.97,275145657.91,False,False
570,1.033077,-0.017906,0.94573,5.071,1850045989.99,201374078.66,245081313.51,False,False
571,1.105006,-0.013104,1.050203,11.2116,1978858895.49,196295121.71,206546638.75,False,False
572,1.093329,-0.003281,1.015506,-1.0255,1957946599.85,230928262.1,296381998.71,False,False
573,1.032257,0.020183,0.90062,-2.0062,1848577563.09,304474247.45,351052812.78,False,False
574,0.914244,0.013685,1.006532,-2.983,1637239805.15,104347943.02,218187232.67,True,False
575,1.005333,0.00962,0.96784,-2.9421,1800362081.77,210342282.43,291394526.64,False,False
576,1.069161,-0.014966,0.995832,4.0252,1914665973.13,201397222.25,249685005.39,False,False
577,1.029243,-0.01389,1.113735,-0.8741,1843181665.56,81018783.55,193356900.36,True,False
578,1.030871,-0.017834,1.02716,2.6456,1846096494.1,139281732.31,215180359.94,True,False
579,0.911032,0.018502,0.969026,-7.2278,1631488050.15,136996969.13,259314763.85,True,False
580,1.001833,0.004707,1.015183,6.7998,1794094392.64,163240906.36,211430295.42,False,False
581,1.080747,0.008488,1.057216,-7.1767,1935414284.78,211507272.59,315729579.65,False,False
582,1.072993,-0.010053,0.954461,-4.2533,1921529354.68,244840103.08,322732536.75,False,False
583,0.894311,0.017331,1.015475,6.0038,1601542581.05,85038857.35,165333135.71,True,False
584,1.040344,-0.003473,1.031767,-0.0028,1863060145.1,170893801.18,250072098.58,False,False
585,0.944887,-0.012167,1.092665,0.4745,1692114315.52,25298853.18,148853448.41,True,False
586,0.940333,-0.002748,0.971409,2.3795,1683960633.69,126932969.18,209186166.46,True,False
587,1.015497,-0.016801,0.978925,-0.3139,1818564234.21,163457116.06,246564946.39,False,False
588,0.984532,-0.003336,0.960142,-1.4133,1763112565.01,174019784.15,259010082.4,False,False
589,1.069664,0.019918,0.979816,3.2166,1915567278.82,280521944.95,307723875.62,False,False
590,0.939694,0.019498,0.979189,-6.0183,1682815706.03,158032101.22,269058825.73,True,False
591,1.105056,-0.005104,1.084508,0.7081,1978947127.54,186766316.59,257011897.11,False,False
592,0.942092,-0.003527,0.979062,1.3849,1687110694.12,121535326.78,210092836.59,True,False
593,0.953588,0.031044,0.969869,-4.2905,1707697244.39,197709855.26,288366414.28,False,False
594,0.915249,0.032802,0.894025,6.0526,1639039047.89,219931341.54,256223893.45,False,False
595,0.975096,0.003074,0.892382,3.3942,1746213790.3,226908430.78,271909427.98,False,False
596,0.895208,-0.024186,0.973389,9.9933,1603150114.74,50486012.65,124287923.27,True,False
597,0.885192,-0.005433,1.012783,0.1418,1585212034.74,42411696.26,162074170.55,True,False
598,1.044515,-0.00411,0.960541,-5.5341,1870530934.48,226196404.0,316024367.32,False,False
599,0.966885,-0.006806,1.033033,-8.9365,1731509120.8,98167519.64,242997384.26,True,False
600,1.015664,-0.010859,0.939777,2.1727,1818864139.4,203403143.55,261337234.71,False,False
601,1.053257,0.024739,0.961073,-4.0688,1886185877.67,288064018.99,350759428.65,False,False
602,0.970093,0.014939,1.029755,5.2565,1737253952.88,141236625.12,204872170.13,True,False
603,0.903728,0.034881,0.873183,3.3051,1618407539.97,227627215.22,273981689.62,False,False
604,1.024246,0.003184,0.986586,0.4594,1834231647.3,202095462.41,268966152.57,False,False
605,1.029071,-0.024033,0.956752,-1.328,1842872137.56,178425309.61,261884295.98,False,False
606,0.864993,-0.022993,0.984845,3.205,1549039456.94,17816941.83,132363612.94,True,False
607,1.074195,0.003054,0.908356,-7.0056,1923681323.74,305261539.45,378350034.79,False,False
608,0.929135,-0.029353,1.037083,10.627,1663905395.79,23951935.48,101692718.66,True,False
609,0.983015,-0.031166,0.954307,6.4076,1760395752.35,127983681.93,189974743.18,True,False
610,0.948309,-0.0331,1.048106,-11.441,1698243540.0,25769897.63,204605456.98,True,False
611,1.023672,0.009672,0.995991,3.5182,1833204675.59,206501537.46,256600709.0,False,False
612,1.017297,0.002276,1.021166,3.4605,1821788385.86,168506555.06,231162388.33,False,False
613,0.916739,-0.021095,0.963515,-3.8465,1641707159.83,81423863.61,206518988.12,True,False
614,0.98866,-0.021241,0.956419,-3.4271,1770504559.24,148785605.29,251647789.34,True,False
615,1.026885,0.024232,1.044315,-0.7138,1838957401.85,200455236.91,273755756.62,False,False
616,1.021543,0.014065,0.992141,5.7145,1829392079.38,215425916.87,251698369.55,False,False
617,1.127853,-0.000382,1.009126,-1.5534,2019772076.86,272548103.16,327778399.97,False,False
618,1.046,-0.028519,1.015818,-0.2861,1873190075.34,140873455.94,231112358.04,True,False
619,1.032428,-0.008294,0.96485,-5.6797,1848884472.1,204421724.92,301626999.78,False,False
620,0.952809,0.013775,1.082834,5.8924,1706302012.13,83841150.13,163316185.38,True,False
621,0.999261,-0.015734,1.056472,-1.1809,1789489607.69,93736959.29,203380627.61,True,False
622,0.962629,0.005043,1.02741,2.5923,1723887741.35,118958663.55,202498229.07,True,False
623,0.950619,0.023802,0.961578,-4.476,1702380841.95,188668935.07,283021224.1,False,False
624,1.01723,-0.016297,0.990306,1.3616,1821668235.99,157464927.75,234130410.86,True,False
625,1.032512,-0.0168,0.993144,1.7613,1849035001.03,167815723.98,239042212.49,False,False
626,0.969665,-0.010415,0.984889,-6.2953,1736488299.01,130034843.19,252223367.56,True,False
627,0.9154,0.020986,1.020625,-6.4794,1639309787.15,106955524.87,235680208.65,True,False
628,0.894301,-0.004059,1.007197,2.0663,1601525814.17,56902664.65,163477371.94,True,False
629,1.040473,-0.012202,1.045795,-6.0943,1863291744.34,144356750.36,263123452.92,True,False
630,0.980986,0.011839,1.049308,-2.4938,1756761293.39,131458976.63,235244986.05,True,False
631,1.026496,-0.0215,0.981917,-0.28,1838261477.16,162226267.26,245573976.3,False,False
632,1.045412,-0.00396,1.045829,4.8634,1872137277.23,164124714.04,220509460.04,False,False
633,1.023624,-0.003562,0.96814,1.8688,1833118864.64,202823559.94,262384255.99,False,False
634,0.907817,0.00241,0.979165,-3.3147,1625728901.94,100311067.57,216825419.52,True,False
635,0.992862,0.002226,1.095922,-5.6503,1778030078.68,90846089.54,223149694.56,True,False
636,1.114764,-0.004788,1.018427,7.7351,1996332086.98,245029634.02,258163736.22,False,False
637,0.990148,-0.002878,0.974245,4.7547,1773169331.83,169434693.49,225967083.24,False,False
638,1.106223,0.001587,0.911766,-0.6119,1981037274.13,328988697.78,360883511.71,False,False
639,0.886962,-0.002036,0.990796,4.2612,1588381718.66,65673818.27,159964442.05,True,False
640,0.99488,-0.019904,1.059339,-9.8757,1781643155.36,80343497.23,236689035.79,True,False
641,1.016445,0.008638,1.018776,1.3545,1820262931.33,181082459.05,250230863.86,False,False
642,1.063182,-0.006287,0.989197,-7.0329,1903958993.68,217584838.28,318493685.38,False,False
643,0.958965,0.013548,1.017346,4.132,1717326732.3,137669698.58,208024172.71,True,False
644,0.875341,0.020713,1.031504,-3.8275,1567571351.48,60714954.56,191574316.11,True,False
645,1.088884,0.022181,0.994807,6.0525,1949987033.51,291913042.29,300015825.69,False,False
646,1.045855,-0.043106,0.939265,4.5746,1872929950.55,170118549.15,226056787.12,False,False
647,1.025738,-0.021815,1.084423,-4.366,1836904472.12,85083001.32,213678711.98,True,False
648,0.955963,0.025332,1.006104,-2.0018,1711949536.71,163379187.35,254336520.89,False,False
649,1.045704,0.000277,0.987984,-1.0104,1872659177.04,215155741.11,285339686.83,False,False
650,0.976419,-0.008435,1.036413,1.0928,1748582363.18,101328508.22,197517935.76,True,False
651,1.035642,0.01446,0.990994,-0.4568,1854639714.34,230121399.26,292653664.45,False,False
652,1.002955,-0.016719,0.940526,0.9395,1796104435.93,181069224.6,252353699.98,False,False
653,0.980551,-0.0002,0.972669,-9.5176,1755982523.52,166670458.31,292973995.95,False,False
654,0.995706,-6.5e-05,0.963992,-4.211,1783122536.0,187045492.75,281612697.52,False,False
655,1.111712,-0.033947,1.021768,0.5546,1990867380.2,181767625.54,254426954.84,False,False
656,1.040101,0.001369,1.001088,-3.4663,1862624764.96,202413168.73,289179885.81,False,False
657,1.015826,0.008585,0.971724,-0.7426,1819153169.87,215259399.35,283927628.61,False,False
658,1.020894,-0.038705,1.015431,4.6314,1828229659.53,101100492.0,179400416.03,True,False
659,0.88235,0.003806,0.940412,2.1743,1580123757.29,108059753.94,197917974.38,True,False
660,0.859714,-0.015572,0.920876,-5.4958,1539585503.64,72054823.94,206028541.71,True,False
661,0.989041,-0.001454,0.98778,-1.0177,1771186455.41,160938863.24,248226649.24,False,False
662,1.023513,-6.2e-05,1.017835,0.8212,1832920195.98,172337794.24,246915731.89,False,False
663,1.072808,0.014125,0.996115,-8.2571,1921198131.57,260279900.19,354302120.68,False,False
664,1.067342,0.005283,1.03284,-1.1965,1911409026.9,211098245.38,283662304.7,False,False
665,1.061917,0.021502,0.990937,-8.8171,1901694521.62,268012181.52,362036410.95,False,False
666,1.004205,0.020062,0.995987,1.8404,1798342829.11,207236508.92,265703374.5,False,False
667,0.998507,-0.016347,0.966913,-12.9165,1788139253.84,158302301.78,304773379.98,True,False
668,1.032851,0.020906,0.967509,-2.0927,1849641536.6,256837757.33,319104127.29,False,False
669,0.862049,0.024596,0.998468,-4.9027,1543768658.67,78653020.28,208070095.75,True,False
670,0.989325,-0.009158,1.008501,-2.4289,1771695030.85,132201298.36,235536739.64,True,False
671,1.070309,0.020018,1.021371,1.6294,1916721789.22,250547866.32,295666100.52,False,False
672,1.012988,-0.028171,1.014509,0.4184,1814070525.56,114284905.97,209484168.28,True,False
673,1.132546,-0.008575,1.029134,5.5426,2028176647.55,245358522.4,269895265.52,False,False
674,0.96266,0.020437,1.108528,5.1848,1723943424.72,85456550.44,167471631.75,True,False
675,1.098283,0.002431,0.939517,1.9582,1966819182.16,302890883.33,329263601.06,False,False
676,0.841722,-0.013597,1.025568,1.1308,1507365671.03,-18276376.9,116752058.58,True,False
677,0.942374,0.00805,1.092116,-3.9005,1687614418.69,57604522.73,191055121.46,True,False
678,1.034211,-0.023731,0.950875,-9.0361,1852077331.86,187766415.71,307382007.38,False,False
679,0.985183,-0.004303,0.897901,-4.9092,1764277851.03,218990027.99,306492608.18,False,False
680,0.966285,-0.000483,1.030763,0.5134,1730434363.64,110255260.42,206389611.0,True,False
681,0.879318,-0.00828,0.995579,6.9686,1574692819.75,45409648.95,134664320.0,True,False
682,1.032439,0.049882,0.989265,8.2989,1848903440.6,293911604.87,291671766.39,False,False
683,0.889001,-0.028895,1.027509,0.7483,1592033289.99,-2436539.22,128929245.06,True,False
684,0.993626,0.010331,1.010288,3.5891,1779396742.14,169376641.86,231528863.37,False,False
685,0.888061,0.034889,1.001064,12.9234,1590351102.01,117783850.47,157634173.0,True,False
686,1.075814,0.001407,1.01867,-6.0507,1926581275.65,221871856.18,316660416.25,False,False
687,1.049584,-0.010657,0.970921,1.0809,1879607134.32,210753085.87,271595666.9,False,False
688,0.864721,-0.026192,1.025116,-12.0833,1548553552.63,-17193733.6,173422924.27,True,False
689,1.035221,0.019575,0.912886,0.1146,1853886203.23,297053900.86,335264294.71,False,False
690,0.967893,-0.020648,1.023652,-7.6736,1733314043.87,82022238.01,226065334.14,True,False
691,0.979952,0.031241,0.960668,-4.64,1754910278.04,230191158.12,312688871.46,False,False
692,0.856563,0.002812,0.999401,0.4256,1533942984.13,39341030.68,158813247.2,True,False
693,0.874657,-0.012399,1.018959,-4.5001,1566346597.19,17494985.04,165058037.71,True,False
694,1.067491,0.005584,1.043631,-2.1804,1911675162.65,203820167.69,283867284.17,False,False
695,0.964036,-0.019231,0.983141,9.0041,1726407817.41,111121407.31,166824080.4,True,False
696,1.002031,-0.008848,0.895772,-1.5144,1794449402.67,227526213.88,296012799.69,False,False
697,0.959196,0.009779,1.02631,2.7697,1717740470.22,124771730.76,205660279.2,True,False
698,1.02046,0.0069,0.965912,2.0883,1827451581.5,220747658.09,273502808.44,False,False
699,1.039398,-0.011479,1.014247,4.8199,1861366871.54,168115838.13,223589103.52,False,False
700,0.932963,0.000191,0.971247,1.9692,1670761942.77,125330431.31,210060930.27,True,False
701,1.052849,0.000151,0.963637,0.1406,1885455278.47,239418538.78,295928331.48,False,False
702,0.836196,-0.002335,1.065693,-2.6865,1497469384.69,-35992250.89,120397071.72,True,False
703,0.923055,0.009942,0.992478,7.5853,1653017327.46,116757091.46,178892145.58,True,False
704,1.079958,-0.023776,0.921649,-3.5659,1934001803.06,248774736.15,321910982.2,False,False
705,0.943435,0.009111,1.05563,-1.9558,1689514958.39,87392442.65,202329867.96,True,False
706,0.970298,-0.020318,0.98151,2.5443,1737621493.37,115891798.29,200543969.82,True,False
707,1.00773,0.008669,1.024771,-10.9683,1804655897.79,168677839.46,302780940.74,False,False
708,1.00503,0.02595,0.900644,-9.3967,1799820041.45,289214738.44,376851271.2,False,False
709,0.867402,-0.042348,0.992021,0.1509,1553353997.85,-15481732.19,122680207.3,True,False
710,1.061053,0.002067,0.961528,-1.0873,1900147452.3,252047950.87,310902964.73,False,False
711,1.047372,-0.022504,1.053548,-5.2497,1875645687.43,125385465.53,246089061.83,True,False
712,1.039367,-0.024929,1.050916,-0.9712,1861310277.71,115900265.14,217614553.82,True,False
713,0.975379,0.015282,1.030206,3.28,1746720759.83,146427293.32,217723846.29,True,False
714,1.029534,0.019615,1.066436,-0.8097,1843702039.4,178073912.7,259029921.88,False,False
715,0.848469,0.007773,1.018445,-4.8906,1519449287.4,25410635.68,171488182.05,True,False
716,1.013626,0.00782,0.992615,-4.3308,1815214431.46,196377131.01,288924041.62,False,False
717,1.045577,-0.019662,1.033143,4.9775,1872431861.61,144266485.86,206416714.76,True,False
718,0.932777,-0.02284,0.980645,-1.1301,1670428001.4,79730333.8,193238287.05,True,False
719,0.956954,-0.026582,0.92605,7.0906,1713724351.82,134635982.67,192111111.84,True,False
720,1.007468,-0.003097,1.005808,-1.1015,1804185292.12,161250297.91,248944646.16,False,False
721,1.004292,0.006372,1.025243,-6.5648,1798498000.38,161031237.41,275698252.46,False,False
722,1.022928,-0.006812,1.017284,2.1524,1831871092.94,159850169.54,231745676.88,False,False
723,0.925148,-0.021805,0.963875,-3.1371,1656765964.49,87272868.02,207434918.32,True,False
724,0.98319,0.030828,1.001416,-6.8095,1760708520.6,202400380.97,304330454.11,False,False
725,1.081907,-0.031149,1.00174,-4.0158,1937492206.04,176860971.17,275431843.31,False,False
726,1.033846,-0.005158,0.923172,-2.0665,1851423983.01,242353674.25,309132338.94,False,False
727,0.886658,0.011413,0.948031,1.1804,1587837830.75,118422613.4,209242322.91,True,False
728,0.909488,0.020223,0.944252,0.4465,1628722157.25,156696779.08,238411213.64,True,False
729,0.981051,-0.005297,1.005582,2.0169,1756877268.49,133794274.09,215121963.59,True,False
730,1.000795,0.005136,0.989212,1.4725,1792235104.23,182294757.69,250579941.47,False,False
731,1.01316,0.024127,0.970094,-0.7819,1814379261.18,242212541.83,302441329.2,False,False
732,1.073272,-0.014775,0.947823,0.8627,1922028046.74,240926696.16,293137197.91,False,False
733,1.060083,-0.03542,0.93053,1.6987,1898410358.15,202954699.01,263023980.5,False,False
734,1.026795,0.022706,1.008369,-2.4821,1838797421.92,224183638.79,298799347.45,False,False
735,1.101364,-0.013226,1.046274,-4.6312,1972335568.47,195753031.55,291987248.89,False,False
736,0.969849,-0.012243,1.004082,-4.2746,1736818005.23,112811249.15,230902042.22,True,False
737,1.150666,0.006329,0.938371,2.9307,2060626808.2,359400390.42,361696698.78,False,False
738,1.067101,0.011137,1.001143,0.3566,1910977301.07,245539460.54,298949741.81,False,False
739,1.110764,0.00261,1.012492,-1.0815,1989169891.87,260555120.91,316921396.91,False,False
740,1.095246,0.019461,0.962776,8.4672,1961380417.47,316306987.33,303438796.81,False,False
741,1.003491,0.016727,1.070237,1.2181,1797063284.23,145587039.83,226851628.17,True,False
742,1.071537,-0.003137,0.956644,4.8049,1918921275.63,255202291.64,282126344.7,False,False
743,1.053715,0.005697,1.000519,3.3379,1887005286.43,223354364.64,268474120.24,False,False
744,0.928804,0.018349,1.017216,-4.3998,1663314294.1,117726859.07,233954123.33,True,False
745,0.952709,-0.011569,0.978516,-0.1369,1706123041.17,117758321.16,214565252.86,True,False
746,1.083091,-0.000919,0.962074,2.5542,1939612406.64,265874800.58,301071561.18,False,False
747,1.071724,0.021758,1.038314,-5.2367,1919256168.04,242670988.67,326402193.9,False,False
748,0.97209,-0.040822,0.963872,3.7476,1740830434.09,94815542.04,180450902.09,True,False
749,0.969657,0.002374,1.020197,3.5398,1736474288.95,126089960.18,202750377.69,True,False
750,0.988723,-0.004665,0.917405,-5.6982,1770617870.43,207081641.21,302307326.78,False,False
751,0.995532,0.008897,1.066184,-8.4983,1782811543.44,127189323.29,261847983.55,True,False
752,1.006828,-0.021393,0.983225,-0.658,1803039182.55,144410442.16,235299324.52,True,False
753,0.995122,-0.005864,1.028351,-1.7516,1782076642.32,128522416.9,229797057.41,True,False
754,1.025712,-0.007167,1.041115,-1.4085,1836858074.73,144037193.62,238883425.45,True,False
755,0.974945,-0.016874,0.958058,-2.1854,1745942683.48,143306662.69,241752254.33,True,False
756,0.833908,-0.003151,1.0175,0.0435,1493373238.06,-3581415.79,131236676.92,True,False
757,1.006798,0.034455,0.997982,0.712,1802986444.55,234150252.3,289554861.78,False,False
758,0.950712,-0.019398,1.008714,-2.4876,1702547365.21,80301884.04,200058865.2,True,False
759,1.053938,0.014697,1.03415,1.0971,1887405635.31,215641801.49,274813139.46,False,False
760,0.917943,0.012556,0.920386,13.4582,1643863258.6,169723364.66,188649415.15,False,False
761,1.003489,0.015229,0.945285,-3.0384,1797059482.02,235423457.58,308897352.8,False,False
762,1.068369,0.009489,1.019232,2.6677,1913248670.85,230162135.57,276376691.24,False,False
763,0.959154,-0.024295,0.939675,-3.1149,1717665290.99,130361212.0,237154139.09,True,False
764,1.057201,0.036246,0.956782,8.9171,1893247812.4,316770722.29,303001399.53,False,False
765,1.056548,-0.016725,0.987869,-2.3261,1892078605.92,192889994.92,277073327.7,False,False
766,1.083957,-0.031535,0.862756,5.2195,1941164204.47,280776226.27,297019144.11,False,False
767,1.027362,-0.022755,0.998672,1.1244,1839813213.37,148260606.45,228999642.09,True,False
768,1.030563,0.008783,1.005266,-3.1057,1845545651.22,204347579.35,288509752.45,False,False
769,1.194385,0.004934,1.046453,-2.795,2138919211.37,316437225.1,365406060.63,False,False
770,1.008779,-0.001939,0.982489,-3.0136,1806533750.21,181789930.33,272382834.17,False,False
771,0.946792,0.020343,1.042566,-3.2393,1695526397.05,119203338.72,229955784.1,True,False
772,1.022857,-0.005206,1.036462,3.9443,1831745566.1,148529143.65,215055409.6,True,False
773,1.085913,0.016045,1.037764,5.5447,1944666612.93,245363502.17,271155633.43,False,False
774,0.970452,0.019497,1.080693,-10.5587,1737897993.36,111770985.1,260127820.39,True,False
775,1.045054,0.019247,0.930101,3.7332,1871495244.12,292934928.33,313904068.79,False,False
776,0.926778,0.008255,1.026667,3.4896,1659685752.04,92075044.71,180593529.76,True,False
777,0.85985,0.041323,0.931356,3.6456,1539829550.29,152020481.35,221844103.32,True,False
778,0.996349,0.007883,1.007867,5.9293,1784273813.02,169316574.07,220000081.49,False,False
779,1.113938,0.016505,0.962462,-7.2747,1994853585.32,328208676.37,396790844.42,False,False
780,1.182815,-0.011751,1.094323,-7.6547,2118199404.42,235073691.27,338122176.5,False,False
781,1.066839,0.014237,0.999677,-9.1843,1910508551.02,252304736.83,353490101.88,False,False
782,0.996969,-0.004862,0.964965,-0.1836,1785384488.82,178904037.55,256402897.97,False,False
783,0.942113,-0.002015,0.983022,1.4296,1687147908.42,121171414.63,209638538.4,True,False
784,1.018848,-0.016205,1.000911,3.5421,1824565765.74,151195789.47,218956919.77,True,False
785,1.109966,0.010009,1.056051,5.9213,1987740151.15,242279369.85,266353030.54,False,False
786,0.868959,0.004894,0.989362,-1.2901,1556142380.23,61294559.94,181030278.91,True,False
787,1.095476,0.014002,0.99518,1.5131,1961792377.14,281817253.73,317353165.41,False,False
788,0.976293,0.019258,0.892329,-1.8798,1748357713.97,256333569.79,317160973.79,False,False
789,1.057973,-0.014907,0.988433,-2.0859,1894630536.79,197164170.48,278749189.07,False,False
790,1.038536,-0.004454,0.979577,6.6187,1859822810.58,206092945.81,240268196.97,False,False
791,0.972054,-0.021232,1.012958,3.9913,1740766997.44,92537928.85,177740364.95,True,False
792,1.015912,-0.00699,1.02214,2.3421,1819308088.78,149668017.86,223950358.43,True,False
793,1.035623,-0.000185,0.955408,-1.4315,1854605420.84,229295107.72,297044430.6,False,False
794,1.052994,0.00883,1.034173,1.7084,1885713764.96,203680821.5,263526861.17,False,False
795,1.058691,0.005246,1.033913,12.1454,1895917275.5,202323494.92,208342943.08,False,False
796,0.959051,-0.011935,0.988742,-4.6857,1717480213.54,115164511.64,234210167.25,True,False
797,0.896921,0.01365,1.039962,-1.9566,1606216494.99,63435332.86,185595982.81,True,False
798,0.958546,-0.034816,0.940134,-0.2663,1716576555.52,111438147.02,210880471.51,True,False
799,1.016763,-0.016793,0.89055,2.417,1820831421.45,230024270.76,278209064.56,False,False
800,0.997895,0.002468,0.939977,1.0377,1787041660.02,211336681.08,272478442.3,False,False
801,1.06208,0.01446,0.998961,-3.2698,1901985250.0,248830070.25,320092886.63,False,False
802,1.029437,0.023207,0.98692,7.337,1843528851.79,243488362.81,262364369.48,False,False
803,1.03241,-0.014768,0.997486,-4.4504,1848852351.81,168267796.81,270814666.35,False,False
804,0.925928,-0.014658,1.002855,2.4302,1658163352.24,70932766.11,171043868.49,True,False
805,1.002884,-0.041423,1.032482,2.9186,1795977247.94,68542351.25,166097558.29,True,False
806,0.908469,0.023352,1.085401,-2.7116,1626897499.71,56303070.79,184222302.46,True,False
807,1.068317,0.020347,1.013347,1.0551,1913155828.21,255245591.61,301886602.52,False,False
808,1.138859,0.010904,0.970495,9.3843,2039483141.46,334125166.91,308619085.87,False,False
809,1.070629,-0.004082,1.095897,0.9941,1917296109.42,149453235.55,230256228.65,True,False
810,1.073499,0.021069,0.968121,7.6751,1922435306.83,295002737.46,294027276.25,False,False
811,1.050747,-0.030368,0.946299,-1.8465,1881690079.97,192928240.83,274560559.21,False,False
812,0.909305,0.015947,0.967313,-0.4228,1628394039.63,132483528.97,225824984.19,True,False
813,1.110551,-0.037012,0.953859,-3.6778,1988788413.47,224980434.97,306876112.18,False,False
814,0.974899,-0.019646,0.988514,4.7415,1745860621.87,115874223.17,189964761.15,True,False
815,1.002518,-0.012689,0.900959,-0.8886,1795320852.23,217222408.12,285931938.36,False,False
816,0.95443,0.041426,0.967967,-0.0447,1709204119.66,217670803.33,282075149.63,False,False
817,1.087979,-0.018622,1.022554,-4.3725,1948366210.05,191009609.34,287076975.18,False,False
818,0.916184,0.005587,1.011394,5.7142,1640713840.8,89264063.1,168863437.8,True,False
819,1.004436,-0.010915,0.985186,0.3962,1798756025.02,159732286.11,240515139.35,False,False
820,1.002919,-0.006804,1.013705,7.0615,1796040051.15,144654184.68,197467327.12,True,False
821,0.85835,0.026307,1.02619,7.7254,1537143537.67,57243858.97,140241202.23,True,False
822,0.882987,-0.01694,0.945439,-3.2587,1581263554.44,72112239.79,197003764.47,True,False
823,0.995848,-0.014361,0.957648,4.4525,1783376846.62,166376883.57,225231473.12,False,False
824,1.022401,-0.008539,0.989234,0.4982,1830927898.76,176990543.2,251704388.43,False,False
825,0.912481,-0.017953,0.998823,2.0411,1634081893.66,56719354.45,163281252.35,True,False
826,1.021015,0.015711,1.032374,2.3705,1828446901.36,188151829.04,249918148.95,False,False
827,0.970956,0.018812,0.989593,6.9511,1738799298.05,178514793.59,222125868.13,False,False
828,1.027441,-0.015409,0.9614,-3.6977,1839954661.4,189447438.44,281314180.59,False,False
829,0.91815,0.03687,0.988095,0.8737,1644234768.76,159752596.53,238545998.77,False,False
830,1.050505,0.002232,0.983882,2.0195,1881256987.17,226219571.35,277270590.64,False,False
831,1.09028,0.006244,0.977078,3.1588,1952486806.33,275243909.44,304118560.11,False,False
832,1.034799,0.01197,0.929433,2.8832,1853131176.66,270310499.69,303022890.85,False,False
833,1.125355,0.007653,1.002448,0.1548,2015300320.01,291428379.04,331166584.39,False,False
834,1.05784,-0.009846,0.927724,-4.8562,1894392066.66,251592353.28,330137151.06,False,False
835,0.91448,-0.02022,1.064592,5.4384,1637662775.44,6046915.07,113561020.1,True,False
836,1.101965,0.025797,1.045297,1.6206,1973412816.16,274015045.81,311418167.35,False,False
837,1.107978,-0.020501,1.009985,-1.607,1984179985.87,214021067.46,288120226.07,False,False
838,1.051535,-0.001625,1.021968,-1.8138,1883102081.98,191688551.53,273556050.49,False,False
839,1.062033,0.009784,1.014064,7.5965,1901901545.23,228709397.35,249789151.32,False,False
840,0.850371,0.004283,0.985793,-6.6187,1522854311.66,46022756.63,192759847.45,True,False
841,1.029058,-0.0086,0.934054,1.0098,1842848904.54,223662887.76,280842537.94,False,False
842,1.009706,0.016079,1.050871,-0.5436,1808193796.35,164567677.14,248449114.49,False,False
843,0.932211,-0.009088,0.974596,6.6322,1669414774.96,106679026.18,176057589.46,True,False
844,0.981303,0.03127,0.951153,-4.3364,1757328743.56,238587320.68,316967456.49,False,False
845,1.038632,-0.054722,1.043115,-0.3069,1859995135.26,65630147.71,180042285.55,True,False
846,0.918436,-0.005162,1.053833,3.3754,1644746314.77,42216900.74,147347380.58,True,False
847,0.89811,0.03333,1.005895,-4.1627,1608346784.68,121421002.09,234758790.56,True,False
848,0.911221,-0.020522,1.016619,3.9726,1631825690.85,38248822.09,142098416.42,True,False
849,0.89478,-0.027322,1.032582,2.2896,1602382232.94,1256882.99,124653047.75,True,False
850,1.08823,-0.019488,1.022642,-0.8746,1948815698.6,189475965.81,267363460.07,False,False
851,1.074798,0.01753,0.971483,1.0663,1924760860.92,286926487.5,323336753.86,False,False
852,0.973462,0.006027,0.955543,-0.6785,1743288165.13,183795774.57,262071684.03,False,False
853,0.940526,0.001618,0.999763,5.815,1684306153.06,113463817.24,184171868.56,True,False
854,1.040591,0.008141,1.018275,0.1263,1863503436.84,202750384.93,271075471.46,False,False
855,0.973819,0.004682,1.042769,0.4311,1743926472.3,117183117.41,211474556.44,True,False
856,1.054916,0.038644,0.901057,7.6877,1889157204.16,360350874.81,339098794.22,False,False
857,1.025448,-0.001101,1.007276,0.166,1836384878.0,179999157.51,255414152.4,False,False
858,0.918471,-0.028303,1.041634,1.3972,1644809633.72,13219986.15,136543462.01,True,False
859,1.001122,0.015692,0.984276,-5.8893,1792822338.18,205174169.44,302295537.45,False,False
860,0.925142,0.002619,0.998896,-8.0743,1656756339.39,101797793.09,239722208.01,True,False
861,1.002169,0.010627,0.998994,3.413,1794696624.92,186162439.43,243658950.88,False,False
862,1.13435,0.00424,0.918053,0.8084,2031407914.46,355254150.83,370923497.37,False,False
863,0.984719,0.021139,0.960105,11.5499,1763446628.79,217375122.88,225863125.13,False,False
864,1.037036,0.000358,1.005625,-4.1916,1857136279.62,194394248.0,287365024.92,False,False
865,0.814721,-0.015825,1.053439,-5.1812,1459012133.19,-65942575.14,109719540.65,True,False
866,0.931176,-0.009411,0.999203,2.0228,1667561795.75,86999156.59,183767922.08,True,False
867,1.03,-0.002866,1.053743,2.2279,1844537077.48,146443850.69,222173092.98,True,False
868,1.00177,-0.017276,0.969914,1.5617,1793981779.13,157269966.35,233117512.53,True,False
869,1.014964,-0.003848,0.974298,1.6454,1817609286.39,189960972.02,254829537.49,False,False
870,1.066341,0.030178,0.933809,-4.9287,1909617046.67,331060107.92,384756840.32,False,False
871,1.003521,0.017081,0.949645,2.6696,1797117430.76,235554832.65,280883013.5,False,False
872,1.076023,0.049325,1.00641,-2.8869,1926954906.8,323475110.7,369053780.5,False,False
873,1.080634,-0.014986,0.974389,5.8284,1935212653.42,227313998.69,257521419.51,False,False
874,1.094108,0.025547,0.975882,-5.6693,1959342423.22,317457797.19,380154151.26,False,False
875,0.988324,-0.007194,1.01639,6.843,1769903490.06,128945915.85,188351292.59,True,False
876,1.018987,0.00916,0.962811,6.6328,1824814520.55,225818915.99,254246363.05,False,False
877,1.025782,-0.000913,0.94515,-0.1336,1836982679.63,226652692.92,288646233.39,False,False
878,1.066588,0.013201,0.985914,2.4166,1910058566.73,260283807.24,298196780.89,False,False
879,1.083566,-0.006291,1.06881,1.8134,1940463297.21,176837524.43,244458823.66,False,False
880,0.892552,-0.030563,0.951682,-1.7956,1598392996.99,54078973.23,178486744.25,True,False
881,1.153797,0.033179,1.007437,0.0945,2066233804.79,366602785.03,382605064.82,False,False
882,0.96631,0.010101,1.076108,-1.7154,1730479449.01,95013007.89,206591520.07,True,False
883,0.997682,-0.013346,1.043423,2.619,1786660432.51,106281953.15,193301669.17,True,False
884,0.805162,0.013361,0.994535,5.4268,1441893863.78,11381973.35,120151642.36,True,False
885,0.87796,0.007592,1.089627,-3.1693,1572260926.13,-489318.88,147169298.34,True,False
886,0.817968,-0.015407,0.976514,-2.0166,1464827508.29,-5518912.28,138190180.66,True,False
887,1.08473,0.002558,1.138533,-8.3836,1942547912.5,143435859.2,276004396.59,True,False
888,0.937442,-0.003334,0.973727,5.3322,1678783176.35,121630889.35,192033881.76,True,False
889,0.927857,-0.01611,1.061994,3.1414,1661616842.81,26420014.06,137514515.71,True,False
890,0.858964,-0.006865,0.938569,-2.5766,1538243969.46,71688382.04,193456746.9,True,False
891,0.962555,-0.016186,0.930578,1.5544,1723755688.1,154004906.4,231232390.01,True,False
892,0.791159,-0.011279,0.944979,-3.7555,1416817346.01,161904.17,148537844.96,True,False
893,0.908207,-0.010237,1.077462,-2.2614,1626427845.94,7302543.61,148892581.5,True,False
894,0.974774,-0.014244,0.945683,6.222,1745636475.01,156912535.76,210793528.13,True,False
895,0.936742,-0.014073,1.012922,-1.4601,1677528351.99,73960752.97,190853813.72,True,False
896,0.927239,-0.005134,1.001675,8.375,1660511413.62,88774413.53,156115814.02,True,False
897,1.067059,0.016821,0.983815,6.9847,1910903073.21,269194188.75,280334414.91,False,False
898,0.913776,0.01916,0.946292,-0.1835,1636401916.46,157482241.37,241760500.42,True,False
899,0.909541,-0.003005,0.993204,-8.2031,1628816526.1,82661564.13,226666202.89,True,False
900,1.100991,0.011352,1.0868,5.2806,1971668493.43,213873335.69,250758649.48,False,False
901,1.018079,-0.017393,1.00684,9.0527,1823188550.85,143965491.47,186528106.16,True,False
902,0.864721,0.037717,1.008824,-5.7757,1548552480.54,93837091.08,222163380.33,True,False
903,1.042038,0.009697,1.020549,-6.4799,1866093689.9,205299875.55,306582876.34,False,False
904,0.902519,0.008564,1.017705,-5.6113,1616241748.58,76899059.51,210988323.29,True,False
905,1.034978,-0.00366,0.990828,3.5029,1853451060.93,196042159.66,249370893.53,False,False
906,0.847357,0.01744,0.908991,-4.5875,1517458031.57,120112637.17,234598543.12,True,False
907,0.918684,-0.007727,1.02757,7.4062,1645191261.03,57669487.23,139682658.7,True,False
908,1.091516,-0.004781,0.862508,-5.0703,1954699252.11,339668102.14,391977429.36,False,False
909,1.016319,-0.025088,0.976438,-8.3333,1820037064.04,150936770.21,278039961.43,True,False
910,1.116126,-0.022865,0.962382,-2.922,1998771482.53,251621815.62,320953625.54,False,False
911,0.945821,0.034214,1.024216,-0.9571,1693788228.84,155372076.52,243944251.0,True,False
912,0.942408,0.028477,0.996804,-4.5736,1687675850.31,162692327.53,265627758.69,False,False
913,0.796797,0.006944,0.931387,0.0775,1426914302.35,41219380.51,161576206.53,True,False
914,0.992026,-0.023684,0.936692,-9.203,1776531772.28,161972030.36,288783719.7,False,False
915,1.016335,0.019049,0.967074,-2.8304,1820064899.86,238215731.52,309950351.45,False,False
916,1.076786,0.03044,1.008652,6.3558,1928321688.79,286158168.9,294859551.01,False,False
917,1.070592,-0.021843,0.933615,3.3017,1917228501.31,235543755.86,276676940.19,False,False
918,1.116223,-0.014807,1.013352,5.2981,1998945390.19,230067821.91,261280900.34,False,False
919,1.070343,-0.012456,0.982375,-5.6308,1916783113.23,217212856.96,311124695.94,False,False
920,1.033952,0.002276,0.988402,-5.9016,1851613097.93,207907764.36,305165721.14,False,False
921,1.029379,-0.027266,0.981918,-0.7478,1843423745.72,154095084.85,242411249.94,True,False
922,1.009213,-0.006564,1.039502,-7.5876,1807311156.0,131603045.03,260910145.19,True,False
923,1.159399,0.019178,0.993792,1.8855,2076266396.66,353039985.15,363191559.39,False,False
924,0.99071,-0.001191,0.924647,4.9562,1774175425.41,209663596.24,252330048.7,False,False
925,0.959688,-0.010158,0.981959,-4.8696,1718620477.97,123804717.72,240965964.72,True,False
926,1.030448,-0.032698,1.036592,-4.4869,1845338292.32,104496479.55,227591943.35,True,False
927,1.008475,0.01352,1.001843,2.4773,1805989656.25,195103286.31,254262895.67,False,False
928,1.073728,-0.017344,0.992641,-3.2983,1922846044.02,203199412.64,289401308.45,False,False
929,1.059227,-0.002012,1.029607,-3.6319,1896876674.22,192236241.95,283445288.73,False,False
930,0.935307,0.001711,0.959312,2.7625,1674959266.12,138836313.09,215581899.21,True,False
931,1.052102,-0.006776,1.0426,0.2767,1884117607.39,167217035.53,246129118.96,False,False
932,0.981819,-0.018335,0.935397,-2.55,1758253234.69,163532032.21,257335156.86,False,False
933,0.913354,-0.013284,0.983044,7.1847,1635646321.6,76803516.56,153879877.76,True,False
934,0.954102,-0.013894,1.000763,-3.7511,1708618027.87,98543251.92,218418622.97,True,False
935,1.021873,0.0047,1.001092,5.9499,1829981877.78,191966440.56,234556218.68,False,False
936,0.960091,-0.006427,0.955362,5.6663,1719341919.43,150273275.42,209344568.83,True,False
937,1.021813,-0.009094,0.910121,-7.0061,1829874367.48,234037529.95,328119414.54,False,False
938,0.906047,-0.002624,1.01978,-2.0046,1622560103.49,60456473.19,183871528.5,True,False
939,1.0929,-0.018091,0.966096,-0.4475,1957179153.98,238148146.88,298190304.5,False,False
940,0.953694,-0.025734,0.90753,-6.0653,1707886751.18,147004715.52,262193350.8,True,False
941,1.012868,-0.017181,1.04602,-3.4076,1813856054.67,110782775.63,226116181.42,True,False
942,0.969105,-0.0051,1.040889,-1.6262,1735485743.18,97294106.0,207742027.26,True,False
943,0.869567,-0.003797,1.013416,-1.6553,1557230990.99,30502170.19,161653430.44,True,False
944,1.01589,-0.01392,1.080646,-4.34,1819268133.39,93715023.7,219208155.13,True,False
945,0.979251,-0.007516,0.988826,-1.9771,1753654998.33,140700116.77,239025099.52,True,False
946,1.098531,-0.020753,0.97079,-2.4014,1967263194.63,234348705.48,306150021.44,False,False
947,1.073323,0.023032,0.938911,-5.5432,1922119624.92,320241756.29,380805061.98,False,False
948,1.00032,-0.022422,0.968029,0.308,1791384973.56,148179843.39,233100553.31,True,False
949,1.062629,0.018045,0.955814,4.7315,1902968686.49,288115880.15,305100557.16,False,False
950,1.081869,-0.018757,0.930859,-7.5009,1937424653.44,253326375.34,345926935.5,False,False
951,1.058391,-0.010276,1.065697,3.5523,1895379144.27,149091690.85,216785648.25,True,False
952,0.800373,0.001882,1.052726,-7.3406,1433317056.98,-52611815.67,126899835.06,True,False
953,0.830652,-0.00628,1.03338,2.3135,1487541061.73,-22925574.88,108832135.46,True,False
954,1.001632,0.008996,1.041246,4.6798,1793735055.71,151450830.74,213838525.55,True,False
955,0.865791,-0.006368,1.012338,-2.7877,1550468879.21,23922665.4,161958950.13,True,False
956,1.05793,-0.033017,1.012289,4.329,1894553065.98,145150290.88,210082330.25,True,False
957,0.981133,0.0381,1.048594,-3.5352,1757025594.89,178266541.17,272088768.45,False,False
958,1.023845,0.01573,1.009937,-5.2295,1833514185.44,207441638.0,301179636.98,False,False
959,0.993312,0.007999,0.953847,0.699,1778835305.61,206736180.31,271024065.74,False,False
960,0.906155,-0.008528,1.011604,11.2591,1622754180.49,57028244.39,122572059.34,True,False
961,1.025747,0.012282,0.989544,-7.0684,1836919638.76,217983343.54,317651192.89,False,False
962,0.944805,-0.039869,0.928317,-0.4897,1691968396.99,100060859.56,204161276.21,True,False
963,0.865644,-0.008223,1.020083,-9.6999,1550205035.77,15181077.13,185369979.88,True,False
964,1.036354,0.021057,0.897048,-3.096,1855914563.33,312598497.65,362158991.95,False,False
965,0.96973,0.029713,1.043009,8.9711,1736603464.42,156740148.51,197750312.45,True,False
966,1.015136,-0.013075,1.030249,6.7849,1817917047.29,131908769.17,189755092.17,True,False
967,1.019652,-0.017635,0.969533,-2.4704,1826005629.02,172524492.66,263525439.94,False,False
968,1.013839,0.02029,1.004861,0.9482,1815595650.28,210144141.8,272031484.73,False,False
969,1.011788,-0.016471,1.002477,4.1671,1811922723.23,143369453.79,210654819.23,True,False
970,1.068811,-0.005536,1.04401,-2.333,1914040366.22,183463073.49,270838747.34,False,False
971,1.001494,0.00828,1.004818,-7.978,1793488136.57,177014855.4,293421026.13,False,False
972,1.021425,0.012314,1.032184,0.047,1829179620.87,182459935.02,257686962.09,False,False
973,0.88101,-0.004181,0.963085,-1.8909,1577723609.77,77446374.65,194686848.45,True,False
974,0.926672,-0.026838,0.984434,-1.2033,1659494743.85,65015114.41,183530919.52,True,False
975,0.937581,0.024597,0.986283,-0.5143,1679032089.99,159355450.68,244577360.21,False,False
976,0.972635,0.015819,0.926641,3.2049,1741806522.46,221497531.03,269174175.48,False,False
977,1.028496,-0.023418,0.917232,-0.1381,1841842988.16,208327904.19,276209559.66,False,False
978,0.943184,0.013987,1.010958,3.1426,1689065022.88,128478047.31,206672190.79,True,False
979,1.028925,0.017368,0.98306,1.3124,1842610893.42,235103476.16,287094786.68,False,False
980,0.958149,-0.017226,0.971617,5.413,1715865632.25,117971915.17,188624270.94,True,False
981,1.026301,0.010478,1.023268,0.9889,1837912942.64,190208860.16,258212458.8,False,False
982,1.040589,-0.019456,0.984634,-7.0379,1863499003.21,176233351.56,289620219.0,False,False
983,0.997559,-0.021362,0.998257,-1.0427,1786440508.03,125301272.86,224157959.67,True,False
984,1.043923,0.013028,0.963868,-5.1993,1869469963.34,255239845.97,334043034.39,False,False
985,0.959532,-0.002194,0.97204,2.7461,1718341024.01,144695917.58,219315102.5,True,False
986,0.898208,-0.004619,1.006479,3.9031,1608522642.25,60041098.74,157477074.42,True,False
987,1.004026,0.001503,1.020491,-5.3504,1798022111.03,155552633.76,265982238.01,True,False
988,1.019982,0.027767,0.982677,9.1122,1826595902.04,246011111.24,255536745.22,False,False
989,1.103576,0.019685,0.936328,0.8303,1976297718.84,344163778.45,363385716.9,False,False
990,0.95761,0.026688,1.028789,0.7464,1714900179.36,150470287.74,232662678.53,True,False
991,0.927246,0.024875,0.974301,8.2561,1660523015.87,158881661.27,204329471.89,False,False
992,0.968235,-0.033001,0.995093,-1.6416,1733927011.39,82048838.44,197441394.85,True,False
993,1.080219,-0.021542,0.94944,5.1589,1934470158.38,232742749.46,264773483.03,False,False
994,1.023164,-0.035274,0.971663,-17.0283,1832295179.31,141694862.57,315684069.72,True,False
995,1.063243,0.013444,1.04704,-2.7282,1904068417.89,212374576.44,292496865.52,False,False
996,0.950145,0.022367,0.939785,-6.224,1701531552.99,201916215.04,300167664.93,False,False
997,1.050669,-0.012341,1.00315,-0.4502,1881550672.03,184680146.43,261753036.4,False,False
998,0.935887,-0.023419,0.989426,0.183,1675997420.02,74944555.55,183971840.85,True,False
999,0.893449,0.016441,0.90488,3.2426,1600000202.1,164707447.94,231636646.8,False,False
1000,0.920465,0.012577,1.122002,3.1344,1648380624.59,22794707.21,135195160.68,True,False
1001,0.998507,-0.01892,0.978762,-4.7269,1788137667.38,144926341.78,255556799.12,True,False
1002,0.960657,-0.017183,1.049648,5.2423,1720355868.79,62452755.92,151609219.09,True,False
1003,0.991932,-0.005338,0.935251,-7.0927,1776364386.67,195547244.16,301340432.41,False,False
1004,1.034357,-0.045296,0.970871,-2.7247,1852338586.49,133139905.73,238212708.46,True,False
1005,0.961042,-0.023405,0.989186,0.2448,1721045780.84,96855463.85,198557117.45,True,False
1006,0.946116,-0.022168,0.98703,-1.1184,1694315915.04,87666422.88,198654828.69,True,False
1007,1.083382,0.016834,1.028517,3.241,1940132923.71,251377591.57,287559423.39,False,False
1008,1.084912,-0.006773,1.035744,-0.1526,1942873166.92,201590643.12,271744024.06,False,False
1009,1.11252,-0.039093,1.035634,4.3122,1992315142.76,161929909.4,220424528.63,False,False
1010,0.893514,-0.014732,1.01844,-4.5764,1600115549.8,30792046.85,174851008.29,True,False
1011,1.112347,0.02626,1.06111,6.7885,1992004665.55,273102142.27,282510723.41,False,False
1012,1.005512,0.018148,1.002203,-12.3831,1800683391.43,200416849.45,331223688.8,False,False
1013,0.985923,-0.002352,0.961679,-1.8827,1765603631.96,175868670.5,262547947.49,False,False
1014,1.004715,-0.007705,0.983677,-0.6107,1799255917.78,166873457.32,250334045.39,False,False
1015,1.048727,0.007683,1.027683,1.6356,1878072728.83,202404160.24,263068753.4,False,False
1016,1.100677,-0.001809,0.992817,-3.5195,1971104970.92,257237834.08,327778068.36,False,False
1017,0.983286,0.006163,0.966055,-5.42,1760880536.36,185245768.5,285964695.37,False,False
1018,1.093317,0.007777,0.990081,2.2616,1957926012.31,271397401.61,306268631.34,False,False
1019,1.07209,-0.015828,0.959984,4.8247,1919911787.5,228860617.38,264096965.07,False,False
1020,1.024282,0.008731,1.048671,-9.0421,1834297242.15,166327939.18,292393502.43,False,False
1021,1.028632,0.00636,0.976505,-8.1537,1842085964.4,219405614.06,324195680.34,False,False
1022,0.932955,-0.015763,1.052786,-0.6299,1670746678.99,38285569.6,162767412.68,True,False
1023,0.937369,0.020258,1.02156,-7.8157,1678652140.96,125745878.02,255301714.82,True,False
1024,1.005455,-0.011681,1.046477,-0.2186,1800581735.83,113867545.58,212358125.32,True,False
1025,0.976503,0.004569,0.923684,4.1258,1748734194.02,207624211.48,255267515.08,False,False
1026,0.855466,0.000459,0.885792,0.071,1531979685.3,118869386.73,214382883.74,True,False
1027,1.088462,0.021237,0.928486,0.2835,1949231414.59,338786256.36,362710351.91,False,False
1028,0.961225,-0.010838,1.022972,2.1256,1721372643.48,93626185.82,187491247.05,True,False
1029,0.915599,-0.007532,1.020423,1.8233,1639666569.36,60532809.0,166821641.61,True,False
1030,1.158601,0.010298,1.039872,-0.0245,2074836054.39,299740545.97,337813007.34,False,False
1031,0.983253,-0.011153,0.916841,1.3331,1760820777.13,191169631.98,257413942.07,False,False
1032,1.022026,0.016416,0.960869,-1.9605,1830256682.01,243337551.8,309150155.68,False,False
1033,0.9382,-0.001886,1.049519,-0.1634,1680139424.96,68618572.43,181262478.74,True,False
1034,0.844964,-0.014927,0.992954,1.8733,1513172125.72,6718343.96,130652471.17,True,False
1035,1.083108,0.035377,0.97813,3.7312,1939642851.6,324400229.48,334613942.84,False,False
1036,0.993457,0.001799,1.083229,1.9128,1779094641.84,100026579.43,192544599.69,True,False
1037,0.913459,0.007609,0.961246,1.2577,1635834148.56,127215884.33,214719810.04,True,False
1038,1.022664,0.011309,1.035545,-4.4014,1831398646.53,179279626.05,277844346.01,False,False
1039,1.087511,-0.008818,0.96958,0.1701,1947528357.76,248926675.47,302212393.47,False,False
1040,0.945999,0.002209,1.055478,3.4467,1694106766.27,78174582.12,171011198.36,True,False
1041,0.902507,0.013799,1.092257,6.8416,1616219652.59,30140962.7,124051208.9,True,False
1042,1.077676,-0.005765,0.95527,3.2674,1929914468.07,256668839.06,291108498.35,False,False
1043,0.909852,-0.012276,0.949664,-5.5252,1629373656.1,100078274.06,226567866.81,True,False
1044,1.004186,0.008588,0.986865,4.5024,1798308644.85,193339643.22,243138148.13,False,False
1045,1.049213,0.027179,1.112595,-6.9959,1878944212.91,176602878.93,289953500.98,False,False
1046,1.066015,0.002547,0.980484,7.7357,1909031754.66,243433058.07,258925146.11,False,False
1047,1.011842,-0.019295,1.029361,-0.555,1812018735.0,118391068.14,217111344.7,True,False
1048,1.060016,-0.01347,1.052876,-1.6725,1898289967.22,153964737.1,247244501.64,True,False
1049,0.858817,-0.014182,1.01122,2.8336,1537979321.94,6501425.43,126331139.89,True,False
1050,0.993272,-0.011767,1.052576,1.6676,1778763246.82,98427696.36,192653863.64,True,False
1051,0.914611,-0.004408,0.935931,7.3122,1637895935.27,127337337.54,187626573.08,True,False
1052,1.047524,-0.031873,0.994751,7.1584,1875918548.39,151482276.69,200067192.77,True,False
1053,1.004643,0.005464,1.084327,4.5062,1799127665.76,115966175.59,190495276.0,True,False
1054,1.175689,-0.003631,0.983676,-4.8827,2105437761.74,327809450.98,384925387.7,False,False
1055,0.946571,0.017948,1.041717,-2.4224,1695130576.19,115563578.63,223683345.34,True,False
1056,1.00127,-0.037936,0.961753,3.2722,1793087325.0,125831187.41,203340110.48,True,False
1057,1.123248,0.002649,1.012363,4.3743,2011525678.31,272083258.31,294759485.52,False,False
1058,1.151062,-0.024411,0.964778,8.7787,2061336339.1,276843366.42,272525832.75,False,False
1059,1.065238,-0.017228,1.030043,-3.9897,1907641813.95,168304703.09,269149038.03,False,False
1060,1.084778,0.006085,0.944257,6.4644,1942633392.6,294198811.19,299499878.64,False,False
1061,1.004048,-0.012531,1.068388,-2.9943,1798062085.45,94869305.63,213111604.97,True,False
1062,0.925542,0.0151,1.03293,-9.8922,1657472688.65,97645399.44,245169362.21,True,False
1063,0.943286,0.013184,0.984753,-8.13,1689247689.2,146621613.35,271178918.22,True,False
1064,0.844661,-0.015606,0.994125,-5.1526,1512628390.59,4557167.78,158302271.71,True,False
1065,1.019096,-0.010881,1.031318,10.7909,1825008959.12,138610823.14,174150602.82,True,False
1066,1.038674,0.001361,1.026812,-5.4176,1860069737.01,182054158.57,285255042.76,False,False
1067,0.93224,0.050651,1.071246,-1.1672,1669466360.21,134864375.89,230896262.23,True,False
1068,0.925093,0.013361,1.021528,-0.5614,1656667605.83,102789339.66,206294914.53,True,False
1069,0.854662,0.015215,1.078234,14.4653,1530538621.38,-1785070.85,71979214.29,True,False
1070,0.848354,-0.024108,0.944628,5.0575,1519243266.01,31534380.82,134242406.85,True,False
1071,1.074994,0.005203,0.975962,5.384,1925112007.55,260061324.62,282294828.08,False,False
1072,0.928876,-0.026909,1.008287,-0.2539,1663443033.36,49122261.67,168410120.06,True,False
1073,1.071627,-0.018375,1.012766,1.6954,1919082508.01,184481015.29,250383196.84,False,False
1074,0.941395,0.022898,1.002782,-0.1335,1685860912.81,147890904.26,235032277.47,True,False
1075,1.087622,-0.025182,1.047886,-4.3486,1947726237.1,159162737.54,265285751.81,False,False
1076,0.957848,0.010759,1.01019,0.6721,1715325181.81,137146213.59,223950885.62,True,False
1077,0.872065,0.037024,1.010754,-12.4632,1561704281.26,98468824.75,254134126.94,True,False
1078,0.935725,-0.030985,0.933794,1.5247,1675707080.12,103322969.37,197109711.63,True,False
1079,1.011355,-0.003869,1.003958,2.0813,1811147422.16,164718416.99,235530758.56,False,False
1080,0.931371,-0.007376,1.047342,7.9988,1667910813.23,54918073.35,134642798.9,True,False
1081,1.098265,-0.0242,0.981788,-4.8254,1966786836.89,219194045.98,308903286.14,False,False
1082,1.014131,-0.022059,0.937281,0.461,1816118238.75,183551670.87,256371023.08,False,False
1083,1.010408,0.019083,1.012642,-0.8116,1809450137.42,198966733.05,273170743.49,False,False
1084,0.976423,0.015047,0.948502,-3.8971,1748589497.13,207492549.55,293614700.81,False,False
1085,0.997521,0.013817,0.912707,2.8904,1786372404.92,251463871.44,290698993.27,False,False
1086,0.964204,-0.00649,1.042223,5.4204,1726708715.36,89514896.7,169077807.28,True,False
1087,1.079567,-0.037091,1.020244,-4.0515,1933301960.73,149683434.1,257094462.69,True,False
1088,1.027359,-0.057204,1.005818,-2.4893,1839807207.92,79587330.8,200517016.43,True,False
1089,1.031014,0.018957,1.058954,-3.8536,1846352743.03,183791008.85,278321263.12,False,False
1090,0.913934,-0.009752,0.961083,6.3657,1636684433.14,99357617.33,172868832.41,True,False
1091,0.978511,-0.015352,1.022314,-11.4652,1752330216.7,101510219.17,257920427.89,True,False
1092,0.932308,-0.004626,1.043877,-8.9243,1669588934.82,62911202.11,217451276.95,True,False
1093,1.092471,-0.010089,1.09852,1.9447,1956410164.77,155363988.29,229073769.36,True,False
1094,1.00102,-0.000197,0.983031,-4.1012,1792639361.63,177517278.52,274704033.27,False,False
1095,1.045069,0.020412,1.020085,3.4207,1871522008.61,228492542.24,271685240.92,False,False
1096,0.948048,-0.000212,1.033722,11.1377,1697776789.87,92038171.92,144629446.83,True,False
1097,1.066286,-0.004065,0.961257,6.2371,1909517977.65,245292084.25,268018915.05,False,False
1098,1.066005,0.005124,1.043034,-2.2342,1909015053.97,202023782.07,282911194.27,False,False
1099,0.965076,0.0169,0.991704,-3.0589,1728270710.17,168130705.95,262662664.96,False,False
1100,0.949806,0.013464,0.994331,-3.275,1700924713.53,146059827.22,248432368.97,True,False
1101,0.945263,-0.032144,0.989733,-0.4155,1692788481.77,68039787.27,182043750.47,True,False
1102,0.936598,-0.001831,0.971031,3.2054,1677271726.93,125390397.4,204385550.77,True,False
1103,0.859691,0.001013,1.026857,3.1656,1539544899.35,19084631.44,133475317.06,True,False
1104,0.959141,0.002526,1.042782,1.5694,1717641127.94,100064810.17,194508498.13,True,False
1105,1.049251,0.014619,1.001734,-1.5917,1879011349.7,235133843.03,301935040.37,False,False
1106,0.961587,0.000346,1.017004,1.6107,1722021896.19,117624177.68,206235282.44,True,False
1107,1.090483,-0.005302,0.99911,-4.9742,1952849740.75,236565275.52,321327702.61,False,False
1108,1.188334,-0.029005,0.944039,6.3792,2128082139.82,314523279.71,310532622.26,False,False
1109,0.930713,-0.005181,0.964595,-3.6343,1666732404.41,119266438.28,231546885.37,True,False
1110,0.918841,-0.001568,0.939592,-6.2271,1645471069.01,133093179.02,252425999.23,True,False
1111,1.042684,0.018793,0.95241,0.6162,1867251734.51,273340615.7,316569058.23,False,False
1112,1.073801,0.001158,0.991555,-10.8498,1922975666.03,239645072.03,353969931.74,False,False
1113,1.061686,0.021423,0.949296,1.2828,1901279370.58,298480021.03,330134462.05,False,False
1114,0.913021,0.016321,0.971423,-2.6107,1635049217.04,133520231.45,236338472.77,True,False
1115,1.03755,0.00159,1.013798,2.5178,1858056938.11,191097259.91,250978798.89,False,False
1116,1.144732,-0.006022,1.003553,1.3701,2050000595.59,280375400.82,316809943.92,False,False
1117,0.992588,-0.002615,1.031145,0.1855,1777539362.87,129962266.07,221320700.94,True,False
1118,1.084151,0.03022,1.037806,-6.6335,1941511615.2,271207340.9,353555872.79,False,False
1119,0.918522,0.000178,1.014109,-9.3129,1644900785.15,80496093.34,230556591.07,True,False
1120,0.887491,-0.00277,0.98097,-5.3893,1589330307.55,72260995.84,206454211.74,True,False
1121,0.958404,0.022024,0.960155,2.72,1716320913.42,194046439.27,253011166.29,False,False
1122,0.913595,-0.03397,1.043711,-0.3805,1636077335.99,-1754346.01,134362293.8,True,False
1123,1.007662,0.009035,0.982083,-5.827,1804532897.54,200887297.52,299261440.15,False,False
1124,1.027496,0.024276,1.019612,-0.2039,1840051977.62,219408272.39,284075675.69,False,False
1125,1.003668,-0.003712,0.97984,-0.7366,1797380806.6,175958215.68,257128801.78,False,False
1126,1.044712,-0.024209,0.982111,0.0616,1870882160.28,172796995.04,251036365.4,False,False
1127,0.946343,0.022243,1.071314,-3.6543,1694721806.03,100710795.26,219300556.74,True,False
1128,0.984465,-5.5e-05,1.060101,7.6868,1762992777.6,105720295.17,168611490.9,True,False
1129,1.059904,-0.01692,0.914704,0.6632,1898089866.73,249639580.55,300155842.18,False,False
1130,0.998707,-0.016346,0.955312,2.7537,1788496329.34,167068874.97,233963606.96,False,False
1131,0.906944,0.022593,0.969207,-2.7854,1624165469.37,139671146.39,241220734.94,True,False
1132,0.898607,0.00568,0.960818,5.9907,1609236014.5,110784622.76,182771358.95,True,False
1133,0.924546,0.005556,1.064391,6.8915,1655687816.15,57617059.62,141768897.99,True,False
1134,1.066277,-0.025098,1.042276,-4.4107,1909502317.2,145126071.97,255610396.7,True,False
1135,0.958203,0.013239,1.000544,7.4787,1715962200.77,148873488.25,199924312.37,True,False
1136,0.985564,-0.017702,0.957958,-0.751,1764960119.79,151209167.61,240303584.99,True,False
1137,1.055854,0.019395,0.944202,-2.7292,1890835355.56,292916165.09,347170982.39,False,False
1138,1.02922,0.001943,0.967517,0.3,1843140175.9,218459945.18,280887590.61,False,False
1139,0.890096,-0.01231,0.968608,2.7315,1593995480.1,68553204.27,168537456.12,True,False
1140,1.01787,-0.005605,0.9996,4.0314,1822813493.78,170630742.73,229745878.45,False,False
1141,0.970301,0.007399,0.977935,3.614,1737627655.55,166704248.4,230003966.24,False,False
1142,1.102297,-0.00329,1.002879,-9.8788,1974006563.3,248326152.48,356138653.99,False,False
1143,0.961096,0.001802,1.027866,9.1063,1721143116.6,111643228.43,166827039.12,True,False
1144,0.872924,-0.001919,1.073325,0.7538,1563242849.17,-7910807.67,125242152.41,True,False
1145,1.034192,0.020266,0.940026,-5.3869,1852044048.41,277268355.35,349725933.25,False,False
1146,0.952701,0.020146,1.012446,-11.3658,1706109010.85,146735391.13,286756614.53,True,False
1147,1.016246,-0.011019,0.954241,-7.5939,1819905421.57,192915478.58,302895816.75,False,False
1148,0.979036,-0.012332,1.073674,6.0131,1753269631.21,69231498.66,152043680.27,True,False
1149,0.97133,-0.005024,1.061668,-2.799,1739469183.08,84031540.71,204330328.34,True,False
1150,1.021041,0.006337,1.057021,-2.4979,1828492720.74,152782544.75,250255609.82,True,False
1151,1.048012,-0.029084,0.969357,0.8112,1876791867.95,175936481.75,249315800.88,False,False
1152,0.955818,0.009697,1.061754,-2.2571,1711691330.85,95267663.89,209216615.9,True,False
1153,1.040433,-0.02778,0.975827,-5.3162,1863220068.72,167110922.76,274623019.6,False,False
1154,0.955034,-0.018716,1.060025,4.5412,1710287043.21,47231635.18,144688775.59,True,False
1155,0.919974,-0.013254,1.0437,7.9612,1647501495.87,37767757.83,123597499.33,True,False
1156,1.064075,-0.010992,0.898912,0.291,1905558870.68,276276642.13,320198978.86,False,False
1157,0.993735,0.016579,0.936815,1.5437,1779591945.71,235006211.18,286127661.65,False,False
1158,0.992073,-0.002867,0.975404,-2.1618,1776615677.79,170328493.03,260195629.45,False,False
1159,0.99582,0.015682,1.043891,-3.2355,1783326337.52,156062233.16,255780469.63,True,False
1160,1.083012,0.004167,0.996289,2.2963,1939470876.22,250330863.54,291873390.16,False,False
1161,0.998742,-0.008362,1.012745,4.2284,1788559846.72,138848801.51,207547169.24,True,False
1162,1.035664,-0.030008,1.041803,-7.5891,1854679331.14,110043140.45,247241891.15,True,False
1163,0.921232,0.017359,1.002418,-6.0336,1649753950.93,119951642.75,242688171.97,True,False
1164,1.049798,-0.001068,0.985479,2.3875,1879991477.04,218190932.07,269922440.51,False,False
1165,0.954091,-0.025488,1.016427,-5.986,1708597387.28,67124456.43,207515400.99,True,False
1166,0.948606,-0.004258,0.950501,-8.7815,1698774652.21,147296884.56,274882506.04,True,False
1167,1.080427,0.000628,0.936373,3.4008,1934841988.25,285493720.4,309958176.51,False,False
1168,1.054533,-0.034534,0.98832,5.8536,1888470261.89,157163284.92,210435206.01,True,False
1169,1.000738,-0.01757,0.98606,7.5275,1792133547.5,143884011.0,194731186.35,True,False
1170,0.879466,-0.012435,0.998085,1.1207,1574958872.84,37141352.58,154270320.05,True,False
1171,1.153517,-0.007527,0.944557,3.2264,2065732788.48,328810843.56,339181263.02,False,False
1172,1.021648,-0.03181,1.03928,-3.9249,1829579338.33,96683368.5,219268231.7,True,False
1173,0.972044,-0.02182,0.958442,-5.9517,1740747938.02,131875328.86,251909780.13,True,False
1174,1.080081,0.011859,1.016491,7.7221,1934222238.02,247573622.16,261278511.5,False,False
1175,1.063349,-0.025719,0.982975,-1.0802,1904258327.92,185338733.85,265515874.78,False,False
1176,0.977617,0.01249,1.0174,2.5021,1750728417.11,153108361.19,225962223.33,True,False
1177,1.021838,0.004703,0.971836,-4.3669,1829919434.21,213605574.72,300995025.64,False,False
1178,0.897791,0.016733,1.002309,-0.0055,1607774626.1,97083655.83,199890994.5,True,False
1179,0.966212,0.013667,0.963391,0.4873,1730304438.1,184564776.28,257043861.08,False,False
1180,0.973607,-0.01518,1.010579,-0.1304,1743546684.44,106196154.52,206686292.4,True,False
1181,0.930702,0.018246,1.078985,-4.1624,1666712316.44,73592572.15,202899770.68,True,False
1182,0.935912,-0.014397,0.987749,2.4894,1676042566.83,91329144.78,184522689.87,True,False
1183,1.038259,0.012971,0.987031,6.6114,1859326389.12,232723379.01,258422932.79,False,False
1184,0.97347,-0.019835,1.044482,5.9128,1743301603.77,72855476.75,155151078.81,True,False
1185,0.998399,-0.007684,0.935125,-5.426,1787945622.59,197237053.2,294550316.46,False,False
1186,1.089357,0.005341,1.071924,-1.4021,1950834320.96,202399268.91,278975071.56,False,False
1187,0.889653,0.011551,1.036786,-6.8829,1593201743.75,55689014.81,201761809.21,True,False
1188,0.905491,-0.015001,0.995446,-3.0529,1621565041.67,57907002.29,186789786.0,True,False
1189,0.902544,0.000421,1.095621,-0.8391,1616287662.35,6062984.97,141688343.49,True,False
1190,1.122938,0.012632,1.062904,-7.3483,2010971104.15,254450564.21,347361874.26,False,False
1191,0.917667,-0.014937,0.944334,0.7371,1643369881.59,106552262.5,202986581.26,True,False
1192,0.944704,-0.020837,1.02406,4.8967,1691786845.37,61272907.92,152819150.16,True,False
1193,0.985792,-0.008997,0.95501,-0.262,1765369160.27,168958221.87,250008836.99,False,False
1194,0.953059,-0.001556,1.037535,1.9296,1706750259.18,91452306.73,187014703.23,True,False
1195,0.897804,-0.013241,1.02377,1.3443,1607798488.18,33012651.65,150377109.81,True,False
1196,0.96646,0.004589,1.046826,-2.5983,1730748194.31,107297704.39,219133012.2,True,False
1197,1.074532,0.014581,1.045523,1.8033,1924284424.93,226172511.61,278140089.62,False,False
1198,1.049711,0.046385,1.009047,-5.7493,1879835967.45,289863286.74,360567065.22,False,False
1199,1.089023,0.002533,1.006337,6.4191,1950236497.29,245187609.79,266279751.68,False,False
1200,0.942898,-0.025253,0.98905,-6.3916,1688552567.5,78176423.16,216578709.2,True,False
1201,1.028508,-0.003446,1.047562,-3.8816,1841863832.04,148611180.37,254492748.79,True,False
1202,0.98802,0.020712,1.020685,0.809,1769357615.75,174870336.76,248840178.54,False,False
1203,1.018006,0.002136,0.932926,-4.8031,1823057282.61,234239932.08,317123026.11,False,False
1204,1.12793,0.006074,1.012678,-10.0447,2019910141.41,283027337.99,381895699.84,False,False
1205,0.968092,0.046052,1.033757,4.7117,1733670656.45,190347872.84,240907138.96,False,False
1206,1.093583,-0.005191,1.012664,-1.4276,1958401615.32,229521388.22,297584263.5,False,False
1207,0.913707,0.015233,1.077082,-0.8954,1636278371.83,54137796.38,174677552.37,True,False
1208,1.003826,0.010405,1.010426,0.6599,1797663541.35,178828302.08,252203180.92,False,False
1209,1.056064,0.018065,1.036396,1.3097,1891212511.72,222326955.91,278246201.14,False,False
1210,1.019904,-0.009392,0.972812,2.6314,1826456016.75,185371603.29,246734967.71,False,False
1211,0.829849,-0.025492,0.988359,-7.0353,1486104104.31,-18853588.49,149673844.86,True,False
1212,0.974117,0.007151,0.919354,-0.8843,1744460068.01,213154302.37,283021170.44,False,False
1213,0.96967,0.008815,1.030246,2.8423,1736496012.62,129844519.68,208621851.85,True,False
1214,1.037474,0.010443,0.990184,2.9541,1857921949.8,224964035.11,271788445.17,False,False
1215,0.819155,-0.003146,0.981042,7.4944,1466952515.17,10156493.66,110636061.67,True,False
1216,1.003249,-0.012249,0.989062,-0.8378,1796631275.57,153415408.79,242296461.07,True,False
1217,1.004739,-0.009542,1.062733,-3.015,1799299171.6,105045258.93,220143274.64,True,False
1218,1.073268,-0.005783,1.026613,-6.0344,1922021684.91,199860741.23,301530995.72,False,False
1219,0.929417,-0.009275,0.982731,-3.5264,1664410401.02,97859337.85,216474765.85,True,False
1220,1.031727,0.001434,0.833775,-0.6646,1847629490.71,318837553.86,354023529.84,False,False
1221,1.047342,-0.0138,1.048229,4.3444,1875593223.1,145623489.38,210549503.35,True,False
1222,0.97795,0.022265,0.932059,-4.5993,1751325351.48,233733703.43,314856783.17,False,False
1223,1.043153,-0.002815,1.022243,6.7488,1868091146.35,181700528.15,222865697.2,False,False
1224,0.829234,-0.028976,1.013137,3.013,1485002050.86,-42905656.68,92415719.39,True,False
1225,0.93935,-0.003289,0.978649,6.9124,1682198882.44,119776604.45,183440338.75,True,False
1226,1.026703,0.013084,1.032177,0.0967,1838631910.13,188774323.22,261729545.69,False,False
1227,0.936251,0.00844,1.002912,-5.3044,1676650460.83,118689524.27,238924998.76,True,False
1228,0.961466,0.013821,1.004974,0.2437,1721804329.05,149624916.07,234445038.09,True,False
1229,1.019787,-0.011814,1.016607,-4.4766,1826246528.3,148413094.6,257168956.92,True,False
1230,1.105793,0.019852,1.024567,-2.7915,1980267539.34,281234921.75,340234792.24,False,False
1231,0.869001,0.018159,1.022518,4.1911,1556216732.67,57422749.97,155028017.29,True,False
1232,0.852207,-0.006081,1.005277,-3.7197,1526143520.55,17453365.3,161271189.72,True,False
1233,0.995182,0.001558,0.994671,7.3646,1782183669.81,166744579.91,211277082.45,False,False
1234,0.96838,0.009317,1.00278,-1.04,1734186423.9,149867168.61,240700849.29,True,False
1235,0.968328,-0.00949,0.998481,10.1406,1734093279.89,120388564.37,167536740.32,True,False
1236,0.962473,-0.001605,0.96201,11.0245,1723609126.29,155788954.33,187726179.44,True,False
1237,1.013822,0.000479,1.046046,0.9547,1815565647.43,143660021.37,226790095.89,True,False
1238,1.060533,-0.011163,0.954605,1.2632,1899216208.57,231574682.56,284747677.45,False,False
1239,1.040642,0.01097,1.021732,-1.546,1863594632.7,205508859.2,281489472.02,False,False
1240,0.948227,-0.006556,0.993953,-3.0194,1698096441.28,110876424.81,223293022.8,True,False
1241,1.006278,0.016578,0.996074,-0.5518,1802054480.02,202844170.68,274508220.45,False,False
1242,0.999961,0.049024,1.00726,2.1522,1790742963.26,246759629.21,291087695.76,False,False
1243,1.019651,-0.032019,0.999453,-9.882,1826004272.67,124102823.16,267677176.02,True,False
1244,0.982925,0.009651,0.976899,-7.8376,1760233782.35,183025362.86,296104552.98,False,False
1245,1.164989,-0.014501,0.97482,0.9941,2086276873.34,302075150.09,333579099.88,False,False
1246,1.089155,0.003629,1.009521,0.3175,1950471454.66,245087338.68,298812897.41,False,False
1247,0.915043,0.003471,0.96088,-1.8042,1638669347.22,122159743.55,225018534.79,True,False
1248,1.038031,0.036464,1.00177,1.23,1858919340.28,265269115.77,307968801.62,False,False
1249,1.024687,0.030882,1.042084,-8.1866,1835022297.84,212225708.58,319321224.11,False,False
1250,1.05607,-0.025057,0.973103,3.9288,1891222867.54,187649767.34,241094857.06,False,False
1251,0.998026,0.011176,0.970768,0.0817,1787276419.96,204217457.46,272317704.3,False,False
1252,1.052724,-0.013499,0.99951,2.8984,1885231810.1,187006880.69,246044469.73,False,False
1253,0.99064,0.029031,1.012237,-1.986,1774049850.48,198351359.63,278381383.65,False,False
1254,0.953033,0.010585,1.054026,3.2265,1706703446.75,99937667.42,186720727.55,True,False
1255,0.989212,-0.010154,0.962726,-0.4481,1771492515.28,164233783.3,247703842.74,False,False
1256,1.03648,0.022018,1.027251,3.1334,1856140902.64,218080218.43,266210326.09,False,False
1257,0.966638,0.016412,1.004459,-1.9033,1731066759.6,159299544.3,251200109.26,False,False
1258,1.083358,0.00549,1.026074,-0.7605,1940090932.11,231155160.33,295077847.35,False,False
1259,0.945744,0.008994,1.010027,-1.3151,1693649139.72,123091453.01,223654432.42,True,False
1260,1.05176,-0.0319,1.049972,-0.9992,1883504748.77,114130065.19,216614307.2,True,False
1261,0.900517,-0.013924,1.065669,9.2705,1612656819.44,3273547.67,95116622.61,True,False
1262,0.995245,0.001294,1.022882,-3.302,1782297127.43,145439997.56,248872834.13,True,False
1263,0.926669,-0.003148,0.988414,-2.2741,1659490584.82,101378717.56,213126520.1,True,False
1264,1.09699,-0.010237,0.958776,3.667,1964502759.4,262566622.96,292658764.47,False,False
1265,0.9377,-0.016708,1.13923,3.8203,1679244053.1,-23156977.13,100527283.07,True,False
1266,0.959459,-0.012757,1.036967,-1.2617,1718211730.89,78401189.36,193102304.43,True,False
1267,1.027138,0.017463,1.01791,8.2434,1839411733.67,207797330.56,233609692.29,False,False
1268,1.120646,-0.030788,1.091938,-3.1113,2006865931.18,143685177.82,248662669.12,True,False
1269,0.933791,-0.035863,1.02306,-2.1387,1672243852.41,27419778.12,162293882.49,True,False
1270,1.021177,0.005897,1.018871,-0.2646,1828735571.07,180354586.38,257816582.74,False,False
1271,0.962829,0.004519,0.967881,-4.3667,1724245257.67,162321421.76,264856473.56,False,False
1272,0.960115,-0.028143,1.043624,-4.4518,1719385658.95,47595614.01,187185682.85,True,False
1273,0.852761,0.004877,1.0037,-2.1615,1527135127.47,35849738.09,167271400.41,True,False
1274,1.038324,0.040978,0.966004,2.849,1859442735.46,300431626.77,323629525.27,False,False
1275,0.939926,-0.011747,0.997056,-2.2077,1683231045.63,92427497.39,206881600.97,True,False
1276,1.052564,0.017716,0.994778,10.317,1884945263.67,249209126.01,250032927.25,False,False
1277,0.921945,-0.01943,0.967498,-1.9676,1651031186.17,85738981.07,201052496.98,True,False
1278,0.930845,-0.008093,1.00159,-0.6774,1666968442.0,87133273.63,196194322.57,True,False
1279,1.028313,-0.024598,1.045919,-9.4686,1841515423.59,110700035.22,256897157.41,True,False
1280,0.977448,0.00662,1.020578,-4.2609,1750424979.94,140322099.16,249702976.71,True,False
1281,1.086843,0.030822,0.980489,1.5132,1946330914.3,317404047.55,341615411.12,False,False
1282,1.150692,0.022483,1.068877,-3.5282,2060673900.17,296069847.1,355096382.18,False,False
1283,1.070026,-0.00442,0.9192,-13.5056,1916215105.59,279113473.85,394550282.66,False,False
1284,0.906655,-0.014287,1.003939,4.0374,1623649031.1,53798016.07,152472686.54,True,False
1285,1.084235,0.005881,1.024007,3.4152,1941661211.4,234248509.23,274971535.65,False,False
1286,0.843016,-0.001428,0.944556,1.918,1509683591.74,61226296.6,167550700.51,True,False
1287,1.220959,0.02496,0.94054,-3.0137,2186508342.39,462937445.83,466700648.21,False,False
1288,0.951139,-0.022608,1.042808,-5.8217,1703310656.85,49956516.09,194988096.59,True,False
1289,1.082105,0.002875,0.988515,-7.2482,1937846929.78,252756640.71,344206355.54,False,False
1290,1.074495,-0.022223,0.994286,-1.9201,1924218407.08,193262102.3,275390533.59,False,False
1291,1.00132,0.013107,1.034569,7.655,1793175268.48,163478695.2,207408079.34,False,False
1292,0.966241,-0.039167,0.999451,-3.0066,1730356231.1,66465326.65,193299694.83,True,False
1293,1.06641,-0.000204,1.023901,-3.2564,1909739611.02,206387437.95,291231366.57,False,False
1294,1.057782,-0.0162,0.990645,-11.9725,1894289319.1,192909720.75,327163847.72,False,False
1295,1.128378,-0.010849,0.981021,6.5904,2020712191.96,272684703.22,282789880.97,False,False
1296,0.950856,0.036964,0.935737,-13.1841,1702803937.52,230440625.91,352056196.59,False,False
1297,0.986228,0.012748,0.961554,3.2053,1766148318.75,202904747.77,256315302.12,False,False
1298,0.928638,-0.010332,1.045127,5.3399,1663017095.75,49205324.83,142979596.75,True,False
1299,0.967855,-0.007844,1.097332,-1.6364,1733247349.88,49619223.1,175361828.85,True,False
1300,0.871948,0.000915,1.023935,-3.3414,1561495911.7,32209475.55,170046931.76,True,False
1301,1.013382,-0.044188,1.044694,-5.2247,1814777257.18,63202232.52,202804614.57,True,False
1302,0.996145,-0.018585,0.957391,6.2211,1783908563.32,159292230.53,211763541.34,False,False
1303,0.983709,-0.027465,1.023601,-1.016,1761638119.32,83778484.47,195722744.44,True,False
1304,0.94256,0.001381,0.986271,-2.4659,1687947855.77,124900913.19,230186328.29,True,False
1305,1.036615,-0.009103,0.985659,-1.6011,1856383185.84,191235711.06,272033488.18,False,False
1306,0.974506,-0.057547,1.016995,-5.5621,1745157583.23,28298458.9,179686512.38,True,False
1307,0.902767,0.012456,1.010029,-0.4324,1616686040.33,89104658.3,196356349.49,True,False
1308,0.949817,-0.005591,1.012293,2.7314,1700944601.8,100357038.19,189364160.76,True,False
1309,1.006042,0.014412,1.0263,3.6953,1801632907.14,176338793.62,235520311.96,False,False
1310,1.001383,0.028465,0.935345,-0.6132,1793288658.16,264557850.91,316762008.74,False,False
1311,1.062697,0.003609,1.018701,-0.5868,1903090394.93,214137276.5,282522981.58,False,False
1312,1.017698,0.010549,0.951553,-9.1646,1822505198.56,235498391.83,339749240.24,False,False
1313,0.95685,-0.005211,0.977448,-1.4041,1713539495.45,133105602.22,230953635.36,True,False
1314,1.018362,0.007146,1.010883,-1.0321,1823695399.81,185969822.07,265466003.62,False,False
1315,1.03658,0.012151,1.025593,-0.6112,1856319405.53,201086592.41,273697450.09,False,False
1316,0.896226,0.003746,0.995022,-2.1147,1604973009.54,80172777.67,197665963.74,True,False
1317,0.893533,-0.000294,1.022285,0.0928,1600150275.83,51065082.15,168167463.11,True,False
1318,0.984317,-0.013176,0.943909,-0.5086,1762726508.52,168500335.37,250886269.91,False,False
1319,0.988038,0.002811,1.014121,-8.7772,1769389684.65,148074040.59,277089206.55,True,False
1320,0.879611,0.025068,0.942603,0.3215,1575218043.62,137430926.35,225915352.17,True,False
1321,0.96406,-0.027097,1.04413,0.6203,1726450044.68,52397524.43,166546032.58,True,False
1322,0.996174,-0.024696,1.045953,-3.309,1783959905.88,82832893.25,206349042.11,True,False
1323,0.989812,-0.006382,1.050065,2.0689,1772568259.03,106774292.59,196408956.83,True,False
1324,0.963952,0.021268,1.015786,1.3743,1726257401.18,156784590.12,233963803.08,True,False
1325,0.95462,-0.010152,1.012705,-4.8397,1709544854.8,96553118.71,222173779.43,True,False
1326,0.948709,0.004752,0.967744,-3.1062,1698960132.88,149927426.03,250259020.76,True,False
1327,0.927862,-0.021332,0.977599,2.7664,1661625938.85,80245433.72,175823170.45,True,False
1328,1.057503,-0.032145,0.965837,6.4358,1893789768.94,180839514.32,223429072.3,False,False
1329,1.10047,0.010814,1.079732,4.139,1970734801.95,217566595.17,259447607.56,False,False
1330,0.967405,-0.000116,1.039438,-3.8629,1732440184.68,105480051.5,223911225.48,True,False
1331,0.990455,-0.01336,1.056605,1.8024,1773718943.47,90130529.24,186379923.44,True,False
1332,0.991121,0.006272,1.012404,-2.4708,1774910859.14,158293961.73,253504832.2,True,False
1333,1.103132,-0.030811,1.009754,-0.7461,1975502040.98,189616623.16,266827353.12,False,False
1334,0.975253,0.022556,1.01089,-0.9833,1746495019.82,173317082.65,256410528.54,False,False
1335,0.982153,0.008046,1.019188,0.7851,1758851008.02,148173571.77,230824608.38,True,False
1336,1.074693,-0.012391,0.968902,-1.4836,1924573686.07,231153785.84,298857286.11,False,False
1337,1.008643,0.025008,0.9551,-10.1592,1806289707.62,250623155.67,354548748.1,False,False
1338,1.176665,0.007184,0.972789,-2.649,2107186427.41,359538507.09,393629112.51,False,False
1339,1.103868,0.003928,0.991582,-0.325,1976820030.97,272371028.69,320822362.58,False,False
1340,0.944199,-0.005543,1.087108,9.4121,1690882347.51,40006468.68,117452050.58,True,False
1341,0.970653,-0.01591,0.945102,-1.7358,1738257734.0,150822941.34,244676063.21,True,False
1342,0.942051,0.017302,0.940875,5.4064,1687036911.54,184915995.18,234604256.29,False,False
1343,0.927616,-0.0399,0.990727,-2.7834,1661185342.52,39464450.22,173353377.37,True,False
1344,0.877293,0.004917,0.964871,-1.3477,1571066842.35,87081193.73,198865955.95,True,False
1345,0.920585,0.009249,1.048833,-1.2537,1648594533.93,71602308.68,188201999.58,True,False
1346,0.883592,0.038622,1.003691,10.1795,1582347712.28,117422464.26,169567116.97,True,False
1347,1.070661,0.02921,1.036431,3.6653,1917352422.91,257351182.16,289594615.73,False,False
1348,1.075745,-0.034426,1.045652,-7.4849,1926457413.99,132797211.33,263657172.87,True,False
1349,0.966191,0.009027,1.011682,10.0016,1730267190.02,140755532.25,182151385.86,True,False
1350,1.025051,-0.007426,1.021082,5.4364,1835673520.45,157806772.52,213817573.92,True,False
1351,0.838587,-0.02573,1.058218,2.7626,1501751229.94,-63435871.93,79347138.77,True,False
1352,1.04074,0.032595,1.019466,8.4477,1863769798.66,247581269.45,259069190.02,False,False
1353,0.844995,-0.018222,1.013283,-2.2336,1513226666.2,-13296467.78,134068371.95,True,False
1354,1.037315,-0.002361,0.991296,7.5125,1857636543.96,200208895.63,231757572.62,False,False
1355,0.985086,0.003561,1.026356,-6.6055,1764104467.36,137649078.53,259376707.67,True,False
1356,1.029354,-0.020617,1.098032,2.9967,1843379108.02,80343258.66,173348974.87,True,False
1357,1.093473,-0.030183,1.063357,-2.2881,1958205106.12,142945314.58,243328207.77,True,False
1358,0.970229,0.019268,1.059247,-5.0252,1737498652.35,127045186.59,244161908.36,True,False
1359,0.955793,0.039678,0.925018,-2.3989,1711645987.84,247819083.23,313616615.96,False,False
1360,0.970018,-0.020549,1.048566,-6.1011,1737119395.71,65590001.43,207487783.24,True,False
1361,1.138877,-0.020592,0.996677,-4.8232,2039515279.04,250517588.08,331152402.71,False,False
1362,1.037911,0.010161,1.038853,0.4064,1858703504.74,188801076.75,260165062.14,False,False
1363,1.074771,-0.003562,0.985618,-2.7146,1924712537.83,235838270.24,308534682.29,False,False
1364,1.046258,0.013855,0.927053,6.658,1873651470.04,286219481.72,294301881.32,False,False
1365,0.990732,-0.031646,0.975621,-5.7451,1774214216.56,117901288.12,241949050.41,True,False
1366,1.024775,-0.021855,1.058832,5.5109,1835179511.44,103126635.98,176267666.48,True,False
1367,0.984949,0.014451,1.028135,3.7366,1763859102.52,155416278.71,221475676.06,True,False
1368,0.938441,-0.021205,1.034137,-10.6746,1680571177.07,47759660.05,215475817.73,True,False
1369,1.039911,0.013839,1.00943,-4.1509,1862285376.36,219287266.95,304143730.25,False,False
1370,0.986478,-0.02568,1.070643,-0.6873,1766596786.95,54465375.23,174212813.0,True,False
1371,0.890768,0.004391,1.007392,2.9763,1595199004.06,67066814.75,166447662.0,True,False
1372,0.921253,-0.010911,1.046869,-2.8531,1649791510.57,40413812.28,174227104.51,True,False
1373,1.109187,-0.015056,0.96321,-3.6953,1986344778.06,260524703.96,331116501.37,False,False
1374,1.046193,0.017817,1.000438,-8.6717,1873535497.86,239239146.99,341044055.21,False,False
1375,1.040063,-0.000236,1.016613,-3.4429,1862557513.0,187893815.31,279186598.93,False,False
1376,1.045328,0.03433,1.029826,1.7721,1871986656.74,247577351.83,293113723.77,False,False
1377,1.081351,0.027811,0.97557,6.663,1936496563.39,309944177.26,309261710.77,False,False
1378,1.136494,-0.022876,0.988413,-0.5617,2035246620.73,249919589.62,306927128.86,False,False
1379,1.101939,0.02074,1.023329,-7.8185,1973365145.37,280279581.61,366710536.08,False,False
1380,1.024385,-0.024128,1.111287,0.9069,1834480520.41,59774288.16,169938162.17,True,False
1381,0.971115,0.004035,0.979689,3.3154,1739084587.3,160301965.28,227058516.46,False,False
1382,1.082252,-0.0091,0.960554,-3.7488,1938110062.91,250386601.41,324018774.63,False,False
1383,0.985676,0.036244,1.001259,5.7101,1765160639.64,214463066.13,252070272.26,False,False
1384,1.079164,-0.002606,0.919151,-0.6943,1932579479.28,290853340.55,335306525.85,False,False
1385,1.117717,0.029256,1.000892,5.3029,2001621342.15,328803067.02,328355185.52,False,False
1386,1.033742,0.019017,1.007842,3.4469,1851237232.8,224312422.51,268899865.48,False,False
1387,0.943268,-0.020251,1.017507,6.6407,1689214980.8,65871005.72,147909089.91,True,False
1388,0.918916,-0.001847,0.988735,3.1341,1645606546.41,96309400.37,185210013.9,True,False
1389,1.010658,-0.043415,1.044297,7.449,1809898754.26,62646396.5,139512595.01,True,False
1390,1.098241,-0.002237,1.049459,1.2808,1966743226.84,212255366.49,271281962.38,False,False
1391,1.049655,-0.002821,1.040937,-1.045,1879735159.43,173697873.47,257345945.6,False,False
1392,0.911728,-0.015358,0.992268,1.1226,1632734118.36,65154412.43,173133196.1,True,False
1393,1.067133,-0.001943,0.945806,0.4208,1911035135.59,261551551.94,309501744.94,False,False
1394,0.983994,0.007328,1.01679,2.2976,1762148762.25,150376938.92,225014040.96,True,False
1395,1.152479,-0.017702,0.981396,7.541,2063872874.89,279603139.27,281339711.86,False,False
1396,1.068352,-0.022777,0.990847,-0.4443,1913217093.64,189434728.93,264994549.46,False,False
1397,1.018424,-0.02498,1.019598,3.759,1823806858.55,120982870.49,197335620.15,True,False
1398,1.071196,-0.009706,0.9787,-12.1978,1918311479.08,225963157.78,351612153.75,False,False
1399,1.185365,-0.020717,1.011519,7.1051,2122766517.06,279613699.45,282665415.5,False,False
1400,0.977941,0.01346,0.995856,-6.8382,1751308252.74,171061828.45,282982372.18,False,False
1401,0.877923,0.007258,1.000668,-0.1128,1572195681.05,64828089.81,178418916.77,True,False
1402,1.023929,0.021795,1.012725,1.0992,1833665335.26,216576984.72,275599943.23,False,False
1403,0.933211,-0.013693,1.025834,5.8379,1671206155.28,61928474.48,149231508.11,True,False
1404,0.953645,-0.000821,0.998643,-4.8239,1707799326.68,122037411.94,239406071.72,True,False
1405,1.015971,0.004102,1.010957,0.615,1819412360.42,178182748.62,251948759.64,False,False
1406,0.997343,-0.007198,1.016426,-5.2422,1786053607.92,136957267.7,252632310.52,True,False
1407,0.991094,0.004551,0.966651,-3.2509,1774862663.24,189094907.08,278242577.13,False,False
1408,0.904547,0.01435,0.985103,1.2707,1619873860.5,112281180.95,204561803.4,True,False
1409,1.007269,-0.018865,1.054162,7.0023,1803829898.28,96821571.82,165082990.64,True,False
1410,0.922085,0.005384,1.025452,1.0061,1651281898.65,83917769.07,186362137.91,True,False
1411,1.066361,-0.020989,1.034234,-2.1286,1909651941.54,158999485.23,253105986.49,False,False
1412,0.991095,0.031484,1.054991,9.4449,1774865572.35,171480923.57,204529503.06,False,False
1413,0.916988,0.012299,1.022651,5.102,1642152577.07,92685602.58,173922035.45,True,False
1414,1.060121,0.00763,0.999552,-5.2202,1898477288.06,233603406.4,319851976.85,False,False
1415,1.014117,-0.001993,0.988532,1.0641,1816093254.93,182029417.42,252335433.43,False,False
1416,1.064422,0.036054,1.042367,3.1534,1906179378.84,260028190.06,294200572.31,False,False
1417,0.962944,0.02578,0.942342,-2.9875,1724451185.3,218003050.07,296206424.06,False,False
1418,0.908745,0.020505,1.028556,7.9361,1627391030.59,94025823.44,162403352.61,True,False
1419,1.049782,0.019069,1.019579,-2.7867,1879962938.37,230779409.06,305133027.34,False,False
1420,0.92493,0.005184,0.997347,2.1372,1656376131.52,107000764.89,196911758.19,True,False
1421,0.952912,-0.00883,1.009196,1.1355,1706487145.05,99892525.08,196468035.3,True,False
1422,1.079127,-0.012493,0.970442,1.42,1932514539.96,233730647.56,285268696.42,False,False
1423,1.022633,-0.007105,1.059823,6.5202,1831344112.26,127549867.31,187869694.61,True,False
1424,1.023043,-0.002435,1.029021,7.1537,1832077263.48,159281148.5,206253897.03,False,False
1425,0.990191,-0.027978,1.042316,-0.9206,1773245793.34,74556572.07,189020897.74,True,False
1426,1.042042,0.008431,1.038639,-11.5591,1866100658.83,189545124.98,321837852.82,False,False
1427,1.114176,-0.000164,1.047786,1.8665,1995280455.06,231986843.54,281397710.87,False,False
1428,0.95173,-0.01295,1.009916,0.5758,1704368926.72,91285442.38,193235330.0,True,False
1429,0.905107,0.013115,1.033742,0.2601,1620876818.52,74782457.37,183546940.74,True,False
1430,0.976438,-0.023228,0.958236,2.1406,1748616790.15,133370995.47,214287111.12,True,False
1431,0.940143,0.016223,0.992753,5.3773,1683620358.35,142896310.75,206215726.84,True,False
1432,1.035662,-0.037182,0.981414,-0.938,1854676999.83,141456325.43,234806353.39,True,False
1433,0.965691,-0.011561,0.904187,2.6733,1729371970.12,184294465.4,246504270.05,False,False
1434,0.998872,0.00709,1.009083,0.0908,1788792361.28,169317541.17,248540781.79,False,False
1435,0.996211,-0.023998,0.977242,-4.6023,1784025985.8,134991898.18,248139020.36,True,False
1436,1.09278,-0.024002,0.994967,4.1001,1956963415.28,205096250.43,251332622.07,False,False
1437,0.898393,-0.001595,1.128242,-2.0182,1608852261.98,-25098232.45,125679085.24,True,False
1438,0.945747,0.016182,0.956802,-5.0957,1693655349.57,174684502.54,276280099.92,False,False
1439,0.999288,0.004906,0.941644,-1.3436,1789536960.16,215730223.8,287133892.56,False,False
1440,1.01041,0.012588,1.016744,-2.7578,1809455370.75,184180013.31,272763696.57,False,False
1441,1.014179,0.015757,1.00508,1.9234,1816203486.6,202067999.03,261685561.43,False,False
1442,0.972093,0.022467,1.010957,4.4977,1740835292.18,170124675.9,228083460.03,False,False
1443,1.00424,0.015443,0.967347,6.2933,1798405527.15,220172386.37,252559290.51,False,False
1444,1.003002,0.010276,1.067905,0.1662,1796187655.33,135269595.48,225015569.93,True,False
1445,1.044209,-0.013819,1.045395,3.596,1869981349.74,144928565.45,213978158.54,True,False
1446,1.018415,0.003683,0.991577,-2.1977,1823789595.36,194000764.33,276751599.45,False,False
1447,0.951101,0.03306,0.913633,-1.3424,1703243451.34,240398191.09,303584657.93,False,False
1448,0.913598,0.009431,0.963139,0.0517,1636082484.4,128921611.87,221285024.81,True,False
1449,1.101489,0.00671,1.003423,-3.1728,1972559134.19,266920194.41,332502189.02,False,False
1450,0.874585,-0.033279,1.020241,-0.3282,1566218260.87,-16220033.21,124228506.96,True,False
1451,0.806447,-0.005592,0.991825,-2.8515,1444194954.43,-12789167.94,136435725.08,True,False
1452,1.131811,0.001864,0.989522,-7.4359,2026860483.58,295197165.06,375875763.38,False,False
1453,1.021125,0.01002,1.047557,-0.7136,1828642438.36,166602648.15,250714814.13,False,False
1454,0.950226,0.00762,0.992375,3.2126,1701675846.24,137953379.03,212680754.04,True,False
1455,0.983326,-0.02043,0.953087,-0.053,1760951463.45,148057824.82,234784698.25,True,False
1456,1.091495,-0.005456,0.983108,0.7465,1954661954.05,249021440.02,299186716.11,False,False
1457,1.050007,-0.015478,1.077607,-1.3735,1880365957.13,123058492.83,224605521.55,True,False
1458,0.997833,-0.009107,1.030993,-0.1829,1786930674.53,123194502.56,218517519.12,True,False
1459,0.94979,0.020795,0.93396,-6.187,1700895291.68,203219729.36,300870653.22,False,False
1460,0.871882,0.019945,1.031556,3.7552,1561377646.46,56220433.63,156015942.58,True,False
1461,0.880503,0.006568,1.007274,1.8084,1576814666.31,61216246.81,167664677.29,True,False
1462,0.844875,0.050112,1.044296,-1.6913,1513012459.5,67024641.52,186437717.16,True,False
1463,1.009542,0.030532,1.013566,-1.7727,1807899675.92,218169669.05,290985947.78,False,False
1464,0.972399,0.01081,1.040091,3.879,1741384286.88,128540938.48,202751481.27,True,False
1465,1.006514,0.009462,0.986027,-0.0171,1802478263.98,197678618.29,268355811.53,False,False
1466,1.052752,-0.027287,1.000186,-7.5803,1885281329.54,160536045.04,282168001.29,False,False
1467,1.034216,0.030092,0.934213,-11.5288,1852085852.49,299794844.93,396209748.61,False,False
1468,1.0138,-0.003987,1.004694,-1.7497,1815524944.13,166154364.49,255538105.69,False,False
1469,1.129847,-0.00795,1.046199,-2.0238,2023343902.7,231584775.86,302546182.49,False,False
1470,1.177721,0.003151,1.033813,4.1945,2109076668.32,306808904.13,318243107.97,False,False
1471,0.899378,-0.039469,1.02113,-9.5399,1610616204.09,-5889829.12,171940874.24,True,False
1472,0.993496,-0.006925,1.039858,4.6791,1779165262.98,116660272.6,190370831.4,True,False
1473,1.057785,0.011922,0.967463,-2.0749,1894294611.54,263350229.12,323696412.2,False,False
1474,0.869445,-0.008792,1.063334,1.2214,1557013196.07,-14349264.98,118882006.32,True,False
1475,0.962875,0.00227,0.90498,-3.6019,1724328708.39,205065339.07,290310514.46,False,False
1476,0.969672,0.000585,0.968304,-7.6772,1736500229.65,161425283.56,280143618.04,False,False
1477,1.040748,-0.002552,1.048567,8.6267,1863783660.51,160533162.52,198962407.83,False,False
1478,0.870527,-0.018469,0.960405,-3.6887,1558950171.43,47748753.38,182073894.33,True,False
1479,1.09936,-0.008579,0.971134,5.2537,1968747909.7,258780795.69,281483399.58,False,False
1480,0.935428,0.022724,1.019654,-4.5438,1675175830.29,129461771.02,242737768.52,True,False
1481,0.972455,-0.008461,1.023321,8.9194,1741483633.88,107450370.28,164359802.81,True,False
1482,0.975618,-0.021387,0.996882,-11.073,1747148913.76,107261180.66,259790644.33,True,False
1483,1.113341,-0.002654,0.959025,3.7208,1993785366.52,291998214.11,312084159.89,False,False
1484,1.071342,0.016535,1.023166,-5.8926,1918572655.39,243507710.1,330409054.46,False,False
1485,0.91296,0.003883,1.038486,4.9544,1634940515.47,63466506.76,154814951.88,True,False
1486,1.06951,-0.009597,1.062396,2.9002,1915292371.6,162694970.83,229264161.6,False,False
1487,1.064557,-0.021077,0.993816,-4.7306,1906421534.55,187198617.93,285853427.45,False,False
1488,1.062541,0.009325,0.953244,-4.2408,1902810673.7,273342887.99,341831126.93,False,False
1489,0.852675,-0.008753,1.007712,-3.7094,1526979959.46,11987945.07,157520011.71,True,False
1490,1.065216,0.022651,0.966247,6.2549,1907601828.2,291601543.01,299449068.75,False,False
1491,1.091388,-0.006673,0.951309,8.6597,1954470931.12,270095503.95,271144563.76,False,False
1492,0.885951,0.012372,0.994851,-5.9678,1586571025.99,84618904.15,217331318.39,True,False
1493,0.945917,-0.007916,0.980528,-1.6395,1693959037.62,116451834.28,220646042.68,True,False
1494,0.975658,0.000396,1.053779,-1.7876,1747220217.17,103220056.47,212596511.68,True,False
1495,1.156343,-0.016398,1.048023,5.6209,2070793405.4,236340021.34,262671642.63,False,False
1496,0.905181,-0.012191,1.033665,0.7429,1621009955.99,33887075.52,153593678.86,True,False
1497,1.102234,0.009122,1.012505,0.3193,1973894373.39,265640789.31,312759145.79,False,False
1498,1.012589,-0.023507,1.015581,0.2192,1813356428.03,121609068.13,215454935.55,True,False
1499,1.056428,-0.011492,1.039028,-4.1455,1891864884.1,164802180.37,267402316.66,False,False
1500,0.955347,0.001743,1.053857,4.6989,1710847046.99,87073099.52,171034456.92,True,False
1501,1.090804,-0.018055,0.975091,-7.1666,1953424599.01,229728501.74,328419909.38,False,False
1502,1.009782,-0.043202,1.019891,-3.9095,1808330034.03,80379949.36,207877061.2,True,False
1503,1.002357,-0.020164,1.063253,-3.1516,1795033076.43,83478853.84,206114706.19,True,False
1504,0.984097,0.016455,1.093746,-4.2122,1762332496.04,109567597.72,228693900.74,True,False
1505,1.037758,0.004632,0.97868,14.0424,1858428806.76,222945028.09,213954348.52,False,False
1506,0.958767,-0.009311,1.034403,5.5233,1716971700.68,85605986.42,166080365.86,True,False
1507,1.080407,0.018504,1.007633,-9.237,1934805875.5,267292134.8,364572155.92,False,False
1508,0.926161,0.00503,0.975918,2.9888,1658580885.28,123739327.82,204411260.87,True,False
1509,0.939332,0.004636,1.006365,0.0824,1682167325.25,112567731.79,210016357.15,True,False
1510,1.028695,0.022105,0.948306,-4.8425,1842199754.44,269350732.04,341449322.2,False,False
1511,1.026707,-0.015104,1.024559,-1.0444,1838638670.22,142591102.76,236072954.16,True,False
1512,0.889335,0.026471,1.051889,-2.7741,1592631884.48,67971760.4,192175104.09,True,False
1513,1.039777,0.001663,1.051254,0.2053,1862044544.88,165517855.52,245354772.86,False,False
1514,1.059829,-0.018633,0.980674,2.3249,1897954038.63,197467678.3,256038877.26,False,False
1515,1.036341,0.021969,1.02112,-4.4212,1855892118.64,222398692.3,307561033.78,False,False
1516,1.032227,0.023683,1.000823,-6.8144,1848525231.87,236712729.22,329325719.64,False,False
1517,1.002453,0.008965,1.000722,7.282,1795204964.36,182161067.95,221903722.59,False,False
1518,0.975147,0.001377,1.013283,8.5214,1746304658.23,134459908.75,184513121.28,True,False
1519,1.04044,-0.036091,0.98531,-7.3239,1863231906.03,144608658.07,269570236.06,True,False
1520,0.909324,-0.005,1.015217,5.0489,1628427740.99,62916504.59,154107810.58,True,False
1521,0.992061,-0.017777,1.027341,7.1284,1776595796.13,105369118.5,170804011.23,True,False
1522,1.063125,-0.007637,0.929938,5.4981,1903857635.38,258847341.12,281187683.51,False,False
1523,0.9598,-0.029334,0.996595,2.8358,1718822064.85,80105539.41,174967768.37,True,False
1524,1.02174,-0.017813,1.030192,3.0513,1829743774.14,129102335.69,206343557.92,True,False
1525,0.985335,-0.019283,0.975004,-6.289,1764549483.22,135595661.86,256458623.07,True,False
1526,0.908302,0.004428,1.00268,-1.7499,1626598070.82,86621229.6,200550811.6,True,False
1527,1.078051,-0.003247,0.924885,-6.0279,1930586879.04,284367081.65,359102672.47,False,False
1528,0.961783,0.001856,0.939943,-3.7767,1722372471.73,177468323.84,272349788.37,False,False
1529,1.077339,-0.004246,0.969201,-5.3402,1929311794.06,248982704.14,331385318.19,False,False
1530,0.953262,0.018252,0.975061,-6.697,1707112383.57,171713041.38,281936973.9,False,False
1531,0.92652,0.012949,0.993484,-3.1035,1659224040.55,124200043.75,232414058.57,True,False
1532,1.046171,-0.006647,1.019506,-0.4503,1873495196.88,179263367.26,258060267.69,False,False
1533,1.016441,-0.005022,0.961546,-6.2011,1820254129.21,198593287.45,299818046.76,False,False
1534,0.99952,0.002224,1.054807,-0.3794,1789952413.81,127341123.51,222302394.34,True,False
1535,1.015286,0.001468,1.028629,-2.4903,1818186912.67,159682583.46,254838852.11,False,False
1536,1.00588,0.017864,0.98569,-0.5163,1801341610.8,212479140.12,280883904.81,False,False
1537,0.994311,0.000467,0.940017,-3.9517,1780623361.03,204483216.0,292176464.42,False,False
1538,1.084575,0.000829,0.962511,2.0326,1942270245.84,270287029.76,306828783.44,False,False
1539,0.922158,0.027094,1.013038,-3.054,1651412010.41,129028542.03,235406956.51,True,False
1540,0.995762,0.004437,0.998359,0.6429,1783222786.6,169674746.64,246088031.52,False,False
1541,0.961184,-0.00893,0.991222,-1.7328,1721299773.95,120385626.9,223883660.57,True,False
1542,1.072389,-0.001291,0.989606,-9.4258,1920447920.13,235106284.55,343316287.64,False,False
1543,0.898754,-0.000621,1.017115,-7.2449,1609500347.91,59088827.51,205977283.2,True,False
1544,1.081932,-0.035845,0.948668,-6.6239,1937537222.71,207085883.22,309830242.05,False,False
1545,1.018652,0.005292,0.960853,0.0766,1824213780.66,219902972.44,283001050.77,False,False
1546,0.839352,0.002561,0.972156,-1.6682,1503121308.04,43476629.64,170283726.38,True,False
1547,0.936212,-0.041339,0.946845,5.1099,1676580132.67,76714690.46,162544306.09,True,False
1548,1.12195,-0.010388,1.006256,0.9726,2009201893.27,249231377.19,297973447.22,False,False
1549,1.061271,0.010629,1.062701,1.7823,1900537709.36,193595240.51,256214264.72,False,False
1550,1.039078,-0.002641,0.988814,1.5785,1860794265.47,203112762.91,263919374.08,False,False
1551,1.003603,-0.002021,1.042517,6.0536,1797264118.33,132523974.29,194158083.31,True,False
1552,0.866431,-0.020668,1.00513,-1.5223,1551614550.41,7645115.38,145519692.7,True,False
1553,1.069795,-0.00093,1.049758,-14.3849,1915801478.03,188911240.71,337812852.37,False,False
1554,1.011763,0.016795,1.011921,11.978,1811876798.61,196628003.53,208097455.25,False,False
1555,0.963965,0.016967,1.089241,0.5632,1726280375.85,94976914.23,195770322.8,True,False
1556,1.056297,-0.011867,0.976406,-0.7299,1891628983.49,210349092.23,280669936.63,False,False
1557,1.031932,-0.022767,0.975317,1.5914,1847996935.76,169482214.58,241040609.14,False,False
1558,1.096547,-0.009279,0.982338,2.8951,1963710398.97,246607551.79,285967583.88,False,False
1559,0.954352,0.010306,1.066862,4.437,1709064710.72,91173411.07,175072156.19,True,False
1560,0.900307,0.009238,0.958696,-2.4605,1612280670.11,119648505.58,226079506.83,True,False
1561,0.95578,0.024607,1.008328,-3.4468,1711621613.16,160317422.3,259028868.54,False,False
1562,1.025488,0.020017,0.96068,-0.0983,1836456978.55,253323556.05,306604753.11,False,False
1563,0.973849,0.010352,1.021465,-1.5556,1743980096.63,142875529.26,238438022.21,True,False
1564,0.883362,0.023259,1.003066,-2.3,1581934547.27,93357391.97,207301477.38,True,False
1565,0.963284,-0.002321,1.038308,0.8244,1725061048.27,98783987.95,197126744.61,True,False
1566,1.089119,-0.013639,1.095151,5.4632,1950407765.78,147961934.23,205271204.04,True,False
1567,1.082437,0.013183,1.016973,3.4831,1938442245.21,251964849.33,286687879.74,False,False
1568,0.984691,0.041098,0.941104,1.0024,1763397163.15,266616196.53,310306273.71,False,False
1569,0.994661,0.020032,1.068127,0.3677,1781250229.2,144782318.57,230507504.65,True,False
1570,1.042359,-0.021092,0.95448,-2.8207,1866669559.87,197049205.86,282269094.64,False,False
1571,0.929868,0.00767,1.101611,4.6084,1665218785.87,38444756.15,138967836.95,True,False
1572,1.044148,-0.014825,1.007709,-0.8665,1869872689.01,170902046.38,254502221.45,False,False
1573,1.052284,-0.015627,0.995877,-6.1036,1884443054.19,185298509.41,291365153.39,False,False
1574,1.091386,0.007678,0.941086,5.7729,1954468212.69,305712446.71,310822316.53,False,False
1575,1.063269,-0.031254,0.941782,-0.6197,1904115441.93,205236742.94,276643969.34,False,False
1576,1.034739,0.022038,0.943028,-0.9405,1853023059.5,278843248.83,328237779.03,False,False
1577,0.972176,0.047752,0.985845,-4.3075,1740985206.59,232821539.94,312714573.42,False,False
1578,0.95281,0.011443,1.031218,-2.6672,1706303974.01,118085782.66,226616977.03,True,False
1579,0.92596,0.005061,0.980623,-5.2803,1658219553.85,120121990.56,239521456.94,True,False
1580,1.168161,0.035155,1.0473,2.101,2091957057.21,355068309.23,363254460.65,False,False
1581,1.139647,-0.003856,1.052024,-5.2372,2040893778.47,244355671.43,329295404.24,False,False
1582,1.022394,0.006623,0.977382,1.9358,1830915449.3,213522344.45,269334609.93,False,False
1583,1.04863,-0.033663,0.943314,-1.6176,1877899304.48,187149576.46,269434160.83,False,False
1584,0.94379,0.004598,0.999602,3.1236,1690150890.94,121582469.23,202061879.85,True,False
1585,0.99493,-0.028857,1.056653,9.9087,1781733555.45,66425726.97,130650644.16,True,False
1586,0.97549,0.014525,1.002854,1.3448,1746919942.8,165462244.39,239927927.26,False,False
1587,0.958117,-0.019132,1.013964,-2.2943,1715807409.21,83313941.48,201288713.15,True,False
1588,1.065178,-0.020048,0.934227,-3.4143,1907534561.43,233828476.56,310696602.28,False,False
1589,0.990994,0.014276,1.031496,3.1128,1774683544.36,158242335.19,226319853.66,True,False
1590,1.058215,-0.000234,0.983152,2.7118,1895064414.19,229093434.76,275553785.16,False,False
1591,0.985853,0.011816,0.985261,6.4644,1765477368.23,183356316.99,227264155.85,False,False
1592,0.981297,-0.022498,1.034099,-0.1755,1757319187.05,82669000.96,190909787.88,True,False
1593,0.950708,0.01179,0.97155,3.8915,1702540248.89,160918044.34,225122445.3,False,False
1594,0.905299,-0.001086,0.955549,0.7401,1621219812.03,109841822.63,205254982.07,True,False
1595,0.991788,0.005257,1.014944,-4.4619,1776106380.54,155221786.9,261112683.65,True,False
1596,0.977357,-0.021744,1.021511,-0.6114,1750262482.34,89904824.4,197917002.88,True,False
1597,1.042285,-0.015419,0.986869,-1.1527,1866535913.92,183589699.96,264585565.46,False,False
1598,1.141691,0.021688,1.06773,-4.6966,2044553393.52,286786471.81,355172534.05,False,False
1599,0.914345,-0.015156,1.057042,4.1743,1637420043.06,19813389.56,128596893.95,True,False
1600,1.071996,-0.009049,0.983096,-1.9966,1919743824.91,224678226.83,297132122.08,False,False
1601,1.015704,0.027224,1.009203,0.4708,1818934623.61,221294605.38,281983965.78,False,False
1602,1.146108,7.6e-05,1.070792,5.2057,2052463627.92,244329483.65,270721601.86,False,False
1603,0.916632,0.01698,1.009173,5.5079,1641514884.81,110020219.45,183893137.01,True,False
1604,0.964106,0.005011,0.921663,-2.6766,1726532289.11,198563924.96,281534497.32,False,False
1605,0.900167,-0.005889,1.003174,0.4235,1612030638.39,62197939.38,174274153.02,True,False
1606,0.828707,0.005452,1.027839,4.4966,1484058424.42,-3149520.6,113425262.93,True,False
1607,1.024867,-0.023486,0.968863,3.6901,1835344379.55,166837502.36,228744464.45,False,False
1608,1.029587,-0.014602,1.068321,7.828,1843796279.9,113637710.29,171580414.9,True,False
1609,0.959514,-0.002613,0.975335,2.7569,1718309084.12,141521092.84,217105695.72,True,False
1610,1.151641,0.022297,0.955306,-4.9068,2062373010.82,380685197.58,420440742.34,False,False
1611,0.872869,-0.004558,0.980238,-9.3384,1563144502.39,56848140.64,212499164.59,True,False
1612,0.839574,0.006492,0.962803,-9.9304,1503518581.82,56515346.66,213185766.5,True,False
1613,1.089078,0.027249,1.041051,-0.9507,1950333926.11,267733582.68,320988842.27,False,False
1614,0.943191,-0.022912,0.986886,-5.7897,1689077331.45,83984266.64,217751877.86,True,False
1615,1.021643,0.01074,1.022096,4.8628,1829570225.88,187253246.27,236807009.78,False,False
1616,1.107768,-0.036688,0.979633,-2.2262,1983803750.46,204202168.11,284806882.06,False,False
1617,0.920792,0.001196,0.96175,-3.3857,1648965810.77,123002148.62,232786842.27,True,False
1618,0.922397,-0.013444,1.029219,-1.8003,1651839812.54,50312351.44,176209674.12,True,False
1619,1.051801,-0.016702,1.002211,-0.1221,1883577436.61,178160405.84,255629004.43,False,False
1620,0.924834,0.012542,1.023871,-4.9697,1656204507.59,99457271.98,224031070.89,True,False
1621,1.049057,0.000238,0.958468,-6.3721,1878664026.65,239976082.55,329830842.83,False,False
1622,1.029532,0.025267,1.008123,-6.5686,1843698225.09,231674565.4,324567891.8,False,False
1623,1.030116,-0.01891,1.014391,-2.4018,1844743448.57,146092056.19,245331412.0,True,False
1624,0.912767,0.008361,1.009753,-8.4307,1634594337.74,91887629.65,234089064.45,True,False
1625,1.013504,-0.014752,1.059821,5.8175,1814995190.8,105526608.75,176679922.17,True,False
1626,1.063601,-0.014907,0.988113,0.5633,1904709697.48,202344561.41,268504835.7,False,False
1627,1.063418,0.005632,1.022618,3.433,1904382531.35,215745484.73,262645344.02,False,False
1628,0.891259,-0.046436,1.016351,-4.5676,1596077327.48,-20243271.9,140057958.44,True,False
1629,1.017379,0.005206,1.008259,1.6479,1821935534.36,183476712.58,250388242.63,False,False
1630,0.882246,0.037224,1.033706,1.7455,1579937052.01,91674311.87,188633061.03,True,False
1631,0.983135,0.001111,1.044274,-9.8731,1760610017.75,118288837.14,261910181.48,True,False
1632,0.981163,-0.006489,1.073689,0.3723,1757078813.77,81365464.98,187386062.5,True,False
1633,1.099784,-0.029092,1.050239,-10.3218,1969506622.1,160177426.63,298466038.7,False,False
1634,1.188946,0.016622,0.916098,-4.9069,2129179676.02,432886410.24,456836519.49,False,False
1635,1.059454,0.000812,1.023395,4.2353,1897283375.79,202397811.98,249464967.63,False,False
1636,1.061255,-0.005688,0.929435,-7.4331,1900508655.45,261257610.45,350208318.04,False,False
1637,1.13929,-0.009859,0.930976,4.8874,2040253720.74,321427111.04,325100844.52,False,False
1638,0.958975,-0.022793,0.955548,4.6617,1717343380.41,121031827.52,194217943.21,True,False
1639,1.039545,0.00511,0.962777,0.0155,1861630197.17,237244188.72,295096687.53,False,False
1640,1.01488,-0.001894,0.919491,-0.2804,1817458606.31,234022415.22,294381606.23,False,False
1641,0.788147,0.009816,0.991591,-3.8902,1411423489.49,-7245974.14,143965575.25,True,False
1642,1.114311,0.006166,1.041406,-5.3015,1995521549.54,249465257.34,332470439.68,False,False
1643,1.028862,-0.020754,1.057433,-6.8419,1842499068.61,109729111.65,243003281.13,True,False
1644,1.000041,-0.004027,0.922492,-2.3478,1790885742.0,214604184.57,291300203.04,False,False
1645,0.964974,-0.001857,1.027126,0.9856,1728087380.52,109388509.41,203567675.24,True,False
1646,1.084198,-0.024906,0.969233,-0.3302,1941594685.72,214999710.05,281806012.01,False,False
1647,0.887911,0.041222,0.975627,2.7165,1590082704.13,146546752.17,221667478.03,True,False
1648,0.857009,0.008863,1.015522,-3.9953,1534742080.49,37093532.65,175872707.25,True,False
1649,0.884546,-0.013021,0.977144,6.8219,1584055549.76,56205292.36,142463169.35,True,False
1650,0.970637,0.02595,1.001941,5.7326,1738228730.42,181480109.36,229955989.26,False,False
1651,1.016619,0.007874,1.013135,1.849,1820572809.44,184028453.23,249766861.86,False,False
1652,1.045543,-0.02143,1.002108,1.0554,1872371851.54,163908512.72,239893970.72,False,False
1653,0.990478,-0.015379,1.039109,-1.3046,1773759735.85,99524861.98,207866884.84,True,False
1654,0.971995,-0.028111,0.99764,-7.7271,1740659982.32,91854381.33,233161076.54,True,False
1655,1.034983,-0.003397,1.080955,-2.623,1853460393.29,129791647.95,235427894.65,True,False
1656,0.923514,-0.017648,1.055843,6.8463,1653840542.95,24627034.04,119575426.28,True,False
1657,1.003627,-0.011046,0.96523,1.6875,1797307515.82,173557897.3,243559702.36,False,False
1658,1.116241,-0.035907,1.080393,-3.4196,1998977943.58,138258897.59,246593956.45,True,False
1659,1.077968,-0.0111,1.07607,-5.2942,1930438912.59,157175377.28,268729691.17,True,False
1660,0.981748,0.013193,1.005285,1.1135,1758127006.5,167147758.98,242146744.4,False,False
1661,1.08446,0.00473,0.984904,-0.2693,1942063759.31,261175548.47,312881963.64,False,False
1662,1.001122,-0.005592,0.998039,1.1263,1792821820.46,156822898.34,234957348.36,True,False
1663,1.027884,-0.013896,0.983361,0.6492,1840746420.97,176355819.95,250497895.97,False,False
1664,1.010645,-0.034036,1.090747,0.5732,1809875302.38,45211812.99,161751527.41,True,False
1665,1.058092,-0.009573,0.988304,-1.0456,1894844224.08,207472481.04,280359306.78,False,False
1666,0.891305,-0.018834,1.055679,-5.4021,1596159488.46,-5273663.31,153887208.93,True,False
1667,1.071639,0.010071,0.96623,0.7562,1919104042.1,273542983.06,315883354.61,False,False
1668,1.162684,0.032111,1.062527,5.8539,2082148095.96,332152326.34,326319701.31,False,False
1669,1.019771,0.009893,1.008977,-0.4945,1826217751.13,193691204.86,268034235.7,False,False
1670,1.000729,0.033322,1.033902,1.5446,1792116840.29,199652088.0,262029584.2,False,False
1671,1.094537,-0.009436,0.98226,3.3717,1960110613.9,244570290.96,282050916.15,False,False
1672,1.095168,-0.025874,1.002154,5.2264,1961240977.71,198160148.74,240515895.59,False,False
1673,1.016502,-0.000604,1.00744,-0.1071,1820364907.47,172705327.54,251823841.36,False,False
1674,1.018931,0.022982,0.995204,-1.0278,1824713404.27,226999750.34,293348133.11,False,False
1675,1.018654,-0.015272,0.91389,-2.0357,1824217570.92,217169146.29,291699243.7,False,False
1676,1.193576,-0.008725,0.982358,-10.7678,2137470224.41,333966342.83,424003957.91,False,False
1677,1.079208,-0.016471,0.971466,2.312,1932658054.94,225355105.59,274849633.01,False,False
1678,1.05048,0.049599,1.022328,-8.8455,1881212579.21,286833389.66,374486218.44,False,False
1679,0.964404,0.003358,0.928515,6.0575,1727067027.29,190906993.31,235004382.62,False,False
1680,0.953015,-0.034895,0.9609,4.3207,1706671138.8,91264424.92,175707113.56,True,False
1681,0.998054,0.021614,1.016133,-3.9327,1787327851.49,189305318.81,281835291.16,False,False
1682,1.056365,0.002072,1.011921,0.4394,1891751824.57,210478157.78,274697477.87,False,False
1683,0.971497,-0.006898,1.021465,0.4386,1739768833.04,110691826.51,207029975.94,True,False
1684,0.924809,-0.013226,1.048806,-3.5964,1656159100.93,38293375.12,176207637.92,True,False
1685,0.950501,-0.015318,1.030044,-9.5889,1702168767.55,71266626.92,227028889.19,True,False
1686,0.994658,-0.011001,0.951252,-4.5215,1781245131.88,176050182.88,275629737.58,False,False
1687,1.055143,-0.001438,0.966323,1.7801,1889563723.57,236503619.72,285456879.66,False,False
1688,1.021256,0.017753,0.959706,3.0306,1828878148.86,245923305.7,285892615.68,False,False
1689,1.162168,-0.03714,1.028144,-1.7524,2081224007.2,212990400.41,288675619.51,False,False
1690,1.019334,0.023252,0.975527,2.122,1825435636.54,242444535.82,288099550.56,False,False
1691,0.973726,-0.014471,0.991734,0.0921,1743759654.88,121493384.57,216025399.46,True,False
1692,0.930755,-0.013846,0.997609,-3.1189,1666807466.75,80412592.92,202773062.9,True,False
1693,1.090098,-0.006516,0.926496,-4.7557,1952160094.48,287624013.12,354869620.8,False,False
1694,0.98959,-0.014375,0.960105,-6.0145,1772169143.15,159030161.3,271192593.73,False,False
1695,0.991198,-0.020051,0.977504,-7.3415,1775050178.59,137484229.07,263041877.82,True,False
1696,1.006214,0.009084,1.038852,-6.0673,1801940818.23,157602635.08,270972755.13,True,False
1697,1.078002,-0.006622,1.062647,-3.5224,1930499144.13,175790532.94,272017448.03,False,False
1698,1.035846,0.014696,0.97198,1.6693,1855005602.47,244829187.41,291850064.22,False,False
1699,0.969857,0.010833,1.047858,0.3183,1736831926.59,120480042.65,214261807.78,True,False
1700,1.033402,0.014351,1.021542,-6.3644,1850629186.1,205212495.13,305663279.35,False,False
1701,0.968894,0.004208,1.041489,6.6458,1735106762.51,112810394.67,178968621.9,True,False
1702,0.958461,0.016639,0.984927,6.232,1716423050.99,166513411.18,217772716.51,False,False
1703,0.967975,-0.012913,1.085863,3.9683,1733460555.46,49432362.0,148617829.19,True,False
1704,0.97464,0.04217,0.931285,3.3339,1745396839.54,265922467.0,298734634.71,False,False
1705,1.02631,0.014449,0.993693,3.9566,1837929087.07,219417416.53,263130392.59,False,False
1706,1.040467,0.013767,0.976283,5.1804,1863280578.53,244216490.09,273471965.04,False,False
1707,0.983035,0.00994,1.01336,-3.465,1760430860.67,156635091.89,257073816.16,True,False
1708,0.932647,0.012721,1.012321,-1.8456,1670195226.65,115554856.11,220872306.05,True,False
1709,1.024138,0.000893,0.985998,-1.4612,1834039259.21,198231518.99,275989656.78,False,False
1710,0.869896,-0.035468,1.00566,-6.5953,1557820250.81,-12795956.06,153297615.11,True,False
1711,1.084462,-0.008517,1.008401,-0.3773,1942067552.24,218051100.25,284131958.25,False,False
1712,0.928169,0.003599,1.001179,-8.1615,1662176018.91,104489337.98,242069555.19,True,False
1713,0.96927,0.012195,1.011057,0.4149,1735780091.53,149552493.89,233572684.71,True,False
1714,0.996244,0.002197,1.079527,1.1167,1784086360.17,106010429.48,200478874.69,True,False
1715,1.006767,0.006108,1.012846,-6.1831,1802931004.08,172004492.96,281354718.79,False,False
1716,0.947961,-0.012925,0.955472,1.9447,1697620654.8,128323497.93,212065280.8,True,False
1717,0.946463,0.006951,1.13448,-1.7808,1694938163.26,28129539.27,161247596.12,True,False
1718,1.021864,-0.001566,1.056492,1.9425,1829967190.96,139466735.5,218948248.53,True,False
1719,1.025579,0.008425,0.90094,6.7586,1836618980.27,276357957.57,287765085.09,False,False
1720,1.05559,0.015151,1.06261,-11.147,1890362895.94,196960804.68,325514201.16,False,False
1721,1.076576,-0.005472,1.064429,-2.7405,1927945354.5,175413908.17,267607060.1,False,False
1722,1.056984,0.009405,1.114904,-10.7572,1892859188.66,148659082.99,290724209.16,True,False
1723,1.015074,0.023098,0.997666,2.6873,1817807275.55,221739237.27,271248939.28,False,False
1724,0.995547,0.039722,0.968923,-8.0468,1782836925.96,254183396.04,345999081.22,False,False
1725,0.90157,0.021644,0.971304,3.1022,1614542690.33,131505908.07,209551460.61,True,False
1726,1.08496,-0.02433,0.9881,6.9753,1942959717.83,202804034.96,234625741.16,False,False
1727,0.984279,0.021843,0.990544,2.3221,1762658599.63,195660367.56,255684851.36,False,False
1728,0.934649,-0.012852,0.992333,-2.306,1673781122.52,89410038.25,205223539.63,True,False
1729,0.922351,-0.024038,0.975209,-0.6964,1651757448.32,72769969.78,186485045.73,True,False
1730,1.174156,0.012585,1.061392,2.9577,2102692952.59,302978215.8,322836159.34,False,False
1731,1.009535,-0.003458,1.042189,-7.9247,1807888146.1,135516319.64,265253004.33,True,False
1732,0.944387,0.016399,1.022532,2.0815,1691220562.03,125105049.48,209276693.18,True,False
1733,0.913818,0.007959,1.021508,6.7803,1636476907.14,83492308.79,160225267.79,True,False
1734,0.972308,0.002354,0.923223,-4.1824,1741221066.44,200276539.14,289989811.55,False,False
1735,0.904097,-0.023961,1.026365,-1.3134,1619068569.26,19279933.0,152786219.85,True,False
1736,1.08296,0.002318,0.971309,-0.5083,1939378187.9,265194824.89,316883344.91,False,False
1737,0.895716,-0.022981,1.105871,2.5914,1604058775.02,-45250126.65,91691239.85,True,False
1738,1.058141,-0.005559,1.019746,-5.6691,1894931154.45,191837816.91,293731382.76,False,False
1739,0.987279,-0.004276,1.023823,3.6017,1768031778.79,127667600.02,203217674.96,True,False
1740,0.981915,-0.01595,1.020475,8.7311,1758425233.17,104805770.08,163054724.74,True,False
1741,1.025572,-0.005183,0.983776,-8.2751,1836606764.33,190018144.24,304700873.42,False,False
1742,1.009593,0.002654,1.036807,0.0547,1807990686.46,150603608.01,235989455.7,True,False
1743,1.017149,0.028972,0.985145,-1.1139,1821522639.41,243673263.97,305106630.08,False,False
1744,0.951746,-0.02477,0.92754,-1.0012,1704398291.3,132156420.79,228391578.11,True,False
1745,1.047596,0.022135,1.041135,3.8642,1876048312.62,218516861.2,262580119.55,False,False
1746,0.991468,-0.025882,0.96752,3.4743,1775533143.71,134759261.36,208585776.61,True,False
1747,1.120896,0.002099,0.90573,-0.0622,2007314194.31,347804570.32,370699143.6,False,False
1748,0.907615,0.002215,1.063818,9.9962,1625367797.36,37121123.6,114578376.17,True,False
1749,1.036681,-0.009365,1.077391,-4.604,1856501627.27,122878494.63,240824666.22,True,False
1750,1.069402,0.00878,1.008098,1.1387,1915098504.86,238002690.79,289717381.25,False,False
1751,1.063808,0.016099,0.97153,-2.3872,1905080286.96,273875593.92,332544876.23,False,False
1752,1.114893,-0.012517,0.946651,-0.3942,1996563118.87,282864217.38,328353740.77,False,False
1753,0.985066,-0.017156,0.978255,-4.3336,1764067398.93,136704979.27,247754008.66,True,False
1754,1.037843,0.015407,1.048568,-7.0475,1858581740.48,191295104.86,299816403.4,False,False
1755,0.946863,-0.003562,0.958568,-5.0431,1695652991.23,140937756.95,253115760.53,True,False
1756,1.106525,0.0322,0.989818,-0.7101,1981578732.7,332125245.48,363550340.47,False,False
1757,1.017075,-0.006738,1.016573,0.3505,1821391157.46,155287913.84,237696502.77,True,False
1758,1.091541,-0.028409,0.957677,-2.5513,1954745493.96,223027258.62,299171909.05,False,False
1759,0.944493,0.003661,0.988424,-0.0493,1691410257.34,128918216.2,221742934.11,True,False
1760,1.032781,0.006409,1.018531,0.1763,1849516313.16,192175781.06,263636306.73,False,False
1761,1.02315,-0.001482,0.993654,-1.4296,1832270031.32,187314226.94,268400241.3,False,False
1762,1.022854,0.00401,0.959312,-2.3419,1831739076.91,222538441.89,296928825.03,False,False
1763,0.89568,0.014739,1.008255,2.2997,1603994024.06,87509166.28,183250259.37,True,False
1764,0.999757,0.019667,1.051557,2.2161,1790376451.2,161193844.09,232591218.16,False,False
1765,1.036138,0.021367,1.038568,-2.6976,1855528636.44,208168957.87,289118344.62,False,False
1766,0.999612,0.02757,0.993463,-5.9372,1790117690.26,218224435.43,311361235.19,False,False
1767,1.026056,-0.019753,1.014714,-7.5282,1837473984.02,140767194.66,267469972.37,True,False
1768,0.828936,0.000594,1.0287,2.0347,1484468292.39,-10788780.96,118238476.3,True,False
1769,0.957448,0.009444,1.036531,-5.0914,1714608810.04,115016075.1,235977826.75,True,False
1770,0.9282,-0.002227,1.009958,-3.2926,1662231733.86,88332128.75,208910437.99,True,False
1771,0.905175,0.014459,0.939907,-4.2243,1620997959.8,146511326.08,252238227.64,True,False
1772,0.861384,0.027154,0.999142,0.1955,1542576109.29,81467115.99,188421523.9,True,False
1773,1.059497,-0.007515,1.041616,-3.8332,1897359971.2,173143948.98,271513563.88,False,False
1774,1.003269,0.018108,1.099082,4.6178,1796666839.42,126500846.76,197139914.14,True,False
1775,0.966287,0.022633,1.036746,-0.7823,1730437908.29,145826506.04,236720909.36,True,False
1776,0.967828,0.00732,1.006957,-5.2919,1733198407.71,142804404.82,256085356.88,True,False
1777,1.001969,0.030602,0.993983,-2.2519,1794338953.39,225528909.49,298279855.15,False,False
1778,0.965721,0.006945,1.076392,-7.618,1729425047.95,88802256.4,230330621.49,True,False
1779,0.955405,0.019911,1.053245,-1.8487,1710950275.41,118663433.07,223206733.97,True,False
1780,1.049245,-0.00472,1.092536,0.1616,1879000673.24,131549638.58,222471516.92,True,False
1781,1.019399,0.006964,1.047332,-1.4373,1825551317.22,159597700.27,249565076.67,False,False
1782,0.938556,0.022409,0.983963,-3.8958,1680777887.59,158320912.56,259447941.6,True,False
1783,1.125902,-0.026275,0.946275,-2.2693,2016279884.04,265120430.51,326667744.81,False,False
1784,1.083152,0.026231,0.992896,9.1168,1939722227.59,295768369.11,286522841.87,False,False
1785,1.004334,-0.011893,0.994735,-0.0515,1798573745.88,150812559.96,236655991.59,True,False
1786,1.089047,0.008905,0.965688,0.9501,1950278141.93,287738788.15,324435924.35,False,False
1787,0.985541,-0.004465,1.047419,4.7094,1764918679.85,108301206.81,184722958.8,True,False
1788,1.019042,0.036125,1.026131,-2.6794,1824913263.28,228187378.15,302413844.32,False,False
1789,0.944786,0.016424,0.966447,4.0316,1691933632.52,167052509.29,228757429.25,False,False
1790,1.075935,0.005791,0.977786,-3.7168,1926797295.36,260704527.95,330749329.79,False,False
1791,0.982808,-0.000993,0.981439,2.4339,1760024264.88,160821512.1,231472230.63,False,False
1792,1.033026,0.012622,1.071402,-4.9042,1849956359.52,164742752.17,270731101.74,False,False
1793,1.039842,-0.001244,1.016836,-0.4376,1862162376.23,185652425.94,262325949.54,False,False
1794,1.113034,-0.010235,1.004028,-6.6481,1993234136.81,243282928.04,335586963.77,False,False
1795,0.940645,0.013501,0.987531,-6.2566,1684518694.96,142647597.18,259725035.97,True,False
1796,0.996842,0.009646,1.000653,7.9274,1785157647.02,178259687.68,216295002.88,False,False
1797,0.920255,0.010287,0.978329,13.456,1648003957.37,125219462.71,158244418.59,True,False
1798,1.121577,0.02318,1.019251,4.0947,2008533856.83,306700457.39,319873667.29,False,False
1799,0.868633,-0.016106,0.998843,1.3065,1555559444.01,21308818.14,142771712.76,True,False
1800,0.907268,-0.000888,1.00296,0.3106,1624747426.51,76832334.64,184713294.63,True,False
1801,0.901312,-0.000891,1.031621,-3.5327,1614079666.04,50222660.15,183623290.87,True,False
1802,1.06937,-0.005757,0.977479,-2.8835,1915040784.2,232808549.82,307288319.1,False,False
1803,0.967923,-0.008838,0.990181,2.1812,1733368242.69,127306564.66,210059727.34,True,False
1804,1.021327,-0.013954,1.063541,-4.4259,1829004262.69,111105246.97,231579756.84,True,False
1805,1.110066,0.007241,0.961602,7.4144,1987919463.79,306811254.21,302100376.5,False,False
1806,0.979589,0.023439,0.933772,8.5586,1754259266.17,236073236.77,253245554.52,False,False
1807,1.043292,0.000769,1.009728,-4.8454,1868340535.47,197789908.34,293149407.51,False,False
1808,1.044452,0.007972,1.044819,-5.9668,1870418020.02,186327219.87,291128996.6,False,False
1809,0.975984,-0.019875,1.054195,-3.9675,1747803331.16,67777553.56,198937112.91,True,False
1810,1.087367,0.015427,0.956013,8.5,1947269297.69,306055600.58,296620274.32,False,False
1811,1.010992,-0.023848,0.937629,-4.8468,1810497534.07,177340915.93,278483189.82,False,False
1812,0.91176,0.003502,1.104154,1.6848,1632791083.61,13119918.23,135234473.9,True,False
1813,0.97014,0.01763,0.949254,1.676,1737338690.43,205568697.94,265659274.88,False,False
1814,1.094463,0.018031,0.957185,-6.2515,1959978545.71,316909525.01,382917801.23,False,False
1815,1.09038,-0.008167,1.06276,-7.1121,1952665171.46,183744703.01,296844613.97,False,False
1816,0.945448,0.023663,1.0052,1.3541,1693119445.52,151229101.33,230404296.58,True,False
1817,1.062387,0.001327,0.970697,6.7815,1902534952.3,245060188.37,265142920.41,False,False
1818,1.105219,0.001972,0.987964,-6.2545,1979239327.24,272412640.19,353006233.79,False,False
1819,1.049391,-0.015838,0.997802,-5.8317,1879261620.67,180938688.46,286913450.08,False,False
1820,1.009133,0.016498,0.956431,-6.7554,1807167094.59,234725407.71,326909903.06,False,False
1821,1.105656,0.010571,0.982178,-2.7684,1980021687.16,294120216.79,348869444.85,False,False
1822,0.997968,0.027197,1.03219,-5.4097,1787172757.34,187310326.81,287708851.65,False,False
1823,0.92161,-0.013712,1.016327,8.9753,1650430720.61,58724524.01,133198501.35,True,False
1824,0.911136,-0.027592,0.955022,8.233,1631672632.36,72254051.65,146178542.51,True,False
1825,1.093119,-0.000825,0.972087,-0.8691,1957570733.72,267701112.9,320547777.03,False,False
1826,0.847216,0.037419,0.92706,-2.4593,1517205469.03,136911367.74,237172214.95,True,False
1827,0.928589,0.012657,0.998762,-2.3046,1662928287.53,121725021.39,227122473.74,True,False
1828,0.908906,0.000839,1.071641,0.1457,1627679790.3,30261434.95,153777835.76,True,False
1829,0.919004,-0.010918,0.966762,-7.4547,1645763098.69,97731914.37,233920553.27,True,False
1830,1.078973,0.005697,1.01844,2.4527,1932237590.59,233197593.76,279440185.12,False,False
1831,0.952712,-0.001757,0.995584,-3.8343,1706128793.29,121862502.85,234639313.57,True,False
1832,1.165844,-0.025942,1.008976,6.2867,2087807631.82,253648560.6,270370629.06,False,False
1833,0.904817,0.00766,1.019467,0.4914,1620357884.13,76244607.22,183514726.15,True,False
1834,0.959457,0.024119,0.99108,2.2104,1718207151.15,175740228.8,242947949.21,False,False
1835,1.023171,0.058957,0.919977,-1.9419,1832307841.78,352637610.85,383392049.02,False,False
1836,0.86323,0.013785,0.973054,3.6612,1545882734.69,81880817.72,174022733.83,True,False
1837,0.98227,-0.002639,1.04875,2.1705,1759060865.49,107593303.02,196553133.54,True,False
1838,0.961464,0.020207,1.015951,-5.3834,1721802162.63,152490294.26,262938317.51,True,False
1839,1.048013,-0.007662,0.976198,-2.5447,1876795243.6,211074671.86,290465306.25,False,False
1840,1.101479,-0.041901,0.963795,0.5444,1972541897.07,200371316.49,267160267.53,False,False
1841,1.006008,-0.014541,0.972372,5.8497,1801570768.06,164080380.81,216551694.04,False,False
1842,1.028675,0.017861,0.902615,3.4001,1842163344.06,295350318.55,317527729.25,False,False
1843,0.997949,0.013829,1.033718,-4.1625,1787139861.74,162270822.35,264574867.9,False,False
1844,0.987251,0.038937,0.995278,5.3153,1767980977.32,225182407.81,261227817.65,False,False
1845,1.033329,-0.005358,1.043675,0.9854,1850497841.03,152283942.73,232407399.16,True,False
1846,0.917123,0.003803,1.050659,-5.0411,1642394685.56,58115940.95,196052163.57,True,False
1847,0.987323,-0.002104,1.056145,-0.2516,1768109768.63,107611483.43,208244514.24,True,False
1848,1.001416,0.004368,1.079998,8.0182,1793347850.6,114255473.52,172147858.43,True,False
1849,0.902864,0.009848,0.932891,3.5233,1616859371.7,142100037.85,214870658.52,True,False
1850,0.918223,-0.004898,1.005477,0.0073,1644365213.96,78271390.33,187041749.61,True,False
1851,0.932176,0.029983,0.953995,-4.3069,1669351590.09,187126568.73,280793778.6,False,False
1852,0.9747,-0.009142,1.019742,-1.4867,1745505040.25,110910629.04,216378622.66,True,False
1853,1.011138,-0.01364,0.950294,-4.5237,1810758085.58,186570059.02,283159665.1,False,False
1854,0.960351,0.008181,0.944017,5.5728,1719808430.75,184030532.64,232732547.05,False,False
1855,0.881671,0.04201,1.002766,-6.3986,1578907280.57,121586470.21,244207656.49,True,False
1856,1.063722,0.023569,1.06026,0.0612,1904925951.11,222316440.65,284705796.34,False,False
1857,0.955104,-0.015212,1.057544,-0.3202,1710411490.46,55122344.1,172833654.1,True,False
1858,0.932615,0.006692,0.896323,-5.2468,1670138425.69,191357243.71,287980734.5,False,False
1859,0.95349,0.000347,0.954306,2.5583,1707522139.06,156725377.65,228455228.39,True,False
1860,0.974042,0.025235,1.003964,11.2023,1744325808.63,181973581.15,204056278.9,False,False
1861,0.990277,0.013685,1.075058,1.6828,1773400824.66,124268836.02,210176760.64,True,False
1862,1.12693,0.041128,1.049231,6.8853,2018120136.34,325786681.21,317315111.93,False,False
1863,1.048796,0.005812,0.999509,0.6332,1878195773.75,219817149.01,280067035.17,False,False
1864,1.103488,0.025055,1.040581,-3.7173,1976139498.91,277488776.55,342667847.97,False,False
1865,0.880022,-0.000975,0.959537,2.0975,1575954890.64,84239269.26,182076390.37,True,False
1866,0.93511,0.007507,1.031315,-3.0049,1674607041.07,95043277.28,212265751.87,True,False
1867,0.958382,-0.02322,0.97842,11.5058,1716282520.75,102850494.12,149686350.21,True,False
1868,1.022516,-0.008822,1.098717,1.137,1831133703.58,95498342.08,193084439.6,True,False
1869,0.978849,-0.001882,1.015008,-5.0501,1752934772.33,130829709.66,247067531.34,True,False
1870,0.985402,-0.020688,1.030936,-1.3449,1764669539.59,91754224.92,202745090.45,True,False
1871,1.039844,0.038013,1.01636,0.3855,1862164616.22,259109065.47,308077282.45,False,False
1872,0.963475,-0.028476,1.016562,-4.5062,1725402068.48,69932374.77,202705307.84,True,False
1873,0.931589,0.009501,0.975878,0.4613,1668300495.43,136188655.9,224349635.61,True,False
1874,0.986285,-0.050643,0.995025,-1.6184,1766251054.14,66206819.9,186701841.3,True,False
1875,0.963506,0.010304,1.053303,0.4318,1725458839.95,109665177.41,206380918.12,True,False
1876,0.982697,-0.005601,0.986709,3.7568,1759825722.91,148709546.77,216858981.69,True,False
1877,0.937691,-0.010126,1.081955,-4.8815,1679228660.08,30303487.8,176914451.85,True,False
1878,0.943379,0.019588,0.947101,4.6294,1689415005.18,185409488.21,238500999.49,False,False
1879,1.072023,-0.014122,0.978558,-13.1839,1919792164.99,218323454.12,351653072.68,False,False
1880,1.00413,-0.033981,0.962448,10.928,1798207511.86,134821399.16,171690454.96,True,False
1881,0.937303,-0.012609,0.94477,12.4494,1678533910.51,127381533.57,163218122.57,True,False
1882,0.851512,-0.014445,1.078539,0.2656,1524898251.98,-50175756.44,98620729.89,True,False
1883,1.002858,-0.03294,1.045881,11.6005,1795930193.46,73832965.57,126977868.81,True,False
1884,1.047342,0.00093,0.920231,-4.9072,1875593302.75,268037838.77,341331616.71,False,False
1885,0.986502,-0.038136,1.00101,-3.0717,1766639462.66,84047389.52,205869257.33,True,False
1886,0.902605,-7.8e-05,0.992013,-0.5711,1616396153.84,82036438.4,192163967.97,True,False
1887,0.938676,0.016847,0.980495,-5.0241,1680993050.92,151653570.06,260112728.4,True,False
1888,1.016012,-0.023023,1.025867,-10.2274,1819486472.36,117826441.07,264954177.21,True,False
1889,0.974662,-0.000759,0.985817,-3.2319,1745436975.79,150631031.61,251734122.17,True,False
1890,1.022431,-0.020206,0.97995,3.6084,1830982620.23,162530780.86,226269457.16,False,False
1891,1.048661,-0.041855,0.979479,5.9664,1877954409.75,145009679.33,201758695.05,True,False
1892,0.889125,0.000803,0.986181,-7.1318,1592256046.26,75561034.18,216342889.08,True,False
1893,0.914156,-0.011567,0.976583,-0.0819,1637081652.4,85104698.5,192088554.39,True,False
1894,0.945354,0.002085,1.045023,1.3471,1692951592.45,85120835.78,185483708.73,True,False
1895,0.980748,0.025648,0.995169,9.4023,1756335696.39,195583642.3,221603920.07,False,False
1896,1.060708,0.016766,0.991409,5.882,1899529513.68,257526491.55,278356954.13,False,False
1897,0.940036,0.003192,1.032485,1.4225,1683427703.98,91435878.89,189465364.39,True,False
1898,1.021375,0.013377,0.983401,0.8923,1829090359.34,220484570.54,279307951.54,False,False
1899,1.020682,0.040641,0.976674,2.114,1827850433.45,274656650.24,310029802.78,False,False
1900,0.838046,0.01498,0.985916,2.6952,1500783762.91,50739329.12,157270815.5,True,False
1901,0.994598,-0.014599,0.966366,2.1325,1781137338.83,158397820.66,231154047.85,True,False
1902,0.844866,0.018894,1.086599,-8.0083,1512995453.01,-11545490.77,159194845.1,True,False
1903,1.0255,0.018846,1.060569,-5.4587,1836477180.07,177213287.93,281820275.66,False,False
1904,0.984012,-0.02129,1.092338,3.4649,1762180137.61,44017147.69,147053461.95,True,False
1905,1.052393,0.005679,0.975017,-8.052,1884637587.34,240996361.35,339303175.89,False,False
1906,1.023061,0.043362,0.973594,-6.8759,1832110045.2,284249155.86,361652555.77,False,False
1907,0.931408,0.035201,1.014306,-10.2231,1667976787.97,150431684.18,282860930.33,True,False
1908,1.010244,0.011728,0.957038,-3.0564,1809157151.44,226684027.19,303144321.6,False,False
1909,0.97322,-0.024501,0.982812,1.1136,1742853514.68,110174339.26,203450931.94,True,False
1910,1.12419,-0.001729,0.9659,-1.8654,2013213134.64,298533773.81,347141674.83,False,False
1911,0.961107,-0.005883,0.956221,5.5779,1721161532.33,151480795.6,210554416.96,True,False
1912,0.953574,0.024305,1.055541,-14.3356,1707671165.16,122743772.53,284385661.86,True,False
1913,0.869645,-0.009178,0.997464,-2.812,1557371472.69,34006916.81,168972827.49,True,False
1914,1.000943,0.030608,1.007453,9.6704,1792501108.58,214580710.74,232273621.39,False,False
1915,1.165869,0.023318,1.032885,5.7789,2087851725.35,338811619.79,331185868.44,False,False
1916,0.953373,-0.005784,0.929595,2.3456,1707311872.7,164449720.71,234704133.94,False,False
1917,1.111561,-0.0041,0.952678,5.8572,1990597792.23,292216804.23,300613843.12,False,False
1918,1.164259,0.01403,1.000733,2.9,2084970015.58,341732384.11,349662360.85,False,False
1919,1.018417,0.012188,0.980212,-3.7397,1823792745.77,217928199.7,300727100.23,False,False
1920,0.978428,-0.003528,1.091917,-1.0931,1752180910.53,70611145.28,187113093.23,True,False
1921,1.024255,-0.019583,1.022584,-0.5274,1834248265.19,133686237.01,227406890.83,True,False
1922,0.947759,-0.021734,0.977163,-3.2084,1697258946.11,97130418.13,214817758.44,True,False
1923,0.984313,0.02528,1.082128,-0.0993,1762719951.01,133929943.5,225401944.05,True,False
1924,1.056475,0.023354,1.053448,4.9721,1891948514.14,220091289.98,257739273.76,False,False
1925,1.002887,-0.000351,0.9723,3.9304,1795981814.86,186876390.57,241586220.25,False,False
1926,0.989861,-0.006633,1.014538,-0.7653,1772654591.91,132683244.46,227791398.65,True,False
1927,1.157032,0.00326,0.961466,5.1126,2072027844.76,341773941.33,337233200.72,False,False
1928,0.927801,0.033093,1.022049,3.5245,1661517452.7,137704760.26,211445037.24,True,False
1929,0.989068,0.006167,0.976374,-10.619,1771234280.55,182908355.71,309758406.18,False,False
1930,1.094132,0.016233,1.000824,-1.2815,1959384808.72,280759094.37,331645231.19,False,False
1931,1.10888,0.018158,1.046212,-6.1547,1985795787.52,264745054.1,347361335.36,False,False
1932,1.007013,-0.018461,1.038797,3.2841,1803371758.28,108705310.67,191543389.6,True,False
1933,0.998177,-0.018946,0.942291,8.7137,1787548207.79,171600790.08,207864232.8,False,False
1934,1.0926,0.014581,0.972867,-14.7526,1956642030.67,296800370.55,414757897.64,False,False
1935,0.888135,-0.001837,1.019508,-4.5107,1590483021.79,45785576.8,184639452.01,True,False
1936,1.000186,0.009802,1.006138,8.9761,1791144647.44,177561594.93,210543944.81,False,False
1937,0.888255,-0.001532,0.987196,7.2442,1590697462.74,70307032.38,150088140.66,True,False
1938,0.992145,0.018877,1.029309,-6.0607,1776744574.06,169108453.88,278346069.58,False,False
1939,0.956988,0.010409,0.982227,-1.7243,1713786154.47,156460796.43,248339534.14,True,False
1940,0.995627,0.013713,1.059653,5.2604,1782981676.98,140699079.99,203828679.77,True,False
1941,0.903437,-0.015283,1.001486,-4.9238,1617886400.6,51173690.6,190473243.16,True,False
1942,1.020557,0.004412,0.995182,-7.3102,1827625292.62,194614215.93,302791052.54,False,False
1943,1.097106,0.009489,0.986041,3.1272,1964710649.69,281234343.69,308256518.09,False,False
1944,0.917887,0.006167,0.993668,8.928,1643764094.83,104902038.3,164976285.81,True,False
1945,0.985919,-0.008363,1.037049,-4.1819,1765594934.69,109436595.79,228495874.14,True,False
1946,1.015235,0.024424,1.055632,-2.9421,1818094695.58,181375139.06,271839616.79,False,False
1947,0.907783,-0.031501,1.039307,-4.2002,1625668418.4,614549.42,152974808.48,True,False
1948,0.891019,-0.015567,1.008096,-3.9001,1595646908.81,34927261.24,174650120.28,True,False
1949,0.987191,-0.011134,1.030618,7.2838,1767873593.78,110433593.18,173665719.91,True,False
1950,1.136494,-0.00462,0.977088,-3.9744,2035247288.12,295461909.09,356925390.48,False,False
1951,1.148221,0.006185,0.941265,0.0367,2056248805.92,354722439.13,374854226.91,False,False
1952,0.977458,0.005128,1.011336,10.7806,1750444330.89,144564367.3,180452701.05,True,False
1953,1.03859,0.003718,1.117723,4.8238,1859919131.89,119038588.12,190215780.2,True,False
1954,1.121015,-0.009679,1.041404,0.4862,2007527403.26,223797205.04,283358065.29,False,False
1955,0.954096,-0.028561,1.038867,-7.4292,1708607333.85,45260200.24,199404024.9,True,False
1956,0.956168,0.002646,0.948977,11.698,1712316658.46,167031462.78,192552776.94,False,False
1957,1.007391,0.011274,0.970902,-4.1892,1804048836.37,212956404.33,299365772.32,False,False
1958,1.119165,0.015214,1.035567,10.3898,2004214696.18,276369407.81,264730528.87,False,False
1959,1.008334,0.021563,0.95405,3.9591,1805737635.9,244888917.27,280787568.46,False,False
1960,1.084492,0.005149,0.985347,2.4375,1942121969.76,261690102.09,298829488.92,False,False
1961,0.927382,-0.007673,0.951932,-2.718,1660766899.73,121522095.05,228851897.01,True,False
1962,1.055918,0.012308,0.980326,-1.9336,1890950672.81,252825835.04,315788795.84,False,False
1963,1.046738,-0.022959,1.060003,-3.1883,1874511171.2,119204762.2,231283063.15,True,False
1964,0.954741,0.00287,0.978113,3.2313,1709762500.4,144542426.41,217002546.53,True,False
1965,1.067089,-0.00024,1.000933,-5.3087,1910956647.6,223942070.8,313924383.96,False,False
1966,1.085536,-0.004244,0.981013,-4.91,1943991725.95,247595320.22,328365212.19,False,False
1967,0.882908,0.020573,1.0395,-0.042,1581121790.38,61699866.28,175987718.36,True,False
1968,0.970129,-0.008491,1.026071,6.9781,1737319378.64,103292931.93,170874933.04,True,False
1969,0.996564,0.005227,0.984636,10.9894,1784658318.15,181978367.92,203862765.44,False,False
1970,1.09869,-0.004895,1.014318,6.8657,1967547248.75,233453285.2,255588353.09,False,False
1971,0.948787,0.008776,1.018484,4.059,1699098952.91,119260605.59,196052401.13,True,False
1972,1.143399,-0.016827,1.039888,-4.2474,2047612915.65,230152052.18,314180942.51,False,False
1973,1.06535,-0.0357,0.970761,0.8023,1907841830.64,177060440.17,250057156.7,False,False
1974,0.990655,0.012108,0.986723,-3.1075,1774076609.33,187237431.75,276275333.97,False,False
1975,1.08422,-0.043536,0.997529,-1.0016,1941635054.79,157892174.26,246544448.72,True,False
1976,1.072621,0.006334,1.087149,2.6046,1920863056.59,177727882.0,240998036.2,False,False
1977,0.871948,-0.004896,1.019161,0.7739,1561495756.28,26671499.83,148675579.65,True,False
1978,0.893431,-0.010188,1.023791,7.3965,1599967808.3,34028133.56,124566850.32,True,False
1979,0.977129,-0.03494,1.066644,6.5301,1749854118.2,33193969.77,125115661.1,True,False
1980,1.107299,-0.000393,0.934118,2.2789,1982963712.83,309486840.24,331920371.64,False,False
1981,0.991907,-0.008907,0.934629,3.6008,1776319335.73,189646122.71,245285756.61,False,False
1982,1.014348,-0.007304,1.005311,-8.0639,1816506605.09,160164576.5,282893831.34,False,False
1983,0.966427,0.015936,1.026116,-2.9401,1730689908.89,142241515.44,244514766.41,True,False
1984,1.067618,-0.009541,1.019571,3.3014,1911904034.84,192835369.95,247685074.21,False,False
1985,1.113504,-0.008682,0.998152,-5.4249,1994077149.09,251148183.13,334268119.58,False,False
1986,0.949116,-0.025224,0.964627,1.8214,1699687796.93,101657906.24,194495467.68,True,False
1987,1.012984,-0.00267,1.022813,4.7069,1814063391.88,154394058.15,215444460.84,True,False
1988,1.177378,0.03169,0.981795,-3.705,2108462623.15,405191726.11,430782428.12,False,False
1989,1.096756,-0.018056,0.952372,-1.0638,1964084850.7,251743789.84,310760037.01,False,False
1990,1.077154,-0.03501,0.979998,1.2511,1928980360.4,181477060.18,250642642.57,False,False
1991,0.871281,-0.024322,1.063122,5.3358,1560300804.61,-36791404.95,86022300.53,True,False
1992,0.980418,0.027561,0.99264,-2.5348,1755743981.85,200502057.26,282384363.67,False,False
1993,0.882727,0.003665,0.980308,-3.8465,1580797913.67,78636195.15,203981709.22,True,False
1994,0.898238,-0.016485,0.912396,2.5575,1608576215.44,110652104.02,197822415.26,True,False
1995,0.992763,0.044294,0.892014,10.0153,1777852537.16,316548064.92,300319754.86,False,False
1996,1.091253,-0.006116,1.038165,0.5971,1954228713.0,206743873.12,271238687.49,False,False
1997,0.978045,0.022448,0.999238,4.9416,1751494339.88,184395600.17,235526231.19,False,False
1998,1.00069,0.018907,0.989658,4.0428,1792047833.16,206546062.28,254452327.83,False,False
1999,1.045573,-0.002034,1.004472,-6.4511,1872424550.52,198500673.95,301924045.2,False,False
2000,0.977398,-0.005248,0.995449,1.8177,1750336777.7,138113321.96,219050528.87,True,False
2001,0.955888,0.011215,1.018259,-3.4762,1711815336.4,130140129.74,238648168.88,True,False
2002,0.942791,0.003652,1.023771,3.918,1688361917.22,101174854.37,184525352.26,True,False
2003,1.044978,0.024812,1.04753,1.6949,1871358825.82,216316809.45,272255624.53,False,False
2004,0.973873,-0.039572,0.933334,-8.9575,1744023594.09,121093134.68,258993254.61,True,False
2005,1.067196,0.018791,0.949681,-4.3687,1911147042.46,298363957.39,359612243.41,False,False
2006,1.134209,-0.001089,1.023362,-9.0822,2031155796.96,266316714.72,365486154.12,False,False
2007,1.039986,0.011664,0.930232,5.4224,1862420168.92,273954139.87,292470651.29,False,False
2008,0.940933,0.034468,0.991116,9.4387,1685034278.44,175589417.39,209676575.08,False,False
2009,0.99385,0.009715,1.060924,3.5316,1779799379.95,130990893.37,205702850.96,True,False
2010,0.992617,-0.013151,0.980978,-9.4782,1777591387.18,148411116.68,280929212.36,True,False
2011,1.036285,-0.017642,0.986534,-3.2816,1855792110.62,174449458.61,269160553.88,False,False
2012,0.961598,0.001244,0.96638,2.4617,1722041855.54,156670074.74,228771540.4,True,False
2013,0.987837,0.003658,1.039526,8.8583,1769030246.47,130575432.35,179708009.97,True,False
2014,0.98848,-0.022375,0.94539,-10.0275,1770181762.28,154789329.26,287738119.76,True,False
2015,1.012955,0.032781,0.950031,7.0156,1814011270.33,272573860.51,284333474.46,False,False
2016,1.089535,0.060093,1.028673,6.8172,1951151881.77,341418978.39,329572637.73,False,False
2017,1.174989,-0.024738,0.997919,5.8539,2104185347.42,272220880.95,285213032.22,False,False
2018,0.998099,-0.004167,0.954569,-4.8632,1787408715.92,188856274.42,286087201.47,False,False
2019,0.962184,-0.005531,1.062254,-3.0265,1723091491.66,74528946.7,198817210.95,True,False
2020,0.91427,0.020541,0.990674,4.8705,1637286118.69,127340681.18,198594023.31,True,False
2021,1.022483,-0.006597,0.936929,4.9765,1831074364.06,219353562.6,258045213.48,False,False
2022,1.089846,-0.014359,1.011775,2.3149,1951709092.43,208939847.47,263550945.1,False,False
2023,0.97274,0.051518,0.935046,3.5838,1741995498.94,277558323.09,305485483.38,False,False
2024,0.968745,0.007185,0.996462,-6.6928,1734840946.55,151183466.88,268465671.04,True,False
2025,1.063584,-0.019125,0.972599,-0.711,1904679331.6,205783686.69,277492799.02,False,False
2026,1.186774,0.010425,1.027647,1.6727,2125289347.52,335079612.32,351964605.8,False,False
2027,0.974364,-0.003084,1.044404,-6.7641,1744903248.53,102919038.47,236171124.61,True,False
2028,1.043374,0.009851,1.032524,-0.9466,1868486547.89,197952416.31,273303569.98,False,False
2029,0.92398,0.020928,0.950768,1.0247,1654673895.6,166675733.89,242544279.33,False,False
2030,1.046451,-0.003018,0.983461,0.2941,1873997510.18,213007748.91,277185156.51,False,False
2031,1.014509,-0.004386,1.005576,1.4553,1816794453.44,165414073.47,239087666.91,False,False
2032,1.078896,0.006749,0.99634,2.7513,1932100637.81,251526769.36,290324479.74,False,False
2033,0.921034,0.007885,1.042251,1.029,1649398829.23,74642033.46,179956515.84,True,False
2034,1.046362,0.002494,0.973903,-3.7286,1873837972.85,230334764.6,309619292.75,False,False
2035,0.940177,0.007957,1.076675,-0.5624,1683679629.29,66863732.52,181911496.26,True,False
2036,0.995402,0.009999,1.036302,6.2533,1782578091.96,151162626.19,206100652.43,True,False
2037,1.028214,-0.017283,0.997097,1.1794,1841337629.79,160239553.82,236863222.17,False,False
2038,1.044517,-0.018808,0.945692,0.0134,1870534591.83,209701389.71,276378405.59,False,False
2039,1.089624,-0.014897,0.999792,-4.5354,1951311783.18,216567996.72,305362440.58,False,False
2040,1.03773,-0.012348,0.966434,4.3165,1858380080.42,200434527.04,248168246.07,False,False
2041,1.054722,0.0119,0.98512,5.1888,1888808914.38,247395843.29,275228092.19,False,False
2042,0.993415,-0.02021,1.043646,-5.1308,1779019338.26,90146667.03,220157301.96,True,False
2043,1.023615,-0.018253,1.022801,-2.8765,1833102883.23,135407618.75,240373376.03,True,False
2044,0.960141,-0.005357,1.025156,2.7054,1719433086.02,100472578.29,189426593.78,True,False
2045,1.049059,-0.004219,0.932568,1.554,1878667753.25,250785489.26,296385653.12,False,False
2046,0.963046,0.005788,0.96792,2.7027,1724635194.02,164680766.96,233062607.36,False,False
2047,0.833305,-0.020078,1.058296,-1.9098,1492292426.7,-59595118.02,101133252.68,True,False
2048,1.037434,0.033072,1.050426,0.067,1857849397.11,222356877.44,284711484.79,False,False
2049,1.050235,0.00806,0.987359,1.5562,1880773515.72,234360172.51,285196227.33,False,False
2050,1.051291,0.006227,0.964045,0.7201,1882664885.95,249143920.62,299553559.07,False,False
2051,1.040974,-3.2e-05,0.983496,10.593,1864189051.54,213622607.47,225010964.63,False,False
2052,0.901508,0.011851,0.937815,-6.6783,1614432369.1,140437915.69,258886581.61,True,False
2053,0.87134,0.044284,1.095188,-1.0202,1560406337.96,46565846.55,169876136.6,True,False
2054,1.042012,-0.002213,1.005102,0.0841,1866048632.65,194490766.72,265673605.63,False,False
2055,0.958776,0.003188,0.981682,-2.7959,1716987111.51,146116044.91,246360815.25,True,False
2056,0.989052,0.015681,0.990737,-3.2941,1771205648.66,189107517.15,278428097.82,False,False
2057,1.001668,-0.009479,1.038108,0.4739,1793799539.7,120666736.49,213574420.8,True,False
2058,0.949967,-0.001341,0.94694,-6.3238,1701212885.66,156118066.69,269484753.31,True,False
2059,0.976804,-0.029815,1.00469,2.8003,1749272617.07,87764094.57,180109001.82,True,False
2060,1.112418,0.00151,1.006435,0.0662,1992132118.0,264353760.01,313249241.51,False,False
2061,1.06123,-0.012982,1.002054,-0.6784,1900463360.99,193595474.73,269026898.83,False,False
2062,0.848436,-0.004394,0.962642,-3.7836,1519390188.65,48218334.42,182388240.84,True,False
2063,0.9104,-0.020739,1.062567,-4.7771,1630355441.21,3155609.3,157333556.23,True,False
2064,0.90126,0.015445,0.968022,-5.4447,1613988244.09,123639006.67,242000372.24,True,False
2065,1.03848,-0.028643,1.023938,5.9493,1859723255.45,128207214.73,190718311.2,True,False
2066,0.915686,-4e-05,0.950452,-1.1239,1639821170.25,124710044.53,223702124.69,True,False
2067,1.000441,0.004127,1.021622,1.7045,1791601920.54,156162015.4,231673712.37,True,False
2068,1.02402,0.002417,0.982635,3.5254,1833827695.48,203408741.81,254455570.28,False,False
2069,0.929298,0.007542,0.947437,-1.0217,1664197780.47,151877301.71,241785062.81,True,False
2070,1.002078,-0.027477,0.944059,-0.1263,1794533550.19,158379975.78,242169183.04,True,False
2071,1.081539,-0.017944,0.99062,1.0652,1936833365.34,210358652.13,271241688.93,False,False
2072,1.108532,-0.003104,0.932289,5.4586,1985172137.16,306574493.09,312632031.42,False,False
2073,0.859675,-0.00325,1.011037,0.9236,1539516528.57,24222617.37,146425745.51,True,False
2074,1.131534,-0.002851,1.003254,5.5891,2026365155.5,275222072.04,289971942.64,False,False
2075,1.271012,0.006358,0.935285,5.1323,2276144324.42,472020859.27,422818882.49,False,False
2076,0.848215,-0.013592,0.987077,-0.1721,1518992866.91,15953157.71,145414216.55,True,False
2077,1.053083,-0.013335,1.011131,3.3328,1885874047.66,179026382.91,238367996.42,False,False
2078,1.031884,0.008,1.01737,-3.0626,1847910500.41,195153250.33,282059378.18,False,False
2079,0.94524,-0.005392,1.084959,5.0564,1692747875.99,42785661.38,139494203.22,True,False
2080,0.974261,0.003801,0.999675,-1.0186,1744718764.95,147962753.36,239333337.17,True,False
2081,0.919923,-0.027068,0.950238,-8.7855,1647408738.75,84176579.94,230743051.92,True,False
2082,0.964887,-0.001376,0.933165,1.8616,1727931191.22,179723888.93,247249127.68,False,False
2083,1.031136,-0.015528,0.976796,-12.8822,1846571395.22,181066553.64,322147578.43,False,False
2084,1.106747,-0.017235,1.035885,-0.8716,1981975698.3,200245343.09,274749787.64,False,False
2085,0.917145,-0.003218,1.000426,-0.3643,1642434853.38,83804229.64,192476043.28,True,False
2086,0.987333,-0.003022,1.034742,-2.5562,1768127400.44,121848079.59,229089471.81,True,False
2087,0.918988,-0.019122,0.98866,4.8393,1645735629.56,68001626.78,158271059.46,True,False
2088,1.005277,-0.000321,0.935776,-13.3616,1800262910.24,216139912.55,346727453.34,False,False
2089,0.92595,-0.017277,0.991714,3.0352,1658202563.73,74860426.95,170966222.76,True,False
2090,1.03969,-0.011487,1.0238,-0.0432,1861889309.85,161286159.59,243744682.17,False,False
2091,0.996814,-0.00158,1.048353,5.2539,1785106233.65,122870084.51,191706468.4,True,False
2092,0.915416,0.005211,1.016477,3.8186,1639338242.0,84181427.58,173942724.46,True,False
2093,1.030215,0.036455,0.964941,3.9623,1844922418.04,284943123.0,307583482.56,False,False
2094,1.050661,0.037254,1.038961,-1.6991,1881535909.7,251467781.35,313606567.26,False,False
2095,0.958654,-0.003889,1.081342,-1.1983,1716768850.01,60053089.73,180322360.73,True,False
2096,1.040934,0.005958,0.917017,2.2759,1864116470.28,273981127.18,308533821.45,False,False
2097,1.014423,-0.023754,0.950323,9.213,1816641317.69,171068227.7,204322154.75,False,False
2098,0.954905,-0.025604,1.010865,7.159,1710054918.59,71743514.93,149095015.55,True,False
2099,0.942695,-0.003237,1.058624,0.5516,1688188943.67,63647324.02,174578735.19,True,False
2100,0.989869,0.00952,1.039151,-10.2772,1772669756.69,143096819.41,281068317.6,True,False
2101,1.009207,-0.000439,0.993483,8.3705,1807300296.89,176745931.15,212590668.56,False,False
2102,0.908326,0.015348,1.082575,5.2048,1626641209.43,45239769.99,141417580.71,True,False
2103,1.018551,-0.0038,1.002501,-4.7748,1824033634.53,172384973.19,274933258.58,False,False
2104,1.072165,0.002544,1.018387,11.372,1920046252.74,220952980.25,224276474.44,False,False
2105,1.020853,0.029253,1.044568,-2.7214,1828156010.57,203727642.69,286015450.68,False,False
2106,0.942846,0.009214,0.994986,0.2806,1688459233.44,131932585.08,222265864.33,True,False
2107,1.025023,0.037508,1.006521,-0.9608,1835624118.48,251047631.03,309394413.1,False,False
2108,0.941579,0.001071,1.01822,3.1352,1686190583.44,99828650.05,187249601.79,True,False
2109,0.918165,-0.02788,0.984685,-0.0233,1644260471.46,55825862.44,171916270.77,True,False
2110,1.016572,0.004658,1.012188,1.2672,1820489012.56,178832359.83,249135683.65,False,False
2111,1.045044,0.011012,1.037972,11.9258,1871476837.03,197631283.41,207091767.64,False,False
2112,1.067769,0.011088,1.057421,-8.6302,1912173082.24,204386102.57,318044757.7,False,False
2113,0.982896,0.024001,0.986421,-7.2382,1760181581.39,201205543.04,305575253.17,False,False
2114,0.933684,0.018798,0.946733,-5.1235,1672052104.1,175248255.13,276489079.55,False,False
2115,0.991286,-0.009039,1.101172,1.6218,1775207580.69,65528423.45,170521605.42,True,False
2116,0.901129,0.009797,0.970879,0.2764,1613752309.25,112287140.9,208983125.31,True,False
2117,1.039482,-0.021404,0.946499,-1.4801,1861516130.46,199885120.61,277320374.4,False,False
2118,1.107287,-0.028674,0.987399,2.3053,1982942501.5,213940283.18,266805174.62,False,False
2119,1.103095,0.030848,1.08056,1.2004,1975436847.81,258955273.32,303442972.76,False,False
2120,1.042981,-0.029398,0.958772,3.001,1867782546.56,178897547.68,240143642.28,False,False
2121,1.089054,-0.025866,0.91477,-4.509,1950290891.06,257637455.62,333136350.8,False,False
2122,0.982392,0.028968,0.995769,-4.8806,1759279389.83,202543597.31,295104006.89,False,False
2123,0.968916,-0.029983,1.009756,-8.4099,1735146653.72,77004457.68,226192319.05,True,False
2124,0.947022,-0.019132,1.032039,1.0202,1695938849.04,60269288.78,170092913.32,True,False
2125,0.956908,-0.020779,0.977767,-4.0247,1713643097.04,106244098.82,224991637.61,True,False
2126,0.915026,0.001625,0.962623,-5.2962,1638639700.93,117828421.15,237750187.51,True,False
2127,1.010695,0.015312,0.897802,7.3248,1809965252.31,277455415.91,286197079.75,False,False
2128,1.17592,-0.000738,1.006705,8.3883,2105851360.72,317053541.64,301050565.67,False,False
2129,0.951291,-0.018186,0.969192,1.0721,1703582690.98,112137067.78,205099215.49,True,False
2130,1.05236,-0.012151,1.010679,8.0333,1884579588.09,180955626.55,215422152.25,False,False
2131,0.91454,-0.003512,0.922505,-1.1226,1637770136.78,138684018.34,233192353.59,True,False
2132,1.119826,-0.011983,0.979757,-3.9478,2005398254.81,263773320.35,334905700.78,False,False
2133,1.071756,-0.008636,1.077487,-4.9034,1919314133.23,155357169.11,265276779.78,True,False
2134,0.948208,-0.022603,1.009744,6.6068,1698062310.75,71916480.57,152016788.02,True,False
2135,0.904429,-0.034087,0.943145,-2.3538,1619662053.04,64792003.21,188353152.3,True,False
2136,0.941065,-0.014696,0.884047,0.8939,1685271376.89,172150846.58,246785174.09,False,False
2137,1.033691,-0.007771,0.964435,2.0619,1851146287.64,206820049.51,264030217.8,False,False
2138,0.915672,0.007445,0.92502,0.6124,1639797430.27,155806226.24,237046802.69,True,False
2139,0.979087,0.026108,1.023533,5.8371,1753360731.58,173806136.12,223998425.34,False,False
2140,1.019249,0.019418,0.995893,-1.0968,1825284149.89,220285115.36,289128847.63,False,False
2141,0.983999,0.007929,0.939719,1.4005,1762158138.31,208514172.66,268878371.44,False,False
2142,1.171589,0.021381,1.094649,2.7824,2098095441.29,294423965.47,318064365.15,False,False
2143,0.96858,-0.002063,1.050722,5.0614,1734544391.22,94809279.34,174267556.49,True,False
2144,1.117778,-0.001054,1.031023,-2.4368,2001730569.44,245877305.8,314410413.65,False,False
2145,0.881948,0.047463,1.049987,0.6605,1579402907.18,95500072.78,195932104.36,True,False
2146,0.896944,-0.011098,0.955095,2.3833,1606258155.65,86552310.47,182217207.01,True,False
2147,1.07267,0.012315,1.012125,0.2982,1920949695.42,244819336.49,298757828.05,False,False
2148,0.976463,0.002034,0.857305,3.2404,1748661624.39,252310344.66,289896538.86,False,False
2149,1.037838,0.015347,1.053334,-5.1858,1858573444.65,187648778.43,287856950.46,False,False
2150,0.968705,-0.028887,1.031527,-5.7248,1734769292.13,62602846.05,203628792.73,True,False
2151,1.160018,0.027844,1.055372,4.3512,2077373926.21,326022548.21,330780487.44,False,False
2152,0.996739,0.004633,1.023629,-4.0217,1784972040.01,152201815.44,257014502.62,True,False
2153,1.168994,-0.007006,0.992715,0.6885,2093448095.74,308033962.46,339364273.58,False,False
2154,0.97045,0.009,0.969694,-1.6156,1737893756.21,175724182.56,261034764.58,False,False
2155,0.941798,-0.015322,0.987458,-4.0316,1686584077.63,95159706.51,217187682.01,True,False
2156,1.101862,-0.025757,1.022962,2.1694,1973227819.46,188730198.19,250458646.31,False,False
2157,0.863127,-0.0087,0.985953,4.1287,1545697721.24,37476839.77,141850069.95,True,False
2158,0.995899,-0.025288,0.982704,2.2474,1783468890.84,128378414.22,210166034.5,True,False
2159,1.020459,0.00886,0.938677,-4.7033,1827449547.24,244497683.73,323656474.13,False,False
2160,0.895957,-0.043904,1.011145,-5.7455,1604490740.96,-8465772.27,153349523.08,True,False
2161,1.024278,0.027282,0.984215,0.4367,1834288822.98,248082486.11,300351390.2,False,False
2162,1.010794,0.008492,0.935627,7.7809,1810142216.74,237191727.06,256552401.16,False,False
2163,0.993671,0.008207,1.01475,-0.4028,1779477850.0,162334977.06,246201319.24,False,False
2164,1.001746,-0.008977,0.922312,0.0094,1793939184.66,207388176.13,274827665.79,False,False
2165,0.972313,0.043964,1.050402,3.4143,1741229981.39,178553973.93,238978767.05,False,False
2166,0.936564,0.02188,1.048211,2.7226,1677211036.91,107973978.51,194761557.74,True,False
2167,0.911945,-0.02037,1.082005,-3.6126,1633121834.78,-9295482.09,143692699.79,True,False
2168,1.055162,-0.004334,0.929291,-2.3284,1889596634.31,258471256.47,321664685.68,False,False
2169,0.962183,0.014798,0.956868,-2.0896,1723088500.36,187599177.85,271281780.17,False,False
2170,1.0554,-0.01039,0.977471,5.1329,1890024000.2,211560799.79,251132463.75,False,False
2171,1.099543,0.005282,0.928693,1.7568,1969074435.97,317665019.81,340384614.09,False,False
2172,1.033793,-0.000581,1.051389,9.7828,1851329459.62,155830729.58,190195138.58,True,False
2173,0.984205,-0.016297,0.983383,-0.5199,1762526700.82,133670584.7,227256441.54,True,False
2174,0.860915,0.003686,1.051947,0.7901,1541737285.85,5736079.49,134412979.83,True,False
2175,1.109273,-0.024461,0.958434,0.2722,1986500192.24,245453891.32,299277289.07,False,False
2176,0.964413,0.003191,1.014743,10.916,1727083072.0,126770979.25,168402391.7,True,False
2177,0.980075,0.013692,1.009855,2.965,1755130987.77,163085035.55,230490141.86,False,False
2178,0.985255,-0.010645,0.977507,-4.8453,1764407179.46,148914250.67,258533968.05,True,False
2179,0.983095,-0.028381,0.997276,-6.1328,1760537872.68,101134001.03,232201998.0,True,False
2180,0.98846,-0.010904,1.041715,-2.601,1770145851.27,103745788.92,217011079.23,True,False
2181,0.910688,0.020347,0.985732,0.682,1630870528.46,127310584.84,217373815.91,True,False
2182,0.98673,-0.000164,1.028866,2.0792,1767048245.63,130707311.59,212665041.44,True,False
2183,1.048938,0.002809,1.035075,-4.2022,1878451432.08,187968438.68,283294722.79,False,False
2184,0.961184,-0.021198,0.988219,-2.6363,1721300021.38,101493391.89,215297837.81,True,False
2185,1.060591,0.027583,1.023379,3.1234,1899319807.45,254287363.69,290512387.59,False,False
2186,1.034117,0.015118,0.881583,11.8168,1851909466.4,310944131.93,285336608.16,False,False
2187,1.020556,0.00307,0.975893,0.2226,1827623542.07,206445453.61,273117983.16,False,False
2188,0.992956,0.015958,1.020211,-7.2519,1778198242.59,171417700.94,285743511.66,False,False
2189,0.952062,-0.023993,0.956658,3.9022,1704964795.39,112190964.16,191912057.91,True,False
2190,1.173463,-0.001565,1.02559,-7.3963,2101451062.94,299111950.21,379829301.43,False,False
2191,0.868594,-0.009284,0.969514,-1.2703,1555488848.81,53605765.01,175715423.31,True,False
2192,1.043481,-0.013103,1.003935,2.4857,1868679033.52,176329550.43,241028020.3,False,False
2193,0.999956,-0.01732,1.03091,2.2463,1790732766.79,110435536.16,197925242.26,True,False
2194,1.060393,-0.019096,1.013607,7.9982,1898965295.84,172693685.64,209669822.99,False,False
2195,0.944722,0.001508,1.012559,-4.0578,1691820245.13,107611115.49,225833940.02,True,False
2196,1.01838,-0.005768,0.977975,-2.8387,1823727140.83,186805230.86,275060927.48,False,False
2197,1.001748,0.005394,0.968509,-5.6453,1793942270.28,198959269.86,296888319.47,False,False
2198,1.022983,-0.00542,1.012054,-4.9976,1831969781.71,166324250.56,272033772.91,False,False
2199,0.996395,0.033964,0.991348,1.1727,1784356804.82,228131380.6,283246449.14,False,False
2200,0.960468,0.016776,0.992088,0.9051,1720017815.73,163322555.97,240644209.97,False,False
2201,1.018851,-0.038473,1.022187,7.0961,1824570428.41,94813136.64,162850462.67,True,False
2202,0.844681,-0.012704,0.959722,10.8058,1512665427.15,34440987.17,112487285.92,True,False
2203,1.086124,-0.016721,1.008277,1.0312,1945044446.77,203664969.16,266846871.89,False,False
2204,0.892352,-0.027446,0.954862,8.7665,1598034808.68,56536239.53,133913234.32,True,False
2205,0.967431,0.037038,1.040973,-3.0717,1732486335.72,168734894.14,263169605.72,False,False
2206,0.985405,-0.000685,1.005981,-1.3554,1764675776.31,145536210.45,239367732.05,True,False
2207,1.011867,0.017964,1.09958,-6.0818,1812063750.79,133930432.96,255115886.6,True,False
2208,1.149762,0.035207,0.931803,0.0204,2059007698.56,422896516.53,421304559.21,False,False
2209,1.060957,0.006267,1.048819,5.5683,1899975138.44,195298212.95,237667431.89,False,False
2210,1.098619,0.017166,0.862853,-5.6467,1967420305.04,388958119.36,428778022.42,False,False
2211,1.142791,-0.022667,0.935223,0.6582,2046524215.13,295176247.53,330879321.52,False,False
2212,1.056759,-0.00585,1.00418,-0.0793,1892456207.23,201577622.52,271333694.68,False,False
2213,1.097094,0.000862,1.003504,-3.5637,1964689267.85,251341354.41,323944419.04,False,False
2214,1.08182,-0.019005,1.080811,-5.38,1937335984.51,141760172.59,258802456.37,True,False
2215,0.95721,-0.02384,0.919988,-5.1135,1714184038.09,144046373.19,255816350.97,True,False
2216,1.001467,0.028545,0.918401,-5.9182,1793439935.64,277329609.52,351513226.35,False,False
2217,1.067723,0.005908,0.915626,1.5405,1912092082.59,299443493.47,329401277.19,False,False
2218,0.825827,0.008829,1.02137,-1.5965,1478901123.24,4001962.88,143039739.0,True,False
2219,1.017238,0.00468,0.99843,-6.0722,1821682495.97,189668688.33,293130351.46,False,False
2220,1.02953,-0.050581,1.042974,9.4458,1843695146.35,66023885.03,131033202.65,True,False
2221,0.927578,0.03001,0.935386,4.6812,1661118047.38,196544942.42,246196199.86,False,False
2222,0.972881,-0.032827,0.986539,-6.7879,1742246452.66,92616934.4,229229912.13,True,False
2223,0.903912,0.024043,1.024827,5.8592,1618735864.76,97962689.74,174479672.47,True,False
2224,0.919576,-0.011414,0.984592,-2.0764,1646787280.69,84218215.96,200486519.14,True,False
2225,1.075694,0.003167,1.075009,1.241,1926365039.8,183432176.36,252034338.28,False,False
2226,1.081269,0.015105,0.995826,-0.5201,1936348962.92,270263328.02,320388221.62,False,False
2227,1.014094,-0.000797,0.940617,-7.8283,1816052546.47,219663670.96,322170576.75,False,False
2228,1.094438,0.001209,0.962404,11.7985,1959932341.17,280049458.89,260929616.11,False,False
2229,1.071193,0.022141,0.944483,-9.9147,1918304746.05,312389520.93,398382684.3,False,False
2230,0.973907,0.019885,1.036871,3.0991,1744084691.25,148146758.03,219781193.34,True,False
2231,0.934459,0.00268,0.906445,-3.9326,1673440501.01,178838947.79,273490533.11,False,False
2232,1.016228,0.009201,0.991418,1.2358,1819874287.51,202165766.69,265161120.08,False,False
2233,1.148402,0.024708,0.97868,6.8087,2056571770.42,365275138.69,343873846.38,False,False
2234,0.95939,-0.032166,1.021889,2.9718,1718088022.62,56158921.01,158049419.92,True,False
2235,0.939449,-0.021163,1.047175,-0.5615,1682377132.31,39050266.7,162992228.82,True,False
2236,1.029369,0.019793,1.06419,-3.6566,1843407357.82,179909339.25,274655610.32,False,False
2237,0.850268,-0.019819,1.002894,-3.4898,1522670154.15,-3433881.5,146073105.44,True,False
2238,0.983202,0.002709,0.965958,-0.8964,1760730464.31,179160420.14,260002982.41,False,False
2239,0.926436,0.000809,1.000546,-5.399,1659073701.24,98750290.78,225540809.13,True,False
2240,0.993588,0.005302,1.008793,12.3399,1779329783.57,161501613.85,183515633.92,False,False
2241,1.070187,0.020647,1.039907,1.5426,1916503176.62,237911379.59,287529776.67,False,False
2242,1.017072,0.051381,1.027094,10.17,1821385646.98,253351895.42,255379895.62,False,False
2243,1.066065,-0.013748,0.960092,-8.3505,1909122315.7,227472040.99,332207897.4,False,False
2244,1.02737,-0.02224,0.975977,2.2461,1839825850.92,166020059.01,235421987.55,False,False
2245,1.090584,-0.028013,1.041682,-6.2072,1953031260.42,160775300.76,276390191.78,False,False
2246,1.114245,0.00524,0.918237,-8.386,1995402991.67,338766738.88,410056397.3,False,False
2247,0.973621,-0.001631,0.917744,-1.2,1743571662.83,198579731.89,274616510.19,False,False
2248,1.021041,-0.002604,0.984845,5.349,1828492486.87,189883716.57,236174532.48,False,False
2249,0.973071,-0.018468,0.99264,-2.5209,1742587462.85,113281591.32,222916706.97,True,False
2250,1.037203,0.031946,1.025017,0.1463,1857435980.9,238859554.0,295529951.63,False,False
2251,1.112108,-0.009495,0.984702,4.9188,1991576257.14,258247660.02,282619483.03,False,False
2252,0.906669,-0.008442,1.038281,-6.1121,1623674475.06,37868831.8,186789825.94,True,False
2253,1.1039,0.014558,0.958546,-5.812,1976877549.53,317879225.19,381486239.2,False,False
2254,0.997028,0.018406,1.022189,5.3483,1785490343.41,178124269.8,228811988.89,False,False
2255,0.860907,0.019293,1.007425,-1.6314,1541722600.33,62759147.13,183416797.69,True,False
2256,0.924031,-0.010972,0.917501,2.0237,1654766780.34,138573817.77,218905365.56,True,False
2257,0.954182,-0.042252,0.997737,-3.0334,1708759963.03,52396920.18,183680858.82,True,False
2258,0.996726,-0.005379,1.036518,-4.6508,1784949821.27,124773971.17,241440053.59,True,False
2259,0.884118,0.021537,1.069812,3.4532,1583288607.13,41919289.79,147375958.96,True,False
2260,1.046467,0.004103,1.044722,-3.9186,1874026276.16,181001182.28,277050045.92,False,False
2261,1.033191,-0.028541,1.049239,-3.1495,1850250597.36,105145910.87,221314618.58,True,False
2262,0.924428,-0.001945,0.955432,-1.2304,1655476465.9,125778542.86,224959917.25,True,False
2263,0.957745,-0.011033,1.05698,0.9936,1715140881.47,65024753.15,173397725.71,True,False
2264,1.00017,-0.003916,0.934157,-1.9578,1791117031.92,206280953.28,283728204.21,False,False
2265,0.916611,0.003909,1.027758,-10.232,1641477366.46,74781350.93,230716630.33,True,False
2266,0.929039,0.000814,0.991849,3.7811,1663734746.41,107557511.89,189754111.22,True,False
2267,1.019301,0.008502,0.947337,2.0401,1825377235.59,236365051.84,284375458.66,False,False
2268,1.121849,0.016151,1.00868,8.8678,2009020425.05,300664080.39,289491673.37,False,False
2269,0.983554,-0.000666,1.007998,2.1988,1761359900.85,142403268.16,220073580.83,True,False
2270,0.96935,-0.048941,1.024212,-2.318,1735924641.77,33758148.41,167829991.83,True,False
2271,1.033717,0.006712,0.93399,4.5202,1851192187.38,256200304.83,285140551.14,False,False
2272,0.976569,0.03331,0.943295,-0.7118,1748852224.36,243425876.97,302790212.63,False,False
2273,0.92426,0.029115,1.023736,7.5057,1655175739.37,126456769.26,185804263.18,True,False
2274,0.900384,0.019813,0.981906,2.551,1612418200.98,119583235.61,203897122.75,True,False
2275,1.048837,-0.016263,1.064034,6.1881,1878270155.84,130609742.41,190821079.81,True,False
2276,0.99054,-0.02563,0.941448,4.6887,1773870349.4,153715915.26,215590232.67,True,False
2277,0.930291,0.025227,0.962021,-1.6121,1665975984.57,171451857.88,257795537.82,False,False
2278,0.923429,-0.00724,1.043419,2.4011,1653688067.7,50965167.2,157627739.76,True,False
2279,1.02248,-0.001542,1.03963,-5.9756,1831069506.53,152553534.57,267563812.92,True,False
2280,1.15814,-0.004505,0.966157,-9.7729,2074010987.93,323203347.94,409159805.6,False,False
2281,0.882366,-0.008346,1.013989,3.857,1580151585.33,34384598.33,140533950.9,True,False
2282,1.043907,0.021112,1.059208,3.9224,1869440793.02,199734794.4,249580085.4,False,False
2283,0.990573,0.028323,0.970686,10.3824,1773930223.11,227800765.81,238295217.18,False,False
2284,0.938448,0.007941,0.983908,1.1847,1680584410.11,133944582.99,219477242.5,True,False
2285,0.938038,-0.002428,0.978307,6.9807,1679849961.55,120296169.65,183523987.96,True,False
2286,1.048959,0.035141,0.987223,4.542,1878488313.43,284159771.3,303703188.11,False,False
2287,1.125059,-0.027926,0.961061,-7.8776,2014769874.19,250120599.81,347415742.24,False,False
2288,1.085437,0.00892,0.970855,-9.74,1943812991.01,280617002.72,376539957.72,False,False
2289,1.060319,-0.006774,0.999408,-9.6302,1898832612.14,206540071.47,324395988.59,False,False
2290,1.160166,-0.01068,0.952621,-4.0655,2077639777.76,322215286.55,376097678.01,False,False
2291,1.020223,-0.006691,0.986777,1.9007,1827027690.74,180249595.6,246905579.93,False,False
2292,1.114322,-0.015095,0.9748,7.2548,1995540830.54,256371839.12,268519014.59,False,False
2293,1.196488,0.02873,0.945897,4.6342,2142685596.34,443811570.05,408437369.22,False,False
2294,0.967513,-0.020231,0.899599,2.2448,1732633434.79,174280671.99,241704705.93,False,False
2295,1.123625,-0.003245,0.997234,2.642,2012202222.38,271769888.98,304088461.43,False,False
2296,0.928548,0.041051,0.94357,2.7654,1662855535.01,209774420.77,263897947.14,False,False
2297,1.048026,-0.013893,1.019275,-0.9087,1876817969.63,167492133.71,252417012.11,False,False
2298,1.032591,0.017605,1.035414,3.2897,1849177255.88,200202379.77,253321047.2,False,False
2299,0.863304,-0.026537,1.003343,0.1954,1546015740.2,-2819137.99,131105431.78,True,False
2300,1.046082,0.005958,1.015268,-0.9011,1873336741.98,205937258.07,278511839.27,False,False
2301,0.965648,0.00566,0.924244,-1.5704,1729293475.06,199183174.1,276734508.38,False,False
2302,1.040363,-0.015032,1.032991,-1.7872,1863094863.11,148469915.62,243932147.44,True,False
2303,0.906302,-0.023135,1.004865,-0.1099,1623017090.78,38441149.44,160478650.18,True,False
2304,0.989591,0.009315,1.014744,7.0212,1772172337.34,160552037.19,208935601.83,False,False
2305,1.108694,-0.003974,0.973333,2.5503,1985461835.4,274598252.61,306703815.12,False,False
2306,0.953579,0.027241,0.892758,-1.1456,1707680411.42,248310314.5,308060590.74,False,False
2307,1.095908,0.014743,1.052325,3.2053,1962565057.75,241356156.91,280737382.14,False,False
2308,0.755031,-0.008041,0.990953,9.3487,1352118967.45,-61467267.0,57420451.36,True,False
2309,1.051907,0.018573,0.970271,8.2524,1883768160.7,268355847.47,273741125.4,False,False
2310,1.100194,0.000501,1.008141,0.3479,1970241330.93,250006620.71,301976490.78,False,False
2311,0.969613,0.00156,1.023519,6.7158,1736394189.64,122175722.33,184980764.14,True,False
2312,0.959274,0.009812,0.9908,3.6299,1717879335.28,151197128.38,219579606.69,True,False
2313,1.009028,0.006037,1.007061,9.4805,1806980102.04,178230758.43,208112240.63,False,False
2314,1.176695,-0.011218,0.972242,-0.75,2107240100.11,321191997.52,356590390.28,False,False
2315,0.938423,0.019778,0.927011,4.3818,1680539570.74,195948534.09,246920277.85,False,False
2316,0.997055,-0.028607,0.929686,10.1344,1785538193.81,162707898.77,194915153.78,False,False
2317,1.121278,-0.042027,0.978593,-2.3679,2007999106.37,205590329.01,286678048.15,False,False
2318,0.969384,-0.001177,0.920426,-9.3859,1735985255.06,193561487.9,310112339.19,False,False
2319,1.108637,0.024211,0.945653,-0.4252,1985361278.21,351003090.3,374844830.44,False,False
2320,0.995259,0.007657,1.002577,9.9639,1782322687.14,171830960.51,202040314.48,False,False
2321,0.961366,-0.02239,1.008577,-1.5378,1721626025.95,84522752.21,198578940.53,True,False
2322,0.927726,-0.020499,0.957159,4.4767,1661382713.29,96648572.57,179194387.8,True,False
2323,1.085604,-0.056728,0.986679,3.9333,1944112970.43,141424076.23,209068013.37,True,False
2324,1.006475,0.012515,1.105824,1.3104,1802407050.87,114431864.2,205192683.72,True,False
2325,0.9579,-0.043708,1.049838,8.3418,1715419638.43,14400351.23,104437547.88,True,False
2326,0.966881,-0.000398,1.064396,5.1462,1731502100.06,86035292.13,167941015.26,True,False
2327,1.004586,0.012791,0.945433,2.0505,1799025345.33,231951039.31,281470007.26,False,False
2328,1.054295,-0.026392,1.107997,-0.0541,1888043787.7,83709435.48,191052297.59,True,False
2329,1.006967,0.022286,0.94636,1.6845,1803288129.59,250595610.81,295932692.18,False,False
2330,1.113262,-0.000927,1.01867,3.6554,1993642772.23,251200707.47,284700719.76,False,False
2331,1.105643,0.034584,1.007891,-1.6051,1979999032.89,322612506.96,361933588.26,False,False
2332,0.915932,0.006739,0.902306,1.8891,1640261620.42,171705991.4,242120599.94,False,False
2333,1.086851,0.006057,1.019603,-0.7303,1946346207.34,240246297.97,301111581.79,False,False
2334,0.965739,-0.008174,1.052084,0.1292,1729457169.94,80671831.2,188094355.77,True,False
2335,1.008473,0.010009,1.054559,3.9472,1805985133.08,149721344.47,216130188.98,True,False
2336,1.086616,-0.004132,0.982877,3.6552,1945925899.2,247400971.25,282595666.92,False,False
2337,0.953565,0.009308,0.974286,5.2565,1707655388.4,157297856.64,216220038.47,True,False
2338,0.98713,0.024232,1.043071,-1.9852,1767764620.75,163676947.55,254764819.32,False,False
2339,0.981997,0.01506,0.95533,4.8295,1758571400.9,207653267.06,251785798.23,False,False
2340,1.033119,-0.008617,1.001899,-4.2945,1850122749.36,177002500.47,275979879.14,False,False
2341,0.996243,-0.034694,0.993219,-5.9334,1784084464.16,104106042.45,233643967.42,True,False
2342,1.018851,0.009586,1.012356,-0.6129,1824570712.88,189779549.01,265963874.38,False,False
2343,1.197919,-0.007999,0.949165,0.7169,2145248117.23,363967500.28,377134342.15,False,False
2344,0.99238,0.002276,1.011541,-0.2258,1777166427.41,152983539.32,238978171.42,True,False
2345,0.86367,0.00991,1.033683,0.7418,1546671176.57,31397975.91,152057111.72,True,False
2346,1.063815,-0.003688,0.953276,-2.2553,1905093153.19,249703780.13,315419909.15,False,False
2347,1.046974,0.029054,0.988889,1.6906,1874934218.34,269591389.17,308487949.01,False,False
2348,1.006195,-0.017874,0.999033,6.8639,1801906423.58,138496414.61,194142168.91,True,False
2349,1.017015,0.023822,1.022483,-0.8776,1821282363.58,206515956.42,278659954.64,False,False
2350,1.060082,0.01919,0.9526,-0.8072,1898406874.54,290281750.35,335439604.07,False,False
2351,0.82842,-0.021426,0.98615,-7.4219,1483544124.38,-12414546.42,155574348.31,True,False
2352,0.972089,0.014244,1.065132,-5.1564,1740829688.66,115689407.41,237111694.45,True,False
2353,1.129641,0.008024,1.057583,-0.264,2022974546.2,255286327.73,308907953.61,False,False
2354,0.999378,0.000809,1.076709,-7.6333,1789698588.8,108460944.69,245031499.92,True,False
2355,1.044943,0.008445,1.005728,-7.0929,1871296561.89,216612710.52,317510832.49,False,False
2356,1.003205,-0.018294,1.001295,-6.0821,1796552291.59,133456101.27,254536392.32,True,False
2357,1.015692,0.008316,0.977129,1.047,1818913443.6,210644446.92,271870824.96,False,False
2358,0.971144,0.005873,1.050868,-6.4479,1739136143.21,110813808.46,239926095.56,True,False
2359,0.957558,0.019214,1.010093,-9.3618,1714805914.71,151448991.05,280817890.09,True,False
2360,0.893133,-0.028148,1.003579,-2.0289,1599432847.09,20004417.46,156343489.62,True,False
2361,1.025402,-0.040508,1.002143,1.1471,1836302336.06,111395739.7,203827872.03,True,False
2362,1.003264,-0.015509,0.980688,3.989,1796657641.22,153772241.71,218780021.87,True,False
2363,1.032715,0.01569,0.959762,3.9711,1849399291.91,252801194.1,285633600.47,False,False
2364,0.890024,0.03404,0.925483,8.2624,1593866685.7,174300870.41,216294409.62,False,False
2365,0.996713,0.038238,0.985233,4.7003,1784925639.63,240594351.2,274468537.63,False,False
2366,0.95451,0.050181,0.946187,-8.2253,1709347342.56,248843601.87,341584027.72,False,False
2367,0.99219,-0.001212,0.93814,-2.5047,1776825398.73,200969699.45,282701986.2,False,False
2368,0.91827,-0.022105,1.021748,9.1702,1644449485.23,37967345.25,118352621.72,True,False
2369,0.98246,-0.005015,0.941843,-5.0344,1759402173.22,182754000.03,282389678.04,False,False
2370,0.974716,0.019339,1.03662,-0.5466,1745533371.78,148139577.63,237198865.81,True,False
2371,1.081906,-0.012947,0.99045,5.3275,1937490344.78,220486950.68,255501675.47,False,False
2372,0.985184,-0.019042,1.014513,0.3097,1764279419.89,106631165.29,204862295.25,True,False
2373,1.015063,0.010387,1.023856,3.958,1817786511.0,179227350.59,236012668.53,False,False
2374,1.043047,0.010114,0.896614,0.7998,1867901126.16,298787410.91,332932326.86,False,False
2375,0.832218,0.016223,1.045446,2.4514,1490346534.38,3076077.91,125932414.33,True,False
2376,0.999378,-0.029987,0.973403,7.6539,1789699010.08,129846939.98,184616762.63,True,False
2377,1.08269,-0.002823,0.970248,-4.6948,1938893601.13,255767050.34,332710710.43,False,False
2378,1.046957,-0.024266,1.106769,-3.8564,1874904029.68,82311659.68,209630865.35,True,False
2379,0.982128,0.000904,0.994432,2.1193,1758806969.52,153921632.24,228304367.25,True,False
2380,1.015847,0.014866,1.023679,-5.5439,1819191040.59,188230153.73,289477614.46,False,False
2381,0.942341,-0.020596,1.082501,2.0697,1687555789.26,16354031.35,135401428.08,True,False
2382,1.080965,-0.01502,0.940119,0.3831,1935805856.34,252915755.26,303800775.53,False,False
2383,0.99452,0.003424,0.992143,1.0064,1780997829.9,171338873.21,245449906.81,False,False
2384,0.978108,-0.036361,0.943833,3.3137,1751608174.53,122474886.79,201230795.2,True,False
2385,1.113817,-0.005835,0.963456,-9.2427,1994637881.8,282800002.0,376662845.22,False,False
2386,1.089663,0.011093,1.000608,-0.1136,1951381154.01,266715552.63,315823915.74,False,False
2387,0.975432,0.021215,0.993988,1.5262,1746815973.1,183660268.88,251434612.6,False,False
2388,0.994939,-0.012473,0.981963,1.5514,1781748319.8,150934243.42,228911807.12,True,False
2389,0.929035,-0.005306,1.054303,-3.3337,1663726745.59,51123976.54,183809658.38,True,False
2390,1.012869,0.025967,1.020945,-0.134,1813858411.23,207617587.16,275695968.45,False,False
2391,1.131067,-0.014797,0.983967,9.7239,2025528794.86,264887365.71,260011772.1,False,False
2392,0.950814,-0.012346,1.058329,4.3873,1702728800.18,55655685.04,151229145.74,True,False
2393,1.059074,-0.000713,0.966585,-0.7406,1896602862.89,241232263.06,301736246.91,False,False
2394,1.032093,0.010538,0.951035,5.7378,1848284355.54,249159890.86,274223717.4,False,False
2395,1.023582,0.009545,0.969683,3.6956,1833042692.66,225668389.91,268745145.93,False,False
2396,0.891121,0.007408,1.051622,-3.1711,1595830371.08,39449035.85,174539827.74,True,False
2397,1.021436,-0.015425,1.0102,9.1338,1829199898.77,148009859.34,188722554.23,True,False
2398,1.033047,0.018097,1.081921,9.8971,1849993189.04,167101109.02,197315587.9,False,False
2399,1.030306,0.025611,0.95614,-5.8582,1845085343.81,271541042.93,348111248.06,False,False
2400,0.975195,-0.010224,1.043929,-3.7817,1746390608.57,91549534.29,214197413.48,True,False
2401,1.05002,0.005849,1.064368,-6.9224,1880388543.47,172976939.53,287136918.88,False,False
2402,1.058418,0.024831,1.047233,3.9248,1895427948.06,229332546.64,269414933.25,False,False
2403,1.05666,0.002231,1.003294,-5.8431,1892278800.99,217436449.18,311999383.02,False,False
2404,0.965669,-0.024171,1.095962,3.6281,1729331394.12,20452122.81,130567929.98,True,False
2405,0.985019,-0.029266,0.970731,-0.7627,1763983269.19,120874246.14,219730272.39,True,False
2406,0.981945,0.024999,1.011647,-7.7817,1758479379.61,183378577.47,296037464.94,False,False
2407,0.916047,0.038002,0.976796,2.4203,1640467560.24,167935683.39,237168311.26,False,False
2408,0.980954,0.007347,0.957826,-0.9546,1756703802.62,191283523.5,268517101.18,False,False
2409,1.106966,-0.012653,1.06338,1.8001,1982368988.84,189158773.13,252701221.92,False,False
2410,0.985722,-0.008084,0.928306,4.7783,1765242845.82,190283333.26,240133602.8,False,False
2411,1.044681,0.009823,1.084736,1.8837,1870827424.33,160440704.56,233294716.22,False,False
2412,0.870301,0.012826,0.988529,1.4992,1558546374.43,75499274.51,178787652.18,True,False
2413,0.984864,-0.004708,0.982782,-5.5146,1763706171.67,155131788.64,265986628.79,True,False
2414,0.976246,-0.006745,0.924499,5.4514,1748273543.51,187004337.91,234901915.73,False,False
2415,1.02138,0.007004,0.952365,0.605,1829099351.42,231815332.65,288452442.59,False,False
2416,1.14285,0.01065,1.041735,1.4133,2046629863.06,284538765.73,319411887.21,False,False
2417,0.917319,-0.000432,0.964039,-4.8237,1642746832.54,115484248.09,234089326.73,True,False
2418,1.03378,-0.034455,1.009482,-6.5783,1851305807.81,124141190.15,251631399.38,True,False
2419,1.056341,0.001565,0.971019,7.9811,1891708871.02,239787533.43,255541046.11,False,False
2420,0.996799,0.022866,0.907951,3.0691,1785079051.15,270467548.56,302758195.73,False,False
2421,1.042423,0.000383,1.001654,6.9749,1866784072.59,202261316.82,235714693.65,False,False
2422,0.956831,-0.009259,0.943539,3.5475,1713503945.91,151263315.31,220055311.99,True,False
2423,1.021511,-0.005728,0.998249,-2.2238,1829333458.34,174665622.94,263768061.98,False,False
2424,0.953482,0.002791,0.99147,-2.5916,1707507879.21,133369938.28,236665205.93,True,False
2425,0.956444,-0.009901,1.041711,-2.1455,1712811330.13,77119845.44,196359583.79,True,False
2426,1.031747,-0.002687,1.073867,-3.8247,1847664721.68,133444641.76,243953224.58,True,False
2427,0.970547,0.004925,0.980936,2.0874,1738066845.77,160406409.9,232986541.48,False,False
2428,1.039091,0.03416,0.963936,-3.8015,1860817095.77,290028015.91,350449658.66,False,False
2429,1.032021,-0.023257,0.913832,-4.0036,1848156294.33,214185980.06,299768192.12,False,False
2430,1.028715,-0.000576,1.094961,10.0421,1842234917.8,118982823.15,164073625.42,True,False
2431,1.099722,-0.017996,1.050235,5.2202,1969396218.37,181980242.12,229430465.69,False,False
2432,1.012208,0.006146,1.018083,0.7796,1812673544.5,173178247.6,247739290.74,False,False
2433,1.054943,-0.022753,1.006308,-3.4329,1889204909.37,166445193.52,264800774.97,False,False
2434,0.980851,-0.000523,0.968713,6.6787,1756520490.4,169303744.78,216835782.03,False,False
2435,1.049658,0.052318,1.043445,-0.4523,1879740155.3,275489766.38,323512054.79,False,False
2436,0.973972,-0.004558,0.979265,-0.1942,1744201079.11,148233635.27,235576943.29,True,False
2437,1.072579,0.018745,0.957399,-4.0943,1920788405.34,297613056.78,357772596.84,False,False
2438,0.962073,0.007993,0.9706,-3.4828,1722892869.4,165603191.84,262899657.8,False,False
2439,1.070242,-0.017075,0.987301,1.8549,1916603088.55,204622281.1,263253146.58,False,False
2440,1.091153,0.022891,1.092387,-6.4614,1954050360.04,223181170.95,320204786.59,False,False
2441,0.998276,0.004665,1.000658,4.1382,1787723923.33,170673915.16,229640015.21,False,False
2442,1.133158,0.022408,1.029017,0.0234,2029273859.42,308862730.85,343746421.79,False,False
2443,0.900807,-0.001456,1.090849,0.4319,1613176485.12,4993966.4,135336929.31,True,False
2444,0.837161,-0.015224,1.012362,-0.8957,1499198605.37,-14951446.86,127361816.37,True,False
2445,1.117686,0.035472,1.014989,1.3029,2001565951.66,330777519.97,351633684.35,False,False
2446,0.927133,0.001657,0.990584,-2.6379,1660321327.05,108166624.53,219402449.74,True,False
2447,0.992377,-0.019481,0.985009,-6.4017,1777160099.06,133963531.88,256114608.76,True,False
2448,0.963093,0.015416,0.989748,3.9787,1724718310.56,165164185.56,227361326.57,False,False
2449,0.929502,0.018348,0.882495,-6.9623,1664562692.13,218143101.74,313938232.19,False,False
2450,0.987834,-0.002711,0.956564,0.7734,1769025606.7,180742161.27,253006206.01,False,False
2451,1.06664,0.008178,0.98791,2.6925,1910152215.28,249259853.92,289256001.03,False,False
2452,0.984548,-0.003749,0.967155,6.5217,1763140980.29,168111788.94,216662533.37,False,False
2453,0.996444,0.035221,0.928257,-7.279,1784444159.9,277141771.11,357892540.76,False,False
2454,0.940229,-0.006799,0.897546,-2.3883,1683774382.42,174718025.36,263675612.8,False,False
2455,0.973328,-0.00838,0.882292,-3.9274,1743047999.34,212805074.99,297312324.8,False,False
2456,0.878832,0.002537,1.039098,1.7693,1573823366.55,29774496.18,146467413.96,True,False
2457,1.014054,-0.005084,0.968484,2.8426,1815980957.05,191206434.5,249727361.9,False,False
2458,1.120249,-0.01124,1.014962,-1.0593,2006156099.64,239568392.31,302578675.12,False,False
2459,0.821152,-0.027146,0.989207,-10.2647,1470528537.53,-29387115.95,155221435.8,True,False
2460,1.032341,-0.015236,1.000435,-3.4336,1848728821.03,165157626.6,263548252.71,False,False
2461,1.063008,0.008067,1.046172,1.0647,1903647274.79,202563697.86,266040288.12,False,False
2462,1.068889,-0.007515,1.072892,0.5464,1914179863.03,158356044.77,238666771.29,True,False
2463,1.061864,-0.010837,1.014602,-0.463,1901599539.41,188942808.9,264743383.46,False,False
2464,0.975054,-0.006758,1.027256,-4.9741,1746139335.29,109822967.85,232325231.58,True,False
2465,1.023961,0.013606,0.953333,-4.3625,1833721485.88,245572496.58,322756074.56,False,False
2466,0.823627,-0.006309,0.968116,-10.1295,1474960977.58,19083971.6,187760252.02,True,False
2467,1.014922,0.006635,0.938351,9.0918,1817534174.34,235596340.58,248782172.54,False,False
2468,1.016675,0.000594,0.998299,8.2393,1820674717.23,181811956.38,216383015.74,False,False
2469,0.977838,-0.013966,1.051579,5.9079,1751123323.63,81674059.37,161044448.77,True,False
2470,0.905802,0.007098,1.047878,-12.0516,1622121667.5,55198499.03,224944423.39,True,False
2471,1.106887,-0.019356,1.017731,-2.5227,1982226571.92,209606148.81,290082271.07,False,False
2472,0.924061,0.014953,0.964093,8.6834,1654819335.82,146997561.31,194439996.88,True,False
2473,1.013728,-0.002163,0.987775,-5.9611,1815396994.67,181930760.6,287211718.94,False,False
2474,1.020274,-0.013345,0.99299,-1.6289,1827119681.66,163536184.49,253208475.12,False,False
2475,0.903111,-0.018209,1.028547,-0.8501,1617303058.61,26116274.63,155375755.06,True,False
2476,0.922268,0.026505,1.005352,1.1442,1651609446.82,133853398.85,219692728.4,True,False
2477,1.14404,0.015724,1.024964,1.4719,2048761622.99,308455289.27,335337793.59,False,False
2478,0.941349,0.000268,0.969806,-1.6235,1685779046.68,134119703.35,232549583.3,True,False
2479,1.021685,-0.016698,1.006266,-3.9703,1829645389.94,148813115.55,254944698.19,True,False
2480,1.037155,0.002406,1.044277,-1.0649,1857349224.77,169683859.77,254653614.92,False,False
2481,1.033844,0.004523,0.910953,-3.3772,1851420775.69,269323356.99,334120276.08,False,False
2482,0.90701,-0.001492,1.027636,-0.8806,1624283946.85,57344645.55,176762867.55,True,False
2483,1.070659,-0.036731,1.034759,2.1911,1917349583.66,132156304.79,212206488.6,True,False
2484,0.952972,0.028783,1.013264,-4.9829,1706593615.79,161122838.87,266711444.75,False,False
2485,1.023328,-0.010841,1.032916,-0.6724,1832588619.28,141247954.39,233274571.11,True,False
2486,0.993388,0.000745,1.008291,-7.8376,1778971581.23,153584514.05,276486966.67,True,False
2487,0.954221,0.01333,1.0127,-1.4993,1708830257.27,136329046.33,233572790.63,True,False
2488,0.85544,0.002727,0.993387,-0.2238,1531931867.74,42641848.88,163785565.25,True,False
2489,0.967197,0.011265,1.073291,2.1407,1732067766.55,99935373.42,191647403.14,True,False
2490,0.820751,-0.006047,0.9361,-3.1678,1469811221.41,40608168.58,174219761.3,True,False
2491,1.008967,0.009205,0.997856,2.3815,1806869835.75,190716503.17,251747711.84,False,False
2492,1.042813,0.00101,1.052094,2.9526,1867481662.25,166432551.98,231917537.98,False,False
2493,0.871556,-0.030851,0.943714,-5.6635,1560793113.37,41680319.71,186410426.29,True,False
2494,1.002385,0.008342,0.992224,-2.2505,1795082603.43,187272575.36,272263070.08,False,False
2495,1.064112,-0.009184,0.966509,6.8851,1905624067.89,229696166.05,254097026.31,False,False
2496,0.997666,-0.008348,0.9989,-2.2067,1786632671.91,148168806.81,245406127.59,True,False
2497,0.981853,-0.033251,0.938079,3.142,1758314781.35,135349569.65,210751797.9,True,False
2498,0.978988,0.027832,1.057965,6.4302,1753183254.88,151237917.85,205805999.68,True,False
2499,0.94176,0.009797,1.001452,3.1407,1686514901.55,127126738.43,205784318.32,True,False
2500,1.000125,-0.00647,1.011398,7.5765,1791035141.1,144466469.74,194909475.36,True,False
2501,1.065285,-0.01383,1.055224,4.5037,1907726074.04,156181240.75,216514026.56,True,False
2502,1.010891,-0.007315,1.031989,-1.1028,1810316627.64,137305974.76,232687417.86,True,False
2503,1.023675,-0.020378,0.979201,4.0883,1833209398.19,163850366.21,224734850.55,False,False
2504,0.947463,0.001767,0.877167,-4.8965,1696727769.54,210799351.38,299954982.44,False,False
2505,1.043057,-0.004984,0.990569,-11.3697,1867919163.23,201017816.66,328727708.0,False,False
2506,0.874356,0.004483,1.009518,-0.7987,1565806976.25,50654817.75,171721382.28,True,False
2507,1.063235,0.018589,0.949918,-5.3086,1904053519.81,294085826.78,361520965.52,False,False
2508,1.10623,0.008715,1.098133,-3.2608,1981049410.01,205103884.84,291018614.33,False,False
2509,0.91378,-0.02578,0.988194,-2.5007,1636408973.25,52916835.66,181044961.36,True,False
2510,1.103908,-0.027001,1.063982,0.3851,1976891718.09,157649459.7,238965769.77,True,False
2511,1.048114,-0.034254,0.972563,-5.0772,1876975325.2,163945688.24,271442045.55,False,False
2512,1.039844,-0.025312,1.018821,-0.5561,1862164881.2,139364851.51,231455295.94,True,False
2513,0.937646,0.022741,0.927222,-4.6149,1679148734.97,200037794.08,291105803.67,False,False
2514,1.046739,0.028132,1.01274,-4.8316,1874513584.65,249975480.59,328646702.35,False,False
2515,1.02038,0.008813,1.085838,-1.1868,1827309793.32,135361495.12,231837090.82,True,False
2516,1.075757,0.013427,1.008129,2.8574,1926478728.86,252781022.68,290659517.08,False,False
2517,0.862247,0.009391,1.127595,1.4164,1544122987.82,-40260870.76,100480352.58,True,False
2518,0.927649,-0.014885,0.953839,-0.9002,1661245418.85,108365216.94,211635554.5,True,False
2519,0.961883,0.018021,1.101985,6.7922,1722551989.11,85408107.48,159872801.06,True,False
2520,0.911284,-0.012162,0.976916,7.1306,1631938700.27,81347223.4,157284698.35,True,False
2521,0.942462,-0.043671,0.953123,-4.3218,1687772688.04,73321961.24,203693157.21,True,False
2522,0.880493,-0.037002,1.023535,-5.7006,1576796748.05,-19535057.32,145192815.99,True,False
2523,1.050285,-0.028249,1.023017,0.2738,1880863112.6,139708531.45,227440984.08,True,False
2524,0.982124,0.034139,1.029837,-2.6331,1758799285.81,186152987.34,273121795.44,False,False
2525,0.975678,-0.021135,1.045673,7.464,1747255156.06,71621633.56,146822496.96,True,False
2526,1.076919,-0.022665,0.921788,0.1048,1928559842.09,248193601.92,302067814.28,False,False
2527,0.865754,-0.04032,1.009062,-5.832,1550402884.61,-26321883.28,140723402.98,True,False
2528,1.052994,-0.023617,1.02748,-3.7179,1885714942.95,147451436.47,253324833.28,True,False
2529,0.959853,-0.018356,0.99961,0.5753,1718915983.8,96788285.37,196956835.03,True,False
2530,0.863842,0.023798,1.04499,5.5571,1546978792.37,44668484.61,140671913.03,True,False
2531,1.055822,0.003609,0.989896,-8.1991,1890779417.46,229202648.97,332180741.37,False,False
2532,0.892036,-0.017573,0.980217,-0.6228,1597469526.91,53260736.43,172793049.3,True,False
2533,0.99969,-0.005941,1.003757,-1.5752,1790256178.22,150682908.95,244040126.8,True,False
2534,1.059999,0.02945,0.939689,-6.4463,1898258897.8,319241381.2,384459135.19,False,False
2535,0.944875,0.018942,0.995718,6.1381,1692093597.15,149719764.2,207203919.51,True,False
2536,0.991853,-0.013189,1.036124,5.5631,1776221606.83,106831147.11,179423241.5,True,False
2537,1.053662,0.008752,1.001435,-2.4774,1886910240.8,228392022.72,301963921.01,False,False
2538,1.034117,-0.022102,0.935439,-1.6308,1851909405.19,202133607.22,279575022.33,False,False
2539,0.938986,-0.031593,0.96554,1.35,1681546701.72,81562202.12,183092768.18,True,False
2540,0.921018,-0.031448,1.022342,2.4373,1649370858.08,24495983.07,139493315.0,True,False
2541,0.963842,0.002741,0.980501,2.9875,1726059868.69,150832874.85,222288594.6,True,False
2542,1.044387,-0.036665,1.018783,6.8578,1870301622.04,122064791.54,181713781.39,True,False
2543,1.055081,-0.007531,1.140094,10.6215,1889451955.62,96252057.68,144318115.95,True,False
2544,0.915767,-0.00338,0.980201,9.3278,1639967156.5,97276664.03,158087839.14,True,False
2545,0.953124,0.011647,1.009267,-10.3289,1706865213.83,134979350.76,273937390.75,True,False
2546,1.047368,-0.00061,0.931625,1.0024,1875639281.48,256736273.39,303279355.16,False,False
2547,1.161916,-0.005489,1.038471,-9.6332,2080774130.37,270990995.66,373040169.31,False,False
2548,1.020032,-0.049173,0.980567,-8.111,1826685565.03,107075902.25,247254026.89,True,False
2549,1.067258,-0.002138,1.036485,3.6191,1911258839.98,194141022.84,246915034.09,False,False
2550,1.003317,0.011272,0.990041,-8.2653,1796753113.57,195012254.78,307144910.8,False,False
2551,0.910601,-0.004987,0.932013,-4.6734,1630715541.7,125696847.21,240203062.24,True,False
2552,0.92765,-0.000455,1.00915,-0.0786,1661247660.6,91380324.21,196346149.15,True,False
2553,0.894114,-0.015005,0.907636,2.1072,1601190198.3,112937392.06,201403305.16,True,False
2554,0.904834,0.016193,1.07602,2.9498,1620387162.81,48207289.2,153535585.85,True,False
2555,0.995004,0.021986,1.074931,-4.6887,1781865661.46,143547513.96,254351637.3,True,False
2556,0.970333,-0.015278,1.013424,1.9793,1737684258.5,101045508.12,193137681.77,True,False
2557,1.11122,-0.00859,1.014079,8.7167,1989986548.86,237506468.14,247830544.66,False,False
2558,1.102994,-0.010552,1.016808,-7.1359,1975255617.6,224293073.16,324986164.68,False,False
2559,1.087048,0.019558,1.037603,0.7433,1946698867.86,253381097.9,302184621.29,False,False
2560,0.972436,0.006161,1.089134,2.2627,1741451093.46,84162352.19,180284627.18,True,False
2561,1.054658,0.011757,0.944019,11.581,1888693584.37,277503592.15,262626539.92,False,False
2562,0.97681,-0.035929,1.086635,-1.4169,1749284003.19,16391053.67,151786630.52,True,False
2563,0.887582,0.044454,1.000116,-13.2216,1589493017.74,133227093.92,282021301.15,True,False
2564,1.113862,-0.013969,1.001649,0.8586,1994718486.79,238332152.66,291223329.06,False,False
2565,0.956404,-0.011414,1.019211,3.8402,1712740026.24,91155016.11,177815609.47,True,False
2566,1.009938,0.042051,0.949768,6.916,1808608674.95,286627502.06,294487015.42,False,False
2567,0.89293,0.001841,1.061455,-5.3007,1599070300.44,24927016.67,174022763.33,True,False
2568,0.891885,-0.004588,0.959329,-0.1533,1597198110.83,89336863.61,195269682.3,True,False
2569,0.904924,0.03574,1.008851,-3.9302,1620548470.8,129709118.23,239501777.09,True,False
2570,0.99462,-0.017436,0.990307,6.3137,1781178065.37,135634360.94,195270694.19,True,False
2571,0.985189,0.014933,1.041901,0.3689,1764289186.95,146296655.96,231548708.94,True,False
2572,0.925676,0.032402,0.900754,-7.8122,1657711548.92,224332252.22,321876296.53,False,False
2573,0.907452,-0.017931,1.035245,-3.3303,1625075473.74,25393233.13,165944869.85,True,False
2574,0.98078,-0.01603,0.973398,-10.9701,1756392816.78,138532926.43,280841036.94,True,False
2575,1.089945,-0.009129,0.915625,1.9657,1951886936.62,290437353.92,320835202.53,False,False
2576,1.081624,0.009753,1.005978,7.0469,1936985550.78,252708897.14,268295443.42,False,False
2577,0.909141,0.014387,1.003723,-5.4525,1628101493.25,102828694.01,228094598.34,True,False
2578,1.048051,-0.015203,1.018872,9.7529,1876861735.71,165352894.65,196139412.99,False,False
2579,1.024734,0.009004,0.957852,1.3402,1835105360.02,234499510.32,286571580.57,False,False
2580,1.117653,0.009918,0.979988,4.5389,2001507061.49,305518485.66,316712942.36,False,False
2581,1.078401,-0.002006,0.948371,2.0968,1931212964.87,269685958.52,306142253.26,False,False
2582,0.883372,-0.023065,0.929141,-9.4516,1581953025.26,74828162.21,225697460.76,True,False
2583,0.987151,0.019543,0.995483,5.5839,1767801772.09,190646693.53,236445314.11,False,False
2584,0.924164,0.010212,1.003866,2.9677,1655004647.54,109794352.57,195053921.09,True,False
2585,1.024717,-0.051644,0.933683,-3.4746,1835076280.73,141088073.92,247258548.49,True,False
2586,1.052905,0.002356,0.994654,-1.9813,1885554461.89,220656951.46,294131631.15,False,False
2587,0.961911,-0.012677,0.90363,5.79,1722602104.51,179441872.12,228544506.92,False,False
2588,1.019647,-0.015033,0.98611,0.0363,1825996187.11,164996979.11,245866500.04,False,False
2589,0.821447,0.009855,1.073914,1.636,1471056538.37,-37433266.35,101801563.58,True,False
2590,0.961322,-0.002641,0.984201,0.6505,1721546347.59,136534024.94,223624847.55,True,False
2591,0.885508,0.00462,1.080284,5.73,1585777948.85,8649440.41,114836814.72,True,False
2592,0.876013,0.030348,1.004855,-0.7139,1568775404.11,96197687.41,202332520.29,True,False
2593,0.79301,-0.016639,1.007415,8.9906,1420131307.34,-52048517.48,63476437.86,True,False
2594,1.084726,0.013165,1.028641,0.1171,1942540470.03,245416090.74,300109634.37,False,False
2595,1.025145,-0.022267,0.996485,-0.5692,1835842115.26,148859609.05,237937286.02,True,False
2596,1.075905,0.002516,0.949785,3.8287,1926743597.18,275102678.54,300708826.29,False,False
2597,0.945526,0.021669,1.041319,-5.4105,1693259820.15,121180604.17,241352432.6,True,False
2598,0.992724,-0.00457,1.056,-12.2884,1777781486.6,108202913.29,267280236.76,True,False
2599,0.978374,0.014796,1.093968,-0.9404,1752084323.72,101150010.21,207146176.43,True,False
2600,1.095589,0.011856,0.99962,7.2546,1961994041.39,274423533.58,281461855.84,False,False
2601,0.945472,0.011675,0.948646,6.392,1693162692.32,172835404.11,221726691.04,False,False
2602,0.964128,-0.030125,1.021341,-2.3936,1726571624.75,64103775.89,188763233.06,True,False
2603,1.220029,0.013418,1.003443,-0.1463,2184843568.93,390256955.93,400100354.19,False,False
2604,0.9492,-0.03005,1.053329,0.2756,1699838924.57,27839447.69,151497370.81,True,False
2605,0.924846,0.004625,0.945568,3.8839,1656225218.4,144342353.97,214379045.36,True,False
2606,0.923715,-0.003254,0.991116,-6.1129,1654200664.88,96546273.32,227205410.75,True,False
2607,0.990813,0.007265,0.894231,3.1878,1774360326.24,247285550.89,286507299.72,False,False
2608,0.935861,-0.00391,1.006733,-5.5819,1675950798.76,94802261.33,223945491.95,True,False
2609,0.918004,-0.025506,0.957683,2.9482,1643973260.74,79587579.0,174690839.68,True,False
2610,0.902566,-0.006896,0.99765,-1.0523,1616325415.39,66805388.04,183937261.1,True,False
2611,0.928,-0.008638,1.026617,-4.5953,1661873904.32,65161092.71,199082096.09,True,False
2612,1.002909,0.020246,1.02752,-1.656,1796021002.93,182996644.4,266436083.85,False,False
2613,1.082816,-0.010676,0.953113,-0.0789,1939119776.72,253341441.48,306541431.39,False,False
2614,1.019674,-0.002243,1.005684,2.7315,1826044988.2,173880582.02,238423397.71,False,False
2615,0.970516,0.00558,1.027293,-1.8412,1738011174.99,127187069.34,229104257.45,True,False
2616,0.968233,-0.030028,1.069176,1.2196,1733923483.71,32341495.84,150048526.33,True,False
2617,0.92879,-0.002909,1.06641,0.3872,1663288652.48,45925289.52,163314735.29,True,False
2618,1.023372,0.000138,0.943861,1.7436,1832667086.85,227357323.08,279698447.44,False,False
2619,1.045928,-0.015122,0.974525,-8.1053,1873060457.14,196483584.86,309052360.69,False,False
2620,0.819403,-0.0183,1.063495,-6.1832,1467396486.95,-72917706.77,109123991.13,True,False
2621,1.03429,0.014375,1.087149,-1.9981,1852218455.38,157500209.78,251089599.5,True,False
2622,1.077271,-0.018152,0.972387,3.2369,1929189818.97,219735808.92,266161921.8,False,False
2623,1.038154,-0.000969,0.901956,-2.979,1859139254.01,269710601.23,332426978.82,False,False
2624,1.060413,0.03077,0.947924,-0.087,1899000160.31,316045484.08,349213481.16,False,False
2625,1.054307,0.00227,0.975547,-7.663,1888065111.04,235919508.9,333914325.5,False,False
2626,1.016841,0.009138,1.015705,0.0094,1820970590.23,184631937.61,259352710.62,False,False
2627,0.889469,0.00571,1.013028,-3.5182,1592871613.15,63807768.68,192592543.78,True,False
2628,0.964702,0.005148,1.059733,6.8487,1727600408.68,97099616.21,167461569.65,True,False
2629,0.880311,0.008195,0.975927,-11.5574,1576472162.2,86819005.57,242804622.19,True,False
2630,1.151242,-0.017089,1.046497,2.1309,2061658524.62,231578622.68,279287278.22,False,False
2631,1.083035,0.00204,0.968083,5.3425,1939512984.95,267114113.25,287098681.2,False,False
2632,1.111213,0.009426,0.973384,5.3723,1989973265.82,303485953.06,310930582.5,False,False
2633,0.957943,0.012865,1.025756,7.6071,1715496590.49,129320794.38,186034910.12,True,False
2634,1.040346,0.012176,1.059058,-0.1599,1863063397.01,179840384.46,256957697.41,False,False
2635,0.933758,0.00829,0.977833,-3.5457,1672184963.33,134716342.61,241701177.49,True,False
2636,0.975604,0.014302,1.002957,8.018,1747123887.67,165102821.19,207740703.64,False,False
2637,0.948947,-0.011004,0.947061,-0.7501,1699385586.33,138686469.13,231649217.95,True,False
2638,1.103249,0.020793,1.029118,1.4751,1975711053.13,277329914.59,314449404.73,False,False
2639,1.070295,0.003123,1.019443,-7.5635,1916697238.16,219580140.48,322881890.11,False,False
2640,0.764429,0.023029,0.994002,-2.7122,1368948740.87,-12823563.88,135302211.21,True,False
2641,1.038183,-0.014571,1.038149,-8.323,1859190791.16,143593493.14,273888354.9,True,False
2642,0.952635,-0.020483,0.991226,3.3503,1705989728.12,93073358.27,181480574.41,True,False
2643,1.105826,-0.045133,1.008409,-2.1568,1980326585.07,164540583.98,257439157.59,False,False
2644,1.017043,-0.018049,0.984499,1.457,1821333177.79,158409527.11,234297981.32,True,False
2645,0.890022,-0.003092,0.978712,2.6753,1593861698.59,75697594.65,173642059.93,True,False
2646,0.912532,-0.001639,0.995367,4.2586,1634173626.63,85982455.11,173251341.9,True,False
2647,0.912546,-0.020548,0.952368,-0.5704,1634198224.52,86937151.57,195520884.91,True,False
2648,1.007997,0.017604,1.008163,-3.6889,1805133511.26,197350039.17,286291436.58,False,False
2649,1.012856,0.002869,1.015901,-0.0697,1813834989.75,169444620.42,249418793.8,False,False
2650,1.07038,-0.000146,0.996188,8.5417,1916848964.52,230611402.9,245807663.63,False,False
2651,0.963193,0.009292,0.993459,1.8719,1724896980.45,151945560.05,228326609.2,True,False
2652,0.999246,-0.004515,1.032746,1.1324,1789462507.4,131370168.02,217630121.58,True,False
2653,1.046576,-0.008818,1.093562,9.3448,1874221287.63,120716447.88,167952825.91,True,False
2654,1.074034,0.006465,0.944583,-0.3903,1923393232.74,284849894.04,329604743.99,False,False
2655,1.02461,0.019278,1.000201,4.3869,1834883396.42,221874709.76,262671332.11,False,False
2656,1.041048,0.000998,1.043801,1.9105,1864321636.21,170951112.39,240338218.48,False,False
2657,1.061731,-0.033582,0.954353,2.0348,1901360137.03,190195126.87,252582748.82,False,False
2658,1.013805,-0.014751,0.998148,1.8574,1815534413.05,151464724.25,227607311.04,True,False
2659,1.029741,0.016256,1.000553,0.3315,1844072955.99,220863058.08,282361873.96,False,False
2660,1.054427,-0.015146,1.006678,1.4588,1888280531.85,180088129.98,248763154.93,False,False
2661,1.044288,0.0349,0.991004,-3.3001,1870124415.24,276387976.54,338702104.5,False,False
2662,1.013984,-0.034121,0.989895,0.5511,1815854845.67,122559539.12,214448881.26,True,False
2663,0.856606,0.004355,0.990527,3.9391,1534020307.46,48318130.54,150150991.82,True,False
2664,0.97898,-0.010325,0.931657,5.9324,1753168824.9,177868673.58,226305983.31,False,False
2665,0.980881,0.013889,1.031182,4.5624,1756573088.79,148384904.16,212795007.4,True,False
2666,0.908138,0.002695,1.104118,2.6113,1626305414.05,8534215.8,128018236.01,True,False
2667,1.06502,0.010382,0.943454,-3.4365,1907250539.81,284894194.96,345534624.35,False,False
2668,1.002731,-0.01303,0.989317,5.5184,1795703531.96,151366506.23,209629868.13,True,False
2669,0.980166,-0.01813,0.963896,4.4209,1755293519.31,141346805.01,208705525.06,True,False
2670,0.977944,-0.016582,1.0066,-0.1923,1751314622.26,110495721.78,209909679.59,True,False
2671,0.984047,0.000649,1.037805,2.8591,1762242827.17,123092846.62,203748993.99,True,False
2672,1.052783,-0.005025,1.033754,0.2013,1885336067.99,177676202.69,253630024.47,False,False
2673,1.006385,0.018471,0.957989,-6.0768,1802246145.49,234559147.81,323355188.63,False,False
2674,0.976852,0.004299,1.023089,1.7882,1749359146.09,133856686.05,216301868.58,True,False
2675,0.953972,-0.016232,0.972162,4.3152,1708384953.98,115615245.96,192270792.5,True,False
2676,0.862573,0.009374,0.959576,6.1722,1544706136.03,84437251.14,165146257.45,True,False
2677,1.015915,0.028428,1.028489,-1.0239,1819313827.12,209405891.38,281349499.15,False,False
2678,0.96399,-0.004496,0.949447,8.2011,1726324896.94,161470609.92,204861457.19,False,False
2679,0.97636,0.009504,0.958913,-5.0618,1748477800.09,190033608.64,287320350.1,False,False
2680,1.02152,0.016599,0.955385,-5.4141,1829350899.42,247260147.04,329121854.02,False,False
2681,0.999361,0.025,1.063448,-6.1132,1789668387.69,161559260.59,273684554.94,False,False
2682,1.049634,0.012115,0.946205,-1.9675,1879698041.33,271907234.28,328879146.9,False,False
2683,0.998599,-0.004216,0.929369,5.2889,1788303965.08,207879961.17,249295442.69,False,False
2684,0.986349,-0.014815,0.947374,-10.5625,1766366496.04,164830630.56,297050555.71,False,False
2685,1.111103,0.019309,0.993289,1.9653,1989777112.69,308310592.84,332787535.19,False,False
2686,0.986718,0.010895,0.995779,-7.2189,1767026661.83,174740350.04,287621408.79,False,False
2687,1.08429,-0.023153,1.073831,-1.5434,1941759540.38,141024379.17,237957021.7,True,False
2688,1.012788,-0.002532,1.110641,7.2505,1813712492.42,89426777.62,158631989.83,True,False
2689,0.954129,-0.00343,1.024117,2.1404,1708665779.17,99152252.1,191253824.62,True,False
2690,1.109156,-0.007176,0.97387,-3.7726,1986289186.05,268253781.7,336792475.73,False,False
2691,1.015294,0.006727,0.967935,-0.0158,1818201289.12,214197020.2,279582638.6,False,False
2692,1.197588,0.001048,1.047419,4.0721,2144655257.4,310313847.82,320936875.69,False,False
2693,1.090902,0.018662,0.979532,6.1453,1953599892.06,298254232.63,303771269.12,False,False
2694,0.923005,0.01327,0.980685,-3.8982,1652927915.66,130944928.62,240545748.13,True,False
2695,0.926541,-0.036828,0.987267,1.0719,1659260448.0,46229662.42,160413162.4,True,False
2696,1.037826,0.016568,1.047224,4.0269,1858551182.14,194432312.34,245558986.41,False,False
2697,1.010459,0.03184,0.976066,-3.7279,1809542914.26,249186283.51,321778236.69,False,False
2698,0.92734,-0.004936,0.922758,-2.9802,1660691695.1,147633500.41,247799905.95,True,False
2699,0.971018,-0.023337,0.951132,-2.6923,1738910653.4,133763275.07,237635280.2,True,False
2700,1.02797,0.029076,0.979209,1.4203,1840900411.22,258614036.43,302543969.24,False,False
2701,1.102228,-0.0065,0.929167,6.3561,1973883315.72,296512616.16,301105350.41,False,False
2702,1.030049,-0.015328,1.073281,-3.323,1844624757.84,109032847.35,224786095.19,True,False
2703,1.07153,-0.013141,0.960898,10.3266,1918909039.43,232849996.39,237898010.26,False,False
2704,0.923663,0.001369,1.020404,-8.261,1654107227.69,82457832.49,227358446.01,True,False
2705,0.859149,0.012452,1.062838,-12.7957,1538573610.99,9546921.82,194278986.09,True,False
2706,0.943906,0.010344,0.946986,-0.589,1690359169.22,170365448.11,252426324.45,False,False
2707,1.058984,0.006241,0.960495,-6.0696,1896441811.52,258847775.81,341402189.59,False,False
2708,0.885002,0.01456,1.06382,-0.3769,1584872434.23,36133343.96,160057029.61,True,False
2709,1.097612,-0.009828,0.999793,0.729,1965617009.73,233548079.8,288736926.28,False,False
2710,1.086792,0.02037,0.952505,-1.4019,1946240270.68,317738406.12,357387080.78,False,False
2711,1.04727,-0.007484,0.966282,2.3536,1875464031.43,218090145.57,270057679.08,False,False
2712,0.902824,-0.013546,1.062069,-3.7727,1616788795.64,8580147.15,156395604.29,True,False
2713,1.199331,-0.019354,0.996161,7.4266,2147776927.74,306033734.35,298252410.06,False,False
2714,0.995926,0.01565,1.023508,-1.2162,1783515632.3,171198166.37,256207590.81,False,False
2715,1.190092,-0.02496,1.049224,5.6503,2131231592.75,246751924.46,268649219.21,False,False
2716,0.994063,-0.001095,1.008032,2.8124,1780179679.75,151112052.14,222889271.49,True,False
2717,1.038764,-0.0105,1.002522,5.146,1860231519.45,178060444.56,228704502.19,False,False
2718,0.981697,0.026223,0.905332,-6.0717,1758035565.36,264024954.81,342631616.06,False,False
2719,1.101146,0.019576,1.067854,0.5665,1971945263.19,244265295.02,296889511.62,False,False
2720,0.960026,0.006664,0.989819,-0.9341,1719226023.68,147204258.34,238348421.84,True,False
2721,1.042659,0.01671,1.006345,-8.5852,1867206964.53,229487775.35,333820255.61,False,False
2722,1.011356,0.007987,1.042204,-6.2098,1811147830.68,157870269.24,272015230.86,True,False
2723,1.096929,-0.014062,0.942226,-1.4213,1964393399.8,267253663.91,323231479.55,False,False
2724,1.033081,-0.025272,1.058237,-3.4146,1850054681.21,104436736.71,222174316.33,True,False
2725,1.149923,-0.004493,0.979552,5.2236,2059295606.66,305938427.27,312417096.61,False,False
2726,1.006403,0.013007,0.973925,0.1407,1802278730.01,212927674.89,277946068.3,False,False
2727,1.109034,-0.019252,0.943034,-6.8604,1986071539.22,266996410.93,352737125.05,False,False
2728,1.074463,0.004746,0.955263,-0.1264,1924160989.77,274024924.4,320853271.66,False,False
2729,1.018983,-0.018317,0.967015,-0.9784,1824807538.75,172562168.99,256083851.51,False,False
2730,1.085316,0.043759,0.939544,-8.353,1943597261.33,371406106.46,430884974.58,False,False
2731,0.97765,0.023451,1.022589,4.949,1750787159.47,168486312.17,224681630.87,False,False
2732,1.262218,-0.002592,0.992363,-4.7245,2260396046.86,401463476.12,436103102.17,False,False
2733,0.985901,-0.008291,0.941706,1.5684,1765563091.68,180152991.9,248767291.73,False,False
2734,1.039967,0.018498,1.012981,0.0244,1862384871.99,225384741.3,286987012.99,False,False
2735,0.924801,-0.020326,1.007266,0.1037,1656144072.05,57289202.36,172336203.87,True,False
2736,1.063199,-0.007765,1.000268,-10.5096,1903989616.81,206587396.65,329151645.54,False,False
2737,0.989121,-0.010935,1.036534,-0.4081,1771329922.91,108112952.23,209347359.55,True,False
2738,1.094112,-0.007578,1.0879,0.5746,1959348985.79,169603251.54,246095677.05,False,False
2739,1.176284,-0.01018,1.02892,-0.0822,2106504187.63,281044090.87,325434243.33,False,False
2740,1.145582,-0.01868,1.037211,-0.4231,2051522524.09,230241678.34,292792235.05,False,False
2741,1.005672,0.018331,0.992167,-4.721,1800969142.14,208327804.67,298807016.2,False,False
2742,1.083394,0.02446,1.062738,-0.8753,1940155263.43,240843629.57,302276034.11,False,False
2743,0.99558,-0.011709,1.042458,-2.2039,1782897628.23,108064106.62,218098938.2,True,False
2744,1.074564,-0.012885,1.01837,-5.2793,1924342990.01,193456651.09,293233723.23,False,False
2745,1.057218,0.015522,1.034965,-6.403,1893278354.55,219653746.96,316427176.27,False,False
2746,1.103458,0.011011,0.955559,-2.362,1976086501.64,312671616.58,359254126.41,False,False
2747,1.01705,0.010037,0.952216,-3.1403,1821344720.23,233475934.83,308283692.66,False,False
2748,1.032273,0.035925,1.041755,-8.0411,1848606207.72,229076017.47,330347164.92,False,False
2749,0.991831,-0.018367,0.984859,6.6675,1776183869.48,135579515.14,193598431.16,True,False
2750,1.050536,0.026042,0.942059,4.5628,1881312905.29,302012058.56,315699985.48,False,False
2751,0.88458,0.007539,1.050948,-1.2159,1584115868.24,34149153.75,162348317.54,True,False
2752,1.006548,0.01665,1.00137,4.4932,1802538161.43,199304390.47,247187547.72,False,False
2753,0.991095,-0.017484,0.916347,0.2026,1774864872.84,187239250.31,260187580.63,False,False
2754,0.947448,0.028561,1.068963,3.8733,1696701617.97,114216729.51,193512133.07,True,False
2755,1.067275,0.023251,1.066157,0.5948,1911288354.6,220707793.56,280816650.48,False,False
2756,0.949281,0.028817,0.999093,3.5535,1699984720.89,168145890.5,231638690.82,False,False
2757,0.860338,-0.020594,1.025254,2.067,1540704263.22,-12431170.73,116671844.71,True,False
2758,0.949929,0.017402,0.961216,-2.232,1701144638.71,177395554.01,264881668.16,False,False
2759,0.957051,0.005854,0.946373,-5.092,1713898106.43,175261641.87,276937744.01,False,False
2760,0.929786,0.028456,1.029198,-2.5891,1665071481.87,126602661.11,231750926.24,True,False
2761,1.03881,0.009855,0.916314,4.3518,1860314356.73,279807236.39,301938664.45,False,False
2762,1.019654,-0.00605,0.97416,-8.4846,1826009298.74,190255117.87,305669941.71,False,False
2763,1.090261,0.003745,0.988027,1.6126,1952452956.55,262238220.37,303545969.66,False,False
2764,0.969618,-0.018465,1.014208,-2.7183,1736403799.44,94304756.63,210908644.31,True,False
2765,0.981429,0.008521,0.998378,-0.8902,1757554753.6,163753026.16,249488484.89,False,False
2766,0.946432,-0.010804,0.940672,4.5253,1694881208.66,141529780.12,209077019.96,True,False
2767,0.992628,-0.02072,1.014988,-3.2619,1777610202.4,109779088.2,224385797.34,True,False
2768,0.933702,0.021921,1.004936,-8.7298,1672084869.65,137386114.23,267264012.25,True,False
2769,1.099711,-0.041044,1.028875,-1.5055,1969376163.72,152397803.03,245603158.31,True,False
2770,0.9933,-0.018412,1.022842,-2.5866,1778814376.3,108652217.45,220339261.23,True,False
2771,0.97535,-0.015941,0.960847,0.4783,1746668663.31,143226311.89,228954997.07,True,False
2772,1.045813,-0.002155,1.066371,-2.5698,1872854668.42,152652940.51,250840044.29,True,False
2773,1.090826,-0.004315,1.007635,0.084,1953464154.86,232487789.92,291491822.28,False,False
2774,0.90906,-0.00478,0.988556,-3.8371,1627955250.95,82780978.0,207254845.08,True,False
2775,0.857488,0.009938,0.953806,4.7114,1535599594.81,84889866.15,171753713.73,True,False
2776,0.975943,-0.00642,0.977112,2.3712,1747731380.46,148340647.93,223367602.26,True,False
2777,0.986867,-0.005494,1.003345,10.3994,1767292623.43,140310377.4,178907980.09,True,False
2778,1.020873,0.014515,0.984836,-3.4265,1828192379.53,221035785.86,301316694.09,False,False
2779,0.939582,0.020345,1.005591,-4.955,1682614521.22,139801205.37,251756643.52,True,False
2780,1.018564,-0.020467,1.007777,-1.2459,1824057555.56,138088329.57,233976152.66,True,False
2781,0.918793,-0.00501,1.058824,10.794,1645386223.09,39090804.42,111773160.93,True,False
2782,1.045486,0.035067,0.975704,1.2505,1872268333.75,289189282.05,324084195.35,False,False
2783,1.11556,0.01218,1.08029,-5.2188,1997758870.7,233828876.03,321417624.2,False,False
2784,1.073769,-0.004137,1.016005,3.5862,1922918518.88,211328305.36,258660232.84,False,False
2785,1.005775,0.00332,0.929562,3.0157,1801154350.05,227749666.43,273838415.72,False,False
2786,0.928733,-0.008055,1.003336,0.5113,1663185907.68,84024076.51,188656443.26,True,False
2787,1.136578,-0.011985,1.029266,4.003,2035398376.03,241906628.77,276023996.53,False,False
2788,0.956661,-0.012035,1.027057,2.6062,1713200188.28,84507809.17,179082356.44,True,False
2789,0.963548,0.003149,1.102286,-8.7945,1725533277.64,61082876.84,216962138.87,True,False
2790,1.089113,0.002414,1.026263,0.2387,1950396825.05,230281271.37,289165412.09,False,False
2791,0.978786,0.005835,1.022888,6.2969,1752822058.4,138463300.93,197765427.25,True,False
2792,0.976723,0.029946,0.999796,-1.2264,1749127808.9,195848482.67,272903957.35,False,False
2793,0.978773,-0.011003,0.980413,-2.8644,1752798578.7,140391446.74,243071377.71,True,False
2794,0.954975,0.014917,1.02163,2.7244,1710180670.42,133130257.18,211613739.84,True,False
2795,1.035461,-0.033016,0.997144,-0.3987,1854316860.12,137363878.95,229282853.05,True,False
2796,1.112974,0.041982,0.987647,-4.9781,1993127922.84,359435821.23,405449888.95,False,False
2797,1.039966,-0.03051,1.002494,4.5597,1862383517.55,141879701.23,207062499.47,True,False
2798,0.913841,-0.017236,0.97984,4.2599,1636517535.39,73137523.99,164483520.19,True,False
2799,0.93361,0.01567,0.968041,-6.5019,1671920453.15,154169465.73,268467629.83,True,False
2800,0.897526,-0.019485,1.099362,-2.7839,1607301027.24,-33247598.5,123500840.56,True,False
2801,1.025847,0.007906,1.014849,0.314,1837099510.82,191299058.47,262353025.0,False,False
2802,1.034724,0.014928,0.965678,7.6485,1852995496.86,248880935.14,264259741.38,False,False
2803,0.92048,-0.007203,0.962289,-2.4436,1648406417.3,108475047.7,218648491.86,True,False
2804,1.039474,0.010875,1.018669,2.9397,1861502252.16,206519941.76,259290920.11,False,False
2805,0.992813,0.014709,0.97571,0.92,1777941621.26,202017193.27,266740434.2,False,False
2806,1.185354,-0.009802,0.97606,5.5648,2122746678.77,329032853.33,325228511.23,False,False
2807,0.975582,-0.025233,1.029388,4.3229,1747083367.33,76437714.18,165135648.41,True,False
2808,1.064827,0.010506,0.986344,-0.246,1906905219.61,253192327.62,307306111.13,False,False
2809,0.938121,-0.006298,0.980961,-7.1305,1679997926.56,111904814.27,242765036.82,True,False
2810,1.096547,0.000649,0.941514,15.1406,1963710251.8,296334218.24,253900267.47,False,False
2811,0.902405,-0.001731,0.98234,-2.5125,1616038033.08,86346554.61,203689810.04,True,False
2812,1.02288,0.018043,1.031083,-3.6149,1831785787.3,195119242.76,284672769.4,False,False
2813,1.031147,-0.013337,1.02338,-5.7367,1846590046.9,150625149.5,265297835.63,True,False
2814,0.843835,-0.03118,1.024215,-6.5403,1511149759.86,-41984084.7,132378429.62,True,False
2815,1.087495,-0.011104,1.065434,-0.6742,1947499241.34,173476252.16,255411050.08,False,False
2816,1.022888,-0.038219,1.021865,1.5576,1831800187.64,98891264.0,193279106.51,True,False
2817,0.93339,-0.021116,1.045988,-8.3287,1671526088.34,34752845.78,195623385.19,True,False
2818,0.990624,-0.008034,0.979922,-0.5439,1774021258.43,156512527.11,242921762.77,True,False
2819,0.965565,-0.027574,1.011707,-3.0031,1729146225.8,76871223.41,200349012.33,True,False
2820,1.097301,-0.010621,0.932508,8.738,1965060140.32,281539788.68,278254049.81,False,False
2821,0.99864,-0.000299,1.011492,3.0249,1788376511.29,154106832.06,223821537.65,True,False
2822,1.081074,0.006161,0.976311,10.3165,1936000640.06,267216813.26,260837288.5,False,False
2823,1.029922,0.000293,0.95318,0.3086,1844396000.54,226670381.65,286426222.0,False,False
2824,0.955081,0.058296,1.022197,-0.5045,1710371302.97,207005232.89,276977757.36,False,False
2825,0.902788,0.01138,0.965117,-2.8947,1616723080.91,120643071.57,228709100.05,True,False
2826,1.015505,0.028445,1.102389,-2.3475,1818579139.4,154320065.18,250483801.39,True,False
2827,1.060536,-0.009227,0.99632,5.1269,1899221511.48,204362217.21,246138971.22,False,False
2828,0.936193,0.02113,1.010242,-2.9676,1676545514.61,134483219.73,238929452.39,True,False
2829,0.87568,0.016223,1.035384,-4.6194,1568179029.49,51120276.32,188458232.08,True,False
2830,1.0701,0.004032,0.994767,0.8479,1916348844.07,239417862.88,292202529.6,False,False
2831,0.96012,0.025226,1.001982,9.172,1719394939.66,170199580.05,206379445.11,False,False
2832,0.930619,0.006913,0.932997,5.744,1666563618.16,162736565.34,218283939.2,False,False
2833,1.024664,-0.02152,0.976578,2.3276,1834980694.1,164555531.88,234045821.01,False,False
2834,0.974914,0.034986,1.016318,-2.7408,1745888320.46,190679493.75,276622147.12,False,False
2835,0.971752,-0.020693,1.04486,-1.2623,1740225461.31,69589451.15,187188996.37,True,False
2836,1.107172,0.002652,1.030511,-0.7487,1982736378.89,244025970.71,303854428.54,False,False
2837,1.045864,0.018769,1.061903,-1.9048,1872946419.47,195196405.51,276357791.84,False,False
2838,0.992221,0.011698,0.964393,-7.711,1776880587.24,204496605.8,310446199.35,False,False
2839,1.030972,-0.002599,0.900179,-0.2134,1846276941.14,261531031.68,312770517.69,False,False
2840,1.028059,0.016696,1.03076,-4.2411,1841060218.46,197732270.37,289699819.38,False,False
2841,1.031626,0.030524,0.995295,5.752,1847447672.96,252874684.94,276691071.93,False,False
2842,1.005565,-0.023686,0.92672,-1.5079,1800777510.73,181030743.04,264390370.17,False,False
2843,1.071514,0.009002,0.987102,-5.1086,1918879521.78,255920032.92,334732346.92,False,False
2844,0.94516,0.009341,1.067039,-7.1471,1692604738.9,80922018.76,222020154.48,True,False
2845,0.931056,-0.009523,1.032907,-4.9234,1667347046.22,61745683.22,198327491.44,True,False
2846,1.021587,-0.004822,0.986916,8.4889,1829469977.39,184783073.22,216953990.65,False,False
2847,0.928754,-0.009377,1.033584,-14.5188,1663224578.31,59444383.61,240431106.26,True,False
2848,0.997962,-0.007269,0.964804,5.5929,1787162545.75,175609551.99,225879448.63,False,False
2849,0.982788,-0.013117,1.025149,-6.2141,1759989267.95,107097296.22,236639642.28,True,False
2850,1.112268,-0.035723,0.911666,-4.6032,1991862538.4,260233376.07,335929116.65,False,False
2851,1.023542,0.003429,1.003954,5.6234,1832971708.35,189041617.77,234158576.44,False,False
2852,1.044708,0.010826,1.011367,0.7157,1870876159.59,216674988.36,277520271.08,False,False
2853,1.069998,-0.014592,0.978783,2.6003,1916165737.87,215474191.18,266721123.93,False,False
2854,1.055441,-0.022364,0.953985,-2.8396,1890096005.08,206355855.89,288876368.92,False,False
2855,1.059773,0.014126,1.036446,-4.4282,1897853523.11,218290840.83,305312544.31,False,False
2856,0.984803,0.039718,1.025932,-8.7538,1763597017.7,201472711.84,313147632.18,False,False
2857,1.096901,-0.00976,0.990183,-1.1785,1964343941.34,240167359.49,303505990.02,False,False
2858,1.050618,-0.023343,1.036145,-6.4437,1881459884.89,139500936.19,261925958.05,True,False
2859,0.993533,0.001401,0.894464,4.0192,1779231074.69,239174639.77,276896844.83,False,False
2860,1.044728,-0.017958,0.956727,1.1657,1870910831.48,203302507.89,266120634.99,False,False
2861,1.093764,-0.008081,0.994336,11.3852,1958726202.36,237595293.34,234317269.27,False,False
2862,0.925046,0.004634,1.013757,-4.0167,1656583996.61,94042940.21,216029194.0,True,False
2863,1.071074,0.005685,1.078421,8.3635,1918092895.69,181529084.03,213338983.9,False,False
2864,0.996297,0.019132,1.015071,5.7074,1784181285.15,184004875.09,231074511.72,False,False
2865,0.851204,-0.003388,1.059485,-0.4652,1524346445.91,-19481819.74,122545045.95,True,False
2866,1.115847,0.027905,0.984752,-1.0188,1998272166.25,336265941.52,368088130.18,False,False
2867,0.930542,-0.008066,1.003792,1.8536,1666425671.56,85279002.87,183376813.56,True,False
2868,1.013113,-0.00075,0.946431,-4.6332,1814294671.41,214555527.28,302777825.66,False,False
2869,0.906617,-0.007063,0.993647,-5.2846,1623580491.48,73114545.44,207074555.27,True,False
2870,0.945282,-0.002421,0.990119,-1.3212,1692823091.17,118084623.33,220274880.64,True,False
2871,1.008175,-0.031037,0.990487,2.9004,1805451569.41,122788089.24,202998980.46,True,False
2872,1.01697,0.015352,0.906977,-5.0605,1821202595.85,276583412.89,347176359.34,False,False
2873,1.067903,-1.5e-05,0.958458,1.7496,1912413200.77,256562791.53,299145400.47,False,False
2874,0.895176,0.004549,1.00056,-5.9393,1603092967.91,76403168.17,211889620.32,True,False
2875,1.024339,-0.004229,0.984924,-4.148,1834398762.35,189812279.93,283769022.87,False,False
2876,1.019172,0.011281,0.987079,-8.5554,1825145838.81,211887908.1,320713944.23,False,False
2877,0.980383,-0.011211,0.978968,5.0383,1755681529.47,142520871.72,206529626.81,True,False
2878,0.969803,-0.018358,0.973683,-5.6852,1736735718.29,124662313.5,245671373.9,True,False
2879,0.990881,-0.006984,0.981297,5.5414,1774481417.89,157587196.79,214069393.61,True,False
2880,0.92715,-0.011978,0.97427,12.939,1660351004.68,97623649.83,141375771.14,True,False
2881,1.000331,0.001168,1.006935,-1.0167,1791404556.52,161637501.07,248753329.89,False,False
2882,0.989812,0.009314,1.004003,-0.9031,1772567764.67,168707170.08,252956321.47,False,False
2883,1.000889,-0.016704,0.998297,-3.3394,1792403645.65,136506063.25,243072630.93,True,False
2884,0.94009,0.009928,0.966239,3.7421,1683525051.75,151883071.66,219870303.74,True,False
2885,0.887723,-0.043237,0.989536,0.1384,1589744665.49,1793620.81,134466778.73,True,False
2886,0.972963,0.00159,0.880463,-1.7672,1742394141.88,231207117.13,299506982.04,False,False
2887,1.089079,0.015138,0.972485,6.4739,1950335283.1,294889610.01,299782107.48,False,False
2888,0.924298,0.004311,1.076245,-0.5725,1655243505.58,46550829.73,168100753.24,True,False
2889,0.954691,0.027556,0.980886,-7.3215,1709672433.92,184646947.98,293703787.77,False,False
2890,0.934208,0.010626,0.937601,0.4247,1672991707.18,168831770.19,246708864.08,False,False
2891,1.030081,0.015283,0.999377,-4.8514,1844681247.15,220255127.32,308141976.42,False,False
2892,1.033866,0.01882,0.945606,-5.8206,1851459204.49,270151814.44,347078132.4,False,False
2893,1.14743,-0.012828,0.965313,-6.3472,2054832277.3,297120333.04,371624649.23,False,False
2894,0.897461,-0.001464,1.008058,-8.9742,1607183994.46,63272092.4,216390511.49,True,False
2895,1.022368,0.000589,1.030733,1.3523,1830868485.13,162942030.48,237867133.75,False,False
2896,0.957402,-0.00276,0.973977,-4.1887,1714528044.02,140372981.89,248979235.63,True,False
2897,1.096738,0.006239,1.101443,-6.0562,1964052333.06,189053499.53,294994740.26,False,False
2898,1.006165,0.010146,0.970727,-1.9044,1801852326.07,209919668.67,285996487.28,False,False
2899,1.067346,-0.004544,0.978651,1.5666,1911415936.71,232447187.84,283710077.86,False,False
2900,0.992746,-0.003634,0.992255,2.3489,1777821947.58,157091327.26,229231300.0,True,False
2901,1.036866,-0.028414,1.003282,0.4959,1856831523.38,142551589.33,228262189.55,True,False
2902,0.975193,0.012265,0.98271,0.1436,1746386861.22,176155268.2,252948421.06,False,False
2903,0.949518,0.014006,0.995563,3.5042,1700408746.26,145800710.03,216669620.0,True,False
2904,1.042812,0.006022,1.000709,-3.2148,1867480182.75,213843382.14,295711804.47,False,False
2905,1.080004,0.002263,1.019831,-0.2563,1934084289.52,226469458.61,289207154.4,False,False
2906,0.919163,0.01766,0.999474,-7.7461,1646048992.25,120690806.1,250852407.73,True,False
2907,1.213632,0.000943,0.985872,7.5645,2173386668.35,370212746.89,340551922.45,False,False
2908,0.950369,0.002675,0.999204,-3.3479,1701931643.07,124612293.79,234197174.45,True,False
2909,0.943265,-0.01085,1.005003,-0.0116,1689209590.41,91007778.95,195789092.4,True,False
2910,1.00834,0.007287,0.961253,-5.4058,1805747344.2,213780886.59,305964945.34,False,False
2911,0.93276,0.037985,0.988602,9.7351,1670398483.25,175426265.98,208587622.75,False,False
2912,0.983239,-0.040129,0.98613,7.8302,1760797133.87,88825864.47,156478056.51,True,False
2913,0.960511,0.014071,0.969588,-2.0619,1720095121.43,175372068.18,262819807.2,False,False
2914,1.080218,-0.01761,1.000724,-12.5583,1934467923.57,202370197.74,338019273.87,False,False
2915,0.901419,-0.00292,1.019386,-0.5354,1614272299.72,56104626.25,174369149.37,True,False
2916,1.050955,-0.003808,0.979865,-1.3631,1882063524.4,218235220.0,289278692.11,False,False
2917,1.016866,0.0134,0.986528,-8.0136,1821015834.78,214022916.81,319365841.93,False,False
2918,0.880888,0.00711,1.0018,-4.8141,1577505610.13,66478836.04,199861584.36,True,False
2919,0.920039,0.013099,1.052593,0.3846,1647616476.94,74658534.84,182881785.6,True,False
2920,1.151519,0.006891,0.933974,-6.1551,2062153401.83,364598034.34,416551111.53,False,False
2921,1.002881,0.000722,0.974269,-1.6971,1795970820.46,187339107.21,269591029.12,False,False
2922,0.989132,-0.004254,1.009103,-0.7193,1771350091.27,140270543.59,232724709.86,True,False
2923,1.012873,-0.00072,0.8975,6.2729,1813864725.73,250628806.57,273104473.21,False,False
2924,0.979135,-0.003068,0.983229,0.7323,1753446118.37,152540040.76,234059332.63,True,False
2925,0.804003,0.020414,1.009215,1.2809,1439818083.05,9588840.19,135317628.72,True,False
2926,0.943888,-0.002941,1.020541,-2.9319,1690326715.88,93422545.31,210955006.48,True,False
2927,0.973512,0.014322,0.945409,0.4929,1743377956.72,205808267.23,271445392.0,False,False
2928,1.122826,-0.009054,1.054293,-1.8515,2010770744.95,217117342.95,291689532.32,False,False
2929,0.999018,0.006089,0.934764,-0.7195,1789054240.5,222696092.03,288809878.93,False,False
2930,1.102709,-0.006772,1.001983,3.7537,1974745030.57,242483688.99,278430135.42,False,False
2931,1.023877,0.002178,1.00961,-0.7095,1833571398.47,182865177.69,261762411.66,False,False
2932,0.84552,0.018888,1.014116,-0.0237,1514168104.71,42736606.82,163009061.59,True,False
2933,1.037082,-0.005516,1.017251,-3.7179,1857219300.05,174918436.76,271712275.78,False,False
2934,1.012265,-0.036938,0.99918,-3.4713,1812775719.92,109127450.0,225296793.9,True,False
2935,1.016869,-0.012083,0.993134,-7.0197,1821020932.18,162727651.93,279526936.43,False,False
2936,0.951535,0.01676,0.975014,2.9052,1704020082.92,167586506.31,234245483.23,False,False
2937,0.995323,-0.024574,1.020445,4.7825,1782436099.21,101207880.72,179316614.72,True,False
2938,0.920087,-0.017255,0.979772,-3.703,1647703033.33,78615427.12,204024511.47,True,False
2939,0.987229,0.007402,1.028679,0.2288,1767940839.9,144672763.07,231118954.13,True,False
2940,0.947171,0.010951,0.915262,15.3406,1696205915.18,197903233.64,197134201.18,False,False
2941,1.056541,-0.015038,0.927768,-2.7753,1892066498.63,240583841.03,311833488.89,False,False
2942,1.017304,0.003909,1.03172,10.9884,1821800657.88,163672222.01,190301334.86,False,False
2943,1.037213,0.020955,1.057066,4.4,1857454428.72,194719778.08,243868344.47,False,False
2944,0.930611,0.000606,0.934167,-3.0319,1666549174.09,151350823.65,250611783.25,True,False
2945,1.127025,0.01083,1.039425,10.0468,2018289633.05,271991592.09,263249946.43,False,False
2946,0.970716,-0.001475,0.926717,-7.4394,1738370344.14,189586913.22,298200504.81,False,False
2947,1.139534,-0.014619,1.098393,7.2586,2040690940.28,187951259.54,221074681.82,False,False
2948,1.042483,-0.012405,0.925481,2.3992,1866891546.9,234850822.61,281277216.89,False,False
2949,1.034092,-0.004304,0.997387,-1.165,1851864164.79,189196732.74,268414305.93,False,False
2950,1.085356,-0.012483,1.00853,6.899,1943669564.57,211041335.48,240620155.34,False,False
2951,0.907071,-0.016356,0.956295,4.0381,1624394309.28,86084262.84,174415867.53,True,False
2952,0.999029,-0.018842,0.913997,3.2084,1789072810.81,193480903.95,249690727.74,False,False
2953,0.97113,-0.03005,1.017496,2.6644,1739111157.55,73038711.78,170821276.9,True,False
2954,1.060838,-0.006664,1.046234,-15.9928,1899761329.28,172537081.42,334414667.01,False,False
2955,1.175622,-0.012706,1.022051,0.8825,2105318754.22,280224996.96,319312486.23,False,False
2956,1.137526,0.053167,1.025041,0.6574,2037095372.94,378592647.73,387624024.16,False,False
2957,0.992857,-0.024152,0.976901,-3.7237,1778019704.88,132080678.64,241803904.56,True,False
2958,0.999712,-0.004749,1.064668,-4.3858,1790295889.09,107730311.63,228618518.93,True,False
2959,1.006706,-0.041801,1.079148,0.8724,1802822252.06,36478791.69,154346613.52,True,False
2960,1.042526,-0.010323,1.012392,6.0318,1866968417.07,174414602.22,221599299.78,False,False
2961,0.958649,-0.000683,0.954897,3.4991,1716759476.61,159189838.77,225641071.73,False,False
2962,0.977449,0.008795,0.974704,2.5192,1750427803.55,178103085.07,242878794.59,False,False
2963,0.932424,-0.005884,1.047658,2.2919,1669797083.99,58114372.33,162882922.23,True,False
2964,0.902819,0.005338,1.012859,-6.8184,1616779720.21,75548610.72,215425404.18,True,False
2965,0.99644,-0.007564,0.943931,0.6958,1784436122.37,189183851.08,259093442.69,False,False
2966,0.986027,0.027426,0.960054,0.165,1765788928.96,229747117.75,289279893.73,False,False
2967,1.050621,-0.015588,0.989985,0.0918,1881465425.6,188278047.11,261405731.66,False,False
2968,0.960879,-0.009307,1.03054,1.7186,1720754147.31,90349596.37,187185247.44,True,False
2969,1.038753,0.001887,0.994505,-2.2596,1860211425.28,207028580.92,286145329.42,False,False
2970,1.070903,0.021974,1.027769,-10.6136,1917787019.79,250121721.82,359698535.98,False,False
2971,1.036575,-0.015202,1.003157,5.6158,1856311556.88,166922058.44,218796151.55,False,False
2972,0.893075,0.032494,1.004461,6.0155,1599330190.58,116288170.33,186567451.57,True,False
2973,0.978992,-0.016086,1.033986,-7.378,1753190714.9,92000587.97,231848625.81,True,False
2974,0.854243,0.000199,1.004734,2.1704,1529789352.34,29283452.96,144665931.12,True,False
2975,0.962547,-0.018441,0.924736,3.2439,1723740000.41,154437468.73,223547916.15,True,False
2976,0.990679,-0.015297,1.051709,5.9073,1774119564.56,90516053.0,166687591.7,True,False
2977,1.028856,0.012772,0.918497,-2.699,1842487561.93,274382573.51,334054581.25,False,False
2978,1.012306,-0.023811,0.898468,-3.4744,1812849945.66,207538813.52,292232698.77,False,False
2979,1.01547,-0.017341,1.077446,-0.8134,1818516695.47,89495308.46,198759147.7,True,False
2980,1.003562,-0.019588,0.938267,-1.9348,1797190805.83,178116085.95,264495525.18,False,False
2981,1.115082,0.018475,1.029141,1.0351,1996902392.81,283833726.57,321193908.82,False,False
2982,1.166837,-0.007628,1.015331,-1.5958,2089585461.4,288062167.17,338868094.16,False,False
2983,1.059061,-0.02844,0.983578,-0.1081,1896579037.29,176049623.4,254125221.08,False,False
2984,0.948551,0.00575,0.837869,2.7939,1698676267.92,247655027.58,289252878.52,False,False
2985,0.971591,0.00244,1.013614,-2.0706,1739936979.99,132837159.13,234049507.2,True,False
2986,0.936891,-0.019206,0.937413,1.3097,1677795108.35,121396637.74,210379533.59,True,False
2987,1.114447,0.014408,0.984006,-2.3618,1995765537.96,308546316.67,356575483.98,False,False
2988,1.03955,0.014115,1.0469,-1.0105,1861638986.3,191717455.41,269371834.33,False,False
2989,0.95382,0.00013,0.944854,3.8685,1708113135.58,163651860.37,227029314.38,False,False
2990,0.939687,-0.008647,0.977093,-7.4253,1682803658.83,112216145.07,244390426.88,True,False
2991,0.859708,0.015375,1.081951,10.9394,1539575521.92,412452.18,87987798.6,True,False
2992,1.113365,-0.009675,1.020684,4.8717,1993827260.4,232360025.46,265242910.57,False,False
2993,0.880644,-0.008807,0.983989,-6.4502,1577068754.1,54342289.99,198672454.36,True,False
2994,1.02454,0.008996,0.989834,-2.901,1834758277.35,210622355.58,291655825.12,False,False
2995,0.994102,0.041487,1.017599,-0.8248,1780250094.86,219869904.1,287384396.68,False,False
2996,1.024881,-0.018142,0.953996,-2.1075,1835369840.72,187667775.91,272061303.69,False,False
2997,0.96537,-0.028529,0.983911,1.5339,1728797207.95,95638266.83,191618855.75,True,False
2998,1.004863,-0.007668,0.993787,3.0508,1799520187.66,159583072.45,227325249.4,False,False
2999,0.953322,-0.015609,1.037444,-15.6483,1707221292.08,67765617.6,253122594.93,True,False
3000,1.046142,-0.012884,1.000337,5.7597,1873444208.6,181748300.24,227875863.55,False,False
3001,1.08273,-0.028231,0.949709,-9.2662,1938965424.41,221747044.48,333861908.23,False,False
3002,1.054643,-0.004844,0.958468,0.6123,1888667505.84,235436657.87,290778748.96,False,False
3003,1.017587,-0.021568,1.050073,-5.4541,1822307256.38,103912836.3,231740839.85,True,False
3004,1.127418,-0.000223,1.048554,-11.5244,2018994655.75,243278844.58,363026739.86,False,False
3005,0.932568,-0.002654,0.915918,-3.857,1670054715.54,161194569.86,261109738.39,False,False
3006,0.858151,0.008635,1.031287,1.3089,1536787828.73,26122088.23,146102140.28,True,False
3007,0.913581,-0.028383,0.916481,-0.692,1636051269.03,101591670.84,206034214.52,True,False
3008,1.029436,-0.038052,0.959563,-9.2425,1843525959.84,150813916.73,283085072.0,True,False
3009,1.002605,-0.005293,0.928792,0.542,1795477976.19,209968061.02,273961869.02,False,False
3010,0.902229,0.007761,1.00265,8.3413,1615723084.97,86484824.08,155735653.61,True,False
3011,0.914543,-0.001733,1.014785,3.0183,1637775473.69,73264187.88,170126325.85,True,False
3012,0.942442,0.030389,1.016575,-2.1534,1687736067.18,151309816.51,246697839.67,True,False
3013,1.042074,0.00523,0.954946,0.9107,1866158221.48,245578197.07,296186988.02,False,False
3014,1.01915,-0.012111,1.054999,10.6406,1825105977.88,118877892.34,161480765.82,True,False
3015,1.048189,0.003853,0.943502,-1.8825,1877110006.45,257059970.75,318331907.58,False,False
3016,1.019192,-0.004125,0.966371,0.5284,1825181042.24,199123537.62,266611836.19,False,False
3017,0.83716,0.020914,0.934534,6.6474,1499195974.8,96859130.43,172410541.89,True,False
3018,0.958791,-0.02482,0.952675,0.7861,1717013768.82,119520434.45,211426062.02,True,False
3019,0.945215,0.038027,1.031313,4.9021,1692702614.57,155985827.66,217186454.41,True,False
3020,1.084362,0.020588,1.044462,1.5405,1941888377.32,247776646.55,294142451.2,False,False
3021,0.89636,-0.006825,0.976604,10.0754,1605213103.67,76966263.23,141877074.92,True,False
3022,1.029667,-0.022408,0.939104,7.6172,1843941068.76,195003973.41,227971222.98,False,False
3023,0.957201,-0.016704,0.933297,-1.2051,1714167742.15,146414701.88,239071629.46,True,False
3024,0.854593,-0.031445,0.90636,-3.5012,1530415992.16,54020446.31,185263882.73,True,False
3025,0.960034,0.005718,1.036611,0.8526,1719240685.31,110934563.06,205269334.37,True,False
3026,1.097355,0.000592,1.001613,1.3804,1965156254.9,252448506.26,298082836.36,False,False
3027,0.978974,-0.015595,0.993376,9.0055,1753158034.52,122919514.87,174180429.06,True,False
3028,0.891048,-0.018141,1.038506,1.4673,1595698791.81,8325596.96,133096704.32,True,False
3029,0.9545,-0.012149,1.045388,-2.3663,1709331022.51,68829985.09,191736042.95,True,False
3030,0.990462,0.014412,1.038008,-7.9772,1773732036.08,153167203.6,276769200.46,True,False
3031,1.060507,0.010981,0.981173,0.7611,1899168176.78,253932673.46,302563984.41,False,False
3032,1.085436,0.017493,0.992535,1.6139,1943811855.63,281225043.15,316488160.05,False,False
3033,0.997878,-0.006212,1.009143,2.6939,1787012526.59,144589490.42,218981774.73,True,False
3034,1.030377,0.021237,0.995234,1.8364,1845211461.63,234585742.94,284084633.79,False,False
3035,1.007202,-0.007237,1.08743,-1.5569,1803709795.96,93100314.54,204851927.05,True,False
3036,0.959733,0.001953,0.952686,-8.2983,1718701815.32,166337559.17,286034027.51,False,False
3037,0.879415,-0.028334,0.974948,3.6405,1574867486.98,29191965.99,137992790.88,True,False
3038,1.086301,0.004546,1.033143,0.4512,1945360927.75,226775911.15,285652825.4,False,False
3039,0.977849,-0.006573,1.014695,-5.1203,1751144212.39,121945117.01,241337938.49,True,False
3040,1.007199,-0.012194,0.958248,-4.0918,1803704355.6,179819905.19,276347758.82,False,False
3041,0.943409,-0.007502,0.938457,1.8254,1689467942.59,146071914.02,224729626.95,True,False
3042,1.166371,0.001142,1.031535,-2.226,2088750750.86,293966666.04,346485597.18,False,False
3043,0.968881,-0.018195,0.999392,0.6799,1735083338.5,105101170.21,202086779.01,True,False
3044,0.97179,-0.014244,0.937889,3.4694,1740292831.58,160059242.51,226148413.92,False,False
3045,1.03203,0.020397,1.011166,3.3047,1848171832.86,222793693.17,268616576.71,False,False
3046,0.993499,-0.020918,1.030768,0.2457,1779170313.15,98496769.38,199630012.77,True,False
3047,0.970568,0.000712,0.941349,3.8864,1738104914.14,182418958.35,239387884.38,False,False
3048,1.106156,0.021153,1.022888,1.5531,1980917397.38,285397477.62,319491227.48,False,False
3049,1.060215,-0.015671,0.957805,-5.355,1898645659.24,220363046.82,311552281.0,False,False
3050,0.996838,0.00421,0.945409,5.2711,1785149587.37,209461846.17,250503850.01,False,False
3051,0.933968,0.023729,0.969496,-4.4781,1672560924.5,166905253.77,267865771.49,False,False
3052,1.106994,-0.010823,0.996416,-7.7459,1982418733.08,242400368.99,340752142.2,False,False
3053,0.984483,-0.022968,0.926504,5.9627,1763023663.79,164273515.19,216754940.88,False,False
3054,0.8627,0.026315,0.986058,-6.3356,1544934371.78,91116220.91,222625562.42,True,False
3055,1.026207,0.004765,0.975115,9.1202,1837743921.15,215281690.8,234322213.59,False,False
3056,0.989616,-0.001493,1.009119,-6.1934,1772216832.39,145585903.94,262919889.17,True,False
3057,0.912249,-0.000545,1.055552,-6.7865,1633666671.38,42946316.08,193428449.02,True,False
3058,0.927388,-0.006057,1.009631,-3.6251,1660778391.72,81482712.09,205752622.12,True,False
3059,1.048383,-0.027606,1.017595,0.3205,1877457426.27,143305621.7,229648983.21,True,False
3060,0.920926,0.029186,0.967189,-9.4809,1649204911.77,165257380.48,289063311.59,False,False
3061,1.15538,0.015386,1.041093,8.1256,2069068777.89,306392035.37,296135332.45,False,False
3062,0.903029,0.018253,0.979543,-11.2503,1617154498.18,121297266.41,266177331.5,True,False
3063,1.065815,0.015308,0.953456,-3.3107,1908673946.12,287623375.28,346746284.59,False,False
3064,1.014243,0.00303,0.951077,0.2364,1816319130.38,219003493.15,281596042.53,False,False
3065,0.990358,0.009734,0.954729,-5.4285,1773545938.91,206445059.76,300609624.78,False,False
3066,1.033457,-0.029557,0.951242,1.6385,1850727503.24,176061274.02,245263340.61,False,False
3067,1.026076,0.017398,1.047966,-1.1249,1837508703.66,184425832.01,264922654.39,False,False
3068,0.980512,0.00749,1.031375,-0.2986,1755913461.56,136664665.76,228218379.73,True,False
3069,1.023856,0.008901,1.001471,-2.2514,1833533806.63,201199568.49,281975083.24,False,False
3070,1.047286,0.009957,0.990271,1.5095,1875492445.39,233049352.23,284567069.87,False,False
3071,0.975576,0.003539,0.903159,1.6141,1747073144.05,220176722.18,275844388.86,False,False
3072,1.098435,-0.004308,1.00134,-2.5215,1967090308.02,243990520.12,313352742.58,False,False
3073,1.038658,0.009232,1.034076,1.6038,1860042125.42,191300989.71,255761441.5,False,False
3074,1.040828,0.04261,0.997118,4.5474,1863927704.13,282883850.45,302988693.41,False,False
3075,0.983499,-0.029868,0.991364,-2.7738,1761262206.09,103240474.95,217438166.72,True,False
3076,0.994251,-0.012602,0.911707,-0.4803,1780516086.61,202124467.04,273637411.84,False,False
3077,1.037164,0.006989,1.00251,-2.8278,1857365266.74,209134418.88,290450848.73,False,False
3078,1.009413,-0.018636,1.036034,8.386,1807668764.85,112527258.52,168836743.11,True,False
3079,0.878308,0.002514,1.0066,5.3152,1572885342.56,53327875.07,147208022.95,True,False
3080,0.984605,-0.020794,1.011659,-3.7937,1763242921.22,105151148.91,223679102.92,True,False
3081,1.101934,0.017256,1.010775,-8.8458,1973356912.27,282696795.12,373908095.67,False,False
3082,1.088561,-0.011946,0.941987,1.7554,1949408340.7,264193652.6,304126070.82,False,False
3083,0.89493,-0.01447,0.992111,-0.7809,1602651993.7,51954509.26,172607963.69,True,False
3084,0.987932,0.026371,1.029712,-0.9602,1769200166.4,178112871.05,259621087.22,False,False
3085,0.933055,-0.021385,1.086642,3.6188,1670927020.76,3908924.07,119941576.01,True,False
3086,0.891223,-0.023409,1.042995,0.0467,1596013179.13,-3253134.04,131433781.83,True,False
3087,0.946357,0.029146,1.011449,-0.774,1694748224.77,156756736.39,244038405.22,True,False
3088,0.958376,-0.001117,0.972916,9.3143,1716270951.82,144854900.21,188554570.82,True,False
3089,1.045888,0.028985,1.021494,-5.908,1872988182.37,244277545.6,330275562.73,False,False
3090,1.152486,-0.00288,0.89215,-3.2414,2063885720.83,376291341.12,408056567.05,False,False
3091,0.991214,-0.007787,1.019995,12.4195,1775078021.01,127801718.53,160356177.1,True,False
3092,0.947792,0.011399,1.05562,3.5045,1697317739.8,95297320.17,182355600.12,True,False
3093,0.974559,-0.015023,0.959943,2.3777,1745251681.49,144803099.06,220947032.73,True,False
3094,0.896589,0.002143,0.994385,0.4908,1605622352.95,78402947.61,185005112.9,True,False
3095,1.020702,-0.003224,0.995216,7.4574,1827886277.97,180764640.29,219423946.19,False,False
3096,0.885571,-0.01903,1.002464,1.551,1585891156.09,28829635.09,146715002.59,True,False
3097,0.974718,0.030517,1.000733,-2.8452,1745536595.58,194229277.86,279532495.46,False,False
3098,0.941376,0.010384,1.024208,-1.1302,1685828035.31,110910709.63,214489209.65,True,False
3099,0.912587,-7.3e-05,1.020327,4.2421,1634272207.79,70108287.03,162529938.83,True,False
3100,0.995974,-6.1e-05,1.059267,4.0698,1783602238.46,116740118.83,193345780.68,True,False
3101,0.827915,0.03728,1.036053,4.8988,1482640420.69,37234134.82,139270203.89,True,False
3102,1.056843,-0.008164,1.028567,-2.9259,1892607150.32,179213708.07,270886763.05,False,False
3103,0.918101,-0.034446,0.978802,-1.0537,1644145801.99,49333846.87,172143510.48,True,False
3104,1.116295,0.043958,0.952929,3.4073,1999075470.45,392351292.94,381987420.35,False,False
3105,0.971005,-0.008153,0.994818,-4.5207,1738887693.28,127804375.61,242293874.91,True,False
3106,0.851675,-0.004432,1.050768,-4.1897,1525190658.19,-14194392.36,141704859.89,True,False
3107,0.879463,0.032089,0.945843,5.176,1574952691.47,145949378.65,210761225.43,True,False
3108,1.04793,0.012293,1.003355,7.72,1876646389.96,228339818.71,249428515.68,False,False
3109,0.963623,0.001244,0.999028,0.8907,1725667172.24,134330555.24,220983718.71,True,False
3110,1.0472,-0.02688,0.964756,1.9662,1875337782.4,182783089.62,248040141.72,False,False
3111,0.978989,-0.000445,1.010144,6.6101,1753185400.52,137075466.41,195311368.24,True,False
3112,0.975677,-0.016828,1.016278,1.2323,1747254986.86,100915479.99,196573567.65,True,False
3113,1.035831,-0.004658,1.008483,-2.7516,1854979502.65,181884202.69,271515191.36,False,False
3114,1.024962,1.1e-05,0.998142,-6.7023,1835515164.96,188366101.6,295643606.37,False,False
3115,1.007355,-0.001812,1.008098,2.2025,1803984091.96,161771441.77,232968623.42,False,False
3116,1.019518,-0.037913,0.981682,-0.2972,1825764811.31,126387390.89,221279785.33,True,False
3117,1.061293,-0.008422,0.9961,-0.2066,1900576056.37,206727513.63,275500249.36,False,False
3118,1.024354,-0.00768,1.030051,-2.173,1834425149.46,150078047.2,246824093.42,True,False
3119,1.003754,0.001477,1.037528,4.8916,1797535569.92,142642120.42,206756552.75,True,False
3120,1.01785,-0.013554,0.987468,-4.1712,1822777376.29,165107697.49,266953563.34,False,False
3121,0.950706,-0.015403,1.076648,-1.2703,1702535266.84,36789601.5,164792301.28,True,False
3122,1.109505,0.012258,1.05657,-3.1629,1986915850.11,245938353.2,318305439.2,False,False
3123,1.035497,0.019778,1.011608,-0.6676,1854380283.27,224583955.24,289958514.5,False,False
3124,1.221116,-0.011365,1.006305,-8.0134,2186789587.86,334950295.03,409625745.58,False,False
3125,1.080768,0.006082,1.038565,-3.7146,1935452287.11,220683056.63,303611217.12,False,False
3126,1.014378,-0.014173,0.955856,-0.5774,1816560422.02,184336002.62,262072186.7,False,False
3127,1.070694,-0.026825,1.100201,-0.5605,1917412287.67,102717451.35,206642050.69,True,False
3128,0.934997,0.042173,1.028257,-0.4315,1674404347.95,155249344.35,241399049.17,True,False
3129,0.930381,-0.023126,1.04764,1.6598,1666137378.73,27572363.01,145022316.47,True,False
3130,0.951432,0.010458,0.968912,-6.0517,1703836454.89,161272249.32,271764699.98,False,False
3131,0.971993,-0.024439,1.00158,-2.6985,1740657443.57,95327599.31,211541441.51,True,False
3132,0.921091,-0.021556,1.046105,7.4421,1649501344.52,23276028.12,116045196.32,True,False
3133,1.095011,-0.005297,0.908623,-3.8524,1960958466.04,307639548.01,363741526.08,False,False
3134,1.032072,0.006431,0.979655,-6.6325,1848246877.43,220355302.79,317276659.98,False,False
3135,0.821784,0.008249,0.974156,-8.5624,1471661115.23,34389808.49,191758141.26,True,False
3136,1.081851,0.022098,1.021346,0.294,1937392066.92,265454596.31,312798686.79,False,False
3137,1.009966,0.008938,1.011423,-2.2834,1808659860.48,181107615.45,268318022.11,False,False
3138,0.898994,-0.050802,0.967431,3.1662,1609929375.68,15310784.82,130295741.0,True,False
3139,0.90873,0.003541,1.010898,7.237,1627364226.33,79482208.46,155631317.75,True,False
3140,0.925013,0.007597,0.996596,-6.3379,1656524666.71,111629946.93,238522303.08,True,False
3141,0.994027,-0.005309,0.954917,0.4113,1780115662.8,182910947.39,256223487.3,False,False
3142,0.953625,-0.016995,1.035255,-4.3105,1707763149.95,67285266.18,199771665.16,True,False
3143,0.943937,0.009727,0.972662,-3.408,1690413626.7,150335990.39,251861963.88,True,False
3144,1.026551,-0.040818,0.951303,-6.5427,1838360142.21,149431616.32,268416474.84,True,False
3145,0.967103,0.000905,0.931994,-7.1148,1731899783.27,186540143.05,294456371.58,False,False
3146,1.052538,-0.014085,0.972318,4.502,1884898653.43,205874492.07,250595650.76,False,False
3147,1.031799,-0.014184,0.955264,-0.182,1847758102.72,200075677.39,270822683.71,False,False
3148,1.059359,-0.007659,0.988487,-0.5512,1897112120.76,212091540.71,280937141.29,False,False
3149,1.033078,0.051065,0.997092,-5.9875,1850048404.47,290941102.85,362038218.12,False,False
3150,1.046115,0.025928,1.053959,-5.845,1873396237.86,214727018.3,309864442.14,False,False
3151,0.95976,-0.007886,1.02836,3.0729,1718749322.36,93411641.89,182900019.48,True,False
3152,0.919035,-0.012619,1.116202,-1.4894,1645818389.06,-15704787.19,129886311.39,True,False
3153,0.943999,-0.017304,0.983347,-6.03,1690525399.07,96784523.36,227591970.61,True,False
3154,0.838144,0.000769,1.054615,0.5198,1500958556.72,-21374544.22,117177838.52,True,False
3155,0.927322,0.002406,1.032746,2.0566,1660660104.22,78360263.21,177778048.34,True,False
3156,0.963284,-0.001125,1.038164,-3.8834,1725060016.93,100954491.22,220852428.52,True,False
3157,1.090137,-0.020614,1.003706,-0.559,1952230529.56,202959063.51,274851722.92,False,False
3158,0.971423,0.000944,1.019041,3.9577,1739635691.19,126062382.79,200709202.9,True,False
3159,0.897439,0.004419,0.982376,3.6767,1607145276.19,91726047.07,180034817.38,True,False
3160,1.038009,-0.007414,1.022932,1.2883,1858878418.28,168011700.16,241536901.34,False,False
3161,0.991494,-0.005114,1.058374,2.0125,1775579269.25,104376525.48,195036071.89,True,False
3162,1.082622,0.031859,0.943648,-1.4843,1938771964.1,342644485.16,374732157.21,False,False
3163,0.935812,-0.00417,0.912159,-0.6511,1675864129.78,164357969.38,248602891.82,False,False
3164,0.990244,0.00272,0.991309,6.7432,1773341076.14,166812618.53,214521014.02,False,False
3165,1.119175,0.015662,1.014388,-5.6357,2004233109.03,292960210.5,364008881.3,False,False
3166,1.06711,-0.009413,0.988268,-5.0109,1910993067.91,215808900.79,306834897.56,False,False
3167,0.963453,-0.026192,1.135542,-7.2966,1725363384.19,-14255320.04,158647297.31,True,False
3168,0.88021,0.001615,0.999795,4.8127,1576291674.84,58678936.03,152967557.32,True,False
3169,0.898564,-0.009602,0.874494,5.2989,1609159802.75,150080243.99,212543286.44,True,False
3170,1.059563,-0.003551,0.958124,7.093,1897478639.49,242553293.06,261912880.0,False,False
3171,0.96094,0.005939,1.031892,1.5607,1720862649.64,115638009.21,205125474.0,True,False
3172,1.059601,0.021595,1.050961,-8.4725,1897547163.33,221554497.77,328553443.48,False,False
3173,0.974399,0.027888,1.022754,-6.0426,1744964949.21,173028258.05,280397057.56,False,False
3174,0.916637,-0.006862,0.987564,0.4194,1641525437.17,86890232.05,191048997.33,True,False
3175,0.951374,0.021025,0.997342,0.4665,1703731544.26,158167773.42,239226401.36,True,False
3176,0.893496,0.014096,1.007862,1.6958,1600083314.75,84737181.56,184037302.59,True,False
3177,1.012088,-0.005606,0.989972,4.9529,1812460277.16,172586599.84,226614464.91,False,False
3178,0.951108,0.007453,1.044455,-9.6401,1703255236.89,99913046.93,246776058.16,True,False
3179,0.79443,0.025488,1.001852,-0.2881,1422675198.25,13248173.54,143981513.89,True,False
3180,0.938747,-0.012098,0.958051,-0.5242,1681119054.1,119677950.36,217645295.45,True,False
3181,0.955899,-0.016518,1.017551,-5.4352,1711835084.2,83200289.29,215916886.63,True,False
3182,1.020517,0.004748,1.008111,-4.0454,1827554011.2,185617627.41,280325313.0,False,False
3183,0.964134,-0.013885,0.974353,-6.8529,1726583686.19,126944638.31,252589139.02,True,False
3184,0.884739,0.013445,0.93356,-0.9977,1584400768.16,130582453.08,226976609.22,True,False
3185,1.033908,-0.022937,0.984884,-6.1004,1851534244.18,163790355.71,276173041.77,False,False
3186,1.078558,-0.027764,1.035693,1.6898,1931495435.25,155411944.62,230588043.13,True,False
3187,1.035517,-0.008983,0.952136,-1.8952,1854416115.25,215307961.84,289887815.07,False,False
3188,1.143168,0.024001,1.087326,9.3482,2047199027.62,278402476.87,270731860.33,False,False
3189,1.018885,-0.005608,0.984027,-7.1449,1824630843.55,183065841.28,294052183.27,False,False
3190,1.119131,0.013862,1.008891,8.5158,2004153615.41,293382494.84,286591233.56,False,False
3191,1.0365,0.019422,0.994293,13.4565,1856177185.81,237687786.69,227045505.3,False,False
3192,1.068404,-0.005977,0.990008,-2.1967,1913311248.82,222246089.31,296492066.43,False,False
3193,0.926302,-0.012326,0.936931,2.92,1658832223.78,123948462.59,204864140.95,True,False
3194,0.989274,-0.032197,0.994017,0.0884,1771603091.84,102066046.31,202825906.04,True,False
3195,0.99293,-0.031823,1.024293,-5.1506,1778151869.56,83408773.69,215659735.93,True,False
3196,1.008125,-0.002517,0.995978,1.238,1805363054.9,170168968.65,243441357.73,False,False
3197,1.035393,-0.004881,0.995685,-3.0523,1854194292.23,190553732.27,278931935.89,False,False
3198,1.014188,0.016622,0.923661,2.7301,1816219956.15,263941276.38,299744919.92,False,False
3199,1.053164,0.00345,1.073265,0.8041,1886019754.01,164742031.09,241719543.7,False,False
3200,0.897491,0.016263,0.938068,-0.2878,1607238101.35,143620927.7,232779545.41,True,False
3201,1.100247,-0.009377,0.949095,3.063,1970336089.33,274317925.92,303851312.31,False,False
3202,0.896356,-0.004938,1.029662,2.957,1605204573.77,40699218.14,148521128.57,True,False
3203,1.112826,0.003828,0.949391,-0.0007,1992863084.1,311585224.9,345731491.23,False,False
3204,1.11941,0.027706,0.983011,-0.0133,2004653360.89,340558597.33,365502731.94,False,False
3205,0.903095,-0.015587,1.040725,-1.682,1617273561.69,21324521.14,155803274.95,True,False
3206,0.994144,0.021388,0.998334,3.6747,1780325108.15,198394405.27,250834576.19,False,False
3207,0.784424,-0.006874,1.038302,-7.6484,1404755683.02,-68717813.68,116557715.88,True,False
3208,0.827411,-0.007685,0.968926,10.0107,1481737316.71,19827123.88,106693264.0,True,False
3209,0.895757,-0.033715,0.935719,-7.1844,1604132999.83,63569041.37,208651549.8,True,False
3210,1.002509,-0.027828,0.938785,3.9462,1795306159.63,162023670.33,224616249.58,False,False
3211,1.023947,-0.010371,1.059408,-6.5515,1833696235.51,123040871.18,250431043.9,True,False
3212,1.062318,0.012038,1.007156,0.3468,1902412462.63,238375450.52,294137845.67,False,False
3213,1.028236,-0.011462,0.919365,-12.3472,1841378429.26,228539725.47,351547101.69,False,False
3214,0.998599,-0.008159,0.909552,-9.035,1788303676.99,215503457.16,324659106.63,False,False
3215,1.048682,0.007534,0.952619,-4.7287,1877992099.8,257670954.74,333396175.48,False,False
3216,0.852274,0.016095,1.105416,-6.7106,1526261938.89,-22797393.86,146408267.29,True,False
3217,1.016326,-0.001138,0.911955,-1.7081,1820048388.08,242283866.26,307120516.16,False,False
3218,0.963406,0.013538,0.96437,7.0197,1725278790.66,181008556.94,223755245.56,False,False
3219,0.961936,0.006421,0.966835,-3.91,1722646285.68,165556471.21,264881702.38,False,False
3220,1.050156,-0.005222,1.011913,4.9801,1880631506.93,191126459.43,238156416.97,False,False
3221,1.014687,-0.001289,1.03581,1.9676,1817114512.88,148811454.99,225246003.32,True,False
3222,1.009573,-0.006489,0.978969,-7.268,1807954918.02,176887157.31,290133620.65,False,False
3223,0.989385,0.029767,0.985264,3.9564,1771803554.88,218430126.07,263176876.79,False,False
3224,1.055954,-0.018173,0.981655,4.0619,1891015398.77,194233797.84,244884711.53,False,False
3225,0.997673,0.000545,0.925671,-9.8576,1786645117.67,218293037.57,330541352.38,False,False
3226,0.984752,0.020546,1.06194,1.1,1763505538.06,140948461.44,224380241.25,True,False
3227,0.97493,0.038203,1.010239,-3.5469,1745916759.71,200812888.67,287368735.32,False,False
3228,1.001279,0.006638,1.090243,-4.4597,1793101876.03,110613167.46,230975492.59,True,False
3229,0.96266,-0.017413,1.035505,1.1727,1723942366.49,74279006.33,178821034.64,True,False
3230,1.038899,-0.024906,1.071112,5.6535,1860473564.95,100583622.31,173429769.86,True,False
3231,1.074118,0.037062,1.028863,6.0965,1923544397.76,281368893.8,293052420.81,False,False
3232,1.042827,-0.008831,0.93999,0.4025,1867506791.78,231083131.62,288927156.93,False,False
3233,0.913724,-0.013716,0.920699,-5.5938,1636308565.2,122590153.6,242288355.36,True,False
3234,0.822692,-0.006834,1.019656,-2.1007,1473287288.36,-20691780.08,128258830.45,True,False
3235,1.042404,0.050956,0.923488,-3.8983,1866749477.49,354533959.86,394870650.46,False,False
3236,1.055738,-0.037897,0.946863,2.7107,1890628738.56,182520155.36,243922598.92,False,False
3237,0.986666,0.018172,0.992774,1.6352,1766934031.18,189775456.59,254981563.72,False,False
3238,1.07529,0.051834,1.03579,-3.1222,1925641807.92,305821854.37,358280848.75,False,False
3239,1.023386,0.013023,1.016293,4.5193,1832692214.32,197345484.18,245352895.35,False,False
3240,0.976633,0.01692,1.013402,5.9742,1748965619.61,162904632.18,215998573.11,False,False
3241,0.982911,-0.012068,0.969977,0.4453,1760208533.26,149907421.7,233639735.67,True,False
3242,1.156346,0.007057,1.019248,-0.5314,2070797684.7,306221427.96,345095287.82,False,False
3243,1.035751,0.004524,0.935947,-5.4484,1854834951.85,252557500.33,333276183.22,False,False
3244,0.993423,-0.010869,0.957732,-8.2984,1779033632.32,170394768.53,290165453.01,False,False
3245,0.896352,0.007213,1.003845,-2.6434,1605198525.7,79320720.53,199413229.56,True,False
3246,0.920409,-0.040109,0.999437,4.3939,1648280233.95,26665055.69,132140027.41,True,False
3247,0.959896,-0.005111,1.052842,-3.596,1718993340.07,80173914.72,205303613.53,True,False
3248,0.95847,-0.029655,0.92255,-0.8005,1716438933.04,133253287.57,228226531.6,True,False
3249,0.954803,-0.009801,0.948171,-3.7982,1709873404.17,145105202.74,250314656.74,True,False
3250,1.044629,0.009417,1.031569,3.0194,1870733486.95,199005752.3,253698303.2,False,False
3251,1.035532,-0.004069,1.06568,-4.0175,1854443429.5,140350972.36,249700229.58,True,False
3252,1.025306,0.005825,1.029639,-1.8803,1836130506.7,176028171.0,263007927.79,False,False
3253,1.152309,-0.001038,1.014162,-2.7016,2063568727.15,289578902.07,346037587.75,False,False
3254,1.067672,-0.005509,0.970663,7.4124,1911999741.47,236810471.21,256052234.58,False,False
3255,1.03737,0.017776,0.962368,3.7808,1857734103.56,259089102.0,290787271.02,False,False
3256,0.943331,0.014187,0.915127,2.3947,1689329440.27,199919825.18,258711932.89,False,False
3257,0.976226,-0.018687,1.007733,-2.0248,1748237090.12,104471785.32,214588884.84,True,False
3258,1.118727,-0.020858,1.031116,-4.3912,2003430472.9,206989803.1,298705525.24,False,False
3259,1.006348,0.024327,1.04451,4.161,1802179381.48,181006706.88,236389669.95,False,False
3260,1.128627,0.005626,1.051846,5.128,2021159427.34,253755027.18,278007471.61,False,False
3261,0.930874,0.010125,1.034249,-4.4827,1667020034.79,93343607.27,217796751.37,True,False
3262,0.982321,0.005287,0.957055,-3.9642,1759152728.89,189487098.79,281807154.02,False,False
3263,1.107062,0.003768,1.005893,-10.5136,1982540668.09,264368991.46,370726715.4,False,False
3264,1.048979,0.02862,1.027978,-1.717,1878525122.41,241747866.62,307075057.26,False,False
3265,1.087938,0.022382,1.009609,-10.8049,1948292499.25,280449335.3,382229502.8,False,False
3266,0.936521,-0.014841,0.978443,4.2535,1677132657.56,98011499.41,180953323.35,True,False
3267,1.108434,0.004489,1.050221,3.4281,1984997158.36,234225614.26,274480374.72,False,False
3268,0.986371,-0.004733,0.957782,5.0902,1766405665.95,174952587.53,228183680.75,False,False
3269,0.922955,-0.028722,1.045773,-5.2264,1652839818.62,13292963.39,166555903.48,True,False
3270,1.011645,-0.013262,1.018497,3.6755,1811665481.37,137193922.97,208898647.9,True,False
3271,1.062638,0.028062,1.045075,0.2254,1902984765.99,241086000.05,296613290.23,False,False
3272,1.094196,-0.006763,0.995623,-0.8331,1959499072.49,239609268.88,301256531.36,False,False
3273,1.048657,0.003671,0.990298,-6.1656,1877948133.3,222490707.83,316865789.16,False,False
3274,1.026106,0.005138,1.026103,-12.069,1837562789.97,178116813.42,315729849.0,False,False
3275,0.886279,-0.000672,1.000966,0.314,1587159419.5,59692336.25,173075255.69,True,False
3276,0.805782,-0.015747,0.982733,2.555,1443003759.67,-21305867.67,109261007.79,True,False
3277,0.96398,0.024265,0.908781,-3.5371,1726306759.33,241225293.98,314612348.98,False,False
3278,1.097115,-0.012456,1.009291,-7.1462,1964726281.01,220909294.46,322535126.13,False,False
3279,1.048496,-0.011259,0.930838,-5.8138,1877659506.56,238342712.97,325830747.67,False,False
3280,1.111469,0.01133,1.073206,2.5861,1990433077.85,233591413.02,278589488.51,False,False
3281,0.958066,0.029033,0.987579,-0.7571,1715716532.64,185445378.64,263511798.55,False,False
3282,0.89246,0.008047,1.012633,1.0661,1598228877.95,70573237.8,177171521.8,True,False
3283,1.040471,0.023521,0.923643,1.7827,1863288964.72,301376746.43,329685699.6,False,False
3284,0.916688,-0.021959,0.969246,2.8461,1641615781.08,75717097.38,172537195.31,True,False
3285,0.950967,0.001311,0.989724,5.5812,1703003528.81,129854415.01,196110164.72,True,False
3286,0.937213,-0.021407,0.953185,1.4432,1678371560.76,106303632.22,199499983.39,True,False
3287,0.987271,-0.033199,1.078613,-2.6788,1768016704.79,35950156.92,171271730.94,True,False
3288,0.940205,-0.035226,0.941967,4.8561,1683729947.32,93936293.15,175325504.69,True,False
3289,0.937279,0.018978,1.07238,2.624,1678491108.51,85880192.76,180181916.11,True,False
3290,1.151162,-0.01984,0.99243,-5.3271,2061514857.49,265876173.38,344732938.25,False,False
3291,1.120611,0.005306,1.036326,1.3013,2006803357.67,257272511.11,301640678.27,False,False
3292,1.031437,-0.030727,1.045074,7.0201,1847110291.25,102693896.84,168156079.33,True,False
3293,0.976432,-0.008709,1.035958,-7.8942,1748605883.65,101197338.05,240482862.53,True,False
3294,0.953475,-0.005631,0.901892,-3.6076,1707494930.44,185316908.03,276742006.97,False,False
3295,1.143897,0.038113,0.970544,0.4057,2048504970.91,394485110.85,399823086.09,False,False
3296,0.998103,-0.00458,1.075981,1.2149,1787414738.73,98212541.82,194685173.46,True,False
3297,1.061366,-0.03807,0.99123,-6.4217,1900707613.76,154046497.03,272041883.53,True,False
3298,1.042157,-0.018707,0.987906,-13.3021,1866306613.7,176573348.69,321935603.79,False,False
3299,1.171668,0.019677,1.013705,1.2524,2098237207.94,350864770.98,365238322.98,False,False
3300,0.930108,0.016534,1.023596,-0.3282,1665648535.08,111200947.55,210964385.28,True,False
3301,1.002891,-0.01061,0.989369,1.6845,1795989996.12,155815138.91,231515467.24,True,False
3302,0.926993,0.007188,1.014227,1.7427,1660070752.71,99712869.69,193728757.31,True,False
3303,0.991487,0.012228,0.905553,-3.7252,1775566813.61,248331502.9,320836918.08,False,False
3304,1.061307,0.000322,1.132276,-3.6958,1900602092.66,122516771.71,236405790.01,True,False
3305,1.075443,0.016963,1.034874,5.6874,1925916704.85,239495037.37,266697291.49,False,False
3306,1.182024,0.018729,1.079008,8.1893,2116783306.29,310234564.9,297316609.82,False,False
3307,0.893583,0.004275,1.045439,-11.7889,1600239743.74,41276229.19,213602729.77,True,False
3308,0.921552,0.003107,1.015676,2.0553,1650327069.66,86911256.74,183656823.6,True,False
3309,1.035091,-0.023293,1.022861,-3.26,1853654434.19,136029314.57,242905750.65,True,False
3310,0.997854,0.022791,1.001878,-3.8718,1786968789.4,201775095.24,290012350.82,False,False
3311,1.076412,0.002829,0.980726,5.7069,1927651433.79,253253564.61,275922942.98,False,False
3312,0.970164,-0.006973,1.032633,4.3732,1737381035.3,101102192.22,181783376.26,True,False
3313,1.063243,0.015014,0.960347,2.016,1904068827.96,279564236.74,313436933.95,False,False
3314,0.949648,0.009612,1.049485,2.0104,1700641675.89,98518880.29,191475674.83,True,False
3315,0.998447,-0.0136,0.987823,6.0888,1788030360.55,147675902.47,204442474.17,True,False
3316,0.949831,0.029822,0.985702,2.4181,1700968101.19,180297275.65,245183387.97,False,False
3317,0.934374,-0.015511,1.002586,-6.2736,1673288503.95,77125810.13,215055976.49,True,False
3318,0.976315,0.024163,0.937659,1.4327,1748396199.52,231361392.19,284312943.88,False,False
3319,0.982159,-0.010793,0.968837,2.2263,1758862673.8,152332176.44,226707576.89,True,False
3320,0.939565,-0.010785,1.018715,-1.457,1682585058.69,77687099.15,193393820.72,True,False
3321,1.178656,-0.026237,0.949283,-1.1901,2110752032.0,308229066.24,350327738.02,False,False
3322,0.963811,0.007381,0.999078,2.013,1726004976.78,145056581.24,222969222.16,True,False
3323,1.112935,0.005951,0.989978,5.7865,1993056936.23,285859440.18,296637573.63,False,False
3324,1.043316,-0.010261,1.073768,-3.8232,1868383271.7,129779871.51,241670600.17,True,False
3325,0.990574,0.006329,1.097375,-4.5193,1773931672.66,94969854.21,220393430.23,True,False
3326,0.934585,-0.018336,0.988516,9.5325,1673666483.4,83002518.78,146581222.15,True,False
3327,1.012235,-0.029136,0.992986,2.5006,1812722310.41,127830983.21,208356050.73,True,False
3328,1.087853,0.014784,0.946801,-2.1085,1948140149.5,312077495.55,357316516.65,False,False
3329,1.078962,-0.008181,1.094725,9.5668,1932217471.72,149881274.24,185124910.01,True,False
3330,0.92113,0.023548,1.023124,13.7597,1649570994.21,114730257.39,149681244.74,True,False
3331,1.057836,0.020095,1.049393,-10.7717,1894385048.48,218207880.5,338137168.49,False,False
3332,1.026405,-0.009874,1.058158,-0.3268,1838099457.74,127059734.91,221896401.07,True,False
3333,1.031876,0.006062,1.06476,-4.3122,1847896984.06,156471470.34,262081914.32,True,False
3334,1.054202,-0.011614,1.048148,-2.6193,1887878052.51,155849314.6,253375038.49,True,False
3335,1.001838,-0.008038,1.066007,-1.681,1794102890.02,102742755.99,211977927.05,True,False
3336,0.919838,-0.003549,0.947937,0.1492,1647257492.57,124551079.88,217871296.62,True,False
3337,0.904154,0.003933,1.074406,5.0929,1619169542.67,28916436.75,130920447.46,True,False
3338,0.906573,0.033536,1.056334,-3.9551,1623501250.79,92565856.2,214386832.69,True,False
3339,0.921442,0.003696,0.988788,5.8415,1650128863.25,107694826.31,180673688.72,True,False
3340,0.957661,-0.006201,0.97986,-3.6859,1714991604.9,130348108.79,239805223.77,True,False
3341,0.937962,-0.014826,1.070905,-11.3806,1679714460.0,30830944.23,207188055.66,True,False
3342,0.97992,-0.01008,0.986165,-1.0813,1754851843.42,138766129.77,233409745.18,True,False
3343,0.960609,0.010581,0.986849,-3.4151,1720269557.06,156677436.73,256485945.15,True,False
3344,0.920276,0.008063,0.932145,-1.3866,1648041061.91,155775149.77,246037967.32,True,False
3345,0.940571,0.001159,1.021806,1.0868,1684386801.22,96408036.61,194391961.43,True,False
3346,1.053131,0.003728,0.960565,9.3115,1885960111.25,248694297.79,254849190.86,False,False
3347,0.893732,0.001872,1.031413,-9.851,1600506286.96,47951536.85,209653134.99,True,False
3348,0.937242,0.032978,0.98601,3.308,1678424471.26,173301706.08,236483582.04,False,False
3349,1.04627,-0.015126,0.911415,-6.8274,1873672363.56,243509532.92,334483846.4,False,False
3350,1.058681,-0.026598,1.025034,-10.5446,1895898369.12,148516829.99,289612626.93,True,False
3351,1.030786,-0.002827,1.050366,0.0708,1845944239.15,149724982.86,235304941.44,True,False
3352,1.082846,0.025408,0.999385,-2.8815,1939174564.46,289075766.61,345730508.85,False,False
3353,0.936655,0.011594,0.937815,6.341,1677372783.97,172557754.66,222048944.32,False,False
3354,0.944855,-0.029643,0.973023,-3.6479,1692058647.57,84299917.43,208084854.26,True,False
3355,1.139108,-0.009965,1.062764,-2.8005,2039928711.87,223455759.26,301451299.19,False,False
3356,1.07965,0.021941,1.063106,-1.4069,1933450647.54,232147433.58,299162888.82,False,False
3357,1.077556,-0.019577,0.984697,-4.5737,1929701129.91,208117844.21,299550683.74,False,False
3358,0.987788,-0.011729,1.088546,0.0689,1768941973.04,67010490.16,179083271.29,True,False
3359,1.075869,0.003106,0.97805,6.8311,1926679257.57,255276129.29,271378991.18,False,False
3360,1.011839,0.011475,0.948159,6.3574,1812013241.4,234277126.81,261597621.78,False,False
3361,0.911384,-0.017441,1.021713,-1.0529,1632117542.4,39647026.76,165517902.96,True,False
3362,0.97794,-0.041354,0.939513,8.5418,1751306040.98,116787092.66,172280958.96,True,False
3363,0.930217,0.007992,1.053476,-0.0582,1665843790.85,74946463.06,185078932.93,True,False
3364,0.952244,0.009275,1.017811,-0.6521,1705290198.89,123794052.75,221076520.82,True,False
3365,0.932281,0.029524,1.041166,-9.9006,1669540538.36,121908404.05,262033830.96,True,False
3366,1.055156,-0.023657,1.050015,0.731,1889587000.6,132554465.57,220202819.31,True,False
3367,1.042006,0.017089,1.032017,0.0418,1866036902.5,210573192.67,276825968.72,False,False
3368,1.027259,0.010394,0.931968,-0.6239,1839628252.9,258549734.72,312808257.84,False,False
3369,1.271571,0.017701,1.063518,-3.5063,2277144680.1,403401136.79,430037724.76,False,False
3370,0.956779,-0.009067,1.03587,0.6676,1713412326.38,83171836.58,187272888.82,True,False
3371,1.026488,0.009533,0.975583,0.2319,1838247313.86,223956892.03,284972502.67,False,False
3372,1.031987,-0.003558,0.987338,0.991,1848094514.64,196128158.19,262199207.24,False,False
3373,0.999955,0.026478,1.027834,-0.0242,1790731472.06,191143987.32,263946516.68,False,False
3374,1.090624,0.016239,0.978257,-1.6141,1953101979.83,294205946.02,342546747.28,False,False
3375,0.888835,0.000829,0.987348,-2.6587,1591736424.63,74475818.6,196088035.09,True,False
3376,0.929473,0.016431,1.02992,6.2695,1664512385.35,105753327.64,177171381.77,True,False
3377,1.101669,-0.005226,1.044638,-0.7019,1972882430.85,213017857.23,282495811.42,False,False
3378,0.837089,-0.004203,0.988123,-0.4497,1499069227.96,19455526.85,148926427.52,True,False
3379,0.946544,0.035027,0.96915,1.5359,1695081649.54,198227222.15,261511795.96,False,False
3380,0.970969,-0.026469,0.917722,-3.4807,1738823563.83,153016254.73,254482478.9,True,False
3381,0.909329,-0.022067,0.981919,-3.2164,1628438229.34,59787879.51,188855477.14,True,False
3382,1.096206,0.015635,1.010896,-4.8533,1963099222.69,274065212.66,346316907.01,False,False
3383,1.003752,0.007993,0.965572,0.9486,1797530604.25,207639650.86,270373238.19,False,False
3384,0.900377,-0.010899,1.11086,1.8906,1612405605.73,-25438201.57,108200030.04,True,False
3385,1.051717,0.028785,1.022307,7.6337,1883428192.5,248877220.12,263696155.28,False,False
3386,1.076634,-0.008792,0.991367,-0.7599,1928048561.31,223171165.01,289620258.03,False,False
3387,1.090655,0.003423,0.962976,-3.1064,1953158888.61,280519932.07,341226310.56,False,False
3388,1.017394,-0.01194,0.995472,12.0906,1821960680.37,161720061.46,183467216.98,False,False
3389,1.035855,-0.004972,0.986478,-6.9666,1855021083.59,197617689.67,303635935.73,False,False
3390,1.052189,0.025567,1.044916,2.9467,1884272547.45,226520593.2,272671879.2,False,False
3391,1.136463,0.011171,1.041163,-0.5118,2035190915.95,280122320.87,327186961.31,False,False
3392,0.924608,0.007478,0.943474,1.8298,1655799832.81,150399455.61,227820887.36,True,False
3393,0.988901,-0.010121,1.037881,1.9984,1770935488.37,108361801.45,197840091.48,True,False
3394,0.977594,0.001371,1.073239,6.2334,1750687102.5,92271282.57,166696661.46,True,False
3395,0.87565,0.000847,0.96295,-4.1595,1568125035.14,80620444.27,206541889.81,True,False
3396,1.033454,-0.005676,0.966051,5.9236,1850722776.87,209291449.37,246132678.13,False,False
3397,1.100053,0.007864,1.039148,2.2631,1969987516.38,241422314.55,285802371.38,False,False
3398,0.923689,0.036287,1.055903,1.1441,1654153669.95,113952765.59,206152642.5,True,False
3399,0.991815,0.007356,0.928699,-5.0216,1776153500.24,222840727.22,309817723.61,False,False
3400,1.011527,0.002997,1.04925,-0.1274,1811455240.84,143770172.0,232245846.53,True,False
3401,0.904627,0.002214,0.966901,-0.991,1620017282.17,106174573.99,210446958.82,True,False
3402,0.941129,0.043527,0.998799,5.6245,1685384999.16,185357974.11,233922317.05,False,False
3403,0.955025,-0.020944,1.018778,4.9366,1710270567.95,73956881.23,161009508.57,True,False
3404,0.873301,0.008115,1.044136,-5.186,1563917434.14,29736674.38,176291478.54,True,False
3405,1.061539,0.017229,1.04273,-1.5972,1901017815.02,221180263.39,292571079.11,False,False
3406,0.962441,-0.022641,1.014117,-1.0804,1723551047.16,80917120.24,193975486.93,True,False
3407,1.062555,-0.014499,1.082317,-0.0135,1902837025.53,132441261.99,223980534.49,True,False
3408,0.965314,0.002364,1.015926,-5.4459,1728695920.22,125287278.66,244837989.36,True,False
3409,0.981714,0.020769,0.993024,0.087,1758066132.91,189513769.53,262300209.91,False,False
3410,1.077991,-0.016938,1.007399,-3.9096,1930480198.17,196779379.79,288337847.27,False,False
3411,1.018603,0.014603,0.993412,-0.5071,1824126910.74,212732583.46,281042531.56,False,False
3412,1.018708,-0.002013,1.039473,1.1987,1824315078.81,148407219.98,228775467.35,True,False
3413,1.041318,-0.007467,0.981956,-2.8949,1864805085.59,201208688.98,285461811.51,False,False
3414,1.070761,-0.009073,1.043597,-2.6713,1917531624.42,178731548.61,269421094.09,False,False
3415,0.977018,0.013953,1.020977,2.5587,1749655313.51,152463057.63,225259332.76,True,False
3416,0.927514,-0.008995,0.952799,-3.3404,1661003232.81,118800097.7,229835231.08,True,False
3417,1.155256,-0.00027,1.040791,1.161,2068846153.93,274109948.91,313664253.11,False,False
3418,1.103899,0.039765,1.020098,3.14,1976876123.37,322127903.32,335890328.01,False,False
3419,0.935148,-0.017374,0.967277,5.4893,1674674142.9,100831922.85,177230005.27,True,False
3420,0.917286,0.01973,1.006935,-0.0559,1642687288.05,116806581.26,213529787.54,True,False
3421,0.860322,0.011233,0.955574,-4.2005,1540674693.49,88189557.89,211549145.89,True,False
3422,0.849891,0.012545,1.026426,7.9261,1521995293.84,28070574.46,119887071.46,True,False
3423,1.134989,0.003258,0.949358,2.1714,2032551353.17,330657700.07,346605269.91,False,False
3424,0.949358,0.008164,0.972454,3.8517,1700121848.3,152833328.53,219836050.62,True,False
3425,1.017638,-0.005169,1.034173,-1.2231,1822399066.58,145615960.14,238975564.67,True,False
3426,0.966874,-0.007275,1.089059,2.3303,1731490274.02,55858322.28,160779028.8,True,False
3427,1.043464,0.027497,0.945673,5.072,1868648782.61,295327116.28,308705958.84,False,False
3428,0.966881,0.015593,0.974678,2.2669,1731503109.61,180163949.27,245607760.64,False,False
3429,0.989336,0.00338,0.939206,6.7525,1771715636.16,205740608.58,240976965.72,False,False
3430,1.040209,-0.011638,0.98929,-2.0684,1862819703.78,187019899.08,271579673.42,False,False
3431,0.991846,0.029702,1.076266,3.7227,1776210638.66,153283127.45,219966395.53,True,False
3432,0.971162,0.010369,0.980282,3.1184,1739168367.49,170921116.34,235217535.27,False,False
3433,1.171916,-0.022723,1.043773,6.2359,2098682332.42,239846798.3,261090273.67,False,False
3434,1.027564,-0.012861,0.940796,2.4595,1840173787.07,209500392.28,263910557.69,False,False
3435,0.968058,0.024253,0.943785,9.064,1733609391.64,219151078.61,239822307.26,False,False
3436,1.078291,-0.011994,1.027196,0.334,1931017054.6,191928213.15,262594098.25,False,False
3437,0.986451,-0.020885,0.922934,7.0732,1766548631.16,172296570.95,216778118.03,False,False
3438,0.893458,-0.002756,1.006382,-1.8451,1600015429.14,58834291.01,181945635.37,True,False
3439,1.015442,-0.008474,0.9435,4.9024,1818465300.23,204785076.27,248679564.09,False,False
3440,0.888949,-0.002049,1.008906,-7.1029,1591940308.51,54032878.34,201571428.93,True,False
3441,1.022183,0.001438,0.970296,-3.9238,1830538609.44,209084497.89,295706025.96,False,False
3442,1.076017,-0.006752,1.030922,-0.8707,1926944272.89,197260456.33,272583906.1,False,False
3443,1.075795,0.000274,0.98479,-3.5546,1926546120.9,244760378.73,319048950.83,False,False
3444,1.026484,0.018251,0.954912,0.7754,1838240317.15,255286480.15,303539822.47,False,False
3445,1.007894,-0.007515,1.025663,1.2656,1804949428.74,138956328.2,222081529.12,True,False
3446,0.94187,-0.017137,1.041341,1.9045,1686712285.1,52258692.76,160584697.09,True,False
3447,1.08688,0.040678,1.004458,0.9059,1946398182.1,318874473.74,345854011.19,False,False
3448,1.115707,-0.020971,1.082771,-1.611,1998021857.4,165891609.04,255475140.47,False,False
3449,1.135478,-0.008796,0.953278,-1.2043,2033427164.97,303691013.9,347068918.64,False,False
3450,1.05862,-0.004035,1.054037,-1.5731,1895789333.26,169761895.79,257458691.62,False,False
3451,0.99924,0.00214,1.048189,-3.7983,1789450865.74,131837316.21,242120736.6,True,False
3452,1.01185,-0.000757,1.031148,-5.9197,1812034178.18,150667022.94,265691893.19,True,False
3453,0.996998,0.020822,0.988593,2.6592,1785435468.62,207288618.83,261798310.26,False,False
3454,0.929568,-0.017058,1.035153,-1.3337,1664682451.48,46219390.41,171361911.27,True,False
3455,0.999491,-0.019063,0.957309,0.8278,1789900033.31,161413688.39,239552020.98,False,False
3456,1.014156,0.002516,1.03259,-12.1511,1816162022.54,157626628.92,301497494.46,True,False
3457,1.114521,-0.016823,0.956549,1.3368,1995897458.62,266612271.82,307836281.44,False,False
3458,0.980531,-0.007981,0.993088,2.9055,1755946125.53,137867930.9,213622268.18,True,False
3459,0.924888,-0.006808,1.008117,-1.3924,1656301515.87,79125458.03,193973759.46,True,False
3460,0.80691,-0.019893,0.950034,-2.7437,1445024573.53,-2092791.76,143289126.9,True,False
3461,0.95924,0.014607,0.967582,-1.6168,1717817778.64,176595505.47,261544021.78,False,False
3462,1.035577,-0.00939,0.963373,4.6365,1854524305.41,206285429.94,250566535.24,False,False
3463,0.96742,-0.008908,1.063426,-0.864,1732468083.17,72497307.98,187248917.27,True,False
3464,1.046331,0.010714,1.073074,-8.6352,1873782985.51,172268708.03,295322574.41,False,False
3465,0.870694,-0.010016,0.894946,1.8241,1559250196.71,109549059.78,200550677.64,True,False
3466,1.097124,0.009918,0.964053,2.5441,1964742824.97,298376535.31,323051535.53,False,False
3467,0.961462,-0.008413,0.960148,0.8978,1721796965.86,144534186.31,227897898.19,True,False
3468,1.042672,-0.004394,0.976814,-2.472,1867230054.34,211962696.0,290630513.71,False,False
3469,0.929622,0.026435,1.065678,0.5613,1664778681.54,96067516.76,196615638.38,True,False
3470,0.938194,-0.023025,1.065602,2.31,1680130012.57,21187503.13,137624399.07,True,False
3471,1.093978,0.00532,0.995581,2.3828,1959108759.37,263117483.11,299980361.14,False,False
3472,0.964103,0.005678,0.99803,2.9507,1726526735.62,143160257.79,217241383.74,True,False
3473,1.102843,-0.00495,0.99234,2.7253,1974984449.91,253341396.22,291375559.54,False,False
3474,0.66309,-0.012259,0.992318,5.6862,1187469739.97,-149361551.01,13784911.49,True,False
3475,1.002055,-0.011774,1.030558,-7.8458,1794492520.37,122483680.64,255712055.07,True,False
3476,0.900588,0.000914,0.953374,-2.9825,1612784353.27,110423990.98,222116528.47,True,False
3477,1.07473,-0.0029,1.027144,2.7032,1924640020.62,206323815.17,259896270.74,False,False
3478,0.800482,0.016892,1.066851,2.2505,1433512058.21,-41456012.29,96820976.0,True,False
3479,0.830121,0.017186,0.987193,4.093,1486590987.06,45688071.26,148247517.74,True,False
3480,0.950714,-0.000386,0.959182,2.5875,1702550517.02,149352198.56,223339827.56,True,False
3481,0.981515,-0.031196,1.01739,3.8822,1757708281.24,79941718.67,169514967.92,True,False
3482,0.880032,-0.008964,1.060675,0.0795,1575972018.38,-3239010.32,131303923.34,True,False
3483,1.074144,0.001547,0.970519,-1.3135,1923590867.57,256283719.96,315045257.6,False,False
3484,0.978711,-0.031805,0.979551,-5.4447,1752687857.61,104515453.04,231065360.18,True,False
3485,0.985109,0.014427,1.067984,-4.3695,1764145428.42,126013030.96,240657604.36,True,False
3486,1.000771,-0.031695,0.991668,-5.1431,1792192277.04,114445127.68,236925823.56,True,False
3487,1.024085,-0.008381,0.959902,-0.0888,1833943811.63,200500416.23,270636139.53,False,False
3488,1.076277,-0.005442,0.961808,6.4822,1927409803.13,251199980.23,270436180.94,False,False
3489,0.947524,0.027425,1.019496,1.988,1696837302.74,148994069.04,225924093.89,True,False
3490,0.805148,0.030422,0.97178,10.2688,1441868577.47,52819045.62,129201739.55,True,False
3491,0.925286,0.016684,1.043761,1.8743,1657013213.5,92011212.64,187908790.17,True,False
3492,1.022305,0.004523,1.04088,7.5621,1830756989.93,162574001.38,206470331.98,False,False
3493,1.011801,5.4e-05,1.050161,-7.7944,1811945613.94,138012214.71,266391276.53,True,False
3494,1.03211,-0.005452,1.047754,-2.145,1848315556.55,147997112.94,245350109.19,True,False
3495,0.971512,0.015543,1.036287,4.064,1739795931.95,138772680.01,208843891.89,True,False
3496,0.988273,-0.025128,1.060968,0.1411,1769810579.7,64148620.04,176786975.18,True,False
3497,0.921706,-0.025783,0.98253,-3.8965,1650602646.4,63911212.24,194930197.11,True,False
3498,1.082261,0.001687,1.035342,-7.8848,1938126970.99,215918945.04,322542320.11,False,False
3499,0.907337,0.011103,0.944708,-8.4413,1624869820.99,139516368.8,266298961.38,True,False
3500,0.838417,0.021907,0.959766,2.5337,1501447397.05,80849850.52,178405417.6,True,False
3501,1.045008,-0.00852,1.006411,-0.237,1871413466.37,184418382.78,260469423.29,False,False
3502,1.075628,0.010217,1.055482,2.4989,1926248053.4,211412588.91,264422580.48,False,False
3503,0.936265,0.009113,0.991705,3.7607,1676675543.13,128128940.5,203702498.05,True,False
3504,0.917055,-0.010868,0.950204,-1.0466,1642273547.96,108350810.45,212237305.53,True,False
3505,1.095791,0.010763,1.005429,-9.0692,1962355382.82,268163918.65,364960526.2,False,False
3506,1.149773,0.014206,1.016963,-3.5744,2059027408.94,316603027.14,369303634.6,False,False
3507,1.157758,0.021057,1.046562,3.9865,2073326548.42,316316214.79,326300372.23,False,False
3508,0.996738,-0.001034,1.08511,5.5291,1784970049.85,96555959.79,172468803.82,True,False
3509,0.997449,0.004261,0.995012,-0.7333,1786244418.55,173378067.57,255335548.15,False,False
3510,1.056474,-0.000515,1.081859,0.3659,1891945612.7,153891877.49,236599993.55,True,False
3511,0.945493,-0.002433,0.972575,-0.9697,1693200163.91,131247048.99,227596330.01,True,False
3512,0.93476,-0.002499,0.967492,2.894,1673978877.34,125233724.63,205736370.18,True,False
3513,0.891744,-0.010399,0.976945,-12.4806,1596946661.66,66884958.8,233936675.0,True,False
3514,1.005388,-0.002499,0.917282,-1.7184,1800461654.89,226013805.59,296015562.09,False,False
3515,0.957986,-0.034625,1.031728,-1.8044,1715573015.72,43465793.34,171887601.61,True,False
3516,0.977377,-0.014647,0.950681,-4.9849,1750298739.97,154794860.75,263014631.96,True,False
3517,1.037038,-0.011039,1.029138,-7.4034,1857140603.04,155819644.31,277476276.11,True,False
3518,0.955861,0.023173,0.96894,-5.0467,1711767154.93,187107128.2,284750448.75,False,False
3519,0.797278,-0.030597,0.837525,6.4226,1427775299.76,57567913.76,147872916.11,True,False
3520,0.943756,-0.010825,1.018828,-0.9343,1690088886.24,81247088.99,193424131.58,True,False
3521,0.94678,0.009894,1.014923,2.7216,1695505622.51,121945590.59,204130367.91,True,False
3522,0.800278,0.011324,0.933404,-5.6014,1433147054.92,49194463.23,189295792.56,True,False
3523,1.038334,-0.001332,1.051326,5.7556,1859460888.48,158583913.91,212365783.37,True,False
3524,0.958965,0.022641,0.968001,5.7303,1717325953.89,189826355.81,235970539.68,False,False
3525,1.084361,0.006724,0.976118,4.8615,1941887376.28,271463495.04,292580768.87,False,False
3526,1.057559,-0.002526,1.035855,0.5757,1893888976.47,185131155.92,256751714.55,False,False
3527,1.172522,0.016368,1.051385,7.0461,2099767479.6,316816436.59,308750381.28,False,False
3528,0.949187,0.020868,0.983536,-6.8387,1699815621.15,166063761.62,278621117.77,False,False
3529,0.9914,-0.021465,0.983922,10.5528,1775410810.56,130396889.48,171189356.08,True,False
3530,1.159349,0.003869,1.039146,-4.3208,2076175440.76,287622467.17,354010738.65,False,False
3531,1.061761,-0.033867,0.963391,2.3421,1901414486.15,182985063.64,246078853.75,False,False
3532,0.937356,0.009185,1.0065,-2.251,1678628677.35,118298065.08,224644823.42,True,False
3533,1.017049,-0.00216,1.046392,5.5675,1821343116.08,141519820.45,202301685.35,True,False
3534,1.058062,0.01031,1.061095,-1.7452,1894790695.38,191215581.62,272935993.92,False,False
3535,0.998576,0.01204,1.004305,3.0565,1788262849.84,181436999.17,242252196.96,False,False
3536,1.058372,0.00048,0.891245,8.9496,1895344707.99,298649054.28,290458680.42,False,False
3537,1.025498,0.0145,0.99174,1.4483,1836474044.37,220200136.86,276299190.45,False,False
3538,1.140347,0.053194,0.999066,0.4738,2042148095.42,400707003.82,403679742.19,False,False
3539,1.026443,-0.021118,1.00695,-11.3095,1838166561.68,144344041.81,288959353.98,True,False
3540,0.987911,0.024263,1.048334,6.836,1769162964.46,160573528.83,209905467.25,False,False
3541,1.093649,-0.026651,0.95519,-0.9673,1958520007.94,230113418.61,295517237.62,False,False
3542,1.059522,0.007766,1.04302,0.5624,1897404803.42,201120949.71,267688450.32,False,False
3543,1.080117,0.005477,0.977917,-8.9797,1934287425.41,263827414.68,360839904.27,False,False
3544,0.877898,0.015089,0.971624,-3.9993,1572150396.92,98624759.89,218140636.56,True,False
3545,0.958156,-0.016127,0.983367,-5.4196,1715878003.71,111161988.89,234917802.38,True,False
3546,1.059794,-0.036899,0.993927,3.8927,1897892369.47,152957672.85,217620001.94,True,False
3547,0.953548,-0.018519,1.006774,-8.903,1707624485.23,85706026.06,233782224.49,True,False
3548,1.043317,0.019579,1.075041,-7.7224,1868384964.58,184590148.84,298901051.04,False,False
3549,1.076045,0.036008,0.975049,-2.6026,1926994135.43,321059835.03,365910827.49,False,False
3550,1.074643,0.010704,1.026145,-3.7153,1924483279.6,233164009.51,311990355.06,False,False
3551,1.031867,0.019569,0.966654,1.6551,1847879253.11,254072855.58,298240069.63,False,False
3552,1.096262,-0.005442,0.990124,4.332,1963198859.07,248120086.37,279271265.62,False,False
3553,1.002358,0.02097,0.985589,8.1405,1795034161.14,214827666.9,239898746.49,False,False
3554,0.954796,0.004674,1.002509,5.9897,1709860924.64,129610772.5,193926008.74,True,False
3555,0.900092,-0.011982,1.010221,3.6402,1611896152.04,47089952.38,149795390.49,True,False
3556,1.032915,-0.00519,0.986157,4.2333,1849756749.01,194818543.38,244872937.8,False,False
3557,0.996167,0.015842,0.991616,-11.5356,1783947968.73,195381926.4,323090070.4,False,False
3558,1.005506,0.0032,0.962887,-1.5217,1800672718.59,202609772.4,279131420.88,False,False
3559,1.008007,0.002263,1.021299,7.2368,1805150669.34,159939208.1,206817927.66,False,False
3560,0.845064,-0.006776,1.022837,-2.2465,1513350460.92,-2988697.67,141132144.01,True,False
3561,0.907911,-0.003462,0.948681,-1.2797,1625898715.26,113423694.52,216678322.26,True,False
3562,1.032772,-0.010139,1.00459,5.7608,1849501452.27,171886213.17,221541795.05,False,False
3563,1.087902,-0.003849,1.088752,-1.226,1948227467.04,170701968.3,256471405.25,False,False
3564,0.908938,-0.005619,1.034041,-2.0604,1627737836.37,47622975.22,175421992.44,True,False
3565,1.070434,-0.007649,1.042471,1.3945,1916945421.98,182003917.39,250289051.94,False,False
3566,1.033363,0.01907,0.966721,2.8307,1850558849.65,254507248.96,292563345.92,False,False
3567,1.122731,-0.025756,0.976052,-4.2196,2010599773.69,241391147.66,321239575.1,False,False
3568,0.985132,-0.017286,1.007434,-1.0944,1764185726.48,114926237.36,217289464.11,True,False
3569,1.019997,0.036112,0.935153,0.1879,1826622781.19,296461540.72,334503184.83,False,False
3570,1.012715,0.015764,0.988584,3.7712,1813582617.04,212931105.5,259905009.92,False,False
3571,0.983485,-0.002936,1.01944,3.644,1761236857.05,129869427.24,204577925.94,True,False
3572,0.984941,0.034239,0.94628,10.2983,1763844420.98,250928473.63,254715386.4,False,False
3573,0.969839,-0.018713,0.933917,-1.579,1736799737.55,153523785.04,245759615.32,True,False
3574,0.914958,0.023215,1.010864,-0.6707,1638517106.05,117418082.53,216705072.1,True,False
3575,1.007461,-0.022124,1.05147,-6.2269,1804172903.71,93102757.88,227939192.46,True,False
3576,0.89289,-0.010275,1.025807,-6.542,1598998159.09,31915053.95,184211274.28,True,False
3577,1.066274,0.019647,1.031352,2.1268,1909496936.73,238652653.85,285007313.62,False,False
3578,1.093164,-0.012707,1.100511,-7.7739,1957650718.32,149379962.33,277123097.26,True,False
3579,1.149801,-0.007431,1.055131,-0.301,2059076990.85,243811330.83,301339522.56,False,False
3580,0.930618,-0.014452,1.038721,8.6325,1666562426.35,48837849.99,127644443.5,True,False
3581,1.103924,-0.005414,1.006485,-2.8172,1976920279.17,242917781.31,314292608.31,False,False
3582,1.048706,-0.038174,0.991499,-13.5761,1878034589.37,143059311.19,300983349.27,True,False
3583,1.136634,0.001605,1.028101,-10.5698,2035498758.84,270480799.36,376721615.71,False,False
3584,1.044918,0.00291,0.984555,-0.4669,1871252416.33,221911608.07,287143269.02,False,False
3585,0.937111,0.011556,1.031017,-5.5367,1678189420.26,103896450.97,229955916.07,True,False
3586,1.002393,0.012096,1.044775,1.8854,1795097374.54,155102650.24,230047372.3,True,False
3587,0.955642,0.022956,0.94887,-0.9799,1711375251.5,201391058.22,275390180.21,False,False
3588,1.062078,0.023429,1.082119,-2.8542,1901981544.65,204305370.34,287650713.44,False,False
3589,0.994744,0.031293,1.002384,-7.9503,1781399892.95,213605156.15,317903133.17,False,False
3590,0.894952,-0.028301,1.02837,4.7004,1602691569.34,2954835.94,115220020.84,True,False
3591,0.983916,0.002658,0.964758,3.7707,1762008510.66,180608115.43,238460455.8,False,False
3592,0.993532,-0.025036,1.03224,-7.9689,1779229661.21,90109525.75,233969425.5,True,False
3593,0.977749,0.008801,1.017121,-12.1044,1750963996.98,146977511.01,291861380.99,True,False
3594,0.974779,-0.013325,0.858545,-7.2885,1745646490.84,223050305.06,320382172.67,False,False
3595,1.09105,0.0295,0.951046,-2.6399,1953865092.25,340665580.44,379634232.55,False,False
3596,1.060159,-0.003297,0.873327,3.3022,1898545439.06,306365804.46,325002119.52,False,False
3597,1.116378,-0.040297,1.055236,-4.571,1999223837.12,148227510.65,259681246.51,True,False
3598,1.109042,-0.002669,1.047251,5.0184,1986085102.49,222762386.58,258021696.43,False,False
3599,1.089925,-0.028598,0.98261,-1.0244,1951850382.73,202814242.21,277241463.69,False,False
3600,1.098018,-0.003947,1.015319,0.8451,1966344308.0,233974201.62,288399398.83,False,False
3601,1.040768,0.00208,0.926021,4.3705,1863820392.11,259933550.09,288287255.19,False,False
3602,0.935956,0.006337,1.013409,2.1064,1676120863.48,107119372.4,197018437.35,True,False
3603,1.005413,-0.006296,0.963896,-6.8924,1800505359.49,184680755.43,293432099.33,False,False
3604,0.98025,0.006613,0.994095,3.5563,1755444339.42,162492002.71,227240879.04,False,False
3605,1.178194,0.010187,1.064984,11.95,2109924407.27,299002586.01,268093034.72,False,False
3606,0.945305,0.035645,1.131493,-6.8054,1692864336.52,77855433.39,218354904.27,True,False
3607,0.865101,0.018362,1.003298,-0.3512,1549232926.32,68314455.81,181794432.8,True,False
3608,1.052829,-0.015387,0.994248,-0.6306,1885419798.67,187436052.25,264563709.44,False,False
3609,0.948798,-0.005285,1.047604,-5.7727,1699119709.51,73816947.49,210917877.92,True,False
3610,0.947832,-0.013463,1.012746,2.025,1697389804.86,84882993.28,182153370.52,True,False
3611,0.96732,-0.000672,1.008898,-3.1452,1732289304.13,127055262.71,235174525.65,True,False
3612,1.103793,-0.027627,0.947693,5.1564,1976686149.89,242431859.15,270778923.4,False,False
3613,0.95855,-0.023957,1.046278,-3.1135,1716583867.45,51478608.97,183498248.05,True,False
3614,1.105503,-0.001468,1.001224,-2.8573,1979747593.3,256040395.43,323455177.83,False,False
3615,0.974682,-0.030992,0.925575,-0.7886,1745472460.37,142488896.94,234513380.81,True,False
3616,0.866118,0.011671,0.894846,-0.138,1551054251.7,139202161.29,229093640.09,True,False
3617,0.958931,-0.013765,1.014261,-0.0422,1717264811.52,93017746.59,197300467.74,True,False
3618,1.055803,-0.014663,0.99081,-1.3217,1890745401.81,193960935.91,272590095.91,False,False
3619,0.902292,-0.020007,0.998357,-0.8044,1615836259.86,44852389.97,167910543.43,True,False
3620,1.129135,0.027715,1.016699,-2.7355,2022068704.48,324913083.24,369945043.85,False,False
3621,1.002943,0.047607,0.978049,-9.0509,1796083078.06,268806069.66,361175710.75,False,False
3622,0.98749,0.014243,1.013173,-5.2458,1768409755.23,168493886.0,273841621.53,False,False
3623,1.023798,-0.024075,1.016492,5.7664,1833430765.12,129564786.45,192988990.84,True,False
3624,1.022594,-0.011,1.012859,9.3726,1831273781.62,155160073.72,192334701.82,True,False
3625,1.06622,-0.007322,0.957822,0.2384,1909399751.56,241558467.83,296862757.37,False,False
3626,0.956793,-0.016093,1.022617,-6.9274,1713437212.92,80959846.17,221422159.62,True,False
3627,0.888372,-0.026969,1.034938,3.1534,1590906778.6,-5410099.33,116426663.88,True,False
3628,0.9664,0.015342,0.961994,-3.4697,1730640569.15,188673123.88,278599288.0,False,False
3629,0.975685,0.001234,0.934996,0.3899,1747268631.89,192671822.95,263000522.63,False,False
3630,0.934898,-0.0021,0.939958,-2.1492,1674227417.85,146417118.73,243271704.84,True,False
3631,1.022768,-0.009644,0.970203,-3.3113,1831585558.83,189386347.94,279248776.11,False,False
3632,0.997873,0.009539,0.940159,-6.1954,1787002634.74,223817380.27,316377604.27,False,False
3633,0.948577,-0.002328,1.01936,2.9208,1698723397.61,99557429.87,187955362.13,True,False
3634,1.005197,-0.0253,1.071127,-3.8159,1800119237.61,70869034.1,200860303.17,True,False
3635,1.009604,0.025883,0.928955,-3.5878,1808011807.17,272480921.94,336908829.66,False,False
3636,0.910158,0.005622,1.045815,6.1487,1629922492.42,58318021.38,146048936.8,True,False
3637,0.993733,-5.8e-05,0.91791,-0.4174,1779589969.95,219397645.32,285075358.66,False,False
3638,0.955453,0.005221,1.025866,10.6426,1711037755.85,113849523.91,161377432.74,True,False
3639,1.015856,0.004478,0.945703,-0.5362,1819207307.87,227085662.84,290940552.17,False,False
3640,1.046194,-0.008125,1.000292,9.1753,1873536127.21,190744719.64,216459829.81,False,False
3641,1.065979,-0.019196,0.917008,2.1722,1908967535.54,248900065.15,291741478.59,False,False
3642,0.908019,-0.023055,1.004418,-3.6207,1626091929.03,40385218.12,177442174.39,True,False
3643,0.954051,0.011441,0.9468,-1.8184,1708526889.79,181744482.92,265948031.62,False,False
3644,0.9356,-0.004706,1.01609,5.2778,1675483552.2,86305394.66,168310376.69,True,False
3645,0.884822,-0.000623,1.006036,-2.6297,1584549118.42,54697653.05,182460560.2,True,False
3646,1.034308,-0.011988,0.995961,-11.221,1852252151.8,176215002.98,310619102.57,False,False
3647,0.983783,-0.010099,0.95372,-4.3049,1761771125.79,166186569.76,267635532.1,False,False
3648,0.983902,-0.006353,0.99464,3.8363,1761983035.03,142588849.54,212290923.8,True,False
3649,0.999309,0.028765,1.034601,-3.6272,1789575084.92,189611070.93,280569434.7,False,False
3650,1.135298,0.009306,1.000795,-1.4956,2033105847.7,305145271.66,349679576.75,False,False
3651,0.94261,-0.007664,1.04339,-2.5344,1688037106.83,67379468.28,191389118.15,True,False
3652,0.956105,-0.011194,1.068406,1.2555,1712204434.89,54837546.78,165250116.21,True,False
3653,1.021959,-0.004664,1.033346,1.777,1830137117.95,151024065.67,227636027.47,True,False
3654,1.029468,-0.00704,1.003943,0.9251,1843583950.86,175148285.02,248277926.96,False,False
3655,1.11017,-0.006609,1.048714,-3.3998,1988105124.01,214862595.13,298474598.31,False,False
3656,0.925814,-0.021619,1.02319,4.9486,1657959720.6,44233331.63,141450118.36,True,False
3657,1.077652,-0.009668,0.935236,2.3217,1929872850.77,263951709.12,301061389.84,False,False
3658,1.013176,0.011822,1.019554,6.09,1814408776.42,183274172.14,228203135.13,False,False
3659,0.996556,-0.015953,1.034102,-1.0852,1784644012.72,107540787.19,212283893.28,True,False
3660,0.958784,0.00782,0.994559,1.812,1717001402.28,144539917.68,223613025.5,True,False
3661,0.971072,0.028347,1.063738,6.0069,1739006916.69,140299835.78,200634359.38,True,False
3662,0.967184,-0.011394,1.002507,-2.028,1732045569.66,113094998.59,220377994.17,True,False
3663,1.054574,0.016348,0.97794,8.9805,1888544235.95,260976162.14,264847533.5,False,False
3664,1.094688,0.000233,0.993795,13.9581,1960379770.65,255118100.55,232362638.72,False,False
3665,1.067997,-0.019747,1.072134,2.2982,1912581721.29,134727497.63,213422147.45,True,False
3666,0.914282,-0.006701,0.987222,-2.9894,1637308007.2,85305061.61,205266993.68,True,False
3667,1.040842,0.008524,1.057366,-7.2088,1863951637.51,174747511.67,289491334.16,False,False
3668,1.043445,0.003811,1.023022,-1.3422,1868614479.69,193768732.74,272484192.29,False,False
3669,0.996353,-0.007243,0.98934,0.3414,1784280209.87,156051554.42,238296074.84,True,False
3670,0.902645,-0.010046,0.953265,6.3128,1616467390.66,94653343.31,170256778.84,True,False
3671,0.988323,0.01914,1.011634,1.4464,1769900014.28,179075131.96,248607572.49,False,False
3672,0.992223,0.00736,0.995916,-0.6354,1776885268.66,173446179.86,254886600.1,False,False
3673,1.016979,0.016243,1.02082,-7.3061,1821217961.56,193909384.02,302163120.66,False,False
3674,1.051112,-0.009491,1.102047,4.1947,1882344924.48,117198712.94,191912477.63,True,False
3675,1.030102,-0.012858,0.936978,-4.4827,1844719515.24,214572175.4,302414596.0,False,False
3676,0.921922,-0.001238,0.959104,0.5661,1650988622.42,121968407.52,214227875.29,True,False
3677,1.07052,0.013526,0.992928,-8.1381,1917099637.1,259363283.13,352960703.43,False,False
3678,0.978385,0.009621,0.995558,0.7497,1752103025.87,164967559.89,242428960.25,False,False
3679,0.935369,-0.021385,1.013835,4.2982,1675071011.64,59829964.14,154808948.65,True,False
3680,1.009336,-0.008838,1.037048,2.4612,1807531029.38,129418884.48,209666699.43,True,False
3681,0.96034,0.028588,0.954735,0.1202,1719787783.76,211178093.16,276884768.48,False,False
3682,0.867682,-0.011875,1.035918,2.0033,1553856221.71,-404914.87,125046152.94,True,False
3683,0.966962,0.038464,1.029348,-2.3646,1731646946.38,179357603.16,267031527.9,False,False
3684,1.03883,0.004692,0.937278,-4.8639,1860349846.43,254696480.81,331834005.53,False,False
3685,1.118724,0.001366,0.988167,-8.5857,2003423975.11,283316145.07,373630287.08,False,False
3686,1.033766,-0.003566,0.979587,1.2377,1851281070.83,203452639.73,265920140.98,False,False
3687,1.026103,0.011538,0.915662,-1.6795,1837558556.02,271659535.84,327033626.58,False,False
3688,1.122595,0.010288,0.973299,-4.7931,2010355910.71,315773993.4,374975611.11,False,False
3689,1.251719,0.007199,1.033724,-1.578,2241593902.25,383330368.07,404205827.0,False,False
3690,1.048154,0.010439,0.996729,-6.202,1877046073.06,229972601.68,322125836.52,False,False
3691,0.923564,-0.012646,0.961484,0.7992,1653930393.09,102819585.51,200145902.24,True,False
3692,1.064101,0.008534,1.017456,2.8843,1905605397.06,225723393.0,272283207.47,False,False
3693,1.004775,0.013282,1.082089,-0.6253,1799362735.45,131811069.1,226564146.73,True,False
3694,1.022819,-4e-05,0.94992,-0.9133,1831677037.06,222043265.94,289422656.38,False,False
3695,0.995555,-0.012724,1.060611,3.7956,1782852195.91,92789694.15,178407266.78,True,False
3696,1.052265,-0.014173,1.000451,-1.5298,1884409450.54,184634351.04,267299402.79,False,False
3697,0.779613,-0.031516,0.927545,7.1194,1396140187.56,-25395303.75,89349012.87,True,False
3698,1.024236,0.018665,1.059679,2.4302,1834214595.72,176353651.55,241558266.9,False,False
3699,0.997981,0.011812,1.049993,6.0131,1787197405.74,146644027.03,204125129.87,True,False
3700,0.90095,0.000975,0.953837,1.8102,1613432372.27,110507909.49,200993648.83,True,False
3701,0.976702,0.040675,0.959327,-2.16,1749089066.29,244561967.12,310502855.9,False,False
3702,0.980352,-0.019435,0.927482,-1.1071,1755627042.51,166183440.37,252179595.52,False,False
3703,0.975229,0.012588,0.988841,-9.6645,1746452790.45,172214454.35,297198446.97,False,False
3704,0.982962,-0.006327,1.047327,-3.9234,1760301115.07,102780128.27,222661882.89,True,False
3705,1.026516,-0.001408,1.030194,-5.1735,1838297118.78,163428325.05,271037064.82,False,False
3706,1.092952,-0.01582,0.914289,12.5489,1957271603.57,281003101.37,257640163.32,False,False
3707,1.08738,0.001265,0.953149,4.032,1947293632.14,280611808.05,303155224.06,False,False
3708,1.054884,-0.018942,1.069755,5.3283,1889098689.58,126607076.12,192365337.56,True,False
3709,1.099713,0.019082,1.006094,-5.6175,1969379534.75,287680956.29,359782564.6,False,False
3710,1.165881,-0.03927,0.979507,-1.4542,2087873246.13,247674474.48,310586610.52,False,False
3711,0.939866,0.009301,1.039953,-0.8972,1683123123.0,96032907.55,203289423.43,True,False
3712,1.024495,-0.029755,0.941143,3.6655,1834677704.88,175541729.92,234793701.85,False,False
3713,0.962568,0.016513,1.037882,-8.3322,1723779306.74,130921450.3,262226850.41,True,False
3714,0.805435,-0.027556,1.030138,1.8454,1442382581.8,-73748749.01,76408300.4,True,False
3715,0.974926,0.013966,0.986017,0.6467,1745908920.31,176429516.56,250728574.57,False,False
3716,0.883946,-0.010349,1.034461,4.4807,1582981256.73,17459599.62,126289724.82,True,False
3717,1.014175,0.016317,0.984122,1.0794,1816197128.31,218602662.56,277128698.33,False,False
3718,1.057263,-0.008311,1.048155,2.0649,1893358623.6,164803274.31,235204761.05,False,False
3719,1.106648,-0.026533,0.978493,0.0029,1981799471.49,224233452.8,286313049.39,False,False
3720,1.069265,0.001015,0.99443,0.3849,1914852709.5,233128793.99,290358096.49,False,False
3721,0.939644,-0.007864,1.060265,0.091,1682725923.73,51903853.42,168725162.02,True,False
3722,1.066197,0.006619,1.023275,6.8622,1909358233.54,219686649.66,247339707.62,False,False
3723,1.085947,0.020191,0.995289,5.9347,1944727422.84,284910390.9,295968739.85,False,False
3724,0.992643,-0.010556,1.012472,-8.0268,1777637459.28,129722831.45,261153664.47,True,False
3725,1.006675,-0.026738,1.037957,-6.2765,1802765743.06,94111130.99,228845780.69,True,False
3726,0.986059,-0.029654,1.011631,3.9408,1765846538.23,90789050.73,176521204.24,True,False
3727,1.010126,-0.004484,1.030067,6.5148,1808946557.4,143167336.45,198916077.91,True,False
3728,0.990626,-0.002486,1.022498,11.3277,1774024967.84,134828870.29,170477064.79,True,False
3729,1.025316,-0.006039,1.04504,-5.7791,1836149272.77,142849330.7,260059734.52,True,False
3730,0.9561,-0.017254,1.035248,4.5702,1712194705.59,69010945.45,159338988.35,True,False
3731,0.884086,-0.011312,1.04883,3.4544,1583232570.53,5420324.28,122551880.25,True,False
3732,0.979404,-0.020879,0.947501,3.7044,1753928549.32,148001437.76,216690315.05,True,False
3733,0.979442,-0.048728,0.970022,3.5113,1753996809.38,82508973.45,173082455.65,True,False
3734,0.990757,-0.007907,1.00322,3.4425,1774258839.42,139602941.27,212046033.72,True,False
3735,1.113589,0.028495,1.04581,1.7506,1994229355.59,290072203.25,321534367.25,False,False
3736,0.937856,-0.011221,0.873574,1.724,1679524734.08,182923727.59,250305266.6,False,False
3737,0.996358,-0.017145,0.995246,-8.3026,1784289471.56,134015094.55,265566946.16,True,False
3738,0.912853,-0.003186,1.029553,-6.8888,1634749099.55,58428852.51,204434656.1,True,False
3739,0.912039,-0.01252,0.956778,-7.4184,1633289823.32,96342597.64,232558483.44,True,False
3740,1.005905,0.001802,0.974694,-4.0597,1801387670.19,191712537.28,284250270.71,False,False
3741,1.057695,0.013734,0.9691,4.117,1894133241.01,265488176.13,293017124.27,False,False
3742,0.970651,-0.016771,0.984391,10.7581,1738253036.94,120230124.33,164372704.95,True,False
3743,0.972143,0.003985,0.986922,6.4617,1740925362.92,155795355.56,208970426.61,True,False
3744,0.925822,0.013851,0.992069,-0.4433,1657972946.52,126093766.31,221607531.12,True,False
3745,1.115977,-0.024982,1.039382,-3.2608,1998504616.83,190240629.72,281067649.05,False,False
3746,0.949121,-0.037195,0.98186,3.2749,1699698217.68,68553833.09,165216302.9,True,False
3747,1.018702,-0.024574,1.017355,-7.063,1824303244.42,123623009.59,253214838.74,True,False
3748,0.959724,-0.010756,0.998867,4.0922,1718685768.98,110288048.0,189576905.03,True,False
3749,0.982692,-0.001495,0.966849,4.8993,1759816299.18,170638116.75,226262217.06,False,False
3750,1.096014,-0.007093,1.029871,-6.0227,1962755500.9,215224042.6,312588600.98,False,False
3751,0.994411,0.022168,1.028867,4.7663,1780804109.66,177425479.24,231244624.79,False,False
3752,1.014443,-0.028716,0.972048,2.4081,1816676116.03,145982826.4,221132648.64,True,False
3753,0.953336,0.024507,1.031028,8.5662,1707246093.52,141016381.96,189673547.07,True,False
3754,0.94366,0.005755,0.905751,0.0985,1689918709.15,192919128.06,264579032.11,False,False
3755,1.047439,0.014783,0.945523,-1.1856,1875766034.22,275381516.22,327202350.06,False,False
3756,0.935035,0.010164,0.935107,-3.3403,1674472790.04,170668482.7,265228342.31,False,False
3757,1.103148,0.01461,0.973073,-0.1084,1975531327.1,306525265.9,342873773.6,False,False
3758,1.055693,-0.017241,0.997005,0.0566,1890547817.41,184401401.45,258949684.31,False,False
3759,0.951056,0.019541,1.067979,-0.1476,1703162754.45,103031118.22,204599628.84,True,False
3760,1.126278,-0.025026,1.077769,-6.5408,2016952047.48,170585824.56,285992157.25,False,False
3761,0.992626,0.000597,0.966393,0.4264,1777606184.77,183655975.82,256659193.35,False,False
3762,1.04396,0.033355,1.013632,-0.9664,1869537106.68,256426252.35,313169491.81,False,False
3763,1.013781,-0.01007,1.003972,4.0393,1815491450.14,155628450.12,219585946.89,True,False
3764,1.03476,-0.007258,1.014096,-3.1098,1853061319.1,171949240.46,266563627.93,False,False
3765,0.938368,-0.026629,0.982005,3.4719,1680440640.65,77187444.14,170352839.22,True,False
3766,0.941448,-0.013255,1.007855,-4.0334,1685957267.81,83233769.16,209079441.3,True,False
3767,1.006009,-0.026567,1.013753,10.7713,1801573883.68,111772447.15,156689791.63,True,False
3768,0.984917,-0.000104,1.009916,-8.8886,1763800659.66,143206028.06,274182743.94,True,False
3769,0.946281,-0.039204,1.051945,4.9192,1694611276.05,10867889.5,118401532.1,True,False
3770,0.940887,0.007888,0.980823,0.2309,1684952624.52,138382031.13,226883965.06,True,False
3771,1.001595,0.014705,1.041125,-9.1598,1793668554.07,161746224.97,288850072.57,False,False
3772,0.971839,-0.014183,0.991544,-3.5338,1740380953.14,120476957.42,232623759.04,True,False
3773,0.953661,0.004855,0.944679,4.1597,1707828540.46,171708776.59,231148939.83,False,False
3774,1.072681,0.012739,0.977662,-1.111,1920969899.81,271164769.42,324089091.96,False,False
3775,0.990818,0.030031,1.058533,2.6029,1774369270.95,166013372.01,234085634.87,False,False
3776,1.092307,-0.010119,0.979467,-4.2072,1956115798.75,243323096.51,321857032.18,False,False
3777,0.944909,-0.004949,1.089533,-0.7785,1692153980.69,39851655.12,164558132.23,True,False
3778,0.928774,0.017703,1.05287,-3.286,1663259420.02,90220613.48,210174017.55,True,False
3779,1.030755,0.007207,0.961577,-3.8157,1845888054.38,233968109.6,312245137.88,False,False
3780,0.966985,-0.011231,1.03076,12.2725,1731688354.41,92277956.67,138373858.23,True,False
3781,1.010612,-0.029256,1.013584,1.7197,1809816281.29,110976949.01,200787343.11,True,False
3782,0.931946,-0.008228,0.968873,-3.3325,1668940271.67,112116643.83,225326723.77,True,False
3783,1.07168,-0.008389,1.035141,0.3027,1919176968.11,187122361.17,259501298.6,False,False
3784,1.010568,0.003279,1.054752,-0.0859,1809738259.15,139333163.17,229022365.83,True,False
3785,1.048658,0.002978,1.04354,2.1826,1877949925.06,181762946.25,246218990.41,False,False
3786,1.054639,0.03355,0.881932,0.7534,1888659627.65,364623520.5,377895247.12,False,False
3787,0.983893,-0.021164,1.016669,-0.0535,1761968284.08,100172264.64,202225141.41,True,False
3788,1.047823,0.023406,1.02954,-5.879,1876454882.63,229701651.9,320270844.96,False,False
3789,0.857953,-0.015256,0.97,-3.3511,1536432790.94,34616909.25,171495659.85,True,False
3790,1.004763,0.012329,1.023497,-7.3878,1799342482.13,173475039.68,288232535.39,False,False
3791,0.830784,-0.033621,1.004151,-13.8121,1487778877.04,-41839591.44,161698424.07,True,False
3792,0.978749,-0.001196,0.984027,-5.5699,1752755015.62,154883216.13,265917632.34,True,False
3793,1.005945,-0.001798,0.929109,-10.8043,1801459102.1,219019822.6,336107908.22,False,False
3794,0.973927,-0.004652,0.971329,-3.868,1744120869.03,153905663.04,256988593.12,True,False
3795,0.904203,0.001558,0.949666,-2.603,1619258608.65,117491009.02,225291703.54,True,False
3796,1.027437,-0.010911,1.067569,1.7861,1839946655.81,119097601.43,205832511.43,True,False
3797,1.098312,0.017525,0.887511,1.9421,1966870524.83,371117406.58,375744536.8,False,False
3798,0.987376,0.02521,0.980654,9.6747,1768205641.48,211860734.07,231047022.7,False,False
3799,1.072871,0.02258,0.9845,2.6499,1921311149.53,285185797.19,313827360.21,False,False
3800,0.95878,0.005778,1.025332,-1.427,1716994111.24,118241064.02,220966600.4,True,False
3801,1.023773,-0.014774,0.926442,2.4394,1833385081.69,213278803.15,266626404.0,False,False
3802,1.095188,-0.006969,1.072012,-12.4894,1961275359.84,183522550.75,325755477.33,False,False
3803,1.04683,0.0166,0.988962,-10.694,1874675395.53,246052180.76,356090983.49,False,False
3804,0.96478,-0.001251,1.013264,10.4341,1727739262.66,120526262.67,166417764.49,True,False
3805,1.001465,0.039974,0.976093,-1.7053,1793436428.72,255102496.94,315698543.17,False,False
3806,1.07305,0.012143,0.921759,7.6281,1921630276.59,311759285.23,305686268.28,False,False
3807,1.040547,0.035015,1.018786,6.232,1863424950.06,252408891.25,273671858.55,False,False
3808,0.933534,0.005227,0.96562,0.5142,1671784862.49,138433742.39,225629895.84,True,False
3809,1.046214,0.027021,1.03396,7.9275,1873572836.05,231678026.51,250698688.66,False,False
3810,1.08598,-0.021453,0.926267,6.9633,1944786094.78,255065582.22,270192557.6,False,False
3811,1.055906,0.027832,0.980534,-1.66,1890930150.25,282015261.28,334220193.53,False,False
3812,1.059466,0.033187,0.997061,-0.0481,1897304140.78,283335284.49,326768048.67,False,False
3813,1.105138,-0.021807,1.04124,-0.9093,1979094770.51,185824649.9,265141123.21,False,False
3814,1.010198,0.001533,1.012434,2.9587,1809074358.27,167174751.83,232864172.63,False,False
3815,0.863671,-0.017122,0.973468,3.7997,1546671753.64,34180248.75,140991434.25,True,False
3816,1.032212,0.012843,1.025727,1.26,1848497013.73,198218840.94,262257538.93,False,False
3817,1.035016,0.032551,1.002647,-1.7587,1853519887.49,254442119.81,315801236.23,False,False
3818,1.002328,-0.016419,1.03749,-7.5924,1794980515.09,109252412.77,245479175.41,True,False
3819,1.078081,0.007497,1.060352,3.8081,1930640013.8,204819368.06,252984546.73,False,False
3820,0.916353,0.005878,0.982365,0.8143,1641016341.66,111392921.5,205935897.35,True,False
3821,1.018479,-0.012142,1.045125,3.2269,1823904944.5,125540520.17,203092411.55,True,False
3822,0.90188,0.044957,1.024711,8.9977,1615096900.98,129900529.16,182368138.81,True,False
3823,1.118652,-0.029383,1.019316,-2.3027,2003295459.9,198584126.05,281525203.06,False,False
3824,1.018823,-0.001989,0.970805,-0.7172,1824521290.47,199405401.44,273030473.48,False,False
3825,0.959629,-0.009605,1.04666,3.3534,1718515982.01,76789788.67,170278183.8,True,False
3826,1.155774,-0.022777,0.898742,-5.2925,2069774937.13,333186114.26,390428138.45,False,False
3827,0.942973,0.000748,0.968834,-6.1144,1688687124.72,137119235.19,255379600.13,True,False
3828,0.948517,-0.005047,1.03217,3.3292,1698615481.93,85398290.4,176427326.27,True,False
3829,0.998309,-0.016275,1.009611,0.5434,1787783888.05,126637555.91,217301654.13,True,False
3830,0.911573,-0.003138,0.957174,6.704,1632455899.91,110954298.29,179315431.0,True,False
3831,0.964893,0.008752,1.087918,6.3529,1727942889.06,82629163.71,159962563.27,True,False
3832,1.012523,0.008468,0.919974,-0.5018,1813237845.16,250330949.85,306567546.28,False,False
3833,1.05141,-0.011564,0.952804,-4.0167,1882878575.58,224080332.93,306945160.48,False,False
3834,1.027382,-0.00816,0.994034,3.929,1839849084.2,178565247.02,235469393.63,False,False
3835,1.033567,0.032306,1.046716,0.064,1850924545.14,219958144.1,283096853.06,False,False
3836,0.98837,0.029269,1.039304,3.3391,1769985748.26,176556561.77,237716021.28,False,False
3837,1.140357,-0.031569,0.920951,1.6489,2042164443.25,285460423.56,318737195.61,False,False
3838,0.926149,0.000821,0.930697,-2.3432,1658558523.88,150235228.43,246657259.44,True,False
3839,0.979499,-0.015903,1.013744,2.4346,1754098768.63,107755714.67,195423889.02,True,False
3840,1.042194,-0.007317,1.017837,-2.0112,1866373745.45,175698493.94,263608671.73,False,False
3841,0.967193,-0.010383,1.030907,-4.2915,1732060878.94,93822719.93,218014044.51,True,False
3842,0.979083,-0.0237,0.979927,1.6425,1753354486.31,118764700.31,206719724.56,True,False
3843,0.91524,0.002747,0.984356,-4.8906,1639022891.47,103768055.05,226373342.28,True,False
3844,1.039074,-0.012201,1.017289,1.7416,1860786126.97,164233620.09,236649843.68,False,False
3845,1.068896,0.020186,1.011452,3.5621,1914192034.07,256886781.05,289852041.19,False,False
3846,1.009548,0.010662,1.00618,3.4425,1807910140.18,187719903.59,244447959.75,False,False
3847,1.007649,0.054426,0.986359,-6.6097,1804509439.96,279616315.27,356666650.57,False,False
3848,1.026735,-0.007868,1.02174,3.2179,1838690225.39,158008974.62,225085886.63,True,False
3849,0.937819,-0.006423,0.962129,0.8983,1679457129.34,125370510.03,214968558.5,True,False
3850,1.015161,0.005098,0.988839,3.3415,1817962563.63,195634519.19,250238245.79,False,False
3851,0.963758,0.001649,1.029695,6.016,1725909533.67,112441076.66,181863007.65,True,False
3852,1.045984,-0.00066,1.003441,1.8347,1873161503.91,202208077.56,261935795.5,False,False
3853,1.110485,0.001304,0.979903,-6.3859,1988670277.89,281837738.78,360292418.91,False,False
3854,1.145082,-0.006366,1.048849,-6.8147,2050626172.93,246440416.39,339715444.3,False,False
3855,0.977169,0.012705,0.988477,9.78,1749926289.49,174488389.8,205613543.05,False,False
3856,0.946551,-0.011297,0.957074,-1.152,1695094198.03,128653491.31,226684102.92,True,False
3857,1.045333,0.012201,0.987385,-6.3386,1871994483.13,237585682.35,327917333.01,False,False
3858,0.886971,0.020881,1.046518,-6.1166,1588398404.8,60818347.81,201824539.74,True,False
3859,0.931669,-0.018616,1.001103,-4.4076,1668444529.46,70670531.6,202053198.12,True,False
3860,1.030313,0.001984,0.983569,10.768,1845097280.99,207641417.6,220613323.0,False,False
3861,1.099871,-0.012498,0.967016,-3.0926,1969663164.12,254566037.99,323643354.36,False,False
3862,1.018764,0.015732,1.001064,3.176,1824415337.33,209275141.03,260281949.07,False,False
3863,0.915777,-8.7e-05,1.036631,-5.4924,1639983922.74,60897503.4,199938209.11,True,False
3864,1.005253,0.044789,0.934607,-0.7641,1800219121.63,298190427.07,340387989.48,False,False
3865,0.916381,0.006281,1.025414,-2.1549,1641066574.02,80201493.71,198075298.13,True,False
3866,1.078185,0.007757,0.995361,5.0537,1930826345.27,253545482.04,279526923.04,False,False
3867,1.102459,0.011387,1.067276,-3.2698,1974297658.72,229759980.2,307773401.49,False,False
3868,0.882839,0.008868,1.000715,7.7206,1580999141.78,71852125.87,149267687.78,True,False
3869,1.014177,0.023651,1.028292,2.4693,1816199901.29,199213593.78,257028016.78,False,False
3870,1.041963,0.00874,0.996976,11.7919,1865959231.42,220902148.58,223780802.7,False,False
3871,0.949706,0.030655,0.969535,-0.7703,1700744868.78,193566081.89,269064141.89,False,False
3872,1.14085,-0.017052,0.900236,1.7657,2043047535.65,330878973.39,348964463.43,False,False
3873,0.991506,-0.002543,1.059603,-5.1966,1775601027.23,108042657.39,232598639.63,True,False
3874,0.977599,0.010367,1.059276,10.1332,1750696872.46,118365081.84,165734961.23,True,False
3875,1.116323,0.00302,0.965753,0.2722,1999125102.1,301043273.67,337068375.89,False,False
3876,1.055517,0.014975,1.016743,-6.1914,1890233022.83,230527944.57,322672487.85,False,False
3877,1.004495,-0.008047,0.995215,-0.8075,1798861945.74,157517911.04,244941856.99,True,False
3878,0.886325,-0.012094,1.036023,1.0402,1587242145.43,15643383.47,139964156.34,True,False
3879,0.965166,-0.014785,1.018974,0.5992,1728431547.12,93253838.88,194425185.47,True,False
3880,0.895678,0.015448,0.950604,3.7255,1603991335.22,131336708.0,206787017.12,True,False
3881,1.024255,-0.008701,1.003841,-0.6458,1834247724.77,167526134.39,251012801.73,False,False
3882,1.11884,0.024887,0.928219,-2.5283,2003631850.44,374942162.46,402689645.66,False,False
3883,0.93488,0.029724,0.969959,-6.1525,1674194845.85,177464092.15,282745893.96,False,False
3884,1.047903,0.005775,0.999619,-1.0588,1876597599.47,218849049.65,288110902.81,False,False
3885,1.00477,0.004067,0.956275,5.8518,1799354518.64,208396040.35,246711601.02,False,False
3886,1.057495,-0.006636,0.975535,10.9746,1893775121.76,221960028.61,227842000.95,False,False
3887,1.036962,-0.019366,0.905185,-0.7704,1857003802.71,232080565.72,295584024.37,False,False
3888,0.971176,0.004214,1.039316,4.6736,1739193450.52,116512273.82,190809100.11,True,False
3889,1.022372,0.022735,1.02507,7.0212,1830876970.24,207685356.12,239856741.94,False,False
3890,0.870231,0.006087,0.985559,-8.6625,1558421106.54,67132471.88,216485929.83,True,False
3891,1.034438,-0.01198,0.944821,-0.1948,1852484169.03,214213270.86,280503353.62,False,False
3892,1.033277,0.016601,0.938393,-7.2058,1850404589.71,270834469.58,354547860.95,False,False
3893,1.0867,-0.024974,1.055517,10.5161,1946076189.49,153124074.65,181905284.56,True,False
3894,1.018538,0.00055,1.001953,6.2618,1824010261.47,180713326.98,225443142.79,False,False
3895,1.156097,-0.010153,0.900655,-1.7269,2070352698.62,358184830.75,387211115.61,False,False
3896,0.836338,-0.008181,0.93865,-1.3952,1497724649.32,49461030.31,173208331.13,True,False
3897,1.102113,0.001146,1.054048,-7.5879,1973676928.55,219021989.89,323815295.22,False,False
3898,0.984791,0.013589,1.012413,3.1497,1763576229.85,165391922.55,231097792.52,False,False
3899,0.962039,-0.004844,0.997229,4.351,1722830707.5,123736754.5,197453627.63,True,False
3900,0.940396,-0.026042,1.007694,0.5017,1684072446.2,60889983.55,172940183.84,True,False
3901,1.004201,-0.019192,0.962016,-0.8988,1798335185.54,161796853.63,248300095.14,False,False
3902,0.960092,-0.002751,0.978772,1.2701,1719344929.75,139258856.68,222563256.09,True,False
3903,1.059726,-0.007124,1.102499,8.5837,1897769334.34,129004692.6,176943330.38,True,False
3904,1.039307,0.018795,1.027537,1.9474,1861203295.27,214540158.62,269807154.63,False,False
3905,0.915385,0.024846,1.010734,-6.4355,1639282650.67,120593736.2,244756631.12,True,False
3906,1.029242,-0.009231,0.948913,4.5304,1843179581.24,211660677.3,254901623.77,False,False
3907,1.022928,-0.006276,0.992202,-2.8972,1831872109.49,179407848.68,270387608.46,False,False
3908,0.996077,-0.001744,1.022858,-3.3304,1783786283.98,140792135.36,245864757.38,True,False
3909,1.056934,0.012896,0.991428,-1.9371,1892770993.62,246659329.85,311623392.69,False,False
3910,1.130718,-0.023947,0.984733,-1.6935,2024903768.9,245486258.77,310175715.14,False,False
3911,0.880394,-0.013667,1.024229,-2.8929,1576620221.73,16659148.8,157673888.05,True,False
3912,0.900263,-0.012692,0.952292,-4.7641,1612201503.79,88995254.65,215409511.23,True,False
3913,0.9548,0.018415,0.944212,-10.2801,1709867753.08,196279322.34,315477806.68,False,False
3914,0.928205,-0.033914,1.068383,4.2805,1662240615.2,-7599442.3,109188709.73,True,False
3915,1.004935,-0.013038,1.015777,3.0408,1799650115.46,133699309.64,209772699.59,True,False
3916,1.016664,-0.021667,1.006789,-0.7367,1820654143.64,134985890.5,229315113.27,True,False
3917,1.039983,-0.022424,0.946497,-3.2578,1862414921.81,198420392.69,285398611.46,False,False
3918,0.983984,0.029642,1.021806,-1.963,1762131325.69,185973089.04,269788334.6,False,False
3919,1.046764,0.008855,1.079537,3.7612,1874558166.82,164399096.98,226324370.94,False,False
3920,1.072912,0.005422,1.050632,-5.6921,1921384500.53,203283373.42,302045977.83,False,False
3921,0.958708,0.001182,1.01298,0.3675,1716865312.48,119433119.95,213335747.82,True,False
3922,0.943097,-0.001605,0.926905,5.5335,1688909947.08,164307252.1,219974636.46,False,False
3923,1.020258,-0.003788,1.030047,-0.4785,1827090865.77,153541560.72,240653492.52,True,False
3924,0.961335,0.01249,0.958854,7.7883,1721569590.11,181364723.38,220443479.83,False,False
3925,1.023697,-0.005846,1.012942,2.4118,1833248959.61,165524538.29,234292946.4,False,False
3926,1.059593,-0.014926,1.076127,-3.7959,1897531636.75,133610013.13,244438464.75,True,False
3927,1.026819,-0.02237,1.026359,10.5415,1838840542.81,127996157.43,167780065.84,True,False
3928,0.987168,-0.007385,0.998379,-7.3371,1767832170.45,140914384.12,265207897.91,True,False
3929,0.991185,0.018607,0.982066,7.4238,1775025739.41,202713752.96,235592500.98,False,False
3930,0.876226,-0.011028,0.995306,1.9247,1569156030.06,38547792.17,151787953.69,True,False
3931,0.915118,-0.003465,0.910169,-2.5545,1638804893.92,148415358.29,246241723.94,True,False
3932,0.990208,0.016721,1.055633,-7.5072,1773276464.88,143973660.31,268224240.25,True,False
3933,1.008138,-0.013398,0.977332,10.442,1805385990.87,164342634.91,193954012.57,False,False
3934,0.967109,0.001616,0.928999,0.8553,1731910847.63,189995971.82,258988596.33,False,False
3935,0.980022,0.016398,0.990475,-4.1468,1755035867.69,182136564.92,277641810.72,False,False
3936,0.947293,0.034284,0.979642,-1.8684,1696423617.56,189922611.38,271681052.24,False,False
3937,0.953342,-0.008426,0.94334,4.9903,1707256137.34,149732573.93,212326309.07,True,False
3938,1.00979,0.008067,0.952773,-7.621,1808344059.31,222802026.22,323112369.5,False,False
3939,1.119527,-0.005337,0.936826,-4.1995,2004863005.78,308625593.26,366782479.18,False,False
3940,1.009619,-0.036309,1.003127,12.1769,1808037693.04,105122094.41,145014528.54,True,False
3941,1.024365,0.003139,1.134289,2.8279,1834445012.79,92741586.56,182701469.24,True,False
3942,1.101534,-0.016498,1.011829,-5.2548,1972640098.96,214957088.75,308420343.9,False,False
3943,0.873386,0.017032,0.997366,-0.2981,1564069614.9,78395731.83,188436410.87,True,False
3944,0.96242,-0.017113,1.003571,-3.8788,1723513089.0,98235395.82,218965464.09,True,False
3945,1.020558,0.027977,0.944205,-3.1794,1827626814.62,275433573.1,337064547.35,False,False
3946,0.995451,-0.012424,0.957042,8.8999,1782664913.3,169927530.06,205933551.94,False,False
3947,0.983264,-0.012321,0.992851,-2.864,1760841915.57,132834927.8,237994087.9,True,False
3948,0.979858,0.042095,1.000478,-3.9487,1754740748.36,219666607.13,302206683.11,False,False
3949,1.057233,-0.018773,0.99829,-0.0746,1893305172.78,181896290.53,257926306.91,False,False
3950,0.972653,-0.002231,1.001554,-3.5471,1741838141.63,134597080.68,242303048.71,True,False
3951,1.062935,-0.012578,1.020837,-0.6371,1903516071.11,181959859.96,260905040.21,False,False
3952,0.878783,-0.022634,1.053635,3.1566,1573735621.04,-20647940.57,106199173.93,True,False
3953,1.091801,0.00507,0.951506,-4.5598,1955209660.18,293277985.03,357704349.3,False,False
3954,1.155903,-0.017432,0.971031,-1.7089,2070004546.27,290828821.76,341304894.38,False,False
3955,0.990219,0.034868,0.96808,5.0986,1773296091.7,240999002.48,272958464.34,False,False
3956,0.975511,0.016508,0.966592,1.7116,1746956272.85,195798913.56,258801313.02,False,False
3957,1.053625,0.004895,1.005365,-7.3654,1886843812.51,218170017.78,320280259.57,False,False
3958,1.115862,0.009911,1.011737,2.2906,1998298921.05,280340180.67,311940936.84,False,False
3959,1.141062,-0.030182,0.9706,-1.9099,2043428491.25,252128313.59,315989425.87,False,False
3960,0.949075,-0.022536,1.102756,3.111,1699614526.8,3900583.05,122016067.48,True,False
3961,0.875707,0.00389,0.959159,-1.4223,1568227385.81,88252273.1,199972455.25,True,False
3962,0.933319,0.00864,1.008505,-2.5987,1671399077.67,112184192.66,222035018.91,True,False
3963,1.059305,-0.006192,1.028496,4.6569,1897016413.21,185199889.16,235582325.27,False,False
3964,1.101932,0.004386,0.987249,-3.6537,1973353641.96,274720109.42,340413217.22,False,False
3965,1.150305,-0.028464,0.936452,-2.311,2059979497.39,288818522.15,343289267.63,False,False
3966,0.939853,-0.000806,1.041142,2.2968,1683099320.82,78128703.14,176386218.43,True,False
3967,0.983462,-0.005871,0.990848,-9.583,1761195879.63,145852681.4,279269639.83,True,False
3968,1.07937,0.024746,0.994175,-4.7405,1932948490.94,288351511.06,355033682.66,False,False
3969,1.152577,0.020913,0.988623,2.3432,2064049084.55,354040937.83,361347384.02,False,False
3970,0.963892,-0.009671,1.057506,5.8244,1726149895.43,72427703.82,155556333.59,True,False
3971,0.897668,0.011184,1.015319,-0.6356,1607554686.04,78414667.25,189971442.04,True,False
3972,1.055348,0.019374,0.958317,-1.3386,1889930451.98,281950805.66,332507817.16,False,False
3973,1.140362,-0.013625,1.063876,1.0212,2042174719.25,216270382.2,275199948.55,False,False
3974,0.900977,-0.024882,1.106744,2.243,1613481232.5,-44419953.84,93729261.15,True,False
3975,1.058353,-0.00479,0.974868,4.0653,1895310830.69,226717829.86,266908444.29,False,False
3976,1.091194,0.00512,0.951641,0.4359,1954124265.57,292721914.74,330567112.67,False,False
3977,0.997778,-0.001731,1.046078,-1.0736,1786833729.26,125156466.78,224211815.54,True,False
3978,0.968923,-0.004614,0.912501,-2.7253,1735159883.11,193049255.79,278078991.54,False,False
3979,1.134757,-0.015806,1.008929,-7.1109,2032136514.98,247592177.71,341802723.89,False,False
3980,0.950871,-0.032217,1.077288,-1.1568,1702830573.23,7827931.07,144569865.91,True,False
3981,0.987378,-0.005064,1.008469,4.8123,1768208156.0,137732648.19,204195518.96,True,False
3982,0.976987,0.024593,1.051591,-1.5523,1749600550.47,148380217.69,242189479.3,True,False
3983,0.954543,-0.00054,1.002073,2.1046,1709407307.72,120788603.81,206129628.72,True,False
3984,1.081386,-0.004459,0.958147,5.5919,1936559968.54,260387170.51,281244344.53,False,False
3985,1.149007,0.007948,0.889824,-5.5916,2057656398.15,397164575.41,435443805.07,False,False
3986,0.974567,0.015645,0.938029,6.6858,1745266978.13,214563140.5,247784128.53,False,False
3987,1.056061,-0.032458,0.978395,1.0485,1891207001.63,169727068.5,243831597.24,False,False
3988,1.043881,-0.00121,1.01461,13.0401,1869394913.25,191009208.65,196949803.17,False,False
3989,1.069174,0.01052,1.005099,1.9286,1914688963.58,243344891.12,289207690.82,False,False
3990,1.044824,-0.034415,1.00043,-2.9564,1871083185.69,140230564.01,244362165.85,True,False
3991,1.086357,0.012357,1.056082,8.3846,1945460716.14,225036553.81,242184709.95,False,False
3992,1.036301,-0.012717,0.863151,0.0313,1855820140.69,274972551.12,320672067.32,False,False
3993,1.09724,-0.004698,0.965772,4.7799,1964950022.82,268490924.32,290691580.23,False,False
3994,0.990328,-0.010141,1.069963,-1.2165,1773491375.69,85834767.84,198128418.55,True,False
3995,0.982286,0.003914,0.932079,-4.0449,1759089286.52,205534512.25,293107236.49,False,False
3996,1.06269,0.00525,0.989395,4.4503,1903078074.75,238954774.37,273135542.18,False,False
3997,0.934586,-0.006184,0.990989,-3.3197,1673667670.46,101511068.59,218099449.63,True,False
3998,0.941105,0.00169,1.045633,3.3799,1685342837.19,80141342.12,172739632.72,True,False
3999,0.949695,0.026292,0.894757,6.8764,1700726134.77,241512071.22,266037436.06,False,False
4000,0.978755,-0.042009,1.031372,3.3469,1752766448.47,48292516.5,150616787.19,True,False
4001,1.134075,-0.008658,0.906463,8.7898,2030914750.29,337390482.68,314367935.05,False,False
4002,1.067157,-0.003279,1.053438,-7.6764,1911077756.95,179314657.02,295976183.43,False,False
4003,0.982797,0.005819,1.034649,-8.0177,1760004567.36,133396677.6,263220244.52,True,False
4004,0.850642,0.002276,1.050511,-3.7076,1523339802.22,-4712245.34,146119322.68,True,False
4005,1.004849,0.001248,1.078084,-4.6777,1799495445.57,113191924.45,233881963.31,True,False
4006,1.028675,-0.045697,1.05075,4.514,1842163415.32,68567276.83,157693436.95,True,False
4007,1.085507,0.013865,0.970686,-10.7977,1943938455.62,290418988.48,388841931.3,False,False
4008,0.91141,0.01296,0.938108,-0.0928,1632163353.56,151200719.8,237081237.31,True,False
4009,0.907044,0.020855,0.977909,0.3009,1624346196.99,130500374.45,221251300.72,True,False
4010,0.933924,0.01015,1.070756,-2.8726,1672481801.06,69166409.51,194045523.57,True,False
4011,1.076696,0.001864,0.989156,-3.759,1928159418.27,245408576.26,320584924.89,False,False
4012,0.910914,0.006663,0.973383,2.5677,1631275036.22,114346714.68,200130089.12,True,False
4013,0.96303,-0.005649,1.034639,3.424,1724605421.87,95533555.53,182634448.34,True,False
4014,1.140895,-0.044055,1.008323,3.7955,2043128302.92,195707057.41,245684800.21,False,False
4015,1.008993,-0.012877,0.986544,2.0398,1806917654.88,159215741.44,232018508.96,False,False
4016,0.895143,0.00674,0.963778,4.7262,1603033807.01,107123675.84,185937009.61,True,False
4017,1.059896,-0.015097,0.909843,-8.6068,1898075142.88,256691363.54,353157393.15,False,False
4018,0.917013,0.012991,1.0059,1.8668,1642198470.84,106250287.73,197701253.36,True,False
4019,0.989453,0.014226,1.012452,-2.5875,1771925221.16,170824374.73,262571813.74,False,False
4020,1.111075,-0.007089,0.975515,2.3317,1989726302.21,268921081.29,304005417.89,False,False
4021,1.028766,0.024775,0.955234,-5.2768,1842326487.09,269206752.2,343545013.48,False,False
4022,0.864668,0.00084,0.961664,-5.4349,1548457925.55,71608127.29,205599983.08,True,False
4023,0.919105,-0.001478,0.964221,-6.8867,1645943974.68,115240657.53,243268905.48,True,False
4024,1.175434,-0.026807,0.962607,-2.6166,2104980866.21,294396659.18,349129968.44,False,False
4025,1.04185,0.002613,0.950105,-3.5159,1865758494.65,244077422.63,317794658.28,False,False
4026,0.968522,-0.014265,1.057498,15.0998,1734440685.14,68575626.62,108728768.21,True,False
4027,1.030621,0.023876,0.960695,-1.3177,1845648907.31,265263874.51,320892370.89,False,False
4028,0.989078,0.038841,1.012887,1.447,1771253817.88,213752852.68,272180157.79,False,False
4029,0.97926,-0.022924,0.932824,3.1575,1753671089.72,155157769.23,224186756.88,True,False
4030,1.069961,0.010263,0.990127,0.6496,1916098398.42,254666519.85,303613230.33,False,False
4031,0.895292,-0.004796,0.94217,-1.0611,1603299357.38,104765763.92,209751741.69,True,False
4032,0.984146,-0.025464,1.064738,-4.9302,1762421061.14,57216521.2,196562693.03,True,False
4033,1.052471,0.00966,0.972834,4.3977,1884777422.44,250187013.5,281268482.58,False,False
4034,0.869476,-0.000759,0.933762,-2.7046,1557067666.94,94136873.95,209400740.99,True,False
4035,1.168918,0.010482,1.034471,3.0303,2093311852.17,313653969.84,329755616.6,False,False
4036,1.078602,0.022403,0.965159,-0.215,1931572846.59,304584004.82,342104949.78,False,False
4037,0.965857,0.019274,0.922089,-2.0033,1729669146.69,224518866.45,296015794.44,False,False
4038,0.919052,0.01938,0.972615,-2.4356,1645849099.62,143306050.1,242280355.97,True,False
4039,0.982967,0.043778,0.983914,5.4491,1760309614.36,237943945.54,269372108.76,False,False
4040,0.999472,0.008217,1.001857,-0.6103,1789867252.21,177235688.12,257362739.82,False,False
4041,1.084099,-0.009522,0.956084,5.0625,1941418302.55,254519361.52,279995654.54,False,False
4042,1.022219,0.025793,0.947138,3.0298,1830601650.01,270851443.44,302833555.82,False,False
4043,0.929847,-0.024371,1.042538,-3.9024,1665180752.7,28816459.11,171248500.14,True,False
4044,0.972508,-0.013997,1.016686,0.5273,1741578911.61,102769475.21,201217185.95,True,False
4045,0.979952,-0.016024,1.003268,-5.6542,1754909219.43,115699217.21,239710690.27,True,False
4046,1.05203,0.010509,0.937528,-5.7034,1883988848.43,277526889.85,352006887.44,False,False
4047,1.013115,0.015489,1.06065,4.6288,1814298908.17,159438268.91,219259851.44,False,False
4048,0.944593,0.001295,0.961088,0.9138,1691588829.86,145248137.65,228383559.87,True,False
4049,1.091052,0.017177,1.002632,2.5311,1953869938.95,278389649.62,309605789.86,False,False
4050,1.099214,0.00324,0.978151,-3.9482,1968485029.03,276718657.42,343311506.36,False,False
4051,1.04603,-0.022712,0.951453,3.5773,1873243439.8,199439778.26,251109575.13,False,False
4052,1.025571,0.013614,1.047733,-2.0133,1836605215.22,177176041.21,264460236.11,False,False
4053,1.168059,-0.010513,0.969129,3.1562,2091775101.62,317331316.91,331547410.54,False,False
4054,1.10503,0.024145,0.956297,-6.8019,1978900318.78,339567434.11,401633126.86,False,False
4055,1.018079,-0.00687,1.064949,7.3333,1823187975.4,120119067.14,178900901.16,True,False
4056,1.054262,-0.008564,0.989348,0.1131,1887985798.59,205204556.51,272803957.7,False,False
4057,1.007375,-0.007862,1.032769,2.1539,1804020057.18,132606406.18,213376659.79,True,False
4058,1.042979,-0.012382,1.043091,-2.3075,1867779627.39,148236992.25,246459097.42,True,False
4059,0.843877,0.005477,0.970596,7.6593,1511224901.06,53154385.69,138282878.34,True,False
4060,1.010562,-0.021769,1.057882,8.5841,1809726482.13,91679546.77,153630680.26,True,False
4061,1.034469,0.016383,0.942503,5.7683,1852538873.53,268500646.46,287153680.36,False,False
4062,1.085253,0.011487,1.045973,3.0639,1943484811.05,229807624.76,273805207.77,False,False
4063,0.943971,0.036399,0.951662,-5.8641,1690474788.25,211008044.96,304494707.87,False,False
4064,1.085785,-0.003061,1.179363,3.1515,1944436620.04,103233216.39,187259701.82,True,False
4065,0.899278,-4.7e-05,0.883954,-6.2623,1610437630.13,159096240.18,269665524.43,False,False
4066,0.976675,0.01255,1.006069,0.1429,1749041905.97,160730766.24,242462232.94,False,False
4067,1.00761,-0.00909,1.07715,-3.3217,1804439735.64,97732684.05,216729768.27,True,False
4068,1.036736,-0.013163,1.082122,-4.9168,1856599133.69,112371304.54,235271845.99,True,False
4069,0.988115,0.004604,1.000489,-4.5399,1769529166.94,161411240.12,265618938.29,False,False
4070,1.12827,0.003925,1.080814,6.0367,2020520016.15,228539886.47,255839725.13,False,False
4071,0.969968,0.004853,0.949009,-0.0242,1737030687.16,183394523.39,258673572.77,False,False
4072,1.012192,0.006679,0.922413,-1.5016,1812646335.0,244976845.22,307891185.64,False,False
4073,1.122304,-0.021737,1.040509,7.4167,2009835175.5,201368983.12,229941788.77,False,False
4074,0.976059,-0.01463,0.961854,-6.0916,1747938612.23,145392999.32,261889087.51,True,False
4075,1.026481,-0.000631,1.063283,-5.0786,1838234211.15,140320450.91,254844914.86,True,False
4076,0.990898,0.029938,0.958331,-3.1838,1774511667.84,240127887.65,312615284.32,False,False
4077,1.086805,0.004523,1.005757,2.6413,1946263599.38,247473383.55,288047699.06,False,False
4078,0.945674,0.0034,0.961555,-0.6925,1693524168.07,149448347.24,238687695.1,True,False
4079,1.06266,-0.003217,1.092387,1.6762,1903024062.55,146545758.64,224761647.32,True,False
4080,0.982023,0.009608,1.016681,5.8071,1758618161.91,152658230.6,209677932.6,True,False
4081,1.041855,-0.016397,1.049805,-2.1142,1865766987.59,134782815.85,236309315.11,True,False
4082,0.913865,0.012688,0.986492,1.502,1636561274.24,117204099.29,206814060.29,True,False
4083,0.983713,0.004521,0.972962,-2.6816,1761644682.46,177629478.61,267580723.71,False,False
4084,0.960586,-0.008622,1.027175,1.1083,1720230000.3,93760088.74,192383285.68,True,False
4085,1.008101,0.022525,0.985265,-3.4663,1805319428.67,223289595.46,302831485.93,False,False
4086,1.054431,-0.028368,0.958749,3.5659,1888287060.76,190617791.86,245022160.13,False,False
4087,1.144428,-0.003621,1.027813,3.4982,2049455020.15,267058587.41,295807313.65,False,False
4088,1.0643,-0.000114,0.98293,-2.0239,1905961474.94,234991254.3,304212541.14,False,False
4089,1.032858,0.029884,1.004888,-4.4753,1849654887.68,245770932.74,323652734.16,False,False
4090,0.966682,-0.00166,1.021728,-1.5324,1731146434.6,115268126.67,219500245.93,True,False
4091,0.929385,0.007301,1.000563,6.72,1664354371.67,112215622.49,179514059.16,True,False
4092,0.940213,0.032006,1.035919,-11.1716,1683745110.02,137569784.86,278931887.82,True,False
4093,1.002516,0.004618,1.070551,7.5965,1795317033.14,122702998.21,179923452.21,True,False
4094,0.815701,-0.009848,1.019973,2.1433,1460767234.35,-31569223.44,103804960.18,True,False
4095,0.993852,0.010524,0.978017,-0.1273,1779802342.73,193827951.56,266273805.32,False,False
4096,0.885713,0.001079,1.005998,-1.9097,1586146273.56,58231107.1,181745677.82,True,False
4097,1.043743,0.036008,1.039615,4.1034,1869147995.07,241934257.32,277351945.02,False,False
4098,1.174036,0.005118,1.001649,-4.1959,2102478695.41,331409231.97,383377340.67,False,False
4099,1.085905,-0.004425,0.993614,2.6468,1944652548.9,238241736.59,281752483.08,False,False
4100,0.996652,0.003165,1.007706,1.2082,1784817049.19,161294903.87,237622667.83,False,False
4101,0.794501,0.004881,0.953239,-3.5174,1422801252.35,19994794.73,161157688.51,True,False
4102,0.947003,0.004836,1.018473,-6.8065,1695903639.87,110945224.9,240917755.1,True,False
4103,1.032367,-0.0186,1.013941,-4.5155,1848775689.66,148960662.72,258014823.03,True,False
4104,0.950812,-0.013305,1.068895,-3.1698,1702725043.54,46195879.11,180050448.93,True,False
4105,1.075451,-0.006039,1.051114,-4.9939,1925931349.93,183175559.75,284759682.2,False,False
4106,1.092823,-0.000274,0.954999,8.4512,1957041395.14,281167255.87,279730369.19,False,False
4107,0.940623,0.017494,0.933746,-4.278,1684479330.32,189182315.43,282236888.66,False,False
4108,0.999886,-0.009864,1.035778,-1.1467,1790607380.29,120120325.06,221157218.27,True,False
4109,0.972077,-0.005176,1.062546,-2.0406,1740807433.22,83785235.42,200556300.55,True,False
4110,1.013249,0.014946,0.963107,-5.0721,1814538968.81,230810920.56,316016591.53,False,False
4111,0.929492,-0.005431,1.036294,6.3814,1664544952.71,64660765.47,148717694.79,True,False
4112,0.907782,-0.001317,1.079782,-3.4725,1625667238.14,19709203.22,162718330.17,True,False
4113,0.949682,0.008298,0.965924,0.9721,1700701745.35,158193760.84,236892056.06,True,False
4114,0.974723,-0.005323,1.072036,1.9853,1745545731.49,78871040.5,177987823.73,True,False
4115,1.047406,0.000191,1.010843,-4.7487,1875707079.1,199607916.07,293986254.91,False,False
4116,0.984526,-0.00967,1.002607,2.4008,1763101854.15,131398766.09,211603968.12,True,False
4117,0.869553,-0.001655,0.976735,4.1427,1557206571.21,60988661.68,157648174.45,True,False
4118,0.954257,-0.015176,1.017049,-12.0717,1708894482.02,84427037.93,247778592.34,True,False
4119,0.957327,-0.001041,0.975644,-2.0691,1714392616.83,142017173.32,240140139.64,True,False
4120,0.842266,-0.009964,0.953944,-4.108,1508340366.91,40722243.72,178517178.36,True,False
4121,0.981955,-0.006242,0.982432,4.4416,1758497204.18,150085224.4,214509065.35,True,False
4122,1.057328,0.009772,1.001215,1.7099,1893475959.29,233862233.09,284005925.14,False,False
4123,1.005829,0.009833,1.013776,-1.788,1801251221.37,177166030.64,263146430.8,False,False
4124,0.980577,0.009935,1.011741,-4.8591,1756029592.94,155557361.8,263006472.4,True,False
4125,0.966181,-0.003343,0.960806,-7.9362,1730248812.28,157019093.96,278243721.25,True,False
4126,0.986961,0.001943,0.936809,-13.5998,1767460897.88,202811115.9,337616685.01,False,False
4127,1.015712,-0.022782,1.004915,2.7549,1818948605.52,133519922.25,210914859.4,True,False
4128,1.006953,-0.056438,0.999974,0.2501,1803264555.07,68920607.55,179480295.53,True,False
4129,0.922184,0.00738,0.97923,-1.8641,1651459156.54,121534452.84,224927693.67,True,False
4130,0.988055,0.005305,0.981706,-2.3534,1769420669.26,176506987.6,265283327.22,False,False
4131,1.033527,0.019536,1.091135,-3.7613,1850853368.87,163390128.26,264028098.69,False,False
4132,1.134193,0.000246,1.061316,-7.1278,2031127272.37,240908741.37,337332125.07,False,False
4133,0.991093,0.036595,0.990388,-2.4531,1774861315.29,228389980.21,301083861.06,False,False
4134,1.051945,0.003935,0.998193,-2.3712,1883836135.22,220138985.72,295782632.97,False,False
4135,1.068081,-0.005285,1.023365,0.1497,1912732447.28,198577033.16,268097636.19,False,False
4136,1.021061,-0.008911,1.014197,3.3755,1828528338.93,156633293.95,223450234.83,True,False
4137,1.057252,-0.006225,1.061695,-0.1394,1893339413.15,158715521.18,242499416.18,True,False
4138,0.897045,0.012072,0.983801,4.3972,1606438549.6,102604055.61,184267909.14,True,False
4139,0.967448,-0.018051,0.932065,5.2975,1732517085.36,153958112.44,213396331.95,True,False
4140,0.959015,-0.020689,0.97127,7.0328,1717414984.96,113036420.83,177623851.15,True,False
4141,1.151021,-0.039198,0.949462,2.2449,2061263231.0,257670152.49,296388261.0,False,False
4142,1.076699,-0.013474,0.974208,-4.5035,1928165040.63,226907693.02,311937272.2,False,False
4143,1.010499,0.023612,1.052699,-1.2091,1809613358.2,177585007.51,260602055.43,False,False
4144,1.10505,-0.002972,1.026259,0.215,1978937105.18,234114946.33,291882613.47,False,False
4145,0.983655,-0.005472,0.89651,7.7231,1761541051.78,216589115.78,243857616.03,False,False
4146,1.038896,-0.003228,0.955676,-1.4881,1860468106.96,226397862.03,295385513.81,False,False
4147,0.999412,0.015775,1.002476,2.9413,1789759693.46,190249037.03,248796662.7,False,False
4148,0.978791,-0.027894,1.023832,0.6171,1752830420.27,78646655.79,184366079.68,True,False
4149,1.060287,-0.008077,0.980873,-1.3016,1898774204.1,217763389.64,288700297.42,False,False
4150,0.959358,-0.00473,0.999633,-8.4944,1718030877.14,119748884.27,255261830.35,True,False
4151,1.048605,0.007301,1.048578,3.5265,1877853817.38,186101913.6,242256182.84,False,False
4152,1.006962,-0.010988,1.038204,-0.93,1803279956.98,122576983.64,221796963.08,True,False
4153,0.907448,0.003217,0.98995,6.7597,1625068598.28,93300566.73,167198328.09,True,False
4154,1.04837,0.029789,1.026169,3.4263,1877433772.76,244699910.58,282622158.28,False,False
4155,0.922951,-0.009691,0.927068,5.2613,1652831150.67,132649800.07,200226801.8,True,False
4156,0.887524,0.009809,0.979512,1.0688,1589389655.72,93363597.56,192683144.7,True,False
4157,0.905955,-0.010307,1.01719,7.939,1622395429.7,49826427.58,132443507.23,True,False
4158,1.138255,0.002434,0.905866,1.1028,2038400147.71,364161422.53,375320782.23,False,False
4159,0.989745,0.013235,0.958344,0.8121,1772446654.94,209408015.62,272303800.07,False,False
4160,0.965451,-0.000234,1.007079,3.6231,1728941317.87,127471133.2,203368454.4,True,False
4161,0.980824,-0.027513,1.005856,9.8944,1756471463.23,94367285.53,150405182.66,True,False
4162,1.019211,-0.005649,1.052186,-0.5396,1825215819.78,132809576.53,226858893.48,True,False
4163,0.979358,0.017316,0.975417,2.0446,1753845423.41,194275529.12,256132769.69,False,False
4164,1.121722,-0.027835,1.040235,-2.0745,2008793951.74,188820258.05,273664957.02,False,False
4165,1.005017,0.018839,0.91802,-2.9091,1799796156.65,263536290.25,327399436.56,False,False
4166,0.993537,0.000691,0.921097,9.854,1779238563.0,218192925.08,234186457.09,False,False
4167,0.881021,0.002647,0.965196,-11.632,1577743107.58,86665837.52,243062883.09,True,False
4168,0.906226,-0.023144,0.979171,3.7572,1622881293.89,57388078.59,156168439.39,True,False
4169,1.104507,0.015646,0.966928,-4.4116,1977964739.98,314390498.14,371542440.01,False,False
4170,1.013741,0.001476,0.962374,2.5785,1815419208.14,207358869.84,262029257.0,False,False
4171,1.024124,-0.005257,1.049084,4.1646,1834014362.9,140221312.6,208274617.75,True,False
4172,1.045163,0.003689,0.979266,0.6068,1871690142.38,227509608.99,285445027.48,False,False
4173,0.959545,-0.012028,1.004662,2.222,1718364139.73,103651231.81,193871795.67,True,False
4174,1.041692,0.022454,0.989981,-0.199,1865474422.27,251415547.92,305829532.32,False,False
4175,1.04735,-0.008024,1.003846,-1.1271,1875606905.25,189330264.82,268386208.78,False,False
4176,1.058085,-0.019059,0.993266,-5.5581,1894830687.77,185815595.67,289058504.33,False,False
4177,0.929513,0.003161,1.0235,0.4233,1664583984.39,88457081.61,192070061.49,True,False
4178,1.083374,-0.002191,0.976441,2.2865,1940120057.32,253024462.99,293753043.99,False,False
4179,0.9249,0.009367,0.995179,4.4021,1656322800.94,115506689.55,192418515.62,True,False
4180,0.972807,0.016264,0.980423,-5.3828,1742114329.02,182605530.72,283713549.67,False,False
4181,1.011743,-0.010038,0.992251,-1.1951,1811842273.95,162559643.23,250323024.62,False,False
4182,0.967507,-0.023203,1.092884,2.2097,1732624061.19,25992879.14,141035801.38,True,False
4183,1.077263,0.015667,0.949125,-0.2823,1929175927.03,302197692.66,340836373.6,False,False
4184,1.002077,-0.00528,0.995244,-6.7632,1794531020.8,160307956.5,276110774.95,False,False
4185,1.080101,-0.011018,1.041603,-4.7916,1934257398.27,184745202.9,284868908.18,False,False
4186,1.013382,0.004598,1.025211,3.6028,1814777652.84,166165234.0,228929354.71,False,False
4187,1.049826,0.038297,0.992378,-6.8568,1880041422.21,287113539.3,364405064.62,False,False
4188,0.947271,0.026039,1.026735,-3.5832,1696385280.12,141039985.69,246410390.67,True,False
4189,0.985991,-0.029323,0.9736,-3.8548,1765724544.07,119478241.17,233743118.57,True,False
4190,0.909102,-0.007337,0.947899,6.8023,1628030685.85,108763936.45,177468696.71,True,False
4191,1.067525,0.004305,1.051788,4.643,1911736503.01,195365545.8,242380389.52,False,False
4192,0.979941,-0.019373,0.981715,7.7747,1754889874.05,125772384.0,181995191.44,True,False
4193,0.926179,0.014944,0.960754,-2.8293,1658612352.22,151428101.99,249677710.53,True,False
4194,0.853622,-0.016989,0.95772,-0.1144,1528676428.6,37261470.69,159666919.28,True,False
4195,1.000735,0.0187,0.974035,-5.6594,1792128929.83,217787102.07,309732468.9,False,False
4196,0.927937,-0.031566,0.985374,-6.9072,1661760712.79,57545829.63,204428183.21,True,False
4197,1.06744,-0.003254,0.971685,4.756,1911585360.63,240157710.77,272249070.47,False,False
4198,0.884993,-0.01649,1.015046,2.4366,1584855563.83,23033376.45,138932870.51,True,False
4199,1.048812,0.023179,0.985284,3.281,1878226025.79,262985496.14,295796632.24,False,False
4200,1.032124,-0.026317,0.999536,-1.8694,1848340296.44,145151778.63,242019734.9,True,False
4201,0.948442,0.008256,1.048132,-2.6548,1698481874.27,96105525.36,211555618.11,True,False
4202,0.93103,-0.014405,0.980173,-5.2253,1667300354.18,92635186.22,220710800.43,True,False
4203,1.080873,0.016184,1.051882,7.7677,1935640157.78,230470181.57,249376498.85,False,False
4204,1.048202,-0.02064,1.066979,2.7294,1877133561.04,119655587.53,201178756.17,True,False
4205,1.063845,0.014326,1.009096,4.0825,1905146873.62,242713169.61,277586178.96,False,False
4206,0.97831,-0.001587,1.07456,7.2962,1751969560.58,86758943.28,157824824.78,True,False
4207,1.014097,0.035591,1.033209,-2.2735,1816057957.81,217181868.5,292845206.5,False,False
4208,0.843387,0.040967,1.013468,-3.4225,1510347788.84,74560045.97,198712826.73,True,False
4209,0.996636,0.004404,1.01236,-1.5718,1784787480.93,160044054.4,250365592.14,False,False
4210,0.86079,-0.032756,0.989072,-1.4005,1541512759.3,-3992751.55,137049662.39,True,False
4211,0.973646,-0.041839,1.042788,-1.0288,1743617892.47,35896027.92,163173820.18,True,False
4212,0.975147,0.001971,0.975598,-0.185,1746305756.41,163404023.93,245849708.49,False,False
4213,0.957272,0.007892,1.020821,5.3849,1714293836.32,123826292.86,192760495.28,True,False
4214,0.927559,0.006142,1.040523,0.1638,1661084519.48,79022030.09,186839427.58,True,False
4215,1.129643,0.002147,1.097888,-5.2193,2022978236.37,213551375.6,307992132.69,False,False
4216,0.946129,-0.025154,0.942203,4.3358,1694339715.02,115814217.86,192476546.2,True,False
4217,1.114774,-0.00456,0.981924,6.2821,1996350625.27,272523566.52,284806253.35,False,False
4218,1.111047,0.013859,1.018363,5.3682,1989677130.64,278846721.15,294202901.29,False,False
4219,1.002198,-0.014538,1.095706,-3.1543,1794747901.62,69404314.77,196555035.79,True,False
4220,1.022244,0.012712,0.968621,0.0222,1830646996.01,231019227.26,290831749.93,False,False
4221,1.013309,-0.02091,0.987592,0.6941,1814645707.61,147669586.92,230814312.02,True,False
4222,1.038327,-0.005709,0.997927,4.5711,1859448499.58,189984458.23,239752214.17,False,False
4223,0.954256,0.003305,0.942073,9.8253,1708892447.19,171531509.88,204490464.7,False,False
4224,0.858268,0.012279,0.956805,-6.3567,1536997588.77,86986348.26,219768419.53,True,False
4225,0.869588,0.010344,1.039576,1.1735,1557268418.19,33169675.85,151398360.82,True,False
4226,0.926718,0.033403,1.020574,5.5441,1659578154.21,138267014.2,202663398.87,True,False
4227,0.892443,0.020871,1.026062,1.014,1598197358.63,81107620.98,184563065.8,True,False
4228,0.966997,0.031491,1.060922,3.3731,1731709460.99,143934118.35,215721891.18,True,False
4229,1.019517,0.007423,1.012778,10.7211,1825763267.9,186132480.41,206792139.01,False,False
4230,0.960949,0.011286,1.014554,-5.7621,1720879880.66,137687922.42,254644338.63,True,False
4231,1.029566,0.03363,0.971633,-2.6469,1843758994.5,274147759.66,333640963.97,False,False
4232,1.096623,0.007018,1.005031,3.3492,1963846211.76,261873743.18,293904135.91,False,False
4233,0.981148,0.006284,0.987293,-1.0325,1757051651.61,167772680.3,252905387.25,False,False
4234,0.981007,0.017319,0.957813,-3.4973,1756799286.55,208861678.17,292709069.29,False,False
4235,0.88647,0.043001,1.026291,8.4755,1587501752.69,110441448.45,172087645.17,True,False
4236,0.914855,-0.011547,1.034378,1.4378,1638334079.59,42956101.1,156606513.59,True,False
4237,0.972948,0.009918,1.011288,4.4915,1742368007.7,148823510.36,213609009.07,True,False
4238,0.885654,0.009989,1.004848,-6.7078,1586040670.26,73161346.85,212747168.88,True,False
4239,1.039632,-0.014606,1.044296,2.5622,1861785207.27,140248514.77,216149789.78,True,False
4240,1.0498,-0.004138,1.056696,5.6269,1879994540.59,159681071.51,213450781.82,False,False
4241,1.11081,-0.018318,1.000212,9.8753,1989251413.33,228058492.44,235109300.91,False,False
4242,1.029584,0.00536,1.047336,-5.7434,1843792308.23,165981736.42,275729944.3,False,False
4243,1.078644,-0.020537,0.993379,-0.2308,1931648611.72,200781560.59,271602638.57,False,False
4244,1.043952,-0.006675,0.967985,3.0722,1869521544.03,215383901.54,264575148.75,False,False
4245,0.90773,-0.000958,1.022882,-4.5148,1625573159.28,62383261.96,196377785.47,True,False
4246,0.95676,-0.032203,0.983784,-4.7611,1713377099.8,82085198.67,212017467.63,True,False
4247,0.969487,-0.048507,0.973821,-2.436,1736169624.41,71938975.29,194355547.75,True,False
4248,1.016035,0.010435,1.007798,0.135,1819527531.01,192103701.6,263807257.4,False,False
4249,1.020482,0.004482,0.975987,5.8349,1827492422.81,208890585.13,246681320.95,False,False
4250,1.008972,0.010852,1.034835,-7.1652,1806880039.8,166312103.33,282412644.36,False,False
4251,1.049462,-0.000478,0.985042,4.4693,1879388705.48,219319072.36,259974413.3,False,False
4252,1.104859,0.029479,1.035556,-2.2114,1978595070.66,291267259.8,343899020.06,False,False
4253,0.99603,0.006441,0.931951,-1.2366,1783702584.49,222670976.23,291309194.2,False,False
4254,1.017522,-0.00036,1.046045,6.4515,1822191506.43,145483180.87,200570491.11,True,False
4255,0.896833,-0.03129,0.933335,-0.0077,1606058888.24,70138823.26,181578142.84,True,False
4256,1.06601,-0.008083,0.990358,2.5962,1909023777.46,215823838.95,267031288.19,False,False
4257,1.073502,0.042499,1.04518,10.2496,1922440217.05,279138514.7,269679675.55,False,False
4258,0.953625,0.003523,1.062553,2.2317,1707763500.09,82110394.68,179243282.71,True,False
4259,0.839011,-0.01008,1.002318,-3.1417,1502510500.42,1837849.93,148032387.98,True,False
4260,0.997408,0.02738,1.020232,-6.9097,1786171265.94,195959383.98,300915722.65,False,False
4261,0.816754,-0.030333,0.994812,0.103,1462652204.72,-41966125.06,104900293.25,True,False
4262,1.045317,-0.021116,1.023532,-0.1391,1871967048.67,148435298.44,235499090.06,True,False
4263,1.077334,-0.028423,0.993362,3.6115,1929302750.64,184441337.46,240180293.06,False,False
4264,1.023993,0.019685,1.056735,-5.7203,1833779150.83,180175959.66,285108550.53,False,False
4265,0.85729,-2.6e-05,1.025234,0.4494,1535244912.43,16515049.37,143189806.89,True,False
4266,0.883644,0.021972,0.873776,-5.5618,1582440297.48,187332471.73,285349081.3,False,False
4267,0.939735,0.006727,1.02213,-4.7099,1682889061.3,104779553.61,226815729.66,True,False
4268,0.931496,0.020296,0.966201,-2.9128,1668134313.03,161276549.96,256830343.9,False,False
4269,1.050967,0.002105,0.982426,4.3047,1882084564.4,227477617.0,266337846.84,False,False
4270,0.94429,0.017648,1.0401,1.3043,1691046327.54,114118191.66,205407428.24,True,False
4271,1.020248,-0.035032,1.04486,0.4012,1827073214.37,85478485.22,189966944.25,True,False
4272,0.956083,0.013562,1.147118,-6.2133,1712165962.14,38915774.06,189458471.73,True,False
4273,0.93556,0.000942,0.996925,-1.2134,1675412421.83,109923790.88,214167864.91,True,False
4274,0.993644,-0.017716,1.015577,-3.0933,1779430057.56,115569452.97,227517623.04,True,False
4275,1.039735,0.004077,0.963302,-8.2729,1861970293.93,235106198.67,335924719.05,False,False
4276,1.044682,-0.010673,1.020191,4.3964,1870829508.04,169895394.83,226844990.58,False,False
4277,1.056607,0.008942,1.116963,-9.306,1892185267.2,145911474.4,281312555.65,True,False
4278,1.000246,-0.005337,0.986711,-1.7343,1791253569.96,164884385.31,254482266.31,False,False
4279,0.922078,-0.010349,1.037248,10.9648,1651267820.36,49195170.08,117697554.75,True,False
4280,0.96794,0.01692,1.014172,0.8529,1733398258.3,154203997.15,234657984.36,True,False
4281,0.979773,0.039257,1.033208,3.2043,1754588758.44,190365707.41,247895343.42,False,False
4282,0.863738,-0.007813,0.953199,-10.2123,1546792729.74,63649134.32,220409025.18,True,False
4283,0.899758,-0.011482,0.928904,-0.9875,1611298461.23,107819756.62,211526668.28,True,False
4284,0.976258,0.014241,1.0309,4.4845,1748294969.75,144911789.27,210909756.43,True,False
4285,1.037001,0.007084,1.055926,-3.8953,1857073913.32,169605188.22,269000342.27,False,False
4286,0.976944,0.000486,0.950134,-3.5681,1749523637.85,181295463.73,274233702.04,False,False
4287,0.900214,0.00848,0.951224,5.6047,1612113445.46,123874431.14,193329800.44,True,False
4288,0.969872,0.014038,0.97296,3.9296,1736859064.79,181525617.69,238588077.93,False,False
4289,0.946471,0.029899,0.997522,-6.4864,1694951255.62,168454995.67,278520378.82,False,False
4290,1.029205,-0.001708,0.996791,0.4276,1843112053.76,190038037.24,260916706.53,False,False
4291,1.040656,-0.007788,0.938472,2.4072,1863619743.51,232221818.64,279470253.55,False,False
4292,1.085635,-0.004866,0.908239,-1.8876,1944168927.12,300366693.45,348153756.26,False,False
4293,1.006073,-0.005696,0.976035,1.2346,1801687118.55,177361642.22,248361794.17,False,False
4294,1.031453,-0.004356,0.989168,10.2128,1847139134.47,192819368.28,213283702.37,False,False
4295,1.094748,0.001893,1.006033,-3.1572,1960488600.19,249364392.62,320375432.41,False,False
4296,0.954249,-0.021704,1.05494,10.3721,1708881607.18,45206978.41,116029839.27,True,False
4297,1.028199,-0.014124,1.038134,1.5429,1841311574.98,135653625.13,218310998.97,True,False
4298,1.024681,-0.014948,1.040671,0.3305,1835011081.54,129168500.94,220023044.49,True,False
4299,1.031339,0.009318,1.01144,-1.1155,1846933771.63,201479354.9,276500339.4,False,False
4300,1.083072,-0.000495,1.008964,-3.6925,1939578803.83,231957349.05,311202712.66,False,False
4301,1.024018,0.013333,1.078829,-5.5896,1833824562.29,152191126.69,265422831.63,True,False
4302,0.975813,-0.014069,1.012572,-2.0075,1747497596.24,108598754.08,217308337.62,True,False
4303,1.060402,0.017521,1.02993,-4.3749,1898981321.32,230148475.56,313112169.13,False,False
4304,0.887794,0.011263,0.970606,-9.678,1589872989.58,102518760.37,245718349.81,True,False
4305,1.060779,-0.000867,0.920951,2.4537,1899656735.16,276272670.98,308945207.73,False,False
4306,0.900578,0.009118,0.939698,-5.6316,1612765385.53,133773582.17,249699456.0,True,False
4307,0.958249,0.004743,1.062646,1.1313,1716044623.35,88347973.26,188607777.99,True,False
4308,1.043358,0.01413,1.024223,5.3272,1868457557.2,212081074.29,250794729.6,False,False
4309,0.987652,0.001431,1.005731,-1.4449,1768699666.5,151494122.05,243867756.75,True,False
4310,1.055694,0.026613,0.957797,-5.4526,1890550293.08,296345462.95,363607036.43,False,False
4311,1.004343,-0.028044,1.018342,2.6214,1798589344.78,104288626.87,191848949.81,True,False
4312,1.035275,-0.0136,1.050804,15.2044,1853983774.84,133466438.08,147377657.38,True,False
4313,0.926087,0.018599,1.009878,-5.0292,1658447532.8,121026758.47,238999282.47,True,False
4314,0.937811,0.035871,1.006805,-0.617,1679443915.18,163310947.87,247740089.06,False,False
4315,1.017112,0.003506,1.053286,-3.9504,1821455684.76,146792557.08,253382625.37,True,False
4316,0.965077,-0.016079,1.034894,-10.093,1728271509.13,79149290.49,235461757.9,True,False
4317,1.014035,-0.016194,0.986247,-0.7867,1815946497.34,157859129.5,245108060.98,True,False
4318,1.047288,-0.009454,0.980494,3.8615,1875496406.36,203887774.81,252651671.23,False,False
4319,0.920715,-0.018422,0.963659,2.7995,1648827595.51,89172527.11,181840955.94,True,False
4320,0.960218,0.030843,0.96895,-4.4916,1719570352.6,204413101.65,294011563.08,False,False
4321,1.083949,0.015232,0.980412,-2.1244,1941148997.8,284422138.18,338555011.95,False,False
4322,0.91478,0.028571,0.925642,-3.2746,1638199637.26,189134918.22,277158842.84,False,False
4323,1.20447,-0.002773,0.931417,-0.1949,2156979145.65,394216879.19,403069091.8,False,False
4324,1.000432,-0.011439,0.96154,4.1396,1791585573.39,172760295.61,231008046.14,False,False
4325,0.998718,0.00415,0.961599,2.8216,1788516090.82,199080498.77,255398472.16,False,False
4326,0.988484,-0.005989,1.001143,-9.3693,1770188377.35,142512753.61,276198297.87,True,False
4327,0.911682,0.022879,0.994668,2.9214,1632651140.04,125763395.2,206301560.4,True,False
4328,0.921657,0.015854,1.002192,-4.6012,1650515258.59,118033236.48,234918930.34,True,False
4329,1.185543,-0.013693,1.031291,3.1484,2123084830.54,280039007.54,305963339.47,False,False
4330,1.023699,-0.010079,0.923624,-1.6239,1833251885.94,223909559.31,294264455.42,False,False
4331,1.107633,-0.009493,0.984669,7.7566,1983563416.37,254303324.69,264623446.27,False,False
4332,1.049829,-0.007725,1.020963,-8.3749,1880046083.41,179424683.06,298996160.97,False,False
4333,0.784511,0.002221,0.98291,-11.0837,1404911874.67,-14840827.27,166420166.33,True,False
4334,1.058738,-0.001608,0.845007,-6.2144,1896001534.32,329264541.48,390030680.7,False,False
4335,0.965237,0.012537,1.09737,5.0679,1728558894.31,82489457.89,165942502.39,True,False
4336,0.997453,-0.010296,1.011842,-0.7966,1786250495.46,134916292.7,229491301.93,True,False
4337,1.072704,-0.01519,0.995133,10.3159,1921012113.65,204595837.96,218682182.32,False,False
4338,0.896637,0.013203,0.948777,-0.7888,1605707570.72,129978164.73,225705119.47,True,False
4339,0.895086,-0.008391,1.031728,2.1805,1602930015.98,32496923.98,146371898.57,True,False
4340,1.066209,0.00805,0.96943,-3.9938,1909379335.99,262303751.92,333108787.58,False,False
4341,1.037423,-0.018333,0.987915,-3.822,1857828869.95,173135371.36,271035563.73,False,False
4342,0.946455,-0.001269,0.988311,-1.8441,1694923746.35,122432498.89,225667516.1,True,False
4343,1.004721,0.019124,1.058273,3.8858,1799266302.94,159909830.92,223433454.37,False,False
4344,0.952718,-0.01117,1.063463,-3.287,1706138871.08,55541298.91,186982611.51,True,False
4345,1.084372,0.004133,0.977526,2.3684,1941906807.42,265399501.31,301721132.75,False,False
4346,1.098476,-5.4e-05,0.994962,4.3543,1967164478.07,257118303.97,285222673.35,False,False
4347,0.797969,0.024835,1.000981,7.5597,1429012386.44,16323177.08,115352829.57,True,False
4348,1.068456,-0.009181,0.977582,6.3071,1913404526.52,225362668.31,254033492.0,False,False
4349,1.03587,-0.01988,0.974929,2.3852,1855048725.0,178529377.12,243127748.57,False,False
4350,0.974433,0.047135,0.914592,-0.8327,1745025743.63,286744648.28,332817481.39,False,False
4351,0.895554,-0.021769,1.006285,-0.2146,1603769457.93,30299596.25,155396495.19,True,False
4352,1.126336,0.005876,1.040821,-5.5888,2017056976.75,260328556.16,341758153.6,False,False
4353,1.060114,0.002524,1.038202,6.5575,1898465044.94,195281115.84,232533634.83,False,False
4354,1.018997,-0.041547,0.96588,5.1675,1824831978.81,131023414.48,197110955.18,True,False
4355,1.024654,-0.012315,0.991197,-5.4634,1834962594.29,170612123.59,277332315.65,False,False
4356,0.928907,0.00123,1.018076,1.3843,1663498633.18,88708978.67,187863209.91,True,False
4357,1.099878,-0.022191,1.001954,10.4031,1969675239.04,209605968.23,220243230.25,False,False
4358,1.096878,0.017287,0.980798,1.966,1964302057.48,300225045.06,327422761.3,False,False
4359,0.963562,0.016551,0.972583,8.8676,1725558046.22,180271206.85,214512210.24,False,False
4360,0.921045,0.004065,0.992704,0.683,1649419451.63,105041095.65,202191610.47,True,False
4361,0.851882,-0.013227,0.987124,3.6352,1525561295.39,19703806.59,132054736.12,True,False
4362,0.888045,-0.040925,1.009809,4.0059,1590322407.29,-9275882.13,110088472.94,True,False
4363,1.022015,-0.029925,0.966316,-7.1551,1830237716.72,154477502.52,274772938.13,True,False
4364,1.110495,-0.007003,0.982236,2.129,1988688006.41,263597944.02,301496989.04,False,False
4365,1.011372,0.023677,0.935184,-2.4647,1811176775.09,265554581.84,326657143.34,False,False
4366,1.035389,0.017426,1.013668,8.9888,1854187132.73,218594528.66,236831168.92,False,False
4367,1.062862,0.001423,1.090463,11.6715,1903385378.52,156982915.55,179734304.23,True,False
4368,0.981931,-0.006997,1.011856,-5.5705,1758454448.63,126947934.13,247011300.63,True,False
4369,0.840983,0.011081,0.980859,3.1992,1506042954.34,51347632.83,155565865.26,True,False
4370,1.165283,0.004196,0.953749,0.2136,2086802259.64,356954285.34,375357555.15,False,False
4371,0.862682,-0.01876,1.087427,0.8967,1544900537.61,-53604687.02,93603460.49,True,False
4372,1.054004,-0.022629,1.029884,3.6335,1887524063.07,148408223.94,215977829.4,True,False
4373,0.90136,-0.015066,1.025331,3.5447,1614165840.76,32042584.69,139962931.86,True,False
4374,1.021334,-0.031106,1.004735,7.0933,1829016540.01,123286621.74,182140201.23,True,False
4375,1.094201,-0.040823,0.965706,4.9533,1959508037.09,195028914.71,239877459.13,False,False
4376,1.087114,0.004622,0.925526,0.9931,1946816899.78,307361582.04,337558591.85,False,False
4377,0.949498,-0.009558,0.953368,1.6703,1700373059.72,136962232.52,219202826.73,True,False
4378,1.033039,-0.027635,0.972425,4.5196,1849978989.3,163574557.86,222173459.31,False,False
4379,0.989371,-0.002084,1.028435,5.2496,1771777066.22,130012348.31,196775697.54,True,False
4380,1.003575,-0.025619,0.985965,11.3314,1797215151.47,131967727.39,167793320.17,True,False
4381,1.071804,0.017307,0.97201,9.5669,1919399653.99,283304035.38,276188101.08,False,False
4382,1.199884,0.010425,1.042852,6.607,2148767145.96,335927873.58,323385410.17,False,False
4383,1.112156,0.024446,1.034093,-0.8209,1991662107.58,289314942.62,335063471.24,False,False
4384,1.093558,0.002346,1.074887,1.9834,1958357674.4,198182137.04,257972360.24,False,False
4385,0.897216,-0.014238,0.988027,-2.9431,1606744466.96,57360330.02,185810366.73,True,False
4386,0.968485,-0.047977,0.978752,0.6295,1734373849.16,68387517.63,177362076.73,True,False
4387,1.109456,0.005521,1.005865,-2.2799,1986826664.81,270056423.0,329898713.18,False,False
4388,0.997101,0.025371,0.967415,8.1813,1785620428.57,231191588.01,251036345.24,False,False
4389,0.93386,-0.025527,1.043036,3.2669,1672367989.21,29970870.26,139261766.97,True,False
4390,1.10662,-0.007936,1.022688,5.9739,1981748114.72,228336002.23,256683406.26,False,False
4391,1.033742,-0.003302,1.035051,-6.4933,1851238200.77,162846164.21,277518796.98,False,False
4392,0.977911,0.01107,1.051694,0.1632,1751254268.66,125497754.64,218405196.64,True,False
4393,0.852358,0.015864,0.948772,-5.3849,1526412496.67,92929687.14,219561579.3,True,False
4394,1.005405,-0.009638,1.046308,-7.0162,1800491298.04,117626305.04,248445854.78,True,False
4395,1.009702,0.014575,0.934715,3.3577,1808187415.57,247860841.6,285761570.17,False,False
4396,0.927278,-0.017625,1.01099,-1.2957,1660581301.06,61169006.24,181339539.72,True,False
4397,0.980804,0.00977,0.895413,-2.5259,1756435129.54,241621656.62,310307568.38,False,False
4398,0.88488,0.019221,0.976151,-3.2067,1584653511.3,108326506.99,221433915.5,True,False
4399,1.062344,-0.012171,0.958551,-6.3438,1902458593.7,228337798.05,322184640.44,False,False
4400,0.886235,0.008633,0.934807,-2.4753,1587080279.3,123413184.02,228533709.87,True,False
4401,0.825503,0.053116,1.044589,-2.9182,1478319965.16,51978832.39,181014585.31,True,False
4402,0.896844,0.01036,0.928591,11.3801,1606079983.38,140554689.32,179351975.53,True,False
4403,0.922769,0.021714,0.978193,0.2812,1652506137.18,146525062.22,232214042.99,True,False
4404,1.039927,0.025729,1.035561,0.6544,1862314464.1,222093107.99,281534231.23,False,False
4405,0.920515,0.007577,1.016722,2.6293,1648470324.21,92561879.02,184917115.64,True,False
4406,0.960832,-0.000537,0.991615,-12.1955,1720669599.93,134222973.0,282613048.12,True,False
4407,1.077462,-0.009705,0.944802,-1.0936,1929532827.38,256628689.43,314138560.78,False,False
4408,0.901836,0.002409,0.998106,-4.9331,1615019286.38,80844477.03,210651502.69,True,False
4409,1.035311,0.0037,1.00578,6.1879,1854047764.46,198914074.92,237679693.67,False,False
4410,1.130985,0.009127,1.048962,-2.1875,2025382156.9,265139372.86,326282900.93,False,False
4411,1.013373,-0.028878,1.03895,-5.4033,1814759996.37,95232530.36,225472935.7,True,False
4412,0.990732,0.01155,0.99543,10.473,1774214826.3,179871310.1,205254547.23,False,False
4413,1.039103,-0.00285,1.031747,5.4248,1860839012.71,170953089.61,222441455.33,False,False
4414,1.012734,0.024883,0.890845,-2.4465,1813616848.63,301866733.85,351275609.72,False,False
4415,0.967297,-0.006225,0.978387,8.7887,1732247101.19,140009552.73,187346392.71,True,False
4416,1.013813,-0.007195,1.081523,8.4793,1815549336.32,103448013.68,162017713.36,True,False
4417,0.953527,-0.007563,1.066083,-0.5078,1707587310.89,60475503.43,177348803.08,True,False
4418,0.912304,-0.013735,0.967225,10.4851,1633765691.75,86855787.26,145979916.34,True,False
4419,0.902689,-0.025975,0.993494,2.7174,1616547123.23,39152320.64,148438359.27,True,False
4420,1.089659,-0.002034,0.906963,0.6011,1951375032.54,310442833.13,341737653.32,False,False
4421,0.8749,-0.011955,0.958285,-3.1924,1566781216.92,63336857.73,190622389.59,True,False
4422,1.019273,0.016308,0.932102,0.5936,1825326355.22,261870010.08,308952894.32,False,False
4423,1.036931,-0.001151,0.971682,-3.2735,1856948873.29,216633641.12,297814834.42,False,False
4424,1.074842,0.023447,0.942592,0.9338,1924840327.47,319751800.54,346356584.64,False,False
4425,1.050776,0.002894,0.978602,-3.7314,1881743268.96,231620814.55,310589405.93,False,False
4426,1.075156,0.001143,1.044252,-0.8313,1925401591.34,201820887.43,275473405.42,False,False
4427,0.974223,0.040445,1.074326,-0.3684,1744649653.15,156576566.16,242083108.83,True,False
4428,1.052732,0.015315,1.016583,4.1697,1885245856.84,228692235.85,267823872.77,False,False
4429,1.003004,0.001236,0.982215,-12.2978,1796192318.89,182491001.95,318462109.18,False,False
4430,0.951587,-0.027329,1.060789,15.6303,1704112841.15,28984168.82,80584458.75,True,False
4431,0.998564,-0.009763,1.02775,-2.9101,1788240599.83,125073189.18,233156931.63,True,False
4432,1.025816,0.029808,0.993055,2.9773,1837043508.89,247643193.28,287262534.42,False,False
4433,0.974131,-0.006234,0.903542,-9.8365,1744485623.38,201526661.91,317900792.05,False,False
4434,1.061615,0.013651,0.979403,0.8732,1901152677.11,261343151.66,307015196.24,False,False
4435,0.747608,-0.000487,1.102805,-5.0407,1338826073.1,-140794510.7,56599006.91,True,False
4436,1.089905,0.012557,1.055206,-2.7443,1951814333.72,229363978.66,304492558.75,False,False
4437,1.019277,-0.026021,0.98551,-5.4882,1825333932.53,145060130.14,259936762.68,True,False
4438,0.963291,0.007072,1.025091,-4.1931,1725072946.39,124781660.93,238519204.27,True,False
4439,0.994951,-0.004788,1.009995,0.5803,1781770517.06,143879281.28,228854966.72,True,False
4440,0.909262,0.051682,0.985088,1.0679,1628316601.11,177468817.4,249764736.76,False,False
4441,0.949874,0.006194,0.998785,5.9837,1701045694.29,130458010.73,194674909.21,True,False
4442,1.040835,-0.019424,1.063609,-6.5852,1863939488.35,118022592.51,247733959.84,True,False
4443,0.914867,0.002061,1.007302,5.652,1638355589.3,85312047.92,166492299.24,True,False
4444,1.109754,-0.021274,1.079157,-8.8512,1987361555.93,162802012.92,292748761.91,False,False
4445,1.094652,0.006757,1.014058,7.7639,1960315779.14,252869122.2,264102999.74,False,False
4446,0.974771,0.003891,0.990286,-1.5718,1745631544.92,155538140.2,247133004.0,True,False
4447,0.920326,-0.011975,0.981987,-8.5178,1648130419.82,85886640.23,230714362.55,True,False
4448,0.917869,-0.002329,1.000838,-9.8792,1643731204.99,85611325.36,236555186.11,True,False
4449,1.055614,0.003084,1.057832,-8.6867,1890405636.22,177709751.05,299682895.21,False,False
4450,0.981428,-0.011988,1.008323,1.4359,1757553726.81,120342428.02,208768653.23,True,False
4451,1.021131,0.000617,1.059429,-1.9101,1828653205.23,140621553.87,239042135.42,True,False
4452,1.121126,0.015795,1.078124,-1.2441,2007725827.86,247849641.08,309231092.83,False,False
4453,0.974103,0.020504,1.025016,1.2386,1744435040.15,158190369.98,235499872.08,True,False
4454,0.995808,0.017868,1.023605,7.3061,1783305191.51,174972683.28,217135486.26,False,False
4455,1.033464,0.024712,0.990087,-0.1674,1850739515.06,247739750.2,303161848.15,False,False
4456,1.038135,0.045276,1.045433,-0.1454,1859104219.22,249418696.09,304195017.31,False,False
4457,0.942374,-0.013095,0.941788,-3.7571,1687614369.19,133243176.9,241826731.22,True,False
4458,1.020773,-0.010223,0.991406,0.8114,1828013335.18,170855824.32,245968050.62,False,False
4459,0.967743,0.005794,0.989564,4.9109,1733045173.52,152960876.15,214545852.39,True,False
4460,0.955213,-0.013974,1.092113,-2.4921,1710607559.25,31736519.1,167110351.88,True,False
4461,0.994714,0.025847,0.92982,0.5735,1781346358.55,257611705.93,306227099.75,False,False
4462,1.005302,-0.056428,1.037156,9.0549,1800307090.99,40075919.31,116439466.4,True,False
4463,0.955269,-0.004752,0.896154,-0.6273,1710706493.33,192675504.82,267809284.91,False,False
4464,0.955087,-0.012151,0.975789,5.1989,1710381615.75,120885316.66,191689963.69,True,False
4465,1.039516,0.014878,0.972763,-0.9933,1861578498.97,248008076.02,307561425.38,False,False
4466,0.984848,0.03619,1.020184,5.0014,1763677793.27,199551091.35,245378017.76,False,False
4467,0.944779,-0.02031,1.006787,4.3392,1691922043.91,75021599.42,164750605.56,True,False
4468,1.011523,-0.015011,0.985581,-2.2197,1811447157.6,158294162.61,252505974.78,True,False
4469,0.989112,0.011255,0.953323,-3.18,1771313205.42,209030588.84,291422997.96,False,False
4470,1.026866,0.005591,0.985159,5.9062,1838923568.0,209964654.59,246869597.53,False,False
4471,0.890951,-0.004317,0.974559,-9.8233,1595526247.53,77653351.02,229594795.38,True,False
4472,0.96509,0.011861,1.053107,1.7579,1728294083.09,113963187.5,203021121.3,True,False
4473,0.975729,0.048704,1.003772,-2.4767,1747346810.69,224727332.1,298520944.37,False,False
4474,1.177902,-0.026108,0.99926,5.3843,2109401185.87,270844457.23,286907566.72,False,False
4475,0.93528,-0.003166,0.964388,3.9317,1674911304.76,126884588.12,202089796.52,True,False
4476,0.965097,0.019855,1.030997,-4.1537,1728307694.82,144157891.63,251545489.13,True,False
4477,0.964397,0.015922,1.007321,-5.1844,1727053825.81,154240084.93,263264009.54,True,False
4478,1.013904,0.005481,1.047517,4.4804,1815712443.87,151728048.26,214737023.19,True,False
4479,0.917264,-0.000145,0.949907,7.7664,1642647435.48,126370509.7,184830088.26,True,False
4480,0.987377,-0.034136,0.945537,-2.8287,1768207397.2,132931513.47,237946543.26,True,False
4481,1.02114,-0.026691,0.926732,-4.7901,1828670252.51,188959542.93,286341073.03,False,False
4482,1.026024,0.00277,1.010126,-9.455,1837416855.55,185522364.76,307601538.79,False,False
4483,0.975317,-0.001053,1.03693,-1.2369,1746609001.49,112857870.81,216512016.27,True,False
4484,1.044647,-0.007005,0.976413,3.0956,1870767260.69,209146766.79,260203734.11,False,False
4485,1.086814,0.00737,0.953005,-3.5038,1946280384.87,292086309.25,351151755.87,False,False
4486,0.941275,-0.016997,1.006142,-0.7735,1685647600.28,78042024.25,190490578.12,True,False
4487,0.997658,0.021516,0.963128,-7.8418,1786618314.96,228008738.57,327280429.09,False,False
4488,1.013963,0.014378,1.072151,-3.1472,1815817792.54,149694011.08,251298613.32,True,False
4489,0.966045,-0.026707,0.979472,2.6054,1730005260.94,102654389.11,191306093.38,True,False
4490,1.076289,-0.01784,1.110966,-11.274,1927431048.53,116856087.17,272846042.24,True,False
4491,0.967655,0.021964,0.990463,-1.804,1732888708.63,180236282.71,264975222.8,False,False
4492,0.99724,0.015758,0.957059,4.9231,1785869171.34,221824449.77,260603066.96,False,False
4493,1.054811,-0.009411,0.986481,8.0594,1888968446.51,206216233.55,232367414.79,False,False
4494,1.116295,-0.029363,1.026833,-2.4695,1999074106.69,191048793.89,277288430.99,False,False
4495,1.015657,-0.019305,0.857966,6.9022,1818850508.46,248616993.47,268514517.08,False,False
4496,0.945524,0.005958,1.018634,-9.577,1693256680.53,111374455.06,254012887.83,True,False
4497,1.054107,0.013374,0.945673,8.897,1887707195.25,278821149.61,277434780.47,False,False
4498,1.040632,-0.014076,1.070768,2.2953,1863575784.73,122512139.73,205438894.63,True,False
4499,1.083176,-0.010893,0.988045,0.5196,1939763901.42,227371726.94,285701495.85,False,False
4500,0.994106,0.016695,1.073839,-0.8039,1780257202.97,134088985.92,228951282.1,True,False
4501,1.013077,-0.003453,1.04293,7.5407,1814230628.98,138159432.46,190317524.64,True,False
4502,1.094224,0.016646,0.98392,-3.0925,1959550380.62,294172198.77,350489698.86,False,False
4503,0.978417,0.037485,1.00325,4.921,1752161706.32,208123894.43,251751053.06,False,False
4504,0.975473,0.039271,1.028423,-4.6533,1746888989.57,189741113.44,285144377.06,False,False
4505,1.095868,0.010469,0.978657,-8.9246,1962492904.96,287484332.91,377324239.43,False,False
4506,0.776115,0.003535,0.923363,2.5953,1389877000.75,23450915.91,139913934.23,True,False
4507,1.03622,-0.002621,0.985189,3.973,1855675128.9,203261286.51,251868941.41,False,False
4508,0.925049,-0.03372,0.997826,-1.1126,1656588655.6,42307073.8,167668511.11,True,False
4509,0.953523,0.033023,1.000813,0.8121,1707581317.48,178111013.95,251165999.16,False,False
4510,0.924635,0.00476,1.0561,-0.0209,1655847579.88,62520344.57,176458343.94,True,False
4511,1.084359,0.005489,1.004834,8.2022,1941883752.74,247798879.4,258715715.27,False,False
4512,0.885205,0.009003,0.984639,4.9227,1585236400.94,86149136.74,171051377.26,True,False
4513,0.984133,-0.015806,0.961768,1.7802,1762397920.64,150478220.34,227579416.94,True,False
4514,1.098486,-0.001696,1.037374,-1.5661,1967182179.68,222489645.37,293583651.64,False,False
4515,0.89193,-0.007993,0.976267,-6.1314,1597279197.84,71395896.61,209230695.9,True,False
4516,1.028111,0.03972,0.991275,4.4704,1841154327.8,269411697.58,294500039.2,False,False
4517,1.067966,0.008276,1.054391,4.2567,1912527230.6,201434346.18,248521091.87,False,False
4518,1.081367,0.005674,0.942986,-0.1725,1936525875.68,291221206.67,332795594.35,False,False
4519,1.055943,-0.00451,0.973479,1.695,1890994953.15,226116501.24,278827807.52,False,False
4520,1.100954,0.029654,1.021257,-11.744,1971601460.08,298460283.94,400239790.18,False,False
4521,1.015079,-0.00795,1.024417,7.3028,1817816498.09,145493864.37,196415505.33,True,False
4522,0.99602,-0.021016,1.03959,-4.9196,1783684996.49,93975540.93,221794225.09,True,False
4523,0.918946,-0.010196,1.038319,-5.361,1645659583.58,45878677.3,189218349.75,True,False
4524,1.040025,-0.023193,1.031295,-6.5622,1862490164.52,134229083.15,258610964.29,True,False
4525,0.9373,0.016534,0.944492,-2.1732,1678527520.32,176501686.17,263865155.11,False,False
4526,1.060151,-0.007888,0.943882,3.7281,1898531505.98,245395938.49,281327477.46,False,False
4527,1.015008,-0.01542,1.056521,9.0034,1817688677.16,108078538.64,162506432.72,True,False
4528,0.938099,0.003063,0.914328,-3.3902,1679959099.41,176955339.27,269783577.34,False,False
4529,1.09179,-0.010706,0.920508,6.0982,1955190129.12,285378057.06,295240732.76,False,False
4530,0.902747,-0.008628,0.973063,10.1354,1616650702.03,82375853.28,144973770.74,True,False
4531,1.027243,0.011839,1.042305,-10.2509,1839599005.54,179484020.01,307563761.81,False,False
4532,0.945057,0.018038,0.946698,3.6748,1692418712.21,184661609.63,242380688.64,False,False
4533,1.068336,0.012716,0.941171,0.9602,1913189700.88,294113339.47,328814186.59,False,False
4534,1.035886,-0.000249,0.969532,-9.0714,1855077133.97,218956556.06,328844979.47,False,False
4535,1.161431,0.017345,0.95379,0.848,2079904376.97,380758623.7,387933801.32,False,False
4536,1.013413,0.017457,1.020046,-1.5108,1814831605.72,193355643.45,272843518.76,False,False
4537,0.936622,-0.001182,0.97479,-4.5981,1677313261.14,123715132.59,239106096.48,True,False
4538,0.917891,0.03446,1.004255,-0.4119,1643769960.38,143573722.0,233335207.44,True,False
4539,1.005492,-0.006555,1.036469,1.4948,1800647343.06,130540891.3,215243364.93,True,False
4540,0.976444,-0.029578,0.96328,-1.2968,1748627867.58,118535944.8,220667126.23,True,False
4541,0.895584,-0.010762,1.077289,7.6564,1603822191.88,-4601597.28,97078149.89,True,False
4542,0.943431,0.010626,0.99487,0.1319,1689507987.34,134944172.72,225001580.78,True,False
4543,1.022723,-0.017781,0.937054,10.4404,1831504978.79,198991640.34,216775922.97,False,False
4544,1.009864,-0.030437,1.025894,-1.6514,1808477126.82,99088125.47,209412065.53,True,False
4545,0.965888,0.004195,1.062721,-9.2147,1729724408.28,94322612.17,241657444.95,True,False
4546,1.010446,0.025415,1.071574,5.8373,1809519658.58,166819877.81,218348613.41,False,False
4547,1.039708,0.002226,0.985431,-3.3795,1861921027.44,215246704.79,297457218.54,False,False
4548,1.182206,-0.009671,0.977218,-13.5759,2117108692.21,325658451.84,434041669.41,False,False
4549,0.904516,-0.013813,0.94328,-4.4121,1619818977.91,97604739.43,219801611.31,True,False
4550,1.037781,0.025069,0.994072,4.7255,1858471372.61,249549631.23,279482724.22,False,False
4551,0.864313,-0.006843,0.960287,10.1197,1547822540.04,60413912.94,132017785.71,True,False
4552,0.987382,0.012515,1.100793,3.4364,1768216542.24,100451982.44,185509782.44,True,False
4553,0.912386,-0.005671,0.96004,-1.1189,1633911197.34,105423507.15,210546412.46,True,False
4554,1.037917,0.030901,1.003215,-1.2896,1858714579.29,253748684.65,312965943.11,False,False
4555,0.907969,-0.023439,1.021736,-0.1694,1626001411.96,26892837.99,152891584.5,True,False
4556,0.983692,0.009031,0.914877,-4.6229,1761607823.84,228569356.9,311588473.2,False,False
4557,1.006484,0.030429,0.980354,-2.8842,1802423663.69,239642916.88,311049771.73,False,False
4558,1.087985,0.011888,1.083343,3.2053,1948376547.12,205443435.06,256441255.25,False,False
4559,0.908761,-0.000627,0.966234,1.3139,1627419470.74,105802650.14,199937265.26,True,False
4560,0.926785,0.025392,0.983585,-0.921,1659697522.18,152426739.76,241687982.69,True,False
4561,1.055336,0.014148,1.072085,-8.2242,1889908631.07,187812292.85,304145613.08,False,False
4562,0.945549,-0.007084,0.987988,5.3369,1693301221.96,112009066.97,185257139.51,True,False
4563,0.94214,-0.038592,0.98528,7.236,1687195228.74,57812016.02,139714132.76,True,False
4564,0.94461,-0.003543,0.995433,-8.4295,1691618262.68,111646811.26,248836870.14,True,False
4565,1.019687,-0.006502,0.961388,1.7639,1826068400.91,198917793.51,260289204.06,False,False
4566,0.987257,-0.000646,0.989279,-3.5181,1767991241.26,159647268.21,259451088.49,False,False
4567,0.822216,0.010355,0.989106,-9.8625,1472434280.94,26816585.95,191871353.21,True,False
4568,1.117531,0.011936,1.031505,-4.2905,2001287989.83,271293538.29,341854250.88,False,False
4569,0.948903,-0.024584,0.983117,2.0476,1699307387.72,88869452.53,184748159.29,True,False
4570,0.85334,-0.009657,1.001752,-2.663,1528171354.94,15611476.13,155615022.27,True,False
4571,0.90118,-0.027194,1.023491,4.6178,1613843545.86,13674523.73,122730985.17,True,False
4572,0.88019,-0.003783,0.984381,-5.7478,1576254620.11,61566211.63,200536985.01,True,False
4573,0.907939,0.030566,0.996739,4.0439,1625947480.64,133186395.3,206402692.36,True,False
4574,0.959387,-0.004267,0.991837,-1.4925,1718081801.61,126344304.21,226789309.91,True,False
4575,1.075589,0.001796,1.095404,1.5364,1926177776.28,165591757.43,238344216.28,False,False
4576,1.033347,-0.000687,1.047359,-0.1782,1850530097.13,158215564.88,242339954.6,True,False
4577,1.001858,-0.002629,0.992201,-0.9317,1794139160.29,167121854.17,252072645.89,False,False
4578,0.901335,-0.010327,0.98112,-5.5843,1614120801.0,72409166.78,207783244.67,True,False
4579,1.003814,0.004424,0.947916,-0.9312,1797642222.95,214356197.79,284198190.76,False,False
4580,1.049699,-0.011994,0.940401,-1.8796,1879814379.93,230943666.6,300571819.37,False,False
4581,0.908416,-0.001582,1.035717,-17.9029,1626802712.09,52482428.03,249330854.55,True,False
4582,0.918826,-0.007922,1.011553,-6.7423,1645444793.87,69336303.99,211393312.43,True,False
4583,0.994005,-0.006695,1.015529,-1.2827,1780076588.97,135539137.21,232272171.28,True,False
4584,0.974925,0.008257,1.007724,2.8161,1745907773.68,150387035.53,222642659.53,True,False
4585,1.02885,-0.012404,0.9552,-7.3183,1842476573.96,200809945.12,307342438.9,False,False
4586,1.040221,-0.023612,1.042618,1.7082,1862840556.68,125232303.15,210290035.4,True,False
4587,1.068013,-0.030622,0.971789,0.7081,1912610335.84,188250692.63,258149970.64,False,False
4588,0.950851,0.021503,1.018813,0.9319,1702795381.54,142588460.07,226462345.39,True,False
4589,0.980316,-0.029456,1.065147,3.3005,1755562702.42,46614064.23,149672627.03,True,False
4590,0.9474,0.006667,1.025719,0.5173,1696615113.92,109048290.07,205598430.91,True,False
4591,1.077381,0.038855,1.002221,-5.7654,1929386911.05,307727572.54,373580616.93,False,False
4592,1.004203,0.025913,0.963245,-7.5848,1798339044.49,242003889.37,335782515.29,False,False
4593,1.043141,0.008379,1.001349,-6.7716,1868069835.0,218073672.62,316796853.3,False,False
4594,1.005996,-0.015008,1.034088,10.8985,1801549526.53,117526839.12,159975962.35,True,False
4595,0.901357,-0.003359,1.064074,-5.8164,1614160867.54,22247380.83,174700467.72,True,False
4596,0.845254,-0.007605,0.981635,4.4846,1513690490.4,26437598.25,133229450.48,True,False
4597,0.990098,-0.002374,1.036451,-2.0548,1773079436.94,124218232.61,228300045.41,True,False
4598,1.127649,-0.004916,0.977792,9.1025,2019407584.5,286411275.0,278249080.24,False,False
4599,0.965266,0.011118,1.030943,12.1531,1728609657.56,129255455.28,164187519.0,True,False
4600,0.940411,-0.03272,0.979322,1.636,1684099396.68,70667085.45,174355023.6,True,False
4601,0.983062,-0.008792,0.95879,-2.4027,1760479833.42,164092763.89,257021810.93,False,False
4602,0.949263,0.020984,0.988675,-4.4485,1699951334.61,162526432.8,265086526.09,False,False
4603,1.046993,-0.016073,0.923233,0.9233,1874968252.41,233619062.52,287967924.89,False,False
4604,1.048955,-0.002571,0.974479,2.7768,1878480793.24,222750654.07,271029531.79,False,False
4605,1.034068,-0.02028,1.032871,1.8712,1851821261.69,133312365.96,215008767.11,True,False
4606,0.900292,0.009482,1.063909,-8.6697,1612253564.01,42113765.37,200782496.17,True,False
4607,0.938445,0.01402,1.056544,-0.3038,1680578303.58,90368211.68,196699268.88,True,False
4608,1.161132,-0.036498,1.065816,-3.2035,2079368544.3,185560575.46,278281251.17,False,False
4609,0.90869,-0.008947,1.11773,-2.6882,1627292848.91,-19988821.98,132242505.72,True,False
4610,1.065117,0.012044,1.012486,-0.1623,1907424910.78,237032830.49,295880185.43,False,False
4611,0.947641,0.001791,1.028404,13.0401,1697047538.6,99007022.44,140545510.17,True,False
4612,0.911323,0.013746,1.006656,0.9325,1632008317.08,101641701.15,198796613.61,True,False
4613,0.849787,0.026582,0.975844,2.8996,1521809427.29,86792195.62,180779056.58,True,False
4614,1.093922,0.003322,1.026627,-0.5077,1959008313.56,236161123.61,297164409.3,False,False
4615,0.954617,-0.045332,0.889544,-3.3485,1709539939.07,127612509.48,236309867.93,True,False
4616,1.059142,-0.031084,1.01145,2.2543,1896723837.83,150462315.59,224449562.62,True,False
4617,0.94897,0.002536,1.011456,0.1449,1699427799.25,114030550.19,210716184.29,True,False
4618,1.051083,9.7e-05,1.019247,3.0166,1882292485.58,196537499.55,251938784.28,False,False
4619,0.864405,0.011719,0.952396,1.1307,1547986234.24,95072849.59,193704230.07,True,False
4620,1.092354,0.006037,1.014963,5.5274,1956200491.65,248683363.79,273331008.03,False,False
4621,0.961749,0.003012,0.948679,0.8948,1722312528.26,172960052.94,247240429.06,False,False
4622,0.975982,0.007361,1.052257,5.2776,1747800157.11,116815312.99,188012719.59,True,False
4623,0.934662,0.009785,1.040339,3.5723,1673804850.08,91762695.6,179866954.72,True,False
4624,0.959321,0.002123,1.012807,-3.9559,1717964127.92,121733382.38,235247872.54,True,False
4625,1.029404,-0.010755,0.938616,-1.7935,1843470017.2,216619237.65,290209032.9,False,False
4626,1.036956,0.002839,1.013013,-1.2004,1856993802.89,193459026.72,271509486.35,False,False
4627,0.996185,-0.008156,0.979449,-1.2125,1783981046.94,161598638.46,249663326.94,False,False
4628,1.094474,0.020585,0.970035,11.7854,1959997626.08,312408894.88,283002175.54,False,False
4629,1.054594,0.025532,1.063039,-9.0144,1888580629.8,215320741.43,326910391.21,False,False
4630,1.078936,0.009284,1.07141,4.2422,1932171609.81,200868959.23,247983969.48,False,False
4631,0.916224,0.016553,0.942996,1.1994,1640785094.56,157944863.6,235860735.99,True,False
4632,0.922387,-0.012085,0.997938,3.3901,1651822683.14,75712940.64,169992893.23,True,False
4633,0.846865,0.014199,0.891503,3.2516,1516576381.74,127686265.08,207166201.29,True,False
4634,0.97944,0.011821,1.02743,3.6212,1753992579.06,146196719.98,215862241.36,True,False
4635,0.982266,0.015126,1.05986,5.8655,1759054251.34,130613740.29,194399345.08,True,False
4636,0.965258,0.016217,1.05496,5.3822,1728596189.98,120276559.8,190148670.03,True,False
4637,0.897925,0.034419,0.974234,2.8591,1608015274.24,146438417.69,220832290.38,True,False
4638,1.058563,0.005568,0.955574,0.2663,1895687702.59,260830861.6,309831668.17,False,False
4639,0.960224,-0.018197,0.98347,-3.4367,1719581438.15,109338025.73,224390625.28,True,False
4640,1.091791,0.009746,1.001667,0.8784,1955191865.69,265264317.98,309524420.14,False,False
4641,1.020182,-0.004519,0.89843,0.0946,1826954072.62,249605001.3,303107770.35,False,False
4642,0.952583,0.023004,1.038794,-4.4987,1705897118.68,131986472.81,244626037.07,True,False
4643,0.920652,0.047165,1.013849,1.3823,1648714448.42,160085111.59,236463866.18,False,False
4644,0.939293,-0.011772,0.98183,1.1942,1682097105.74,103100805.99,198455053.71,True,False
4645,1.035723,-0.021254,0.945022,0.1274,1854785650.23,197999477.33,267842030.48,False,False
4646,1.084799,0.003721,1.033183,-0.1473,1942671941.17,223774110.31,286800268.5,False,False
4647,1.085732,0.002502,0.91251,1.3106,1944342188.07,311616091.15,338767452.22,False,False
4648,0.965371,0.007964,0.986118,-3.1747,1728797248.5,157093082.63,255709875.45,True,False
4649,0.958778,-0.015915,0.99127,11.0208,1716991838.07,106217547.97,154234976.14,True,False
4650,0.992148,-0.005776,0.985264,0.9352,1776750210.21,157926379.16,236687440.3,True,False
4651,1.024904,-0.010677,1.007151,-3.1659,1835410180.86,162025042.44,259946891.4,False,False
4652,0.988308,0.017839,0.940151,-2.8593,1769873553.22,229694222.08,303906837.13,False,False
4653,0.998632,-0.001364,0.962445,-6.1039,1788362775.81,188514492.88,291946403.7,False,False
4654,1.074046,0.011567,0.955297,5.1725,1923415225.06,286739393.2,301575541.37,False,False
4655,1.019524,0.017835,1.030539,-0.048,1825775194.47,191995262.59,264646663.56,False,False
4656,0.916658,0.038786,1.03841,7.1411,1641561829.13,124189129.41,186181743.73,True,False
4657,0.869027,-0.001755,0.947274,4.5098,1556263582.6,82175578.74,170500602.3,True,False
4658,1.039153,-0.024268,0.987386,-0.9247,1860928692.97,163992131.13,250078844.75,False,False
4659,0.954355,-0.014648,0.969511,3.4305,1709070052.82,120619478.21,199808324.29,True,False
4660,0.870508,-0.006608,0.994003,-2.9642,1558916765.78,41342181.89,174622735.17,True,False
4661,0.861668,0.009646,0.924037,-6.6117,1543085381.88,110340518.63,236833147.98,True,False
4662,1.029682,0.010157,0.954874,5.8278,1843967769.95,243387964.01,269911623.66,False,False
4663,1.069303,-0.035155,0.945115,-8.1211,1914920259.98,200419465.54,312741084.7,False,False
4664,1.043575,0.010231,1.011016,-7.9616,1868846847.37,214774672.31,320661097.18,False,False
4665,1.053314,0.022015,1.056975,4.4411,1886287634.41,211961148.9,255032090.7,False,False
4666,0.955595,0.007256,0.976963,5.8827,1711291425.5,153676800.57,210769339.94,True,False
4667,1.011497,-0.013997,1.062008,-5.9074,1811400270.79,103511589.23,233554764.62,True,False
4668,0.974915,-0.032049,1.038689,-6.6911,1745890225.76,57078436.35,204668749.38,True,False
4669,0.899794,-0.005866,0.975431,7.4758,1611362670.33,82445474.55,156909412.11,True,False
4670,0.992641,-0.026032,0.982382,0.8588,1777633205.93,124492712.41,214322590.39,True,False
4671,1.057705,-0.007953,0.928676,-4.6972,1894151075.19,254352777.91,331185798.06,False,False
4672,0.995494,0.014686,1.07865,-3.1642,1782742603.97,128241226.34,236508720.99,True,False
4673,0.9724,0.003305,0.948438,-3.5823,1741385220.13,183344549.2,275615111.36,False,False
4674,1.013155,0.01678,1.022468,2.1225,1814370264.4,190093060.41,252562495.34,False,False
4675,0.990338,-0.016446,1.076226,0.6951,1773508763.95,70023536.11,178088659.94,True,False
4676,1.015994,-0.041441,0.987025,2.8084,1819454533.1,113063910.58,196734038.69,True,False
4677,0.998939,-0.007241,0.974748,4.861,1788911587.1,169167691.0,225059609.84,False,False
4678,0.951992,0.026684,0.989327,0.0067,1704838964.08,174334408.24,252366056.42,False,False
4679,1.069483,0.0437,1.005237,0.2558,1915242700.98,307075481.07,341319033.48,False,False
4680,0.995673,-0.034804,0.992043,9.0607,1783062950.28,104300065.31,160511632.41,True,False
4681,1.05244,-0.014883,0.964885,-6.4588,1884723140.55,209790104.62,309857951.46,False,False
4682,1.012484,-0.018214,0.941653,3.1935,1813168757.48,185861502.21,244371918.49,False,False
4683,0.986967,0.027761,0.896727,5.1526,1767473399.55,278132532.66,298029063.49,False,False
4684,1.108366,-0.022049,0.92368,-3.8373,1984875054.16,275195980.88,341850704.05,False,False
4685,1.154427,0.015881,0.989114,13.1778,2067361270.1,345017795.35,293823077.97,False,False
4686,1.016584,0.000678,0.954702,-2.7786,1820511365.0,214167289.88,293342443.92,False,False
4687,0.892346,0.028598,0.987242,-3.956,1598023506.64,122110979.57,234205512.54,True,False
4688,1.050999,-0.012385,0.937075,-1.1966,1882140968.45,233819478.19,299017461.81,False,False
4689,1.046592,0.013327,1.035912,7.2938,1874248920.49,204926146.7,235746551.59,False,False
4690,0.855762,-0.020296,0.989336,4.0741,1532508781.15,10651798.31,123987194.84,True,False
4691,0.91188,-0.014004,0.992721,-5.1349,1633006087.96,67162437.06,202493736.36,True,False
4692,1.015539,0.003832,1.037072,3.7267,1818639782.81,157959716.77,222693817.52,True,False
4693,1.087312,0.003206,0.982534,2.9556,1947172048.83,262568996.89,296629785.75,False,False
4694,1.102991,-0.030541,0.967711,5.888,1975249865.62,221165171.13,252378215.78,False,False
4695,1.078779,0.00022,0.951122,-1.4451,1931889940.85,272290328.64,326656167.76,False,False
4696,0.952168,0.015241,0.95061,-2.3769,1705154022.98,183661198.62,269843399.56,False,False
4697,0.960865,-0.031601,1.046931,-3.4181,1720728226.69,39837595.05,177053599.26,True,False
4698,0.992996,-0.021788,1.024295,4.478,1778268682.23,101306430.16,180921691.87,True,False
4699,1.040271,0.002393,0.977348,8.1416,1862929125.95,222054899.6,243293315.73,False,False
4700,1.094693,0.02211,1.06494,1.0944,1960390297.82,245325633.0,294793551.75,False,False
4701,0.997706,-0.000483,1.030286,-0.0182,1786704715.09,139015077.32,228469105.95,True,False
4702,1.068044,0.001087,0.990997,0.5212,1912667077.88,234702674.86,290716513.79,False,False
4703,1.031167,0.02037,0.96631,-9.4855,1846625816.72,255149053.4,355340947.77,False,False
4704,1.007587,0.004499,0.932878,-0.1899,1804398457.78,229071086.38,290557073.71,False,False
4705,0.977159,0.00991,0.959513,0.8769,1749907596.93,191036130.77,259550167.58,False,False
4706,0.923184,0.034064,1.000326,-2.2671,1653248266.66,150944009.12,246760489.33,True,False
4707,1.027116,0.020436,0.970842,-4.9111,1839372212.98,248102194.82,327308251.32,False,False
4708,0.908208,-0.00657,1.053186,0.0126,1626429589.48,31246329.22,155041361.1,True,False
4709,0.954071,-0.036238,1.045913,4.3245,1708562775.03,26904830.9,131902337.39,True,False
4710,0.913868,-0.023636,1.049325,2.1993,1636566425.89,11231366.0,131626070.14,True,False
4711,0.943799,0.003486,0.979379,-11.1968,1690166282.87,134686755.92,277284877.49,True,False
4712,1.093733,-0.001982,1.011699,-3.7696,1958669964.93,236656655.97,315004897.55,False,False
4713,0.96402,0.007008,0.982201,5.8222,1726378128.82,157101861.76,213141244.92,True,False
4714,0.967436,-0.023327,0.988845,2.3475,1732495383.8,102759977.83,192583972.0,True,False
4715,1.119788,-0.004914,0.992827,-6.8642,2005330701.5,268237083.39,353963326.41,False,False
4716,0.913439,0.015248,0.964249,-0.6171,1635798114.71,137468714.23,230094460.88,True,False
4717,1.003452,-0.023922,1.059178,0.9438,1796993878.69,80693354.49,184074902.01,True,False
4718,0.970583,-0.008895,0.973777,2.4903,1738131343.71,141719957.64,218360448.04,True,False
4719,0.981262,0.009277,1.09595,1.148,1757256381.68,92673743.35,191341141.48,True,False
4720,0.993929,0.004301,0.908237,2.1587,1779940884.92,234497850.82,282781526.0,False,False
4721,1.016945,0.024723,0.922091,-1.5841,1821156847.05,282433617.33,333808499.86,False,False
4722,0.919882,-0.011538,0.991297,-3.6786,1647335085.11,79318163.97,204388842.74,True,False
4723,0.92786,-0.010799,0.99538,2.4921,1661623326.28,84578560.96,180018294.72,True,False
4724,0.951345,-0.000118,0.957503,-6.4799,1703680611.3,151622691.46,267198849.02,True,False
4725,0.960497,0.002962,0.914185,3.4653,1720070446.08,197278800.54,251669287.24,False,False
4726,0.877513,0.006886,0.972256,-0.6799,1571460918.44,84907989.52,194514541.88,True,False
4727,1.096766,0.002336,1.023547,-2.7103,1964101474.34,239096124.85,311019800.11,False,False
4728,1.033856,-0.022771,1.055173,-4.0892,1851441845.02,112001760.37,230753379.43,True,False
4729,1.151755,-0.023664,1.034816,-1.0263,2062577283.24,227115811.18,294088267.3,False,False
4730,0.96689,0.01811,0.99343,1.6413,1731517515.07,170642699.11,242100643.3,False,False
4731,1.002815,-0.009117,1.061859,-5.6271,1795853018.47,104747736.01,232764421.16,True,False
4732,0.876146,0.006055,0.978435,-7.132,1569012394.65,77773431.28,217393762.2,True,False
4733,0.945632,0.022359,0.979699,0.149,1693449176.89,168080861.13,247453455.69,False,False
4734,1.045589,-0.018414,1.044154,4.0507,1872453695.11,138459414.1,207222296.77,True,False
4735,0.992291,-0.005717,0.936834,-8.1136,1777007407.11,194022442.17,305286242.8,False,False
4736,0.941494,3.8e-05,1.008811,2.5984,1686039479.9,104977482.76,193231789.37,True,False
4737,1.227964,0.008084,1.067971,-1.3142,2199052849.09,338111831.34,371683675.13,False,False
4738,0.959553,-0.000274,0.947464,2.1039,1718379963.77,166213695.49,236970243.61,False,False
4739,0.891328,0.011401,1.00418,-7.225,1596200974.56,81145443.45,220624732.09,True,False
4740,1.078264,-0.014909,1.104242,-7.1424,1930968628.64,129220855.04,259505763.94,True,False
4741,0.962956,-0.035964,1.064663,3.0588,1724473953.07,20956101.4,133648614.99,True,False
4742,1.03321,-0.014865,0.910462,-1.2824,1850284688.4,233235192.74,298950583.95,False,False
4743,0.93581,0.011503,0.975516,-5.6958,1675859687.12,143703983.08,257720457.82,True,False
4744,1.103312,0.031087,1.014181,-1.1089,1975824927.64,308791020.04,349830255.46,False,False
4745,0.935701,-0.014015,0.986943,7.4079,1675665521.02,92381974.17,162661145.37,True,False
4746,0.998103,0.013694,1.030019,6.0326,1787414642.44,164912123.53,216448320.72,False,False
4747,0.938097,-0.011705,0.983718,6.2965,1679954782.32,100756881.05,173384114.0,True,False
4748,1.066357,-0.011518,0.956336,0.1346,1909645148.47,234768587.8,292788464.42,False,False
4749,1.078868,-0.005464,0.994534,4.7441,1932049294.12,229241987.54,264622418.88,False,False
4750,1.052101,-0.012106,0.907573,5.7938,1884114722.96,257164209.62,278814235.9,False,False
4751,0.981484,-0.002402,0.982456,6.6322,1757652707.17,156395761.08,208261603.73,True,False
4752,0.793147,0.02031,1.009635,7.342,1420376688.43,-1090118.83,104537520.06,True,False
4753,1.075183,0.015273,0.99532,-1.6373,1925450045.79,265289174.34,322883539.07,False,False
4754,0.948656,0.009965,1.05457,-8.6979,1698864172.75,94438006.16,238551491.4,True,False
4755,0.922313,0.009189,0.992079,-0.0503,1651690081.13,115124633.22,212362216.52,True,False
4756,0.901369,-0.003109,1.080288,-6.8419,1614182613.09,10653740.36,171352254.08,True,False
4757,1.031551,-0.007054,0.951743,-2.8746,1847314774.23,215638219.72,295032467.1,False,False
4758,0.993784,-0.007647,1.040393,-2.3049,1779681103.87,115235696.61,223448434.89,True,False
4759,1.064846,-0.000464,1.014979,3.4457,1906939152.01,211085415.64,259385737.55,False,False
4760,1.020854,-0.007751,1.02688,0.9071,1828157395.29,149177965.01,230747780.49,True,False
4761,0.93972,0.029729,0.899503,-4.6832,1682861418.15,234285240.31,314756278.59,False,False
4762,0.942189,0.026877,0.988679,2.6527,1687284403.48,165801007.61,234332091.95,False,False
4763,1.11553,-0.005399,0.952498,-0.8267,1997704814.9,293317312.12,337830288.74,False,False
4764,1.067436,0.007466,0.951293,0.6142,1911577387.38,275746953.67,318140947.84,False,False
4765,1.043949,0.008731,0.96466,4.6142,1869516230.14,246643916.82,277933847.2,False,False
4766,0.93528,-0.016343,0.954587,-3.2992,1674910196.11,112071558.63,225197902.7,True,False
4767,0.943194,0.005845,0.952223,4.7666,1689083813.39,158230743.98,219388786.01,True,False
4768,0.988656,-0.004623,1.03151,4.8778,1770496780.71,122596085.92,193554762.17,True,False
4769,0.860721,-0.015449,0.978952,9.5961,1541389920.73,30119588.04,113806918.79,True,False
4770,0.965999,-0.009157,1.053148,-3.0649,1729922608.26,78413736.73,201697457.96,True,False
4771,0.963857,-0.018478,0.966438,-4.1537,1726086618.5,124633707.88,238243897.83,True,False
4772,0.961642,0.010018,0.976865,6.2081,1722120377.61,164056218.91,216117297.1,False,False
4773,0.97512,0.024819,1.031751,4.4981,1746256456.72,161694095.0,222281870.17,False,False
4774,1.035799,-0.043671,0.976979,-0.0653,1854920857.23,132818747.02,224498696.76,True,False
4775,0.958997,0.014955,0.967676,0.3037,1717382648.31,176898192.39,252711527.42,False,False
4776,0.940898,-0.008909,1.063268,-7.2507,1684972196.36,49035720.94,200666079.23,True,False
4777,1.079178,-0.01385,0.975977,7.3401,1932605248.4,227053323.96,249381921.03,False,False
4778,0.975146,-0.003091,0.988212,-4.2938,1746303032.51,145222522.2,253144623.51,True,False
4779,0.880656,0.021063,1.063722,4.4925,1577090158.64,42414603.31,143280586.48,True,False
4780,1.014078,-0.046239,1.061934,6.0065,1816023945.67,47284805.03,136118727.33,True,False
4781,0.880107,0.041561,0.972257,-3.3538,1576105666.84,141937995.17,244849609.15,True,False
4782,0.979868,0.007909,0.961716,-4.6703,1754759840.31,188392412.76,284409424.13,False,False
4783,0.958149,0.012648,1.025114,9.3913,1715864080.43,129614297.39,177839157.44,True,False
4784,0.925385,-0.008658,1.016248,-3.8368,1657190986.57,70480828.7,199196804.41,True,False
4785,1.096109,-0.000147,1.041467,-8.8556,1962925618.76,220356391.35,331316683.51,False,False
4786,0.926937,0.004794,1.012901,1.8328,1659970309.93,96670622.11,191250508.88,True,False
4787,1.114057,-0.012187,1.012114,0.346,1995066809.06,234308064.93,291288136.44,False,False
4788,0.983804,-0.007526,0.973962,-1.8978,1761807738.16,155748583.72,248919265.78,True,False
4789,1.013782,0.011231,0.978939,2.0574,1815493347.08,212839881.67,268347754.99,False,False
4790,1.164356,0.029684,0.942467,3.8981,2085142638.24,417610532.54,395556580.51,False,False
4791,1.043278,0.00898,0.942057,-2.6764,1868315397.3,263230433.0,326546410.22,False,False
4792,0.98409,-0.009146,0.941957,-0.6575,1762320795.31,176848910.63,257281725.9,False,False
4793,0.961323,-0.00812,1.065212,2.1376,1721548146.92,67110822.98,169403175.8,True,False
4794,1.054058,0.023294,0.957482,1.6073,1887619049.64,288754756.47,321891040.82,False,False
4795,0.996777,0.000311,1.002799,-6.1471,1785041035.71,159946729.58,272676023.66,False,False
4796,1.04837,-0.00113,0.965849,0.735,1877433800.19,231320925.64,287367808.95,False,False
4797,0.894594,-5.5e-05,1.028594,-1.3073,1602049715.7,47734919.39,172047698.13,True,False
4798,1.045488,0.021598,1.077574,-6.1873,1872272641.28,188536476.36,293792437.43,False,False
4799,0.921113,-0.006983,0.992838,7.6813,1649540795.45,86780264.32,158146628.71,True,False
4800,0.907996,0.035622,0.919755,-4.2616,1626050953.67,198473872.8,287797427.91,False,False
4801,0.969912,-0.039106,0.994346,-2.7182,1736930276.58,73417208.27,196708804.05,True,False
4802,0.918363,-0.024083,1.037061,-7.0325,1644616293.64,23454429.85,181486011.94,True,False
4803,1.006352,0.049413,1.121131,-12.9757,1802187888.76,169479634.17,313163528.4,False,False
4804,1.043844,-0.015788,0.998808,-5.1416,1869328921.31,175425718.44,279471882.02,False,False
4805,1.045494,0.009461,1.019911,2.8087,1872282543.99,208519185.82,261235404.55,False,False
4806,1.077161,-0.024437,0.985942,-3.1982,1928992933.83,197477043.49,285036512.27,False,False
4807,0.970688,0.004262,0.985199,-4.6167,1738320635.56,156226790.02,262071481.34,True,False
4808,0.948297,-0.039556,1.054171,-3.4354,1698221144.25,10304813.37,156841161.97,True,False
4809,0.947778,0.003132,0.9683,3.5623,1697291605.5,145914728.93,216506728.2,True,False
4810,1.028444,-0.013905,0.932069,2.3337,1841749435.52,214816149.39,268149437.39,False,False
4811,0.98091,-0.018577,0.955708,-4.9101,1756626148.6,147273358.91,257626482.9,True,False
4812,1.06631,-0.004223,0.919464,4.9007,1909561101.82,275961169.17,295864540.27,False,False
4813,0.977263,-0.01278,1.05012,0.6744,1750095099.46,84324192.76,187956819.01,True,False
4814,1.026253,-0.022558,0.958842,6.1994,1837826527.99,177160094.56,223104087.41,False,False
4815,1.166183,0.012289,0.960372,0.588,2088414765.13,369774586.02,381932547.88,False,False
4816,1.07705,-0.009641,1.075075,1.2347,1928794586.48,159913476.06,236066310.59,False,False
4817,0.981794,-0.004529,1.016944,2.4451,1758208130.06,127395275.11,208700676.82,True,False
4818,0.980104,0.010125,0.957428,0.1442,1755182556.88,195674542.32,266215365.8,False,False
4819,0.989458,-0.04024,1.00649,0.2808,1771933764.06,78733232.67,186025120.52,True,False
4820,0.879922,-0.013413,1.015918,3.2008,1575775793.13,22797197.3,135533333.75,True,False
4821,1.12124,0.007863,0.997572,-4.3777,2007929799.07,291680007.51,356274707.99,False,False
4822,1.010907,0.008492,0.951201,-0.9107,1810345393.36,225762224.28,291885370.76,False,False
4823,1.058153,-0.007262,1.003172,-2.526,1894953880.62,200894980.64,283572429.3,False,False
4824,1.011949,-0.019374,1.022593,-1.7516,1812211342.88,123353804.42,226427354.94,True,False
4825,0.983073,-0.032958,1.028769,-1.5752,1760499414.6,69736910.62,188868796.55,True,False
4826,1.024052,0.022038,0.987661,-2.3025,1833884790.13,235698420.86,305693263.14,False,False
4827,0.958287,0.012497,0.980539,5.5106,1716111803.28,162493334.54,218436424.57,False,False
4828,1.029057,-0.022664,0.975463,-0.8591,1842847759.03,167080619.23,251802030.74,False,False
4829,0.956763,-0.003258,0.945467,-5.2948,1713383432.97,160058048.06,267544039.56,False,False
4830,0.907918,-0.017383,0.911357,6.1966,1625910624.19,118435299.04,186783064.74,True,False
4831,0.890025,0.005837,1.033545,6.3443,1593867535.38,49325672.66,139687352.63,True,False
4832,1.054836,0.028872,1.002913,4.8157,1889012273.68,266384894.62,290068613.01,False,False
4833,0.9199,0.015446,0.995531,-2.379,1647367859.87,120652379.32,226630849.03,True,False
4834,0.978757,-0.001046,1.013655,-1.6848,1752770298.46,133212721.66,232525016.49,True,False
4835,1.045089,-0.0033,0.970869,4.5042,1871557952.11,220578764.87,260748028.36,False,False
4836,0.947022,0.006703,0.994573,-2.643,1695939069.48,131828830.6,235773835.06,True,False
4837,1.064684,-0.013442,1.024651,7.2802,1906649021.94,179031615.86,217561655.74,False,False
4838,0.942544,0.02409,1.025971,2.5264,1687920070.66,133818185.26,213163005.31,True,False
4839,0.961777,0.012321,0.991119,-2.5442,1722362313.13,157590082.3,253016562.67,True,False
4840,1.062859,-0.006151,0.907419,2.7503,1903381607.4,278115936.15,308626643.31,False,False
4841,0.970437,0.034256,0.992649,1.1768,1737870651.71,202605621.75,266018556.59,False,False
4842,1.093402,0.013129,0.913611,-4.3097,1958077444.38,338583554.39,387206379.53,False,False
4843,1.066527,-0.010829,0.973806,-6.105,1909949427.97,223298052.35,317638542.81,False,False
4844,1.030798,-0.003214,0.947562,4.7832,1845965376.62,225150885.11,262761611.78,False,False
4845,0.96083,-0.020088,0.974913,-5.9139,1720665484.01,112949790.59,238534679.33,True,False
4846,0.962394,-0.026593,0.956036,7.2235,1723466383.72,117075284.68,179352996.45,True,False
4847,1.015313,0.008267,0.997369,4.7872,1818234259.15,195218793.62,242751630.58,False,False
4848,1.049461,-0.013013,1.079015,5.1379,1879388004.47,126170731.49,193190897.36,True,False
4849,1.072442,0.009724,1.024638,2.5097,1920541430.56,230365433.93,277292933.63,False,False
4850,1.063192,-0.010836,0.961835,6.8258,1903977487.98,229196845.24,254097952.92,False,False
4851,1.048928,-0.008279,0.920516,-8.3371,1878432795.26,251966006.87,348092549.0,False,False
4852,1.070037,-0.020988,0.981683,3.1791,1916234985.7,201106028.43,253911940.56,False,False
4853,1.010336,0.001811,0.955967,-0.87,1809322089.59,209619489.87,280703739.86,False,False
4854,1.095711,-0.031537,0.991857,-6.8099,1962213250.98,195139155.83,303154313.53,False,False
4855,1.050085,0.008196,1.018575,1.6795,1880504816.41,211360600.87,268921978.26,False,False
4856,1.065682,0.027984,0.996996,0.2621,1908436822.53,279449164.36,322504877.54,False,False
4857,1.161733,-0.03459,0.964907,1.9193,2080445181.54,264760520.27,302947360.26,False,False
4858,0.862101,0.012668,0.991511,3.8188,1543861554.52,65438466.89,162195369.83,True,False
4859,1.121189,0.00991,0.987678,2.2831,2007839545.12,303070026.88,327378167.54,False,False
4860,0.895398,0.00158,0.987521,-0.3217,1603489874.57,81500717.53,190683708.18,True,False
4861,1.048866,-0.014666,1.068166,8.046,1878322389.89,130574713.86,181235360.89,True,False
4862,0.982004,-0.010638,1.061605,-4.1512,1758584461.38,83767720.57,210812501.42,True,False
4863,0.921066,0.012567,1.061048,-3.7887,1649455601.0,68473436.43,197533326.12,True,False
4864,1.008354,0.020392,1.00651,0.8295,1805771772.91,203942242.87,268426678.06,False,False
4865,0.993174,-0.031979,1.06064,-2.3555,1778588585.44,56421222.63,183694245.21,True,False
4866,1.126673,-0.022851,0.933605,-1.5746,2017660059.81,282072118.91,334362977.17,False,False
4867,1.011369,-0.014421,0.95556,10.3258,1811171709.58,181460000.58,206004824.55,False,False
4868,0.948491,0.004505,1.067988,2.2032,1698568753.19,75075617.34,174648602.78,True,False
4869,1.003631,-0.002842,0.978429,0.2464,1797315195.85,178533711.14,254039427.75,False,False
4870,1.109905,0.006641,0.999585,5.4484,1987632163.01,277344232.15,292774162.83,False,False
4871,1.01886,-0.009254,0.954738,3.8744,1824586150.46,198080563.42,249177325.81,False,False
4872,1.173449,0.010865,0.995331,-5.2491,2101426125.47,347626688.94,400457084.44,False,False
4873,0.9038,0.033951,0.998189,7.3008,1618536710.01,133621923.2,192338439.24,True,False
4874,0.973398,0.008467,1.013157,4.2163,1743173714.74,145325828.66,212535232.83,True,False
4875,0.925489,0.015301,1.006541,3.1357,1657377003.73,117470256.29,199491098.48,True,False
4876,0.977396,-0.008095,0.934315,-0.7424,1750331946.39,178399097.98,258721422.39,False,False
4877,0.909084,-0.01217,1.095693,3.8826,1627998126.37,-8566851.1,110706935.19,True,False
4878,1.050917,-0.007239,0.962127,-3.4405,1881995328.93,224879349.0,304507422.99,False,False
4879,1.053103,-0.017156,1.095002,5.9028,1885909828.83,109728713.42,177966265.15,True,False
4880,0.960719,-0.004942,0.978393,5.5189,1720466837.5,136333194.11,200542600.83,True,False
4881,1.101346,-0.001824,1.030045,0.4747,1972304330.36,230243650.49,287850536.77,False,False
4882,1.028793,-0.015229,1.044,1.4125,1842374353.57,129795683.99,214981151.34,True,False
4883,1.147181,-0.028607,0.991573,-0.1554,2054384953.15,245037071.86,301349939.52,False,False
4884,0.992486,-0.011579,1.013262,0.6459,1777356808.09,127182300.31,217188533.08,True,False
4885,1.017526,0.023537,1.014819,-5.4242,1822197704.92,212156921.41,305195879.62,False,False
4886,0.925271,-0.003839,0.986764,0.0057,1656985955.6,100198210.83,201958944.7,True,False
4887,0.973951,0.002537,0.95837,14.1129,1744162739.73,176062151.22,186133486.46,False,False
4888,1.082974,0.011034,1.029263,0.9254,1939402951.91,239194079.41,291584658.55,False,False
4889,0.944215,0.002892,0.932141,0.846,1690911889.26,169042745.14,244879844.59,False,False
4890,0.985191,-0.024601,1.080079,-1.9705,1764291836.7,48276561.48,176202881.01,True,False
4891,0.888315,-0.008807,1.045629,-3.2334,1590806105.62,15517249.96,158494105.71,True,False
4892,0.986392,0.012492,0.93395,-2.8736,1766442609.87,223047100.14,299429160.27,False,False
4893,1.027558,-0.026224,0.956318,-3.2364,1840162631.89,173411241.0,268086166.51,False,False
4894,1.104423,0.004494,1.019144,-5.8391,1977814722.29,253587126.97,337929109.3,False,False
4895,0.993488,-0.044059,0.966862,1.3069,1779150509.38,104639993.25,198634612.81,True,False
4896,0.998464,0.019714,0.966455,-0.3824,1788060828.3,223082749.85,287419582.92,False,False
4897,0.928343,-0.010412,1.034083,-7.2618,1662487762.79,56989065.41,205678042.99,True,False
4898,0.991614,-0.005138,1.064134,6.1237,1775794696.26,100176114.96,172176891.2,True,False
4899,1.055781,-0.019332,1.110297,-7.732,1890704745.46,96628935.48,239609661.95,True,False
4900,0.993803,0.013062,0.995614,3.1816,1779714917.01,185268030.7,244318730.08,False,False
4901,0.989883,-0.031295,0.962173,-11.6274,1772694124.1,127762905.13,277199233.6,True,False
4902,1.065936,0.009478,1.079081,-6.3971,1908891652.81,183577614.19,292138539.91,False,False
4903,1.081019,-0.019772,1.026701,0.888,1935902249.2,179647857.78,251300623.82,False,False
4904,0.985772,-0.027374,1.000503,1.6619,1765333144.95,102809701.0,195722550.41,True,False
4905,1.020806,0.013975,0.888713,-0.3682,1828071309.34,291167892.98,333688196.88,False,False
4906,0.978854,-0.01846,0.928799,-12.2637,1752943665.65,165613318.46,305364269.96,False,False
4907,0.935357,-0.004347,1.016611,-1.7628,1675048137.33,86302258.83,200625120.93,True,False
4908,1.0259,0.009842,1.036062,2.6789,1837193608.39,179194805.26,242218486.62,False,False
4909,1.023786,0.014554,0.963569,-6.3414,1833408723.32,239567789.69,328608989.18,False,False
4910,1.073304,0.000269,0.99209,8.599,1922085869.13,237090364.76,249788944.13,False,False
4911,0.937405,0.013339,0.977947,0.6627,1678716908.0,146462885.57,230396924.71,True,False
4912,1.041992,-0.011758,1.019631,-1.667,1866011150.4,165903220.25,255186296.85,False,False
4913,1.019513,-0.004884,0.970159,0.1053,1825756803.0,195220860.98,266073422.3,False,False
4914,1.058205,0.017775,0.970021,5.1953,1895046222.59,272935968.85,292472816.2,False,False
4915,1.036335,-0.003069,0.91989,-4.6778,1855881302.21,250890858.48,328240475.69,False,False
4916,0.932731,-0.029152,0.996357,-5.0079,1670345900.07,57512980.72,195876136.96,True,False
4917,0.993861,0.004143,0.995972,5.2966,1779818939.66,169182432.75,223066722.18,False,False
4918,0.911244,0.013223,0.942996,-3.0692,1631866215.24,147856441.13,248114059.46,True,False
4919,1.030867,-0.007719,1.030231,4.1878,1846088388.88,155675100.64,218527840.79,True,False
4920,1.038844,-0.010755,1.037941,-1.42,1860374204.07,151426869.52,244057735.8,True,False
4921,1.032457,-0.004013,1.010853,-5.2978,1848936885.65,178296224.2,281927809.81,False,False
4922,1.008389,-0.023986,1.013456,5.6981,1805835147.0,118693780.21,186370141.06,True,False
4923,0.9744,-0.008631,1.06042,-2.3744,1744968208.17,81411810.81,200561482.44,True,False
4924,1.086408,0.002432,1.004988,1.9041,1945552726.77,243611270.28,289355994.81,False,False
4925,0.827715,0.00997,1.053188,5.2194,1482282338.55,-16131471.58,101684159.21,True,False
4926,1.050337,-0.004224,1.018524,-6.0436,1880956086.69,188268732.27,293017213.37,False,False
4927,1.093443,0.039576,1.002297,1.759,1958151650.9,324733505.45,345231919.84,False,False
4928,0.999027,0.037265,1.064841,4.8439,1789068923.59,182152552.14,233970775.04,False,False
4929,0.891959,0.026697,0.990281,-11.1591,1597331141.53,116454782.74,261874276.99,True,False
4930,1.007224,-0.035078,0.991633,-4.8321,1803748830.05,113843490.68,235142470.38,True,False
4931,1.023103,0.000209,0.962674,-8.9485,1832185749.4,213312442.47,323821157.73,False,False
4932,1.002204,-0.002033,0.960167,-3.7633,1794759538.68,192225650.12,283067906.44,False,False
4933,1.0789,-0.000304,1.009486,1.0682,1932107530.62,228167105.43,283348943.21,False,False
4934,1.06615,-0.006436,0.977425,8.0488,1909274072.69,228670760.37,247243569.47,False,False
4935,0.969245,-0.016821,1.001723,-5.8608,1735735083.15,106077929.35,233853610.01,True,False
4936,1.081886,-0.015964,1.041471,4.3109,1937454928.29,176842341.88,231219770.49,False,False
4937,1.003458,-0.02788,1.041549,-5.9347,1797005517.12,86641584.43,221984742.67,True,False
4938,1.059554,-0.026024,0.963097,0.5082,1897463014.89,196222761.7,264639611.67,False,False
4939,0.995849,-0.025455,1.072332,0.3573,1783377826.51,61664781.84,174036223.35,True,False
4940,0.957531,0.01843,1.033695,-0.9507,1714759035.43,132602019.71,228485878.69,True,False
4941,0.976882,-0.019615,0.969183,-0.6414,1749411931.23,131968204.21,226662636.31,True,False
4942,0.986851,-0.016492,1.006424,4.0134,1767264094.24,118579667.92,195052087.63,True,False
4943,0.904686,-0.000759,1.137095,-1.5651,1620123198.68,-24622274.91,124053589.73,True,False
4944,0.956296,-0.025051,0.959476,-0.5773,1712547370.92,111942243.25,212679135.91,True,False
4945,1.011107,0.015701,0.990249,-8.7349,1810702551.03,210083125.65,320038826.85,False,False
4946,0.96778,-0.006786,1.053646,-5.1501,1733113060.4,83737593.36,215245233.65,True,False
4947,0.846742,-0.021266,0.973356,0.0145,1516355021.33,13179809.44,142751944.2,True,False
4948,1.012232,-0.00577,0.974593,1.8398,1812716679.98,183805052.82,249700447.48,False,False
4949,1.035991,-0.006682,1.016881,-2.5425,1855266122.25,172052279.89,263768734.96,False,False
4950,1.148669,-0.026561,0.961107,-2.1599,2057050301.53,273077471.11,331715125.95,False,False
4951,1.002022,0.015095,1.071035,7.3648,1794433953.76,140695676.75,193315909.14,True,False
4952,0.937307,0.001511,0.971793,7.5087,1678540434.63,131073431.76,188449265.9,True,False
4953,1.06148,0.008986,0.993736,-4.548,1900910798.58,241735684.42,321916033.05,False,False
4954,0.957984,0.016449,1.019903,-3.9449,1715570051.33,139841550.1,247484154.03,True,False
4955,1.047488,0.018834,0.952558,-2.5216,1875854105.68,277815489.92,335723612.94,False,False
4956,1.15669,0.003613,1.008253,7.4627,2071414102.72,307545804.0,300629196.23,False,False
4957,0.966453,-0.004742,1.01007,-3.8591,1730736679.04,118360955.74,232634306.09,True,False
4958,0.918667,-0.013438,1.016756,10.2952,1645160843.39,56266463.89,125707770.31,True,False
4959,1.001946,-0.004558,1.002238,10.231,1794297144.38,156307205.36,189844621.25,True,False
4960,1.043314,-0.006291,0.911206,0.5095,1868378685.54,257578293.96,306395165.94,False,False
4961,0.997162,0.010425,1.005201,-2.798,1785729722.94,176577571.3,267611687.73,False,False
4962,0.939821,0.007756,0.98356,-2.2185,1683043002.39,135151667.76,235982629.46,True,False
4963,0.908463,0.013498,1.012457,-5.2917,1626885842.06,94282955.65,221548681.74,True,False
4964,0.90429,0.009809,0.911736,5.8054,1619414091.82,159018934.66,216225694.77,False,False
4965,1.046694,-0.011882,1.011975,-10.5708,1874431475.81,175495698.64,307472823.59,False,False
4966,0.900763,0.022596,0.941353,-1.065,1613097385.53,154459439.38,243588939.84,True,False
4967,0.979026,0.0168,1.04157,-4.6397,1753251601.01,144072359.3,254105551.65,True,False
4968,1.012474,0.022225,0.976752,8.8935,1813149955.25,233183106.74,248235730.28,False,False
4969,1.043171,0.01055,0.941941,-3.6774,1868122518.18,266149995.87,333653570.3,False,False
4970,0.904245,-0.000997,0.978362,4.4757,1619332116.22,92140024.1,176648763.92,True,False
4971,1.030351,-0.002393,1.013613,-3.5057,1845164674.04,177349341.47,272169619.69,False,False
4972,1.06625,0.00043,0.957449,1.8792,1909453466.89,256664577.02,298551073.93,False,False
4973,1.044549,-0.007886,1.100443,6.9427,1870591526.1,115562736.19,176852120.24,True,False
4974,0.993854,0.026507,0.978509,2.603,1779805776.57,221912270.61,272057750.63,False,False
4975,1.060422,-0.019857,0.986865,-6.8669,1899017415.33,191076894.97,299509156.03,False,False
4976,1.01159,0.016607,1.01087,-8.63,1811567242.46,196904244.55,310577392.17,False,False
4977,0.912934,-0.009903,0.980161,7.7366,1634894133.37,84095703.57,156381373.26,True,False
4978,0.989386,-0.01717,0.919173,-0.2313,1771805261.33,184210836.03,260235971.25,False,False
4979,0.963505,0.012453,0.880995,1.5953,1725457107.76,240972000.47,290169299.25,False,False
4980,0.986728,-0.010859,0.984933,-3.46,1767044273.2,144340125.63,248752046.36,True,False
4981,1.127464,0.005172,0.945963,0.9441,2019075840.43,330183213.78,353151912.02,False,False
4982,1.072045,0.014418,1.008512,-4.0205,1919832133.08,250953370.36,325645143.19,False,False
4983,0.928622,0.000352,0.995177,10.1665,1662986884.57,103946967.19,158213754.42,True,False
4984,1.07769,0.024453,0.981916,-3.2525,1929940176.12,295268657.0,351830307.82,False,False
4985,0.896226,0.010436,1.02897,3.6215,1604972635.43,65771404.93,162650262.9,True,False
4986,1.082867,0.026178,1.044954,4.4282,1939211196.23,256843796.92,284976831.17,False,False
4987,1.147303,-0.041636,1.023202,-4.9782,2054603302.7,194950433.47,294438584.75,False,False
4988,1.01586,-0.009934,1.056149,-2.3099,1819215090.57,119082191.0,226338934.22,True,False
4989,0.979304,-0.011531,1.0003,-0.6196,1753749024.94,125208930.71,221968816.92,True,False
4990,1.04741,0.05465,1.021085,1.8967,1875714270.94,294178086.38,324144026.85,False,False
4991,0.974801,-0.01736,0.986453,-1.3335,1745685134.88,121305507.94,222715167.69,True,False
4992,0.882525,-0.007474,0.8989,-4.5911,1580436806.56,121132490.06,236099432.01,True,False
4993,0.87534,0.002441,1.011647,-2.3023,1567570140.73,46776038.98,175545250.2,True,False
4994,0.973162,-0.010646,1.021576,-2.0471,1742749640.83,105563694.71,215407525.97,True,False
4995,1.070693,-0.012431,0.972881,-7.8597,1917410628.46,224600697.47,327866956.73,False,False
4996,0.975314,-0.008985,0.969371,-4.9991,1746604348.07,149032183.05,259113648.5,True,False
4997,1.046662,-0.019947,0.981014,2.6374,1874375368.21,183278871.41,244935921.95,False,False
4998,1.118435,0.016126,0.956247,0.0583,2002906630.49,336253453.74,362182367.96,False,False
4999,1.050108,0.005444,0.969813,9.2366,1880546083.81,242317592.41,251037242.07,False,False
5000,0.925745,-0.018061,1.026384,-3.5049,1657834895.73,47706725.45,182209883.6,True,False
